ISO-10303-21;
HEADER;
FILE_DESCRIPTION(('Open CASCADE Model'),'2;1');
FILE_NAME('Open CASCADE Shape Model','2026-09-28T14:47:27',('Author'),(
    'Open CASCADE'),'Open CASCADE STEP processor 7.8','Open CASCADE 7.8'
  ,'Unknown');
FILE_SCHEMA(('AUTOMOTIVE_DESIGN { 1 0 10303 214 1 1 1 1 }'));
ENDSEC;
DATA;
#1 = APPLICATION_PROTOCOL_DEFINITION('international standard',
  'automotive_design',2000,#2);
#2 = APPLICATION_CONTEXT(
  'core data for automotive mechanical design processes');
#3 = SHAPE_DEFINITION_REPRESENTATION(#4,#10);
#4 = PRODUCT_DEFINITION_SHAPE('','',#5);
#5 = PRODUCT_DEFINITION('design','',#6,#9);
#6 = PRODUCT_DEFINITION_FORMATION('','',#7);
#7 = PRODUCT('C-DT15-6P','C-DT15-6P','',(#8));
#8 = PRODUCT_CONTEXT('',#2,'mechanical');
#9 = PRODUCT_DEFINITION_CONTEXT('part definition',#2,'design');
#10 = ADVANCED_BREP_SHAPE_REPRESENTATION('',(#11,#15),#14341);
#11 = AXIS2_PLACEMENT_3D('',#12,#13,#14);
#12 = CARTESIAN_POINT('',(0.,0.,0.));
#13 = DIRECTION('',(0.,0.,1.));
#14 = DIRECTION('',(1.,0.,-0.));
#15 = MANIFOLD_SOLID_BREP('',#16);
#16 = CLOSED_SHELL('',(#17,#307,#355,#379,#410,#435,#459,#484,#508,#533,
    #557,#575,#607,#641,#1207,#1375,#1407,#1443,#1489,#1535,#1581,#1627,
    #1673,#1685,#1707,#1719,#1741,#1753,#1775,#1787,#1809,#1821,#1843,
    #1855,#1887,#1905,#1915,#1947,#1965,#1975,#2007,#2025,#2035,#2067,
    #2085,#2095,#2127,#2145,#2155,#2187,#2205,#2215,#2240,#2280,#2359,
    #2400,#2471,#2527,#2551,#2582,#2655,#2713,#2779,#2803,#2828,#2854,
    #2879,#2905,#2931,#2956,#2982,#3007,#3033,#3058,#3084,#3110,#3127,
    #3151,#3175,#3419,#3702,#3724,#3741,#3758,#3775,#3792,#3809,#3828,
    #3852,#3901,#3959,#4004,#4016,#4034,#4046,#4077,#4094,#4111,#4137,
    #4149,#4166,#4178,#4219,#4231,#4248,#4272,#4284,#4302,#4314,#4326,
    #4357,#4381,#4405,#4429,#4453,#4477,#4501,#4518,#4604,#4638,#4663,
    #4689,#4714,#4740,#4765,#4791,#4808,#4839,#4872,#4931,#5245,#5304,
    #5336,#5370,#5673,#5689,#5772,#5806,#5842,#5888,#5934,#5980,#6012,
    #6030,#6040,#6066,#6092,#6118,#6140,#6152,#6174,#6186,#6208,#6220,
    #6238,#6294,#6340,#6435,#6467,#6491,#6579,#6908,#6940,#7059,#7083,
    #7109,#7134,#7152,#7169,#7186,#7198,#7215,#7227,#7252,#7276,#7294,
    #7319,#7369,#7432,#7475,#7500,#7525,#7572,#7605,#7802,#7854,#7901,
    #7925,#7950,#7968,#7992,#8016,#8040,#8365,#8377,#8389,#8449,#8466,
    #8483,#8495,#8520,#8554,#8572,#8590,#8602,#8648,#8672,#8684,#8709,
    #8727,#8752,#8769,#8794,#8812,#8838,#8855,#8880,#8898,#8923,#8958,
    #8980,#8992,#9053,#9077,#9095,#9107,#9132,#9150,#9175,#9211,#9233,
    #9245,#9305,#9329,#9347,#9359,#9384,#9402,#9427,#9445,#9462,#9474,
    #9562,#9820,#9837,#9854,#9885,#9915,#9940,#10259,#10276,#10288,
    #10360,#10385,#10402,#10420,#10432,#10450,#10462,#10494,#10512,
    #10522,#10554,#10572,#10582,#10614,#10632,#10642,#10674,#10692,
    #10702,#10734,#10752,#10762,#10794,#10812,#10822,#10888,#10954,
    #10979,#11004,#11360,#11378,#11396,#11414,#11432,#11450,#11468,
    #11486,#11504,#11522,#11562,#11596,#11614,#11632,#11650,#11668,
    #11686,#11704,#11716,#11728,#11784,#11802,#11820,#11838,#11856,
    #11874,#11892,#11910,#11928,#11940,#11958,#11976,#11994,#12012,
    #12030,#12048,#12060,#12146,#12178,#12204,#12216,#12226,#12314,
    #12332,#12366,#12384,#12394,#12406,#12431,#12449,#12474,#12491,
    #12516,#12534,#12559,#12576,#12601,#12619,#12636,#12648,#12679,
    #12703,#12727,#12751,#12775,#12799,#12816,#12831,#13321,#13343,
    #13360,#13377,#13394,#13411,#13428,#13445,#13462,#13479,#13496,
    #13513,#13530,#13547,#13564,#13581,#13598,#13615,#13632,#13649,
    #13666,#13683,#13700,#13717,#13734,#13751,#13768,#13785,#13802,
    #13819,#13836,#13853,#13870,#13887,#13904,#13921,#13938,#13955,
    #13972,#13989,#14001,#14023,#14040,#14057,#14074,#14091,#14108,
    #14125,#14142,#14159,#14176,#14193,#14210,#14227,#14244,#14261,
    #14278,#14295,#14312,#14329));
#17 = ADVANCED_FACE('',(#18,#140),#302,.T.);
#18 = FACE_BOUND('',#19,.F.);
#19 = EDGE_LOOP('',(#20,#31,#39,#48,#56,#65,#73,#82,#91,#99,#108,#116,
    #125,#133));
#20 = ORIENTED_EDGE('',*,*,#21,.F.);
#21 = EDGE_CURVE('',#22,#24,#26,.T.);
#22 = VERTEX_POINT('',#23);
#23 = CARTESIAN_POINT('',(-2.952128127664,9.906,0.));
#24 = VERTEX_POINT('',#25);
#25 = CARTESIAN_POINT('',(-7.992284375242,5.461,0.));
#26 = CIRCLE('',#27,5.08);
#27 = AXIS2_PLACEMENT_3D('',#28,#29,#30);
#28 = CARTESIAN_POINT('',(-2.952128127664,4.826,0.));
#29 = DIRECTION('',(0.,0.,1.));
#30 = DIRECTION('',(-1.092739197466E-14,1.,0.));
#31 = ORIENTED_EDGE('',*,*,#32,.F.);
#32 = EDGE_CURVE('',#33,#22,#35,.T.);
#33 = VERTEX_POINT('',#34);
#34 = CARTESIAN_POINT('',(6.9977,9.906,0.));
#35 = LINE('',#36,#37);
#36 = CARTESIAN_POINT('',(6.9977,9.906,0.));
#37 = VECTOR('',#38,1.);
#38 = DIRECTION('',(-1.,0.,0.));
#39 = ORIENTED_EDGE('',*,*,#40,.F.);
#40 = EDGE_CURVE('',#41,#33,#43,.T.);
#41 = VERTEX_POINT('',#42);
#42 = CARTESIAN_POINT('',(12.0777,4.826,0.));
#43 = CIRCLE('',#44,5.08);
#44 = AXIS2_PLACEMENT_3D('',#45,#46,#47);
#45 = CARTESIAN_POINT('',(6.9977,4.826,0.));
#46 = DIRECTION('',(0.,0.,1.));
#47 = DIRECTION('',(1.,-1.118964938205E-14,0.));
#48 = ORIENTED_EDGE('',*,*,#49,.F.);
#49 = EDGE_CURVE('',#50,#41,#52,.T.);
#50 = VERTEX_POINT('',#51);
#51 = CARTESIAN_POINT('',(12.0777,-4.826,0.));
#52 = LINE('',#53,#54);
#53 = CARTESIAN_POINT('',(12.0777,-4.826,0.));
#54 = VECTOR('',#55,1.);
#55 = DIRECTION('',(0.,1.,0.));
#56 = ORIENTED_EDGE('',*,*,#57,.F.);
#57 = EDGE_CURVE('',#58,#50,#60,.T.);
#58 = VERTEX_POINT('',#59);
#59 = CARTESIAN_POINT('',(6.9977,-9.906,0.));
#60 = CIRCLE('',#61,5.08);
#61 = AXIS2_PLACEMENT_3D('',#62,#63,#64);
#62 = CARTESIAN_POINT('',(6.9977,-4.826,0.));
#63 = DIRECTION('',(0.,0.,1.));
#64 = DIRECTION('',(0.,-1.,0.));
#65 = ORIENTED_EDGE('',*,*,#66,.F.);
#66 = EDGE_CURVE('',#67,#58,#69,.T.);
#67 = VERTEX_POINT('',#68);
#68 = CARTESIAN_POINT('',(-2.952128127664,-9.906,0.));
#69 = LINE('',#70,#71);
#70 = CARTESIAN_POINT('',(-2.952128127664,-9.906,0.));
#71 = VECTOR('',#72,1.);
#72 = DIRECTION('',(1.,0.,0.));
#73 = ORIENTED_EDGE('',*,*,#74,.F.);
#74 = EDGE_CURVE('',#75,#67,#77,.T.);
#75 = VERTEX_POINT('',#76);
#76 = CARTESIAN_POINT('',(-7.992284375242,-5.461,0.));
#77 = CIRCLE('',#78,5.08);
#78 = AXIS2_PLACEMENT_3D('',#79,#80,#81);
#79 = CARTESIAN_POINT('',(-2.952128127664,-4.826,0.));
#80 = DIRECTION('',(0.,0.,1.));
#81 = DIRECTION('',(-0.992156741649,-0.125,0.));
#82 = ORIENTED_EDGE('',*,*,#83,.F.);
#83 = EDGE_CURVE('',#84,#75,#86,.T.);
#84 = VERTEX_POINT('',#85);
#85 = CARTESIAN_POINT('',(-9.000315624759,-4.572,0.));
#86 = CIRCLE('',#87,1.016);
#87 = AXIS2_PLACEMENT_3D('',#88,#89,#90);
#88 = CARTESIAN_POINT('',(-9.000315624758,-5.588,0.));
#89 = DIRECTION('',(0.,0.,-1.));
#90 = DIRECTION('',(0.,1.,0.));
#91 = ORIENTED_EDGE('',*,*,#92,.F.);
#92 = EDGE_CURVE('',#93,#84,#95,.T.);
#93 = VERTEX_POINT('',#94);
#94 = CARTESIAN_POINT('',(-10.0457,-4.572,0.));
#95 = LINE('',#96,#97);
#96 = CARTESIAN_POINT('',(-10.0457,-4.572,0.));
#97 = VECTOR('',#98,1.);
#98 = DIRECTION('',(1.,-5.182675854439E-14,0.));
#99 = ORIENTED_EDGE('',*,*,#100,.F.);
#100 = EDGE_CURVE('',#101,#93,#103,.T.);
#101 = VERTEX_POINT('',#102);
#102 = CARTESIAN_POINT('',(-11.0617,-3.556,0.));
#103 = CIRCLE('',#104,1.016);
#104 = AXIS2_PLACEMENT_3D('',#105,#106,#107);
#105 = CARTESIAN_POINT('',(-10.0457,-3.556,0.));
#106 = DIRECTION('',(0.,0.,1.));
#107 = DIRECTION('',(-1.,0.,0.));
#108 = ORIENTED_EDGE('',*,*,#109,.F.);
#109 = EDGE_CURVE('',#110,#101,#112,.T.);
#110 = VERTEX_POINT('',#111);
#111 = CARTESIAN_POINT('',(-11.0617,3.556,0.));
#112 = LINE('',#113,#114);
#113 = CARTESIAN_POINT('',(-11.0617,3.556,0.));
#114 = VECTOR('',#115,1.);
#115 = DIRECTION('',(0.,-1.,0.));
#116 = ORIENTED_EDGE('',*,*,#117,.F.);
#117 = EDGE_CURVE('',#118,#110,#120,.T.);
#118 = VERTEX_POINT('',#119);
#119 = CARTESIAN_POINT('',(-10.0457,4.572,0.));
#120 = CIRCLE('',#121,1.016);
#121 = AXIS2_PLACEMENT_3D('',#122,#123,#124);
#122 = CARTESIAN_POINT('',(-10.0457,3.556,0.));
#123 = DIRECTION('',(0.,-0.,1.));
#124 = DIRECTION('',(0.,1.,0.));
#125 = ORIENTED_EDGE('',*,*,#126,.F.);
#126 = EDGE_CURVE('',#127,#118,#129,.T.);
#127 = VERTEX_POINT('',#128);
#128 = CARTESIAN_POINT('',(-9.000315624758,4.572,0.));
#129 = LINE('',#130,#131);
#130 = CARTESIAN_POINT('',(-9.000315624758,4.572,0.));
#131 = VECTOR('',#132,1.);
#132 = DIRECTION('',(-1.,-2.20900938058E-14,0.));
#133 = ORIENTED_EDGE('',*,*,#134,.F.);
#134 = EDGE_CURVE('',#24,#127,#135,.T.);
#135 = CIRCLE('',#136,1.016);
#136 = AXIS2_PLACEMENT_3D('',#137,#138,#139);
#137 = CARTESIAN_POINT('',(-9.000315624758,5.588,0.));
#138 = DIRECTION('',(0.,0.,-1.));
#139 = DIRECTION('',(0.992156741649,-0.125,0.));
#140 = FACE_BOUND('',#141,.F.);
#141 = EDGE_LOOP('',(#142,#158,#166,#174,#182,#190,#198,#206,#214,#228,
    #236,#245,#253,#262,#270,#279,#287,#296));
#142 = ORIENTED_EDGE('',*,*,#143,.F.);
#143 = EDGE_CURVE('',#144,#146,#148,.T.);
#144 = VERTEX_POINT('',#145);
#145 = CARTESIAN_POINT('',(-7.922368036842,4.0132,0.));
#146 = VERTEX_POINT('',#147);
#147 = CARTESIAN_POINT('',(-7.396447737194,4.5212,0.));
#148 = B_SPLINE_CURVE_WITH_KNOTS('',3,(#149,#150,#151,#152,#153,#154,
    #155,#156,#157),.UNSPECIFIED.,.F.,.F.,(4,1,1,1,1,1,4),(0.,0.125,0.25
    ,0.5,0.75,0.875,1.),.UNSPECIFIED.);
#149 = CARTESIAN_POINT('',(-7.922368036842,4.0132,0.));
#150 = CARTESIAN_POINT('',(-7.879288024357,4.0132,0.));
#151 = CARTESIAN_POINT('',(-7.802832951495,4.022904952109,0.));
#152 = CARTESIAN_POINT('',(-7.673418866654,4.065810917209,0.));
#153 = CARTESIAN_POINT('',(-7.545103685682,4.152895798664,0.));
#154 = CARTESIAN_POINT('',(-7.45316410982,4.276356285229,0.));
#155 = CARTESIAN_POINT('',(-7.407131917887,4.402644143237,0.));
#156 = CARTESIAN_POINT('',(-7.396447737194,4.478119987515,0.));
#157 = CARTESIAN_POINT('',(-7.396447737194,4.5212,0.));
#158 = ORIENTED_EDGE('',*,*,#159,.F.);
#159 = EDGE_CURVE('',#160,#144,#162,.T.);
#160 = VERTEX_POINT('',#161);
#161 = CARTESIAN_POINT('',(-9.717887873497,4.0132,0.));
#162 = LINE('',#163,#164);
#163 = CARTESIAN_POINT('',(-9.717887873497,4.0132,0.));
#164 = VECTOR('',#165,1.);
#165 = DIRECTION('',(1.,0.,0.));
#166 = ORIENTED_EDGE('',*,*,#167,.F.);
#167 = EDGE_CURVE('',#168,#160,#170,.T.);
#168 = VERTEX_POINT('',#169);
#169 = CARTESIAN_POINT('',(-9.717887873497,2.6162,0.));
#170 = LINE('',#171,#172);
#171 = CARTESIAN_POINT('',(-9.717887873497,2.6162,0.));
#172 = VECTOR('',#173,1.);
#173 = DIRECTION('',(0.,1.,0.));
#174 = ORIENTED_EDGE('',*,*,#175,.T.);
#175 = EDGE_CURVE('',#168,#176,#178,.T.);
#176 = VERTEX_POINT('',#177);
#177 = CARTESIAN_POINT('',(-10.5537,2.6162,0.));
#178 = LINE('',#179,#180);
#179 = CARTESIAN_POINT('',(-9.717887873497,2.6162,0.));
#180 = VECTOR('',#181,1.);
#181 = DIRECTION('',(-1.,0.,0.));
#182 = ORIENTED_EDGE('',*,*,#183,.T.);
#183 = EDGE_CURVE('',#176,#184,#186,.T.);
#184 = VERTEX_POINT('',#185);
#185 = CARTESIAN_POINT('',(-10.5537,-2.6162,0.));
#186 = LINE('',#187,#188);
#187 = CARTESIAN_POINT('',(-10.5537,2.6162,0.));
#188 = VECTOR('',#189,1.);
#189 = DIRECTION('',(0.,-1.,0.));
#190 = ORIENTED_EDGE('',*,*,#191,.T.);
#191 = EDGE_CURVE('',#184,#192,#194,.T.);
#192 = VERTEX_POINT('',#193);
#193 = CARTESIAN_POINT('',(-9.717887873497,-2.6162,0.));
#194 = LINE('',#195,#196);
#195 = CARTESIAN_POINT('',(-10.5537,-2.6162,0.));
#196 = VECTOR('',#197,1.);
#197 = DIRECTION('',(1.,0.,0.));
#198 = ORIENTED_EDGE('',*,*,#199,.F.);
#199 = EDGE_CURVE('',#200,#192,#202,.T.);
#200 = VERTEX_POINT('',#201);
#201 = CARTESIAN_POINT('',(-9.717887873497,-4.0132,0.));
#202 = LINE('',#203,#204);
#203 = CARTESIAN_POINT('',(-9.717887873497,-4.0132,0.));
#204 = VECTOR('',#205,1.);
#205 = DIRECTION('',(0.,1.,0.));
#206 = ORIENTED_EDGE('',*,*,#207,.F.);
#207 = EDGE_CURVE('',#208,#200,#210,.T.);
#208 = VERTEX_POINT('',#209);
#209 = CARTESIAN_POINT('',(-7.922368036842,-4.0132,0.));
#210 = LINE('',#211,#212);
#211 = CARTESIAN_POINT('',(-7.922368036842,-4.0132,0.));
#212 = VECTOR('',#213,1.);
#213 = DIRECTION('',(-1.,0.,0.));
#214 = ORIENTED_EDGE('',*,*,#215,.F.);
#215 = EDGE_CURVE('',#216,#208,#218,.T.);
#216 = VERTEX_POINT('',#217);
#217 = CARTESIAN_POINT('',(-7.396447737194,-4.5212,0.));
#218 = B_SPLINE_CURVE_WITH_KNOTS('',3,(#219,#220,#221,#222,#223,#224,
    #225,#226,#227),.UNSPECIFIED.,.F.,.F.,(4,1,1,1,1,1,4),(0.,0.125,0.25
    ,0.5,0.75,0.875,1.),.UNSPECIFIED.);
#219 = CARTESIAN_POINT('',(-7.396447737194,-4.5212,0.));
#220 = CARTESIAN_POINT('',(-7.396447737194,-4.478119987515,0.));
#221 = CARTESIAN_POINT('',(-7.407131917887,-4.402644143237,0.));
#222 = CARTESIAN_POINT('',(-7.45316410982,-4.276356285229,0.));
#223 = CARTESIAN_POINT('',(-7.545103685682,-4.152895798664,0.));
#224 = CARTESIAN_POINT('',(-7.673418866654,-4.065810917209,0.));
#225 = CARTESIAN_POINT('',(-7.802832951495,-4.022904952109,0.));
#226 = CARTESIAN_POINT('',(-7.879288024357,-4.0132,0.));
#227 = CARTESIAN_POINT('',(-7.922368036842,-4.0132,0.));
#228 = ORIENTED_EDGE('',*,*,#229,.T.);
#229 = EDGE_CURVE('',#216,#230,#232,.T.);
#230 = VERTEX_POINT('',#231);
#231 = CARTESIAN_POINT('',(-7.396447737194,-4.826,0.));
#232 = LINE('',#233,#234);
#233 = CARTESIAN_POINT('',(-7.396447737194,-4.5212,0.));
#234 = VECTOR('',#235,1.);
#235 = DIRECTION('',(0.,-1.,0.));
#236 = ORIENTED_EDGE('',*,*,#237,.T.);
#237 = EDGE_CURVE('',#230,#238,#240,.T.);
#238 = VERTEX_POINT('',#239);
#239 = CARTESIAN_POINT('',(-2.9083,-9.314147737194,0.));
#240 = CIRCLE('',#241,4.488147737194);
#241 = AXIS2_PLACEMENT_3D('',#242,#243,#244);
#242 = CARTESIAN_POINT('',(-2.9083,-4.826,0.));
#243 = DIRECTION('',(0.,0.,1.));
#244 = DIRECTION('',(-1.,-1.286312319937E-14,0.));
#245 = ORIENTED_EDGE('',*,*,#246,.T.);
#246 = EDGE_CURVE('',#238,#247,#249,.T.);
#247 = VERTEX_POINT('',#248);
#248 = CARTESIAN_POINT('',(6.9977,-9.314147737194,0.));
#249 = LINE('',#250,#251);
#250 = CARTESIAN_POINT('',(-2.9083,-9.314147737194,0.));
#251 = VECTOR('',#252,1.);
#252 = DIRECTION('',(1.,0.,0.));
#253 = ORIENTED_EDGE('',*,*,#254,.T.);
#254 = EDGE_CURVE('',#247,#255,#257,.T.);
#255 = VERTEX_POINT('',#256);
#256 = CARTESIAN_POINT('',(11.48584773719,-4.826,0.));
#257 = CIRCLE('',#258,4.488147737194);
#258 = AXIS2_PLACEMENT_3D('',#259,#260,#261);
#259 = CARTESIAN_POINT('',(6.9977,-4.826,0.));
#260 = DIRECTION('',(0.,0.,1.));
#261 = DIRECTION('',(0.,-1.,0.));
#262 = ORIENTED_EDGE('',*,*,#263,.T.);
#263 = EDGE_CURVE('',#255,#264,#266,.T.);
#264 = VERTEX_POINT('',#265);
#265 = CARTESIAN_POINT('',(11.48584773719,4.826,0.));
#266 = LINE('',#267,#268);
#267 = CARTESIAN_POINT('',(11.48584773719,-4.826,0.));
#268 = VECTOR('',#269,1.);
#269 = DIRECTION('',(0.,1.,0.));
#270 = ORIENTED_EDGE('',*,*,#271,.T.);
#271 = EDGE_CURVE('',#264,#272,#274,.T.);
#272 = VERTEX_POINT('',#273);
#273 = CARTESIAN_POINT('',(6.9977,9.314147737194,0.));
#274 = CIRCLE('',#275,4.488147737194);
#275 = AXIS2_PLACEMENT_3D('',#276,#277,#278);
#276 = CARTESIAN_POINT('',(6.9977,4.826,0.));
#277 = DIRECTION('',(0.,0.,1.));
#278 = DIRECTION('',(1.,-2.513256378954E-14,0.));
#279 = ORIENTED_EDGE('',*,*,#280,.T.);
#280 = EDGE_CURVE('',#272,#281,#283,.T.);
#281 = VERTEX_POINT('',#282);
#282 = CARTESIAN_POINT('',(-2.9083,9.314147737194,0.));
#283 = LINE('',#284,#285);
#284 = CARTESIAN_POINT('',(6.9977,9.314147737194,0.));
#285 = VECTOR('',#286,1.);
#286 = DIRECTION('',(-1.,0.,0.));
#287 = ORIENTED_EDGE('',*,*,#288,.T.);
#288 = EDGE_CURVE('',#281,#289,#291,.T.);
#289 = VERTEX_POINT('',#290);
#290 = CARTESIAN_POINT('',(-7.396447737194,4.826,0.));
#291 = CIRCLE('',#292,4.488147737194);
#292 = AXIS2_PLACEMENT_3D('',#293,#294,#295);
#293 = CARTESIAN_POINT('',(-2.9083,4.826,0.));
#294 = DIRECTION('',(0.,-0.,1.));
#295 = DIRECTION('',(0.,1.,0.));
#296 = ORIENTED_EDGE('',*,*,#297,.T.);
#297 = EDGE_CURVE('',#289,#146,#298,.T.);
#298 = LINE('',#299,#300);
#299 = CARTESIAN_POINT('',(-7.396447737194,4.826,0.));
#300 = VECTOR('',#301,1.);
#301 = DIRECTION('',(0.,-1.,0.));
#302 = PLANE('',#303);
#303 = AXIS2_PLACEMENT_3D('',#304,#305,#306);
#304 = CARTESIAN_POINT('',(0.,0.,0.));
#305 = DIRECTION('',(0.,0.,1.));
#306 = DIRECTION('',(1.,0.,-0.));
#307 = ADVANCED_FACE('',(#308),#350,.T.);
#308 = FACE_BOUND('',#309,.T.);
#309 = EDGE_LOOP('',(#310,#318,#343,#349));
#310 = ORIENTED_EDGE('',*,*,#311,.F.);
#311 = EDGE_CURVE('',#312,#144,#314,.T.);
#312 = VERTEX_POINT('',#313);
#313 = CARTESIAN_POINT('',(-7.7343,4.0132,-0.701879468774));
#314 = LINE('',#315,#316);
#315 = CARTESIAN_POINT('',(-7.7343,4.0132,-0.701879468774));
#316 = VECTOR('',#317,1.);
#317 = DIRECTION('',(-0.258819045102,0.,0.965925826289));
#318 = ORIENTED_EDGE('',*,*,#319,.F.);
#319 = EDGE_CURVE('',#320,#312,#322,.T.);
#320 = VERTEX_POINT('',#321);
#321 = CARTESIAN_POINT('',(-7.2263,4.5212,-0.635));
#322 = B_SPLINE_CURVE_WITH_KNOTS('',3,(#323,#324,#325,#326,#327,#328,
    #329,#330,#331,#332,#333,#334,#335,#336,#337,#338,#339,#340,#341,
    #342),.UNSPECIFIED.,.F.,.F.,(4,1,1,1,1,1,1,1,1,1,1,1,1,1,1,1,1,4),(
    0.,5.882352941176E-02,0.117647058824,0.176470588235,0.235294117647,
    0.294117647059,0.352941176471,0.411764705882,0.470588235294,
    0.529411764706,0.588235294118,0.647058823529,0.705882352941,
    0.764705882353,0.823529411765,0.882352941176,0.941176470588,1.),
  .UNSPECIFIED.);
#323 = CARTESIAN_POINT('',(-7.2263,4.5212,-0.635));
#324 = CARTESIAN_POINT('',(-7.2263,4.505460353441,-0.635));
#325 = CARTESIAN_POINT('',(-7.227764077851,4.473992141775,
    -0.635192749506));
#326 = CARTESIAN_POINT('',(-7.23432408923,4.427230443348,-0.636056391388
    ));
#327 = CARTESIAN_POINT('',(-7.245182719013,4.381309015057,
    -0.637485957119));
#328 = CARTESIAN_POINT('',(-7.260238085288,4.336620723978,
    -0.639468033691));
#329 = CARTESIAN_POINT('',(-7.279352453456,4.293546895339,
    -0.641984488001));
#330 = CARTESIAN_POINT('',(-7.302353492707,4.252454032003,
    -0.645012632265));
#331 = CARTESIAN_POINT('',(-7.329035766451,4.213690604658,
    -0.648525420245));
#332 = CARTESIAN_POINT('',(-7.359162821463,4.177583720506,
    -0.652491722282));
#333 = CARTESIAN_POINT('',(-7.392469477126,4.144436349003,
    -0.656876626686));
#334 = CARTESIAN_POINT('',(-7.428664417398,4.114524770321,
    -0.661641780973));
#335 = CARTESIAN_POINT('',(-7.467433009647,4.088096361132,
    -0.666745762971));
#336 = CARTESIAN_POINT('',(-7.508440287471,4.065367723851,
    -0.672144473516));
#337 = CARTESIAN_POINT('',(-7.551334124122,4.046523140807,
    -0.677791554242));
#338 = CARTESIAN_POINT('',(-7.595748197261,4.031713502916,
    -0.683638777899));
#339 = CARTESIAN_POINT('',(-7.64130520619,4.021055333738,-0.689636471907
    ));
#340 = CARTESIAN_POINT('',(-7.687620560674,4.014630291005,
    -0.695734004001));
#341 = CARTESIAN_POINT('',(-7.718742239337,4.0132,-0.699831250726));
#342 = CARTESIAN_POINT('',(-7.7343,4.0132,-0.701879468774));
#343 = ORIENTED_EDGE('',*,*,#344,.T.);
#344 = EDGE_CURVE('',#320,#146,#345,.T.);
#345 = LINE('',#346,#347);
#346 = CARTESIAN_POINT('',(-7.2263,4.5212,-0.635));
#347 = VECTOR('',#348,1.);
#348 = DIRECTION('',(-0.258819045102,0.,0.965925826289));
#349 = ORIENTED_EDGE('',*,*,#143,.F.);
#350 = CYLINDRICAL_SURFACE('',#351,0.508);
#351 = AXIS2_PLACEMENT_3D('',#352,#353,#354);
#352 = CARTESIAN_POINT('',(10.81295321286,4.5212,-69.9211708));
#353 = DIRECTION('',(-0.258819045102,0.,0.965925826289));
#354 = DIRECTION('',(0.,-1.,0.));
#355 = ADVANCED_FACE('',(#356),#374,.F.);
#356 = FACE_BOUND('',#357,.F.);
#357 = EDGE_LOOP('',(#358,#359,#360,#368));
#358 = ORIENTED_EDGE('',*,*,#344,.T.);
#359 = ORIENTED_EDGE('',*,*,#297,.F.);
#360 = ORIENTED_EDGE('',*,*,#361,.T.);
#361 = EDGE_CURVE('',#289,#362,#364,.T.);
#362 = VERTEX_POINT('',#363);
#363 = CARTESIAN_POINT('',(-7.2263,4.826,-0.635));
#364 = LINE('',#365,#366);
#365 = CARTESIAN_POINT('',(-7.396447737194,4.826,0.));
#366 = VECTOR('',#367,1.);
#367 = DIRECTION('',(0.258819045102,2.296778906614E-14,-0.965925826289)
  );
#368 = ORIENTED_EDGE('',*,*,#369,.T.);
#369 = EDGE_CURVE('',#362,#320,#370,.T.);
#370 = LINE('',#371,#372);
#371 = CARTESIAN_POINT('',(-7.2263,4.826,-0.635));
#372 = VECTOR('',#373,1.);
#373 = DIRECTION('',(0.,-1.,-2.039779835269E-14));
#374 = PLANE('',#375);
#375 = AXIS2_PLACEMENT_3D('',#376,#377,#378);
#376 = CARTESIAN_POINT('',(-7.396447737194,4.826,0.));
#377 = DIRECTION('',(-0.965925826289,0.,-0.258819045102));
#378 = DIRECTION('',(0.258819045102,0.,-0.965925826289));
#379 = ADVANCED_FACE('',(#380),#405,.F.);
#380 = FACE_BOUND('',#381,.F.);
#381 = EDGE_LOOP('',(#382,#390,#398,#404));
#382 = ORIENTED_EDGE('',*,*,#383,.T.);
#383 = EDGE_CURVE('',#216,#384,#386,.T.);
#384 = VERTEX_POINT('',#385);
#385 = CARTESIAN_POINT('',(-7.2263,-4.5212,-0.635));
#386 = LINE('',#387,#388);
#387 = CARTESIAN_POINT('',(-7.396447737194,-4.5212,0.));
#388 = VECTOR('',#389,1.);
#389 = DIRECTION('',(0.258819045102,0.,-0.965925826289));
#390 = ORIENTED_EDGE('',*,*,#391,.T.);
#391 = EDGE_CURVE('',#384,#392,#394,.T.);
#392 = VERTEX_POINT('',#393);
#393 = CARTESIAN_POINT('',(-7.2263,-4.826,-0.635));
#394 = LINE('',#395,#396);
#395 = CARTESIAN_POINT('',(-7.2263,-4.5212,-0.635));
#396 = VECTOR('',#397,1.);
#397 = DIRECTION('',(0.,-1.,-1.966930555438E-14));
#398 = ORIENTED_EDGE('',*,*,#399,.F.);
#399 = EDGE_CURVE('',#230,#392,#400,.T.);
#400 = LINE('',#401,#402);
#401 = CARTESIAN_POINT('',(-7.396447737194,-4.826,0.));
#402 = VECTOR('',#403,1.);
#403 = DIRECTION('',(0.258819045102,3.107406756007E-14,-0.965925826289)
  );
#404 = ORIENTED_EDGE('',*,*,#229,.F.);
#405 = PLANE('',#406);
#406 = AXIS2_PLACEMENT_3D('',#407,#408,#409);
#407 = CARTESIAN_POINT('',(-7.396447737194,4.826,0.));
#408 = DIRECTION('',(-0.965925826289,0.,-0.258819045102));
#409 = DIRECTION('',(0.258819045102,0.,-0.965925826289));
#410 = ADVANCED_FACE('',(#411),#430,.F.);
#411 = FACE_BOUND('',#412,.F.);
#412 = EDGE_LOOP('',(#413,#414,#422,#429));
#413 = ORIENTED_EDGE('',*,*,#288,.F.);
#414 = ORIENTED_EDGE('',*,*,#415,.T.);
#415 = EDGE_CURVE('',#281,#416,#418,.T.);
#416 = VERTEX_POINT('',#417);
#417 = CARTESIAN_POINT('',(-2.9083,9.144,-0.635));
#418 = LINE('',#419,#420);
#419 = CARTESIAN_POINT('',(-2.9083,9.314147737194,0.));
#420 = VECTOR('',#421,1.);
#421 = DIRECTION('',(0.,-0.258819045102,-0.965925826289));
#422 = ORIENTED_EDGE('',*,*,#423,.T.);
#423 = EDGE_CURVE('',#416,#362,#424,.T.);
#424 = CIRCLE('',#425,4.318);
#425 = AXIS2_PLACEMENT_3D('',#426,#427,#428);
#426 = CARTESIAN_POINT('',(-2.9083,4.826,-0.635));
#427 = DIRECTION('',(0.,-0.,1.));
#428 = DIRECTION('',(0.,1.,0.));
#429 = ORIENTED_EDGE('',*,*,#361,.F.);
#430 = CONICAL_SURFACE('',#431,4.403073868597,0.261799387799);
#431 = AXIS2_PLACEMENT_3D('',#432,#433,#434);
#432 = CARTESIAN_POINT('',(-2.9083,4.826,-0.3175));
#433 = DIRECTION('',(0.,0.,1.));
#434 = DIRECTION('',(0.,-1.,0.));
#435 = ADVANCED_FACE('',(#436),#454,.F.);
#436 = FACE_BOUND('',#437,.F.);
#437 = EDGE_LOOP('',(#438,#439,#447,#453));
#438 = ORIENTED_EDGE('',*,*,#280,.F.);
#439 = ORIENTED_EDGE('',*,*,#440,.T.);
#440 = EDGE_CURVE('',#272,#441,#443,.T.);
#441 = VERTEX_POINT('',#442);
#442 = CARTESIAN_POINT('',(6.9977,9.144,-0.635));
#443 = LINE('',#444,#445);
#444 = CARTESIAN_POINT('',(6.9977,9.314147737194,0.));
#445 = VECTOR('',#446,1.);
#446 = DIRECTION('',(-5.674394945751E-14,-0.258819045102,-0.965925826289
    ));
#447 = ORIENTED_EDGE('',*,*,#448,.T.);
#448 = EDGE_CURVE('',#441,#416,#449,.T.);
#449 = LINE('',#450,#451);
#450 = CARTESIAN_POINT('',(6.9977,9.144,-0.635));
#451 = VECTOR('',#452,1.);
#452 = DIRECTION('',(-1.,0.,0.));
#453 = ORIENTED_EDGE('',*,*,#415,.F.);
#454 = PLANE('',#455);
#455 = AXIS2_PLACEMENT_3D('',#456,#457,#458);
#456 = CARTESIAN_POINT('',(6.9977,9.314147737194,0.));
#457 = DIRECTION('',(0.,0.965925826289,-0.258819045102));
#458 = DIRECTION('',(0.,-0.258819045102,-0.965925826289));
#459 = ADVANCED_FACE('',(#460),#479,.F.);
#460 = FACE_BOUND('',#461,.F.);
#461 = EDGE_LOOP('',(#462,#463,#471,#478));
#462 = ORIENTED_EDGE('',*,*,#271,.F.);
#463 = ORIENTED_EDGE('',*,*,#464,.T.);
#464 = EDGE_CURVE('',#264,#465,#467,.T.);
#465 = VERTEX_POINT('',#466);
#466 = CARTESIAN_POINT('',(11.3157,4.826,-0.635));
#467 = LINE('',#468,#469);
#468 = CARTESIAN_POINT('',(11.48584773719,4.826,0.));
#469 = VECTOR('',#470,1.);
#470 = DIRECTION('',(-0.258819045102,7.160546002972E-14,-0.965925826289)
  );
#471 = ORIENTED_EDGE('',*,*,#472,.T.);
#472 = EDGE_CURVE('',#465,#441,#473,.T.);
#473 = CIRCLE('',#474,4.318);
#474 = AXIS2_PLACEMENT_3D('',#475,#476,#477);
#475 = CARTESIAN_POINT('',(6.9977,4.826,-0.635));
#476 = DIRECTION('',(0.,0.,1.));
#477 = DIRECTION('',(1.,0.,-0.));
#478 = ORIENTED_EDGE('',*,*,#440,.F.);
#479 = CONICAL_SURFACE('',#480,4.403073868597,0.261799387799);
#480 = AXIS2_PLACEMENT_3D('',#481,#482,#483);
#481 = CARTESIAN_POINT('',(6.9977,4.826,-0.3175));
#482 = DIRECTION('',(0.,0.,1.));
#483 = DIRECTION('',(-1.,1.261819489567E-14,0.));
#484 = ADVANCED_FACE('',(#485),#503,.F.);
#485 = FACE_BOUND('',#486,.F.);
#486 = EDGE_LOOP('',(#487,#488,#496,#502));
#487 = ORIENTED_EDGE('',*,*,#263,.F.);
#488 = ORIENTED_EDGE('',*,*,#489,.T.);
#489 = EDGE_CURVE('',#255,#490,#492,.T.);
#490 = VERTEX_POINT('',#491);
#491 = CARTESIAN_POINT('',(11.3157,-4.826,-0.635));
#492 = LINE('',#493,#494);
#493 = CARTESIAN_POINT('',(11.48584773719,-4.826,0.));
#494 = VECTOR('',#495,1.);
#495 = DIRECTION('',(-0.258819045102,-7.565859927668E-14,-0.965925826289
    ));
#496 = ORIENTED_EDGE('',*,*,#497,.T.);
#497 = EDGE_CURVE('',#490,#465,#498,.T.);
#498 = LINE('',#499,#500);
#499 = CARTESIAN_POINT('',(11.3157,-4.826,-0.635));
#500 = VECTOR('',#501,1.);
#501 = DIRECTION('',(0.,1.,0.));
#502 = ORIENTED_EDGE('',*,*,#464,.F.);
#503 = PLANE('',#504);
#504 = AXIS2_PLACEMENT_3D('',#505,#506,#507);
#505 = CARTESIAN_POINT('',(11.48584773719,-4.826,0.));
#506 = DIRECTION('',(0.965925826289,0.,-0.258819045102));
#507 = DIRECTION('',(-0.258819045102,0.,-0.965925826289));
#508 = ADVANCED_FACE('',(#509),#528,.F.);
#509 = FACE_BOUND('',#510,.F.);
#510 = EDGE_LOOP('',(#511,#512,#520,#527));
#511 = ORIENTED_EDGE('',*,*,#254,.F.);
#512 = ORIENTED_EDGE('',*,*,#513,.T.);
#513 = EDGE_CURVE('',#247,#514,#516,.T.);
#514 = VERTEX_POINT('',#515);
#515 = CARTESIAN_POINT('',(6.9977,-9.144,-0.635));
#516 = LINE('',#517,#518);
#517 = CARTESIAN_POINT('',(6.9977,-9.314147737194,0.));
#518 = VECTOR('',#519,1.);
#519 = DIRECTION('',(0.,0.258819045102,-0.965925826289));
#520 = ORIENTED_EDGE('',*,*,#521,.T.);
#521 = EDGE_CURVE('',#514,#490,#522,.T.);
#522 = CIRCLE('',#523,4.318);
#523 = AXIS2_PLACEMENT_3D('',#524,#525,#526);
#524 = CARTESIAN_POINT('',(6.9977,-4.826,-0.635));
#525 = DIRECTION('',(0.,0.,1.));
#526 = DIRECTION('',(0.,-1.,0.));
#527 = ORIENTED_EDGE('',*,*,#489,.F.);
#528 = CONICAL_SURFACE('',#529,4.403073868597,0.261799387799);
#529 = AXIS2_PLACEMENT_3D('',#530,#531,#532);
#530 = CARTESIAN_POINT('',(6.9977,-4.826,-0.3175));
#531 = DIRECTION('',(0.,0.,1.));
#532 = DIRECTION('',(0.,1.,0.));
#533 = ADVANCED_FACE('',(#534),#552,.F.);
#534 = FACE_BOUND('',#535,.F.);
#535 = EDGE_LOOP('',(#536,#537,#545,#551));
#536 = ORIENTED_EDGE('',*,*,#246,.F.);
#537 = ORIENTED_EDGE('',*,*,#538,.T.);
#538 = EDGE_CURVE('',#238,#539,#541,.T.);
#539 = VERTEX_POINT('',#540);
#540 = CARTESIAN_POINT('',(-2.9083,-9.144,-0.635));
#541 = LINE('',#542,#543);
#542 = CARTESIAN_POINT('',(-2.9083,-9.314147737194,0.));
#543 = VECTOR('',#544,1.);
#544 = DIRECTION('',(0.,0.258819045102,-0.965925826289));
#545 = ORIENTED_EDGE('',*,*,#546,.T.);
#546 = EDGE_CURVE('',#539,#514,#547,.T.);
#547 = LINE('',#548,#549);
#548 = CARTESIAN_POINT('',(-2.9083,-9.144,-0.635));
#549 = VECTOR('',#550,1.);
#550 = DIRECTION('',(1.,0.,0.));
#551 = ORIENTED_EDGE('',*,*,#513,.F.);
#552 = PLANE('',#553);
#553 = AXIS2_PLACEMENT_3D('',#554,#555,#556);
#554 = CARTESIAN_POINT('',(-2.9083,-9.314147737194,0.));
#555 = DIRECTION('',(0.,-0.965925826289,-0.258819045102));
#556 = DIRECTION('',(0.,0.258819045102,-0.965925826289));
#557 = ADVANCED_FACE('',(#558),#570,.F.);
#558 = FACE_BOUND('',#559,.F.);
#559 = EDGE_LOOP('',(#560,#561,#562,#569));
#560 = ORIENTED_EDGE('',*,*,#237,.F.);
#561 = ORIENTED_EDGE('',*,*,#399,.T.);
#562 = ORIENTED_EDGE('',*,*,#563,.T.);
#563 = EDGE_CURVE('',#392,#539,#564,.T.);
#564 = CIRCLE('',#565,4.318);
#565 = AXIS2_PLACEMENT_3D('',#566,#567,#568);
#566 = CARTESIAN_POINT('',(-2.9083,-4.826,-0.635));
#567 = DIRECTION('',(0.,0.,1.));
#568 = DIRECTION('',(-1.,0.,0.));
#569 = ORIENTED_EDGE('',*,*,#538,.F.);
#570 = CONICAL_SURFACE('',#571,4.403073868597,0.261799387799);
#571 = AXIS2_PLACEMENT_3D('',#572,#573,#574);
#572 = CARTESIAN_POINT('',(-2.9083,-4.826,-0.3175));
#573 = DIRECTION('',(0.,0.,1.));
#574 = DIRECTION('',(1.,0.,-0.));
#575 = ADVANCED_FACE('',(#576),#602,.F.);
#576 = FACE_BOUND('',#577,.F.);
#577 = EDGE_LOOP('',(#578,#589,#595,#596));
#578 = ORIENTED_EDGE('',*,*,#579,.F.);
#579 = EDGE_CURVE('',#580,#582,#584,.T.);
#580 = VERTEX_POINT('',#581);
#581 = CARTESIAN_POINT('',(-2.9083,-9.144,-19.6088));
#582 = VERTEX_POINT('',#583);
#583 = CARTESIAN_POINT('',(-7.2263,-4.826,-19.6088));
#584 = CIRCLE('',#585,4.318);
#585 = AXIS2_PLACEMENT_3D('',#586,#587,#588);
#586 = CARTESIAN_POINT('',(-2.9083,-4.826,-19.6088));
#587 = DIRECTION('',(0.,0.,-1.));
#588 = DIRECTION('',(0.,-1.,0.));
#589 = ORIENTED_EDGE('',*,*,#590,.F.);
#590 = EDGE_CURVE('',#539,#580,#591,.T.);
#591 = LINE('',#592,#593);
#592 = CARTESIAN_POINT('',(-2.9083,-9.144,-0.635));
#593 = VECTOR('',#594,1.);
#594 = DIRECTION('',(0.,0.,-1.));
#595 = ORIENTED_EDGE('',*,*,#563,.F.);
#596 = ORIENTED_EDGE('',*,*,#597,.T.);
#597 = EDGE_CURVE('',#392,#582,#598,.T.);
#598 = LINE('',#599,#600);
#599 = CARTESIAN_POINT('',(-7.2263,-4.826,-0.635));
#600 = VECTOR('',#601,1.);
#601 = DIRECTION('',(0.,0.,-1.));
#602 = CYLINDRICAL_SURFACE('',#603,4.318);
#603 = AXIS2_PLACEMENT_3D('',#604,#605,#606);
#604 = CARTESIAN_POINT('',(-2.9083,-4.826,0.));
#605 = DIRECTION('',(0.,0.,1.));
#606 = DIRECTION('',(0.,1.,0.));
#607 = ADVANCED_FACE('',(#608),#636,.F.);
#608 = FACE_BOUND('',#609,.F.);
#609 = EDGE_LOOP('',(#610,#621,#628,#629));
#610 = ORIENTED_EDGE('',*,*,#611,.F.);
#611 = EDGE_CURVE('',#612,#614,#616,.T.);
#612 = VERTEX_POINT('',#613);
#613 = CARTESIAN_POINT('',(-2.9083,-8.9408,-19.812));
#614 = VERTEX_POINT('',#615);
#615 = CARTESIAN_POINT('',(-7.0231,-4.826,-19.812));
#616 = CIRCLE('',#617,4.1148);
#617 = AXIS2_PLACEMENT_3D('',#618,#619,#620);
#618 = CARTESIAN_POINT('',(-2.9083,-4.826,-19.812));
#619 = DIRECTION('',(0.,0.,-1.));
#620 = DIRECTION('',(0.,-1.,0.));
#621 = ORIENTED_EDGE('',*,*,#622,.T.);
#622 = EDGE_CURVE('',#612,#580,#623,.T.);
#623 = CIRCLE('',#624,0.2032);
#624 = AXIS2_PLACEMENT_3D('',#625,#626,#627);
#625 = CARTESIAN_POINT('',(-2.9083,-8.9408,-19.6088));
#626 = DIRECTION('',(-1.,0.,0.));
#627 = DIRECTION('',(0.,0.,-1.));
#628 = ORIENTED_EDGE('',*,*,#579,.T.);
#629 = ORIENTED_EDGE('',*,*,#630,.F.);
#630 = EDGE_CURVE('',#614,#582,#631,.T.);
#631 = CIRCLE('',#632,0.2032);
#632 = AXIS2_PLACEMENT_3D('',#633,#634,#635);
#633 = CARTESIAN_POINT('',(-7.0231,-4.826,-19.6088));
#634 = DIRECTION('',(0.,1.,0.));
#635 = DIRECTION('',(0.,0.,-1.));
#636 = TOROIDAL_SURFACE('',#637,4.1148,0.2032);
#637 = AXIS2_PLACEMENT_3D('',#638,#639,#640);
#638 = CARTESIAN_POINT('',(-2.9083,-4.826,-19.6088));
#639 = DIRECTION('',(0.,0.,1.));
#640 = DIRECTION('',(3.197684118726E-03,-0.999994887395,0.));
#641 = ADVANCED_FACE('',(#642,#702,#722,#742,#762,#782,#802,#822,#880),
  #1202,.T.);
#642 = FACE_BOUND('',#643,.F.);
#643 = EDGE_LOOP('',(#644,#652,#661,#669,#678,#686,#695,#701));
#644 = ORIENTED_EDGE('',*,*,#645,.T.);
#645 = EDGE_CURVE('',#614,#646,#648,.T.);
#646 = VERTEX_POINT('',#647);
#647 = CARTESIAN_POINT('',(-7.0231,4.826,-19.812));
#648 = LINE('',#649,#650);
#649 = CARTESIAN_POINT('',(-7.0231,-4.826,-19.812));
#650 = VECTOR('',#651,1.);
#651 = DIRECTION('',(0.,1.,0.));
#652 = ORIENTED_EDGE('',*,*,#653,.T.);
#653 = EDGE_CURVE('',#646,#654,#656,.T.);
#654 = VERTEX_POINT('',#655);
#655 = CARTESIAN_POINT('',(-2.9083,8.9408,-19.812));
#656 = CIRCLE('',#657,4.1148);
#657 = AXIS2_PLACEMENT_3D('',#658,#659,#660);
#658 = CARTESIAN_POINT('',(-2.9083,4.826,-19.812));
#659 = DIRECTION('',(0.,0.,-1.));
#660 = DIRECTION('',(-1.,0.,0.));
#661 = ORIENTED_EDGE('',*,*,#662,.T.);
#662 = EDGE_CURVE('',#654,#663,#665,.T.);
#663 = VERTEX_POINT('',#664);
#664 = CARTESIAN_POINT('',(6.9977,8.9408,-19.812));
#665 = LINE('',#666,#667);
#666 = CARTESIAN_POINT('',(-2.9083,8.9408,-19.812));
#667 = VECTOR('',#668,1.);
#668 = DIRECTION('',(1.,0.,0.));
#669 = ORIENTED_EDGE('',*,*,#670,.T.);
#670 = EDGE_CURVE('',#663,#671,#673,.T.);
#671 = VERTEX_POINT('',#672);
#672 = CARTESIAN_POINT('',(11.1125,4.826,-19.812));
#673 = CIRCLE('',#674,4.1148);
#674 = AXIS2_PLACEMENT_3D('',#675,#676,#677);
#675 = CARTESIAN_POINT('',(6.9977,4.826,-19.812));
#676 = DIRECTION('',(0.,0.,-1.));
#677 = DIRECTION('',(0.,1.,0.));
#678 = ORIENTED_EDGE('',*,*,#679,.T.);
#679 = EDGE_CURVE('',#671,#680,#682,.T.);
#680 = VERTEX_POINT('',#681);
#681 = CARTESIAN_POINT('',(11.1125,-4.826,-19.812));
#682 = LINE('',#683,#684);
#683 = CARTESIAN_POINT('',(11.1125,4.826,-19.812));
#684 = VECTOR('',#685,1.);
#685 = DIRECTION('',(0.,-1.,0.));
#686 = ORIENTED_EDGE('',*,*,#687,.T.);
#687 = EDGE_CURVE('',#680,#688,#690,.T.);
#688 = VERTEX_POINT('',#689);
#689 = CARTESIAN_POINT('',(6.9977,-8.9408,-19.812));
#690 = CIRCLE('',#691,4.1148);
#691 = AXIS2_PLACEMENT_3D('',#692,#693,#694);
#692 = CARTESIAN_POINT('',(6.9977,-4.826,-19.812));
#693 = DIRECTION('',(0.,0.,-1.));
#694 = DIRECTION('',(1.,0.,0.));
#695 = ORIENTED_EDGE('',*,*,#696,.T.);
#696 = EDGE_CURVE('',#688,#612,#697,.T.);
#697 = LINE('',#698,#699);
#698 = CARTESIAN_POINT('',(6.9977,-8.9408,-19.812));
#699 = VECTOR('',#700,1.);
#700 = DIRECTION('',(-1.,0.,0.));
#701 = ORIENTED_EDGE('',*,*,#611,.T.);
#702 = FACE_BOUND('',#703,.F.);
#703 = EDGE_LOOP('',(#704,#715));
#704 = ORIENTED_EDGE('',*,*,#705,.T.);
#705 = EDGE_CURVE('',#706,#708,#710,.T.);
#706 = VERTEX_POINT('',#707);
#707 = CARTESIAN_POINT('',(-2.4003,-3.5179,-19.812));
#708 = VERTEX_POINT('',#709);
#709 = CARTESIAN_POINT('',(-2.4003,-5.6007,-19.812));
#710 = CIRCLE('',#711,1.0414);
#711 = AXIS2_PLACEMENT_3D('',#712,#713,#714);
#712 = CARTESIAN_POINT('',(-2.4003,-4.5593,-19.812));
#713 = DIRECTION('',(0.,-0.,1.));
#714 = DIRECTION('',(0.,1.,0.));
#715 = ORIENTED_EDGE('',*,*,#716,.T.);
#716 = EDGE_CURVE('',#708,#706,#717,.T.);
#717 = CIRCLE('',#718,1.0414);
#718 = AXIS2_PLACEMENT_3D('',#719,#720,#721);
#719 = CARTESIAN_POINT('',(-2.4003,-4.5593,-19.812));
#720 = DIRECTION('',(0.,0.,1.));
#721 = DIRECTION('',(0.,-1.,0.));
#722 = FACE_BOUND('',#723,.F.);
#723 = EDGE_LOOP('',(#724,#735));
#724 = ORIENTED_EDGE('',*,*,#725,.T.);
#725 = EDGE_CURVE('',#726,#728,#730,.T.);
#726 = VERTEX_POINT('',#727);
#727 = CARTESIAN_POINT('',(6.4897,-3.5179,-19.812));
#728 = VERTEX_POINT('',#729);
#729 = CARTESIAN_POINT('',(6.4897,-5.6007,-19.812));
#730 = CIRCLE('',#731,1.0414);
#731 = AXIS2_PLACEMENT_3D('',#732,#733,#734);
#732 = CARTESIAN_POINT('',(6.4897,-4.5593,-19.812));
#733 = DIRECTION('',(0.,-0.,1.));
#734 = DIRECTION('',(0.,1.,0.));
#735 = ORIENTED_EDGE('',*,*,#736,.T.);
#736 = EDGE_CURVE('',#728,#726,#737,.T.);
#737 = CIRCLE('',#738,1.0414);
#738 = AXIS2_PLACEMENT_3D('',#739,#740,#741);
#739 = CARTESIAN_POINT('',(6.4897,-4.5593,-19.812));
#740 = DIRECTION('',(0.,0.,1.));
#741 = DIRECTION('',(0.,-1.,0.));
#742 = FACE_BOUND('',#743,.F.);
#743 = EDGE_LOOP('',(#744,#755));
#744 = ORIENTED_EDGE('',*,*,#745,.T.);
#745 = EDGE_CURVE('',#746,#748,#750,.T.);
#746 = VERTEX_POINT('',#747);
#747 = CARTESIAN_POINT('',(6.4897,5.6007,-19.812));
#748 = VERTEX_POINT('',#749);
#749 = CARTESIAN_POINT('',(6.4897,3.5179,-19.812));
#750 = CIRCLE('',#751,1.0414);
#751 = AXIS2_PLACEMENT_3D('',#752,#753,#754);
#752 = CARTESIAN_POINT('',(6.4897,4.5593,-19.812));
#753 = DIRECTION('',(0.,-0.,1.));
#754 = DIRECTION('',(0.,1.,0.));
#755 = ORIENTED_EDGE('',*,*,#756,.T.);
#756 = EDGE_CURVE('',#748,#746,#757,.T.);
#757 = CIRCLE('',#758,1.0414);
#758 = AXIS2_PLACEMENT_3D('',#759,#760,#761);
#759 = CARTESIAN_POINT('',(6.4897,4.5593,-19.812));
#760 = DIRECTION('',(0.,0.,1.));
#761 = DIRECTION('',(0.,-1.,0.));
#762 = FACE_BOUND('',#763,.F.);
#763 = EDGE_LOOP('',(#764,#775));
#764 = ORIENTED_EDGE('',*,*,#765,.T.);
#765 = EDGE_CURVE('',#766,#768,#770,.T.);
#766 = VERTEX_POINT('',#767);
#767 = CARTESIAN_POINT('',(-2.4003,5.6007,-19.812));
#768 = VERTEX_POINT('',#769);
#769 = CARTESIAN_POINT('',(-2.4003,3.5179,-19.812));
#770 = CIRCLE('',#771,1.0414);
#771 = AXIS2_PLACEMENT_3D('',#772,#773,#774);
#772 = CARTESIAN_POINT('',(-2.4003,4.5593,-19.812));
#773 = DIRECTION('',(0.,-0.,1.));
#774 = DIRECTION('',(0.,1.,0.));
#775 = ORIENTED_EDGE('',*,*,#776,.T.);
#776 = EDGE_CURVE('',#768,#766,#777,.T.);
#777 = CIRCLE('',#778,1.0414);
#778 = AXIS2_PLACEMENT_3D('',#779,#780,#781);
#779 = CARTESIAN_POINT('',(-2.4003,4.5593,-19.812));
#780 = DIRECTION('',(0.,0.,1.));
#781 = DIRECTION('',(0.,-1.,0.));
#782 = FACE_BOUND('',#783,.F.);
#783 = EDGE_LOOP('',(#784,#795));
#784 = ORIENTED_EDGE('',*,*,#785,.T.);
#785 = EDGE_CURVE('',#786,#788,#790,.T.);
#786 = VERTEX_POINT('',#787);
#787 = CARTESIAN_POINT('',(2.0447,-5.6007,-19.812));
#788 = VERTEX_POINT('',#789);
#789 = CARTESIAN_POINT('',(2.0447,-3.5179,-19.812));
#790 = CIRCLE('',#791,1.0414);
#791 = AXIS2_PLACEMENT_3D('',#792,#793,#794);
#792 = CARTESIAN_POINT('',(2.0447,-4.5593,-19.812));
#793 = DIRECTION('',(0.,0.,1.));
#794 = DIRECTION('',(0.,-1.,0.));
#795 = ORIENTED_EDGE('',*,*,#796,.T.);
#796 = EDGE_CURVE('',#788,#786,#797,.T.);
#797 = CIRCLE('',#798,1.0414);
#798 = AXIS2_PLACEMENT_3D('',#799,#800,#801);
#799 = CARTESIAN_POINT('',(2.0447,-4.5593,-19.812));
#800 = DIRECTION('',(0.,-0.,1.));
#801 = DIRECTION('',(0.,1.,0.));
#802 = FACE_BOUND('',#803,.F.);
#803 = EDGE_LOOP('',(#804,#815));
#804 = ORIENTED_EDGE('',*,*,#805,.T.);
#805 = EDGE_CURVE('',#806,#808,#810,.T.);
#806 = VERTEX_POINT('',#807);
#807 = CARTESIAN_POINT('',(2.0447,3.5179,-19.812));
#808 = VERTEX_POINT('',#809);
#809 = CARTESIAN_POINT('',(2.0447,5.6007,-19.812));
#810 = CIRCLE('',#811,1.0414);
#811 = AXIS2_PLACEMENT_3D('',#812,#813,#814);
#812 = CARTESIAN_POINT('',(2.0447,4.5593,-19.812));
#813 = DIRECTION('',(0.,0.,1.));
#814 = DIRECTION('',(0.,-1.,0.));
#815 = ORIENTED_EDGE('',*,*,#816,.T.);
#816 = EDGE_CURVE('',#808,#806,#817,.T.);
#817 = CIRCLE('',#818,1.0414);
#818 = AXIS2_PLACEMENT_3D('',#819,#820,#821);
#819 = CARTESIAN_POINT('',(2.0447,4.5593,-19.812));
#820 = DIRECTION('',(0.,-0.,1.));
#821 = DIRECTION('',(0.,1.,0.));
#822 = FACE_BOUND('',#823,.F.);
#823 = EDGE_LOOP('',(#824,#834,#842,#850,#858,#866,#874));
#824 = ORIENTED_EDGE('',*,*,#825,.T.);
#825 = EDGE_CURVE('',#826,#828,#830,.T.);
#826 = VERTEX_POINT('',#827);
#827 = CARTESIAN_POINT('',(-2.178049984741,6.2103,-19.812));
#828 = VERTEX_POINT('',#829);
#829 = CARTESIAN_POINT('',(-2.178049984741,7.9883,-19.812));
#830 = LINE('',#831,#832);
#831 = CARTESIAN_POINT('',(-2.178049984741,6.2103,-19.812));
#832 = VECTOR('',#833,1.);
#833 = DIRECTION('',(0.,1.,0.));
#834 = ORIENTED_EDGE('',*,*,#835,.T.);
#835 = EDGE_CURVE('',#828,#836,#838,.T.);
#836 = VERTEX_POINT('',#837);
#837 = CARTESIAN_POINT('',(-2.400299984741,7.9883,-19.812));
#838 = LINE('',#839,#840);
#839 = CARTESIAN_POINT('',(-2.178049984741,7.9883,-19.812));
#840 = VECTOR('',#841,1.);
#841 = DIRECTION('',(-1.,0.,0.));
#842 = ORIENTED_EDGE('',*,*,#843,.T.);
#843 = EDGE_CURVE('',#836,#844,#846,.T.);
#844 = VERTEX_POINT('',#845);
#845 = CARTESIAN_POINT('',(-2.622549984741,7.723491520929,-19.812));
#846 = LINE('',#847,#848);
#847 = CARTESIAN_POINT('',(-2.400299984741,7.9883,-19.812));
#848 = VECTOR('',#849,1.);
#849 = DIRECTION('',(-0.642871293714,-0.765974216093,0.));
#850 = ORIENTED_EDGE('',*,*,#851,.T.);
#851 = EDGE_CURVE('',#844,#852,#854,.T.);
#852 = VERTEX_POINT('',#853);
#853 = CARTESIAN_POINT('',(-2.622549984741,7.420853153157,-19.812));
#854 = LINE('',#855,#856);
#855 = CARTESIAN_POINT('',(-2.622549984741,7.723491520929,-19.812));
#856 = VECTOR('',#857,1.);
#857 = DIRECTION('',(0.,-1.,0.));
#858 = ORIENTED_EDGE('',*,*,#859,.T.);
#859 = EDGE_CURVE('',#852,#860,#862,.T.);
#860 = VERTEX_POINT('',#861);
#861 = CARTESIAN_POINT('',(-2.400299984741,7.685661738205,-19.812));
#862 = LINE('',#863,#864);
#863 = CARTESIAN_POINT('',(-2.622549984741,7.420853153157,-19.812));
#864 = VECTOR('',#865,1.);
#865 = DIRECTION('',(0.642871142764,0.765974342782,0.));
#866 = ORIENTED_EDGE('',*,*,#867,.T.);
#867 = EDGE_CURVE('',#860,#868,#870,.T.);
#868 = VERTEX_POINT('',#869);
#869 = CARTESIAN_POINT('',(-2.400299984741,6.2103,-19.812));
#870 = LINE('',#871,#872);
#871 = CARTESIAN_POINT('',(-2.400299984741,7.685661738205,-19.812));
#872 = VECTOR('',#873,1.);
#873 = DIRECTION('',(0.,-1.,0.));
#874 = ORIENTED_EDGE('',*,*,#875,.T.);
#875 = EDGE_CURVE('',#868,#826,#876,.T.);
#876 = LINE('',#877,#878);
#877 = CARTESIAN_POINT('',(-2.400299984741,6.2103,-19.812));
#878 = VECTOR('',#879,1.);
#879 = DIRECTION('',(1.,0.,0.));
#880 = FACE_BOUND('',#881,.F.);
#881 = EDGE_LOOP('',(#882,#892,#900,#908,#916,#924,#932,#940,#948,#956,
    #964,#972,#980,#988,#996,#1004,#1012,#1020,#1028,#1036,#1044,#1052,
    #1060,#1068,#1076,#1084,#1092,#1100,#1108,#1116,#1124,#1132,#1140,
    #1148,#1156,#1164,#1172,#1180,#1188,#1196));
#882 = ORIENTED_EDGE('',*,*,#883,.T.);
#883 = EDGE_CURVE('',#884,#886,#888,.T.);
#884 = VERTEX_POINT('',#885);
#885 = CARTESIAN_POINT('',(-2.733675013828,-1.432938261795,-19.812));
#886 = VERTEX_POINT('',#887);
#887 = CARTESIAN_POINT('',(-2.622550013828,-1.357278696346,-19.812));
#888 = LINE('',#889,#890);
#889 = CARTESIAN_POINT('',(-2.733675013828,-1.432938261795,-19.812));
#890 = VECTOR('',#891,1.);
#891 = DIRECTION('',(0.8265992788,0.562790931242,0.));
#892 = ORIENTED_EDGE('',*,*,#893,.T.);
#893 = EDGE_CURVE('',#886,#894,#896,.T.);
#894 = VERTEX_POINT('',#895);
#895 = CARTESIAN_POINT('',(-2.511425013828,-1.319448913622,-19.812));
#896 = LINE('',#897,#898);
#897 = CARTESIAN_POINT('',(-2.622550013828,-1.357278696346,-19.812));
#898 = VECTOR('',#899,1.);
#899 = DIRECTION('',(0.94664991777,0.322263763377,0.));
#900 = ORIENTED_EDGE('',*,*,#901,.T.);
#901 = EDGE_CURVE('',#894,#902,#904,.T.);
#902 = VERTEX_POINT('',#903);
#903 = CARTESIAN_POINT('',(-2.289175013828,-1.319448913622,-19.812));
#904 = LINE('',#905,#906);
#905 = CARTESIAN_POINT('',(-2.511425013828,-1.319448913622,-19.812));
#906 = VECTOR('',#907,1.);
#907 = DIRECTION('',(1.,0.,0.));
#908 = ORIENTED_EDGE('',*,*,#909,.T.);
#909 = EDGE_CURVE('',#902,#910,#912,.T.);
#910 = VERTEX_POINT('',#911);
#911 = CARTESIAN_POINT('',(-2.178050013828,-1.357278696346,-19.812));
#912 = LINE('',#913,#914);
#913 = CARTESIAN_POINT('',(-2.289175013828,-1.319448913622,-19.812));
#914 = VECTOR('',#915,1.);
#915 = DIRECTION('',(0.94664991777,-0.322263763377,0.));
#916 = ORIENTED_EDGE('',*,*,#917,.T.);
#917 = EDGE_CURVE('',#910,#918,#920,.T.);
#918 = VERTEX_POINT('',#919);
#919 = CARTESIAN_POINT('',(-2.066925013828,-1.432938261795,-19.812));
#920 = LINE('',#921,#922);
#921 = CARTESIAN_POINT('',(-2.178050013828,-1.357278696346,-19.812));
#922 = VECTOR('',#923,1.);
#923 = DIRECTION('',(0.8265992788,-0.562790931242,0.));
#924 = ORIENTED_EDGE('',*,*,#925,.T.);
#925 = EDGE_CURVE('',#918,#926,#928,.T.);
#926 = VERTEX_POINT('',#927);
#927 = CARTESIAN_POINT('',(-1.992841645169,-1.546427609968,-19.812));
#928 = LINE('',#929,#930);
#929 = CARTESIAN_POINT('',(-2.066925013828,-1.432938261795,-19.812));
#930 = VECTOR('',#931,1.);
#931 = DIRECTION('',(0.546622729396,-0.837379001234,0.));
#932 = ORIENTED_EDGE('',*,*,#933,.T.);
#933 = EDGE_CURVE('',#926,#934,#936,.T.);
#934 = VERTEX_POINT('',#935);
#935 = CARTESIAN_POINT('',(-1.807633382487,-1.546427609968,-19.812));
#936 = LINE('',#937,#938);
#937 = CARTESIAN_POINT('',(-1.992841645169,-1.546427609968,-19.812));
#938 = VECTOR('',#939,1.);
#939 = DIRECTION('',(1.,0.,0.));
#940 = ORIENTED_EDGE('',*,*,#941,.T.);
#941 = EDGE_CURVE('',#934,#942,#944,.T.);
#942 = VERTEX_POINT('',#943);
#943 = CARTESIAN_POINT('',(-1.844675013828,-1.432938261795,-19.812));
#944 = LINE('',#945,#946);
#945 = CARTESIAN_POINT('',(-1.807633382487,-1.546427609968,-19.812));
#946 = VECTOR('',#947,1.);
#947 = DIRECTION('',(-0.310279797551,0.950645279393,0.));
#948 = ORIENTED_EDGE('',*,*,#949,.T.);
#949 = EDGE_CURVE('',#942,#950,#952,.T.);
#950 = VERTEX_POINT('',#951);
#951 = CARTESIAN_POINT('',(-1.955800013828,-1.281619130898,-19.812));
#952 = LINE('',#953,#954);
#953 = CARTESIAN_POINT('',(-1.844675013828,-1.432938261795,-19.812));
#954 = VECTOR('',#955,1.);
#955 = DIRECTION('',(-0.59190954875,0.806004395831,0.));
#956 = ORIENTED_EDGE('',*,*,#957,.T.);
#957 = EDGE_CURVE('',#950,#958,#960,.T.);
#958 = VERTEX_POINT('',#959);
#959 = CARTESIAN_POINT('',(-2.141008382487,-1.168129782724,-19.812));
#960 = LINE('',#961,#962);
#961 = CARTESIAN_POINT('',(-1.955800013828,-1.281619130898,-19.812));
#962 = VECTOR('',#963,1.);
#963 = DIRECTION('',(-0.852653467006,0.522476856141,0.));
#964 = ORIENTED_EDGE('',*,*,#965,.T.);
#965 = EDGE_CURVE('',#958,#966,#968,.T.);
#966 = VERTEX_POINT('',#967);
#967 = CARTESIAN_POINT('',(-2.326216698158,-1.1303,-19.812));
#968 = LINE('',#969,#970);
#969 = CARTESIAN_POINT('',(-2.141008382487,-1.168129782724,-19.812));
#970 = VECTOR('',#971,1.);
#971 = DIRECTION('',(-0.979770705536,0.200123373381,0.));
#972 = ORIENTED_EDGE('',*,*,#973,.T.);
#973 = EDGE_CURVE('',#966,#974,#976,.T.);
#974 = VERTEX_POINT('',#975);
#975 = CARTESIAN_POINT('',(-2.474383329499,-1.1303,-19.812));
#976 = LINE('',#977,#978);
#977 = CARTESIAN_POINT('',(-2.326216698158,-1.1303,-19.812));
#978 = VECTOR('',#979,1.);
#979 = DIRECTION('',(-1.,0.,0.));
#980 = ORIENTED_EDGE('',*,*,#981,.T.);
#981 = EDGE_CURVE('',#974,#982,#984,.T.);
#982 = VERTEX_POINT('',#983);
#983 = CARTESIAN_POINT('',(-2.659591671664,-1.168129782724,-19.812));
#984 = LINE('',#985,#986);
#985 = CARTESIAN_POINT('',(-2.474383329499,-1.1303,-19.812));
#986 = VECTOR('',#987,1.);
#987 = DIRECTION('',(-0.979770711149,-0.200123345899,0.));
#988 = ORIENTED_EDGE('',*,*,#989,.T.);
#989 = EDGE_CURVE('',#982,#990,#992,.T.);
#990 = VERTEX_POINT('',#991);
#991 = CARTESIAN_POINT('',(-2.844800013828,-1.281619130898,-19.812));
#992 = LINE('',#993,#994);
#993 = CARTESIAN_POINT('',(-2.659591671664,-1.168129782724,-19.812));
#994 = VECTOR('',#995,1.);
#995 = DIRECTION('',(-0.852653433709,-0.522476910479,0.));
#996 = ORIENTED_EDGE('',*,*,#997,.T.);
#997 = EDGE_CURVE('',#990,#998,#1000,.T.);
#998 = VERTEX_POINT('',#999);
#999 = CARTESIAN_POINT('',(-2.955925013828,-1.432938261795,-19.812));
#1000 = LINE('',#1001,#1002);
#1001 = CARTESIAN_POINT('',(-2.844800013828,-1.281619130898,-19.812));
#1002 = VECTOR('',#1003,1.);
#1003 = DIRECTION('',(-0.59190954875,-0.806004395831,0.));
#1004 = ORIENTED_EDGE('',*,*,#1005,.T.);
#1005 = EDGE_CURVE('',#998,#1006,#1008,.T.);
#1006 = VERTEX_POINT('',#1007);
#1007 = CARTESIAN_POINT('',(-3.030008346058,-1.622087281394,-19.812));
#1008 = LINE('',#1009,#1010);
#1009 = CARTESIAN_POINT('',(-2.955925013828,-1.432938261795,-19.812));
#1010 = VECTOR('',#1011,1.);
#1011 = DIRECTION('',(-0.364691754043,-0.931128307234,0.));
#1012 = ORIENTED_EDGE('',*,*,#1013,.T.);
#1013 = EDGE_CURVE('',#1006,#1014,#1016,.T.);
#1014 = VERTEX_POINT('',#1015);
#1015 = CARTESIAN_POINT('',(-3.067050013828,-1.886895760465,-19.812));
#1016 = LINE('',#1017,#1018);
#1017 = CARTESIAN_POINT('',(-3.030008346058,-1.622087281394,-19.812));
#1018 = VECTOR('',#1019,1.);
#1019 = DIRECTION('',(-0.138532230496,-0.990357925759,0.));
#1020 = ORIENTED_EDGE('',*,*,#1021,.T.);
#1021 = EDGE_CURVE('',#1014,#1022,#1024,.T.);
#1022 = VERTEX_POINT('',#1023);
#1023 = CARTESIAN_POINT('',(-3.067050013828,-2.151704239535,-19.812));
#1024 = LINE('',#1025,#1026);
#1025 = CARTESIAN_POINT('',(-3.067050013828,-1.886895760465,-19.812));
#1026 = VECTOR('',#1027,1.);
#1027 = DIRECTION('',(0.,-1.,0.));
#1028 = ORIENTED_EDGE('',*,*,#1029,.T.);
#1029 = EDGE_CURVE('',#1022,#1030,#1032,.T.);
#1030 = VERTEX_POINT('',#1031);
#1031 = CARTESIAN_POINT('',(-3.030008346058,-2.416512771595,-19.812));
#1032 = LINE('',#1033,#1034);
#1033 = CARTESIAN_POINT('',(-3.067050013828,-2.151704239535,-19.812));
#1034 = VECTOR('',#1035,1.);
#1035 = DIRECTION('',(0.138532203308,-0.990357929562,0.));
#1036 = ORIENTED_EDGE('',*,*,#1037,.T.);
#1037 = EDGE_CURVE('',#1030,#1038,#1040,.T.);
#1038 = VERTEX_POINT('',#1039);
#1039 = CARTESIAN_POINT('',(-2.955925013828,-2.605661711711,-19.812));
#1040 = LINE('',#1041,#1042);
#1041 = CARTESIAN_POINT('',(-3.030008346058,-2.416512771595,-19.812));
#1042 = VECTOR('',#1043,1.);
#1043 = DIRECTION('',(0.364691886909,-0.931128255195,0.));
#1044 = ORIENTED_EDGE('',*,*,#1045,.T.);
#1045 = EDGE_CURVE('',#1038,#1046,#1048,.T.);
#1046 = VERTEX_POINT('',#1047);
#1047 = CARTESIAN_POINT('',(-2.844800013828,-2.756980855855,-19.812));
#1048 = LINE('',#1049,#1050);
#1049 = CARTESIAN_POINT('',(-2.955925013828,-2.605661711711,-19.812));
#1050 = VECTOR('',#1051,1.);
#1051 = DIRECTION('',(0.591909515086,-0.806004420553,0.));
#1052 = ORIENTED_EDGE('',*,*,#1053,.T.);
#1053 = EDGE_CURVE('',#1046,#1054,#1056,.T.);
#1054 = VERTEX_POINT('',#1055);
#1055 = CARTESIAN_POINT('',(-2.659591671664,-2.870470213964,-19.812));
#1056 = LINE('',#1057,#1058);
#1057 = CARTESIAN_POINT('',(-2.844800013828,-2.756980855855,-19.812));
#1058 = VECTOR('',#1059,1.);
#1059 = DIRECTION('',(0.852653413332,-0.522476943733,0.));
#1060 = ORIENTED_EDGE('',*,*,#1061,.T.);
#1061 = EDGE_CURVE('',#1054,#1062,#1064,.T.);
#1062 = VERTEX_POINT('',#1063);
#1063 = CARTESIAN_POINT('',(-2.474383329499,-2.9083,-19.812));
#1064 = LINE('',#1065,#1066);
#1065 = CARTESIAN_POINT('',(-2.659591671664,-2.870470213964,-19.812));
#1066 = VECTOR('',#1067,1.);
#1067 = DIRECTION('',(0.979770707714,-0.200123362717,0.));
#1068 = ORIENTED_EDGE('',*,*,#1069,.T.);
#1069 = EDGE_CURVE('',#1062,#1070,#1072,.T.);
#1070 = VERTEX_POINT('',#1071);
#1071 = CARTESIAN_POINT('',(-2.289175013828,-2.9083,-19.812));
#1072 = LINE('',#1073,#1074);
#1073 = CARTESIAN_POINT('',(-2.474383329499,-2.9083,-19.812));
#1074 = VECTOR('',#1075,1.);
#1075 = DIRECTION('',(1.,0.,0.));
#1076 = ORIENTED_EDGE('',*,*,#1077,.T.);
#1077 = EDGE_CURVE('',#1070,#1078,#1080,.T.);
#1078 = VERTEX_POINT('',#1079);
#1079 = CARTESIAN_POINT('',(-2.103966645169,-2.870470213964,-19.812));
#1080 = LINE('',#1081,#1082);
#1081 = CARTESIAN_POINT('',(-2.289175013828,-2.9083,-19.812));
#1082 = VECTOR('',#1083,1.);
#1083 = DIRECTION('',(0.979770713327,0.200123335236,0.));
#1084 = ORIENTED_EDGE('',*,*,#1085,.T.);
#1085 = EDGE_CURVE('',#1078,#1086,#1088,.T.);
#1086 = VERTEX_POINT('',#1087);
#1087 = CARTESIAN_POINT('',(-1.918758382487,-2.756980855855,-19.812));
#1088 = LINE('',#1089,#1090);
#1089 = CARTESIAN_POINT('',(-2.103966645169,-2.870470213964,-19.812));
#1090 = VECTOR('',#1091,1.);
#1091 = DIRECTION('',(0.852653313443,0.522477106747,0.));
#1092 = ORIENTED_EDGE('',*,*,#1093,.T.);
#1093 = EDGE_CURVE('',#1086,#1094,#1096,.T.);
#1094 = VERTEX_POINT('',#1095);
#1095 = CARTESIAN_POINT('',(-1.807633382487,-2.605661711711,-19.812));
#1096 = LINE('',#1097,#1098);
#1097 = CARTESIAN_POINT('',(-1.918758382487,-2.756980855855,-19.812));
#1098 = VECTOR('',#1099,1.);
#1099 = DIRECTION('',(0.591909515086,0.806004420553,0.));
#1100 = ORIENTED_EDGE('',*,*,#1101,.T.);
#1101 = EDGE_CURVE('',#1094,#1102,#1104,.T.);
#1102 = VERTEX_POINT('',#1103);
#1103 = CARTESIAN_POINT('',(-1.733550013828,-2.416512771595,-19.812));
#1104 = LINE('',#1105,#1106);
#1105 = CARTESIAN_POINT('',(-1.807633382487,-2.605661711711,-19.812));
#1106 = VECTOR('',#1107,1.);
#1107 = DIRECTION('',(0.364692042391,0.931128194298,0.));
#1108 = ORIENTED_EDGE('',*,*,#1109,.T.);
#1109 = EDGE_CURVE('',#1102,#1110,#1112,.T.);
#1110 = VERTEX_POINT('',#1111);
#1111 = CARTESIAN_POINT('',(-1.733550013828,-2.227363804984,-19.812));
#1112 = LINE('',#1113,#1114);
#1113 = CARTESIAN_POINT('',(-1.733550013828,-2.416512771595,-19.812));
#1114 = VECTOR('',#1115,1.);
#1115 = DIRECTION('',(0.,1.,0.));
#1116 = ORIENTED_EDGE('',*,*,#1117,.T.);
#1117 = EDGE_CURVE('',#1110,#1118,#1120,.T.);
#1118 = VERTEX_POINT('',#1119);
#1119 = CARTESIAN_POINT('',(-1.807633382487,-2.038214891362,-19.812));
#1120 = LINE('',#1121,#1122);
#1121 = CARTESIAN_POINT('',(-1.733550013828,-2.227363804984,-19.812));
#1122 = VECTOR('',#1123,1.);
#1123 = DIRECTION('',(-0.364692086679,0.931128176952,0.));
#1124 = ORIENTED_EDGE('',*,*,#1125,.T.);
#1125 = EDGE_CURVE('',#1118,#1126,#1128,.T.);
#1126 = VERTEX_POINT('',#1127);
#1127 = CARTESIAN_POINT('',(-1.918758382487,-1.924725543189,-19.812));
#1128 = LINE('',#1129,#1130);
#1129 = CARTESIAN_POINT('',(-1.807633382487,-2.038214891362,-19.812));
#1130 = VECTOR('',#1131,1.);
#1131 = DIRECTION('',(-0.699624835187,0.714510384802,0.));
#1132 = ORIENTED_EDGE('',*,*,#1133,.T.);
#1133 = EDGE_CURVE('',#1126,#1134,#1136,.T.);
#1134 = VERTEX_POINT('',#1135);
#1135 = CARTESIAN_POINT('',(-2.103966645169,-1.811236195016,-19.812));
#1136 = LINE('',#1137,#1138);
#1137 = CARTESIAN_POINT('',(-1.918758382487,-1.924725543189,-19.812));
#1138 = VECTOR('',#1139,1.);
#1139 = DIRECTION('',(-0.85265333382,0.522477073493,0.));
#1140 = ORIENTED_EDGE('',*,*,#1141,.T.);
#1141 = EDGE_CURVE('',#1134,#1142,#1144,.T.);
#1142 = VERTEX_POINT('',#1143);
#1143 = CARTESIAN_POINT('',(-2.289175013828,-1.773406412292,-19.812));
#1144 = LINE('',#1145,#1146);
#1145 = CARTESIAN_POINT('',(-2.103966645169,-1.811236195016,-19.812));
#1146 = VECTOR('',#1147,1.);
#1147 = DIRECTION('',(-0.979770716763,0.200123318418,0.));
#1148 = ORIENTED_EDGE('',*,*,#1149,.T.);
#1149 = EDGE_CURVE('',#1142,#1150,#1152,.T.);
#1150 = VERTEX_POINT('',#1151);
#1151 = CARTESIAN_POINT('',(-2.474383329499,-1.773406412292,-19.812));
#1152 = LINE('',#1153,#1154);
#1153 = CARTESIAN_POINT('',(-2.289175013828,-1.773406412292,-19.812));
#1154 = VECTOR('',#1155,1.);
#1155 = DIRECTION('',(-1.,0.,0.));
#1156 = ORIENTED_EDGE('',*,*,#1157,.T.);
#1157 = EDGE_CURVE('',#1150,#1158,#1160,.T.);
#1158 = VERTEX_POINT('',#1159);
#1159 = CARTESIAN_POINT('',(-2.659591671664,-1.811236195016,-19.812));
#1160 = LINE('',#1161,#1162);
#1161 = CARTESIAN_POINT('',(-2.474383329499,-1.773406412292,-19.812));
#1162 = VECTOR('',#1163,1.);
#1163 = DIRECTION('',(-0.979770711149,-0.200123345899,0.));
#1164 = ORIENTED_EDGE('',*,*,#1165,.T.);
#1165 = EDGE_CURVE('',#1158,#1166,#1168,.T.);
#1166 = VERTEX_POINT('',#1167);
#1167 = CARTESIAN_POINT('',(-2.881841684911,-1.962555325913,-19.812));
#1168 = LINE('',#1169,#1170);
#1169 = CARTESIAN_POINT('',(-2.659591671664,-1.811236195016,-19.812));
#1170 = VECTOR('',#1171,1.);
#1171 = DIRECTION('',(-0.826599294405,-0.562790908322,0.));
#1172 = ORIENTED_EDGE('',*,*,#1173,.T.);
#1173 = EDGE_CURVE('',#1166,#1174,#1176,.T.);
#1174 = VERTEX_POINT('',#1175);
#1175 = CARTESIAN_POINT('',(-2.881841684911,-1.886895760465,-19.812));
#1176 = LINE('',#1177,#1178);
#1177 = CARTESIAN_POINT('',(-2.881841684911,-1.962555325913,-19.812));
#1178 = VECTOR('',#1179,1.);
#1179 = DIRECTION('',(0.,1.,0.));
#1180 = ORIENTED_EDGE('',*,*,#1181,.T.);
#1181 = EDGE_CURVE('',#1174,#1182,#1184,.T.);
#1182 = VERTEX_POINT('',#1183);
#1183 = CARTESIAN_POINT('',(-2.844800013828,-1.659917064118,-19.812));
#1184 = LINE('',#1185,#1186);
#1185 = CARTESIAN_POINT('',(-2.881841684911,-1.886895760465,-19.812));
#1186 = VECTOR('',#1187,1.);
#1187 = DIRECTION('',(0.161063815211,0.986943994069,0.));
#1188 = ORIENTED_EDGE('',*,*,#1189,.T.);
#1189 = EDGE_CURVE('',#1182,#1190,#1192,.T.);
#1190 = VERTEX_POINT('',#1191);
#1191 = CARTESIAN_POINT('',(-2.807758355993,-1.546427609968,-19.812));
#1192 = LINE('',#1193,#1194);
#1193 = CARTESIAN_POINT('',(-2.844800013828,-1.659917064118,-19.812));
#1194 = VECTOR('',#1195,1.);
#1195 = DIRECTION('',(0.310279736267,0.950645299395,0.));
#1196 = ORIENTED_EDGE('',*,*,#1197,.T.);
#1197 = EDGE_CURVE('',#1190,#884,#1198,.T.);
#1198 = LINE('',#1199,#1200);
#1199 = CARTESIAN_POINT('',(-2.807758355993,-1.546427609968,-19.812));
#1200 = VECTOR('',#1201,1.);
#1201 = DIRECTION('',(0.546622592319,0.837379090715,0.));
#1202 = PLANE('',#1203);
#1203 = AXIS2_PLACEMENT_3D('',#1204,#1205,#1206);
#1204 = CARTESIAN_POINT('',(0.,0.,-19.812));
#1205 = DIRECTION('',(0.,0.,1.));
#1206 = DIRECTION('',(0.,1.,0.));
#1207 = ADVANCED_FACE('',(#1208),#1370,.T.);
#1208 = FACE_BOUND('',#1209,.F.);
#1209 = EDGE_LOOP('',(#1210,#1220,#1228,#1236,#1244,#1252,#1260,#1268,
    #1276,#1284,#1292,#1300,#1308,#1316,#1324,#1332,#1340,#1348,#1356,
    #1364));
#1210 = ORIENTED_EDGE('',*,*,#1211,.T.);
#1211 = EDGE_CURVE('',#1212,#1214,#1216,.T.);
#1212 = VERTEX_POINT('',#1213);
#1213 = CARTESIAN_POINT('',(-2.029883382487,-2.076044674087,-19.812));
#1214 = VERTEX_POINT('',#1215);
#1215 = CARTESIAN_POINT('',(-1.955800013828,-2.151704239535,-19.812));
#1216 = LINE('',#1217,#1218);
#1217 = CARTESIAN_POINT('',(-2.029883382487,-2.076044674087,-19.812));
#1218 = VECTOR('',#1219,1.);
#1219 = DIRECTION('',(0.699625005502,-0.714510218035,0.));
#1220 = ORIENTED_EDGE('',*,*,#1221,.T.);
#1221 = EDGE_CURVE('',#1214,#1222,#1224,.T.);
#1222 = VERTEX_POINT('',#1223);
#1223 = CARTESIAN_POINT('',(-1.918758382487,-2.265193640697,-19.812));
#1224 = LINE('',#1225,#1226);
#1225 = CARTESIAN_POINT('',(-1.955800013828,-2.151704239535,-19.812));
#1226 = VECTOR('',#1227,1.);
#1227 = DIRECTION('',(0.310279666627,-0.950645322125,0.));
#1228 = ORIENTED_EDGE('',*,*,#1229,.T.);
#1229 = EDGE_CURVE('',#1222,#1230,#1232,.T.);
#1230 = VERTEX_POINT('',#1231);
#1231 = CARTESIAN_POINT('',(-1.918758382487,-2.37868298887,-19.812));
#1232 = LINE('',#1233,#1234);
#1233 = CARTESIAN_POINT('',(-1.918758382487,-2.265193640697,-19.812));
#1234 = VECTOR('',#1235,1.);
#1235 = DIRECTION('',(0.,-1.,0.));
#1236 = ORIENTED_EDGE('',*,*,#1237,.T.);
#1237 = EDGE_CURVE('',#1230,#1238,#1240,.T.);
#1238 = VERTEX_POINT('',#1239);
#1239 = CARTESIAN_POINT('',(-1.955800013828,-2.492172337043,-19.812));
#1240 = LINE('',#1241,#1242);
#1241 = CARTESIAN_POINT('',(-1.918758382487,-2.37868298887,-19.812));
#1242 = VECTOR('',#1243,1.);
#1243 = DIRECTION('',(-0.310279797551,-0.950645279393,0.));
#1244 = ORIENTED_EDGE('',*,*,#1245,.T.);
#1245 = EDGE_CURVE('',#1238,#1246,#1248,.T.);
#1246 = VERTEX_POINT('',#1247);
#1247 = CARTESIAN_POINT('',(-2.029883382487,-2.605661711711,-19.812));
#1248 = LINE('',#1249,#1250);
#1249 = CARTESIAN_POINT('',(-1.955800013828,-2.492172337043,-19.812));
#1250 = VECTOR('',#1251,1.);
#1251 = DIRECTION('',(-0.546622639915,-0.837379059645,0.));
#1252 = ORIENTED_EDGE('',*,*,#1253,.T.);
#1253 = EDGE_CURVE('',#1246,#1254,#1256,.T.);
#1254 = VERTEX_POINT('',#1255);
#1255 = CARTESIAN_POINT('',(-2.141008382487,-2.681321277159,-19.812));
#1256 = LINE('',#1257,#1258);
#1257 = CARTESIAN_POINT('',(-2.029883382487,-2.605661711711,-19.812));
#1258 = VECTOR('',#1259,1.);
#1259 = DIRECTION('',(-0.8265992788,-0.562790931242,0.));
#1260 = ORIENTED_EDGE('',*,*,#1261,.T.);
#1261 = EDGE_CURVE('',#1254,#1262,#1264,.T.);
#1262 = VERTEX_POINT('',#1263);
#1263 = CARTESIAN_POINT('',(-2.252133329499,-2.719151059884,-19.812));
#1264 = LINE('',#1265,#1266);
#1265 = CARTESIAN_POINT('',(-2.141008382487,-2.681321277159,-19.812));
#1266 = VECTOR('',#1267,1.);
#1267 = DIRECTION('',(-0.946649870891,-0.322263901086,0.));
#1268 = ORIENTED_EDGE('',*,*,#1269,.T.);
#1269 = EDGE_CURVE('',#1262,#1270,#1272,.T.);
#1270 = VERTEX_POINT('',#1271);
#1271 = CARTESIAN_POINT('',(-2.511425013828,-2.719151059884,-19.812));
#1272 = LINE('',#1273,#1274);
#1273 = CARTESIAN_POINT('',(-2.252133329499,-2.719151059884,-19.812));
#1274 = VECTOR('',#1275,1.);
#1275 = DIRECTION('',(-1.,0.,0.));
#1276 = ORIENTED_EDGE('',*,*,#1277,.T.);
#1277 = EDGE_CURVE('',#1270,#1278,#1280,.T.);
#1278 = VERTEX_POINT('',#1279);
#1279 = CARTESIAN_POINT('',(-2.622550013828,-2.681321277159,-19.812));
#1280 = LINE('',#1281,#1282);
#1281 = CARTESIAN_POINT('',(-2.511425013828,-2.719151059884,-19.812));
#1282 = VECTOR('',#1283,1.);
#1283 = DIRECTION('',(-0.94664991777,0.322263763377,0.));
#1284 = ORIENTED_EDGE('',*,*,#1285,.T.);
#1285 = EDGE_CURVE('',#1278,#1286,#1288,.T.);
#1286 = VERTEX_POINT('',#1287);
#1287 = CARTESIAN_POINT('',(-2.733675013828,-2.605661711711,-19.812));
#1288 = LINE('',#1289,#1290);
#1289 = CARTESIAN_POINT('',(-2.622550013828,-2.681321277159,-19.812));
#1290 = VECTOR('',#1291,1.);
#1291 = DIRECTION('',(-0.8265992788,0.562790931242,0.));
#1292 = ORIENTED_EDGE('',*,*,#1293,.T.);
#1293 = EDGE_CURVE('',#1286,#1294,#1296,.T.);
#1294 = VERTEX_POINT('',#1295);
#1295 = CARTESIAN_POINT('',(-2.807758355993,-2.492172337043,-19.812));
#1296 = LINE('',#1297,#1298);
#1297 = CARTESIAN_POINT('',(-2.733675013828,-2.605661711711,-19.812));
#1298 = VECTOR('',#1299,1.);
#1299 = DIRECTION('',(-0.546622502839,0.837379149126,0.));
#1300 = ORIENTED_EDGE('',*,*,#1301,.T.);
#1301 = EDGE_CURVE('',#1294,#1302,#1304,.T.);
#1302 = VERTEX_POINT('',#1303);
#1303 = CARTESIAN_POINT('',(-2.844800013828,-2.37868298887,-19.812));
#1304 = LINE('',#1305,#1306);
#1305 = CARTESIAN_POINT('',(-2.807758355993,-2.492172337043,-19.812));
#1306 = VECTOR('',#1307,1.);
#1307 = DIRECTION('',(-0.310279998114,0.950645213931,0.));
#1308 = ORIENTED_EDGE('',*,*,#1309,.T.);
#1309 = EDGE_CURVE('',#1302,#1310,#1312,.T.);
#1310 = VERTEX_POINT('',#1311);
#1311 = CARTESIAN_POINT('',(-2.844800013828,-2.265193640697,-19.812));
#1312 = LINE('',#1313,#1314);
#1313 = CARTESIAN_POINT('',(-2.844800013828,-2.37868298887,-19.812));
#1314 = VECTOR('',#1315,1.);
#1315 = DIRECTION('',(0.,1.,0.));
#1316 = ORIENTED_EDGE('',*,*,#1317,.T.);
#1317 = EDGE_CURVE('',#1310,#1318,#1320,.T.);
#1318 = VERTEX_POINT('',#1319);
#1319 = CARTESIAN_POINT('',(-2.807758355993,-2.151704239535,-19.812));
#1320 = LINE('',#1321,#1322);
#1321 = CARTESIAN_POINT('',(-2.844800013828,-2.265193640697,-19.812));
#1322 = VECTOR('',#1323,1.);
#1323 = DIRECTION('',(0.310279867191,0.950645256663,0.));
#1324 = ORIENTED_EDGE('',*,*,#1325,.T.);
#1325 = EDGE_CURVE('',#1318,#1326,#1328,.T.);
#1326 = VERTEX_POINT('',#1327);
#1327 = CARTESIAN_POINT('',(-2.733675013828,-2.076044674087,-19.812));
#1328 = LINE('',#1329,#1330);
#1329 = CARTESIAN_POINT('',(-2.807758355993,-2.151704239535,-19.812));
#1330 = VECTOR('',#1331,1.);
#1331 = DIRECTION('',(0.699624877766,0.71451034311,0.));
#1332 = ORIENTED_EDGE('',*,*,#1333,.T.);
#1333 = EDGE_CURVE('',#1326,#1334,#1336,.T.);
#1334 = VERTEX_POINT('',#1335);
#1335 = CARTESIAN_POINT('',(-2.622550013828,-2.000385108638,-19.812));
#1336 = LINE('',#1337,#1338);
#1337 = CARTESIAN_POINT('',(-2.733675013828,-2.076044674087,-19.812));
#1338 = VECTOR('',#1339,1.);
#1339 = DIRECTION('',(0.8265992788,0.562790931242,0.));
#1340 = ORIENTED_EDGE('',*,*,#1341,.T.);
#1341 = EDGE_CURVE('',#1334,#1342,#1344,.T.);
#1342 = VERTEX_POINT('',#1343);
#1343 = CARTESIAN_POINT('',(-2.511425013828,-1.962555325913,-19.812));
#1344 = LINE('',#1345,#1346);
#1345 = CARTESIAN_POINT('',(-2.622550013828,-2.000385108638,-19.812));
#1346 = VECTOR('',#1347,1.);
#1347 = DIRECTION('',(0.94664991777,0.322263763377,0.));
#1348 = ORIENTED_EDGE('',*,*,#1349,.T.);
#1349 = EDGE_CURVE('',#1342,#1350,#1352,.T.);
#1350 = VERTEX_POINT('',#1351);
#1351 = CARTESIAN_POINT('',(-2.252133329499,-1.962555325913,-19.812));
#1352 = LINE('',#1353,#1354);
#1353 = CARTESIAN_POINT('',(-2.511425013828,-1.962555325913,-19.812));
#1354 = VECTOR('',#1355,1.);
#1355 = DIRECTION('',(1.,0.,0.));
#1356 = ORIENTED_EDGE('',*,*,#1357,.T.);
#1357 = EDGE_CURVE('',#1350,#1358,#1360,.T.);
#1358 = VERTEX_POINT('',#1359);
#1359 = CARTESIAN_POINT('',(-2.141008382487,-2.000385108638,-19.812));
#1360 = LINE('',#1361,#1362);
#1361 = CARTESIAN_POINT('',(-2.252133329499,-1.962555325913,-19.812));
#1362 = VECTOR('',#1363,1.);
#1363 = DIRECTION('',(0.946649870891,-0.322263901086,0.));
#1364 = ORIENTED_EDGE('',*,*,#1365,.T.);
#1365 = EDGE_CURVE('',#1358,#1212,#1366,.T.);
#1366 = LINE('',#1367,#1368);
#1367 = CARTESIAN_POINT('',(-2.141008382487,-2.000385108638,-19.812));
#1368 = VECTOR('',#1369,1.);
#1369 = DIRECTION('',(0.8265992788,-0.562790931242,0.));
#1370 = PLANE('',#1371);
#1371 = AXIS2_PLACEMENT_3D('',#1372,#1373,#1374);
#1372 = CARTESIAN_POINT('',(0.,0.,-19.812));
#1373 = DIRECTION('',(0.,0.,1.));
#1374 = DIRECTION('',(0.,1.,0.));
#1375 = ADVANCED_FACE('',(#1376),#1402,.T.);
#1376 = FACE_BOUND('',#1377,.T.);
#1377 = EDGE_LOOP('',(#1378,#1386,#1387,#1395));
#1378 = ORIENTED_EDGE('',*,*,#1379,.T.);
#1379 = EDGE_CURVE('',#1380,#706,#1382,.T.);
#1380 = VERTEX_POINT('',#1381);
#1381 = CARTESIAN_POINT('',(-2.4003,-3.7719,-19.558));
#1382 = LINE('',#1383,#1384);
#1383 = CARTESIAN_POINT('',(-2.4003,-3.7719,-19.558));
#1384 = VECTOR('',#1385,1.);
#1385 = DIRECTION('',(-3.63470222719E-13,0.707106781186,-0.707106781187)
  );
#1386 = ORIENTED_EDGE('',*,*,#705,.T.);
#1387 = ORIENTED_EDGE('',*,*,#1388,.F.);
#1388 = EDGE_CURVE('',#1389,#708,#1391,.T.);
#1389 = VERTEX_POINT('',#1390);
#1390 = CARTESIAN_POINT('',(-2.4003,-5.3467,-19.558));
#1391 = LINE('',#1392,#1393);
#1392 = CARTESIAN_POINT('',(-2.4003,-5.3467,-19.558));
#1393 = VECTOR('',#1394,1.);
#1394 = DIRECTION('',(3.647065159936E-13,-0.707106781186,-0.707106781187
    ));
#1395 = ORIENTED_EDGE('',*,*,#1396,.F.);
#1396 = EDGE_CURVE('',#1380,#1389,#1397,.T.);
#1397 = CIRCLE('',#1398,0.7874);
#1398 = AXIS2_PLACEMENT_3D('',#1399,#1400,#1401);
#1399 = CARTESIAN_POINT('',(-2.4003,-4.5593,-19.558));
#1400 = DIRECTION('',(0.,-0.,1.));
#1401 = DIRECTION('',(0.,1.,0.));
#1402 = CONICAL_SURFACE('',#1403,0.9144,0.785398163397);
#1403 = AXIS2_PLACEMENT_3D('',#1404,#1405,#1406);
#1404 = CARTESIAN_POINT('',(-2.4003,-4.5593,-19.685));
#1405 = DIRECTION('',(0.,0.,-1.));
#1406 = DIRECTION('',(0.,-1.,0.));
#1407 = ADVANCED_FACE('',(#1408,#1418),#1438,.T.);
#1408 = FACE_BOUND('',#1409,.F.);
#1409 = EDGE_LOOP('',(#1410,#1411));
#1410 = ORIENTED_EDGE('',*,*,#1396,.F.);
#1411 = ORIENTED_EDGE('',*,*,#1412,.F.);
#1412 = EDGE_CURVE('',#1389,#1380,#1413,.T.);
#1413 = CIRCLE('',#1414,0.7874);
#1414 = AXIS2_PLACEMENT_3D('',#1415,#1416,#1417);
#1415 = CARTESIAN_POINT('',(-2.4003,-4.5593,-19.558));
#1416 = DIRECTION('',(0.,0.,1.));
#1417 = DIRECTION('',(0.,-1.,0.));
#1418 = FACE_BOUND('',#1419,.F.);
#1419 = EDGE_LOOP('',(#1420,#1431));
#1420 = ORIENTED_EDGE('',*,*,#1421,.T.);
#1421 = EDGE_CURVE('',#1422,#1424,#1426,.T.);
#1422 = VERTEX_POINT('',#1423);
#1423 = CARTESIAN_POINT('',(-2.4003,-3.77571,-19.558));
#1424 = VERTEX_POINT('',#1425);
#1425 = CARTESIAN_POINT('',(-2.4003,-5.34289,-19.558));
#1426 = CIRCLE('',#1427,0.78359);
#1427 = AXIS2_PLACEMENT_3D('',#1428,#1429,#1430);
#1428 = CARTESIAN_POINT('',(-2.4003,-4.5593,-19.558));
#1429 = DIRECTION('',(0.,-0.,1.));
#1430 = DIRECTION('',(0.,1.,0.));
#1431 = ORIENTED_EDGE('',*,*,#1432,.T.);
#1432 = EDGE_CURVE('',#1424,#1422,#1433,.T.);
#1433 = CIRCLE('',#1434,0.78359);
#1434 = AXIS2_PLACEMENT_3D('',#1435,#1436,#1437);
#1435 = CARTESIAN_POINT('',(-2.4003,-4.5593,-19.558));
#1436 = DIRECTION('',(0.,0.,1.));
#1437 = DIRECTION('',(0.,-1.,0.));
#1438 = PLANE('',#1439);
#1439 = AXIS2_PLACEMENT_3D('',#1440,#1441,#1442);
#1440 = CARTESIAN_POINT('',(0.,0.,-19.558));
#1441 = DIRECTION('',(0.,0.,1.));
#1442 = DIRECTION('',(0.,-1.,0.));
#1443 = ADVANCED_FACE('',(#1444,#1464),#1484,.T.);
#1444 = FACE_BOUND('',#1445,.F.);
#1445 = EDGE_LOOP('',(#1446,#1457));
#1446 = ORIENTED_EDGE('',*,*,#1447,.F.);
#1447 = EDGE_CURVE('',#1448,#1450,#1452,.T.);
#1448 = VERTEX_POINT('',#1449);
#1449 = CARTESIAN_POINT('',(6.4897,-3.7719,-19.558));
#1450 = VERTEX_POINT('',#1451);
#1451 = CARTESIAN_POINT('',(6.4897,-5.3467,-19.558));
#1452 = CIRCLE('',#1453,0.7874);
#1453 = AXIS2_PLACEMENT_3D('',#1454,#1455,#1456);
#1454 = CARTESIAN_POINT('',(6.4897,-4.5593,-19.558));
#1455 = DIRECTION('',(0.,-0.,1.));
#1456 = DIRECTION('',(0.,1.,0.));
#1457 = ORIENTED_EDGE('',*,*,#1458,.F.);
#1458 = EDGE_CURVE('',#1450,#1448,#1459,.T.);
#1459 = CIRCLE('',#1460,0.7874);
#1460 = AXIS2_PLACEMENT_3D('',#1461,#1462,#1463);
#1461 = CARTESIAN_POINT('',(6.4897,-4.5593,-19.558));
#1462 = DIRECTION('',(0.,0.,1.));
#1463 = DIRECTION('',(0.,-1.,0.));
#1464 = FACE_BOUND('',#1465,.F.);
#1465 = EDGE_LOOP('',(#1466,#1477));
#1466 = ORIENTED_EDGE('',*,*,#1467,.T.);
#1467 = EDGE_CURVE('',#1468,#1470,#1472,.T.);
#1468 = VERTEX_POINT('',#1469);
#1469 = CARTESIAN_POINT('',(6.4897,-3.77571,-19.558));
#1470 = VERTEX_POINT('',#1471);
#1471 = CARTESIAN_POINT('',(6.4897,-5.34289,-19.558));
#1472 = CIRCLE('',#1473,0.78359);
#1473 = AXIS2_PLACEMENT_3D('',#1474,#1475,#1476);
#1474 = CARTESIAN_POINT('',(6.4897,-4.5593,-19.558));
#1475 = DIRECTION('',(0.,-0.,1.));
#1476 = DIRECTION('',(0.,1.,0.));
#1477 = ORIENTED_EDGE('',*,*,#1478,.T.);
#1478 = EDGE_CURVE('',#1470,#1468,#1479,.T.);
#1479 = CIRCLE('',#1480,0.78359);
#1480 = AXIS2_PLACEMENT_3D('',#1481,#1482,#1483);
#1481 = CARTESIAN_POINT('',(6.4897,-4.5593,-19.558));
#1482 = DIRECTION('',(0.,0.,1.));
#1483 = DIRECTION('',(0.,-1.,0.));
#1484 = PLANE('',#1485);
#1485 = AXIS2_PLACEMENT_3D('',#1486,#1487,#1488);
#1486 = CARTESIAN_POINT('',(0.,0.,-19.558));
#1487 = DIRECTION('',(0.,0.,1.));
#1488 = DIRECTION('',(0.,-1.,0.));
#1489 = ADVANCED_FACE('',(#1490,#1510),#1530,.T.);
#1490 = FACE_BOUND('',#1491,.F.);
#1491 = EDGE_LOOP('',(#1492,#1503));
#1492 = ORIENTED_EDGE('',*,*,#1493,.F.);
#1493 = EDGE_CURVE('',#1494,#1496,#1498,.T.);
#1494 = VERTEX_POINT('',#1495);
#1495 = CARTESIAN_POINT('',(6.4897,5.3467,-19.558));
#1496 = VERTEX_POINT('',#1497);
#1497 = CARTESIAN_POINT('',(6.4897,3.7719,-19.558));
#1498 = CIRCLE('',#1499,0.7874);
#1499 = AXIS2_PLACEMENT_3D('',#1500,#1501,#1502);
#1500 = CARTESIAN_POINT('',(6.4897,4.5593,-19.558));
#1501 = DIRECTION('',(0.,-0.,1.));
#1502 = DIRECTION('',(0.,1.,0.));
#1503 = ORIENTED_EDGE('',*,*,#1504,.F.);
#1504 = EDGE_CURVE('',#1496,#1494,#1505,.T.);
#1505 = CIRCLE('',#1506,0.7874);
#1506 = AXIS2_PLACEMENT_3D('',#1507,#1508,#1509);
#1507 = CARTESIAN_POINT('',(6.4897,4.5593,-19.558));
#1508 = DIRECTION('',(0.,0.,1.));
#1509 = DIRECTION('',(0.,-1.,0.));
#1510 = FACE_BOUND('',#1511,.F.);
#1511 = EDGE_LOOP('',(#1512,#1523));
#1512 = ORIENTED_EDGE('',*,*,#1513,.T.);
#1513 = EDGE_CURVE('',#1514,#1516,#1518,.T.);
#1514 = VERTEX_POINT('',#1515);
#1515 = CARTESIAN_POINT('',(6.4897,5.34289,-19.558));
#1516 = VERTEX_POINT('',#1517);
#1517 = CARTESIAN_POINT('',(6.4897,3.77571,-19.558));
#1518 = CIRCLE('',#1519,0.78359);
#1519 = AXIS2_PLACEMENT_3D('',#1520,#1521,#1522);
#1520 = CARTESIAN_POINT('',(6.4897,4.5593,-19.558));
#1521 = DIRECTION('',(0.,-0.,1.));
#1522 = DIRECTION('',(0.,1.,0.));
#1523 = ORIENTED_EDGE('',*,*,#1524,.T.);
#1524 = EDGE_CURVE('',#1516,#1514,#1525,.T.);
#1525 = CIRCLE('',#1526,0.78359);
#1526 = AXIS2_PLACEMENT_3D('',#1527,#1528,#1529);
#1527 = CARTESIAN_POINT('',(6.4897,4.5593,-19.558));
#1528 = DIRECTION('',(0.,0.,1.));
#1529 = DIRECTION('',(0.,-1.,0.));
#1530 = PLANE('',#1531);
#1531 = AXIS2_PLACEMENT_3D('',#1532,#1533,#1534);
#1532 = CARTESIAN_POINT('',(0.,0.,-19.558));
#1533 = DIRECTION('',(0.,0.,1.));
#1534 = DIRECTION('',(0.,-1.,0.));
#1535 = ADVANCED_FACE('',(#1536,#1556),#1576,.T.);
#1536 = FACE_BOUND('',#1537,.F.);
#1537 = EDGE_LOOP('',(#1538,#1549));
#1538 = ORIENTED_EDGE('',*,*,#1539,.F.);
#1539 = EDGE_CURVE('',#1540,#1542,#1544,.T.);
#1540 = VERTEX_POINT('',#1541);
#1541 = CARTESIAN_POINT('',(-2.4003,5.3467,-19.558));
#1542 = VERTEX_POINT('',#1543);
#1543 = CARTESIAN_POINT('',(-2.4003,3.7719,-19.558));
#1544 = CIRCLE('',#1545,0.7874);
#1545 = AXIS2_PLACEMENT_3D('',#1546,#1547,#1548);
#1546 = CARTESIAN_POINT('',(-2.4003,4.5593,-19.558));
#1547 = DIRECTION('',(0.,-0.,1.));
#1548 = DIRECTION('',(0.,1.,0.));
#1549 = ORIENTED_EDGE('',*,*,#1550,.F.);
#1550 = EDGE_CURVE('',#1542,#1540,#1551,.T.);
#1551 = CIRCLE('',#1552,0.7874);
#1552 = AXIS2_PLACEMENT_3D('',#1553,#1554,#1555);
#1553 = CARTESIAN_POINT('',(-2.4003,4.5593,-19.558));
#1554 = DIRECTION('',(0.,0.,1.));
#1555 = DIRECTION('',(0.,-1.,0.));
#1556 = FACE_BOUND('',#1557,.F.);
#1557 = EDGE_LOOP('',(#1558,#1569));
#1558 = ORIENTED_EDGE('',*,*,#1559,.T.);
#1559 = EDGE_CURVE('',#1560,#1562,#1564,.T.);
#1560 = VERTEX_POINT('',#1561);
#1561 = CARTESIAN_POINT('',(-2.4003,5.34289,-19.558));
#1562 = VERTEX_POINT('',#1563);
#1563 = CARTESIAN_POINT('',(-2.4003,3.77571,-19.558));
#1564 = CIRCLE('',#1565,0.78359);
#1565 = AXIS2_PLACEMENT_3D('',#1566,#1567,#1568);
#1566 = CARTESIAN_POINT('',(-2.4003,4.5593,-19.558));
#1567 = DIRECTION('',(0.,-0.,1.));
#1568 = DIRECTION('',(0.,1.,0.));
#1569 = ORIENTED_EDGE('',*,*,#1570,.T.);
#1570 = EDGE_CURVE('',#1562,#1560,#1571,.T.);
#1571 = CIRCLE('',#1572,0.78359);
#1572 = AXIS2_PLACEMENT_3D('',#1573,#1574,#1575);
#1573 = CARTESIAN_POINT('',(-2.4003,4.5593,-19.558));
#1574 = DIRECTION('',(0.,0.,1.));
#1575 = DIRECTION('',(0.,-1.,0.));
#1576 = PLANE('',#1577);
#1577 = AXIS2_PLACEMENT_3D('',#1578,#1579,#1580);
#1578 = CARTESIAN_POINT('',(0.,0.,-19.558));
#1579 = DIRECTION('',(0.,0.,1.));
#1580 = DIRECTION('',(0.,-1.,0.));
#1581 = ADVANCED_FACE('',(#1582,#1602),#1622,.T.);
#1582 = FACE_BOUND('',#1583,.F.);
#1583 = EDGE_LOOP('',(#1584,#1595));
#1584 = ORIENTED_EDGE('',*,*,#1585,.F.);
#1585 = EDGE_CURVE('',#1586,#1588,#1590,.T.);
#1586 = VERTEX_POINT('',#1587);
#1587 = CARTESIAN_POINT('',(2.0447,-5.3467,-19.558));
#1588 = VERTEX_POINT('',#1589);
#1589 = CARTESIAN_POINT('',(2.0447,-3.7719,-19.558));
#1590 = CIRCLE('',#1591,0.7874);
#1591 = AXIS2_PLACEMENT_3D('',#1592,#1593,#1594);
#1592 = CARTESIAN_POINT('',(2.0447,-4.5593,-19.558));
#1593 = DIRECTION('',(0.,0.,1.));
#1594 = DIRECTION('',(0.,-1.,0.));
#1595 = ORIENTED_EDGE('',*,*,#1596,.F.);
#1596 = EDGE_CURVE('',#1588,#1586,#1597,.T.);
#1597 = CIRCLE('',#1598,0.7874);
#1598 = AXIS2_PLACEMENT_3D('',#1599,#1600,#1601);
#1599 = CARTESIAN_POINT('',(2.0447,-4.5593,-19.558));
#1600 = DIRECTION('',(0.,-0.,1.));
#1601 = DIRECTION('',(0.,1.,0.));
#1602 = FACE_BOUND('',#1603,.F.);
#1603 = EDGE_LOOP('',(#1604,#1615));
#1604 = ORIENTED_EDGE('',*,*,#1605,.T.);
#1605 = EDGE_CURVE('',#1606,#1608,#1610,.T.);
#1606 = VERTEX_POINT('',#1607);
#1607 = CARTESIAN_POINT('',(2.0447,-3.77571,-19.558));
#1608 = VERTEX_POINT('',#1609);
#1609 = CARTESIAN_POINT('',(2.0447,-5.34289,-19.558));
#1610 = CIRCLE('',#1611,0.78359);
#1611 = AXIS2_PLACEMENT_3D('',#1612,#1613,#1614);
#1612 = CARTESIAN_POINT('',(2.0447,-4.5593,-19.558));
#1613 = DIRECTION('',(0.,-0.,1.));
#1614 = DIRECTION('',(0.,1.,0.));
#1615 = ORIENTED_EDGE('',*,*,#1616,.T.);
#1616 = EDGE_CURVE('',#1608,#1606,#1617,.T.);
#1617 = CIRCLE('',#1618,0.78359);
#1618 = AXIS2_PLACEMENT_3D('',#1619,#1620,#1621);
#1619 = CARTESIAN_POINT('',(2.0447,-4.5593,-19.558));
#1620 = DIRECTION('',(0.,0.,1.));
#1621 = DIRECTION('',(0.,-1.,0.));
#1622 = PLANE('',#1623);
#1623 = AXIS2_PLACEMENT_3D('',#1624,#1625,#1626);
#1624 = CARTESIAN_POINT('',(0.,0.,-19.558));
#1625 = DIRECTION('',(0.,0.,1.));
#1626 = DIRECTION('',(0.,-1.,0.));
#1627 = ADVANCED_FACE('',(#1628,#1648),#1668,.T.);
#1628 = FACE_BOUND('',#1629,.F.);
#1629 = EDGE_LOOP('',(#1630,#1641));
#1630 = ORIENTED_EDGE('',*,*,#1631,.F.);
#1631 = EDGE_CURVE('',#1632,#1634,#1636,.T.);
#1632 = VERTEX_POINT('',#1633);
#1633 = CARTESIAN_POINT('',(2.0447,3.7719,-19.558));
#1634 = VERTEX_POINT('',#1635);
#1635 = CARTESIAN_POINT('',(2.0447,5.3467,-19.558));
#1636 = CIRCLE('',#1637,0.7874);
#1637 = AXIS2_PLACEMENT_3D('',#1638,#1639,#1640);
#1638 = CARTESIAN_POINT('',(2.0447,4.5593,-19.558));
#1639 = DIRECTION('',(0.,0.,1.));
#1640 = DIRECTION('',(0.,-1.,0.));
#1641 = ORIENTED_EDGE('',*,*,#1642,.F.);
#1642 = EDGE_CURVE('',#1634,#1632,#1643,.T.);
#1643 = CIRCLE('',#1644,0.7874);
#1644 = AXIS2_PLACEMENT_3D('',#1645,#1646,#1647);
#1645 = CARTESIAN_POINT('',(2.0447,4.5593,-19.558));
#1646 = DIRECTION('',(0.,-0.,1.));
#1647 = DIRECTION('',(0.,1.,0.));
#1648 = FACE_BOUND('',#1649,.F.);
#1649 = EDGE_LOOP('',(#1650,#1661));
#1650 = ORIENTED_EDGE('',*,*,#1651,.T.);
#1651 = EDGE_CURVE('',#1652,#1654,#1656,.T.);
#1652 = VERTEX_POINT('',#1653);
#1653 = CARTESIAN_POINT('',(2.0447,5.34289,-19.558));
#1654 = VERTEX_POINT('',#1655);
#1655 = CARTESIAN_POINT('',(2.0447,3.77571,-19.558));
#1656 = CIRCLE('',#1657,0.78359);
#1657 = AXIS2_PLACEMENT_3D('',#1658,#1659,#1660);
#1658 = CARTESIAN_POINT('',(2.0447,4.5593,-19.558));
#1659 = DIRECTION('',(0.,-0.,1.));
#1660 = DIRECTION('',(0.,1.,0.));
#1661 = ORIENTED_EDGE('',*,*,#1662,.T.);
#1662 = EDGE_CURVE('',#1654,#1652,#1663,.T.);
#1663 = CIRCLE('',#1664,0.78359);
#1664 = AXIS2_PLACEMENT_3D('',#1665,#1666,#1667);
#1665 = CARTESIAN_POINT('',(2.0447,4.5593,-19.558));
#1666 = DIRECTION('',(0.,0.,1.));
#1667 = DIRECTION('',(0.,-1.,0.));
#1668 = PLANE('',#1669);
#1669 = AXIS2_PLACEMENT_3D('',#1670,#1671,#1672);
#1670 = CARTESIAN_POINT('',(0.,0.,-19.558));
#1671 = DIRECTION('',(0.,0.,1.));
#1672 = DIRECTION('',(0.,-1.,0.));
#1673 = ADVANCED_FACE('',(#1674),#1680,.T.);
#1674 = FACE_BOUND('',#1675,.T.);
#1675 = EDGE_LOOP('',(#1676,#1677,#1678,#1679));
#1676 = ORIENTED_EDGE('',*,*,#1388,.T.);
#1677 = ORIENTED_EDGE('',*,*,#716,.T.);
#1678 = ORIENTED_EDGE('',*,*,#1379,.F.);
#1679 = ORIENTED_EDGE('',*,*,#1412,.F.);
#1680 = CONICAL_SURFACE('',#1681,0.9144,0.785398163397);
#1681 = AXIS2_PLACEMENT_3D('',#1682,#1683,#1684);
#1682 = CARTESIAN_POINT('',(-2.4003,-4.5593,-19.685));
#1683 = DIRECTION('',(0.,0.,-1.));
#1684 = DIRECTION('',(0.,-1.,0.));
#1685 = ADVANCED_FACE('',(#1686),#1702,.T.);
#1686 = FACE_BOUND('',#1687,.T.);
#1687 = EDGE_LOOP('',(#1688,#1694,#1695,#1701));
#1688 = ORIENTED_EDGE('',*,*,#1689,.T.);
#1689 = EDGE_CURVE('',#1448,#726,#1690,.T.);
#1690 = LINE('',#1691,#1692);
#1691 = CARTESIAN_POINT('',(6.4897,-3.7719,-19.558));
#1692 = VECTOR('',#1693,1.);
#1693 = DIRECTION('',(-3.585250496208E-13,0.707106781186,-0.707106781187
    ));
#1694 = ORIENTED_EDGE('',*,*,#725,.T.);
#1695 = ORIENTED_EDGE('',*,*,#1696,.F.);
#1696 = EDGE_CURVE('',#1450,#728,#1697,.T.);
#1697 = LINE('',#1698,#1699);
#1698 = CARTESIAN_POINT('',(6.4897,-5.3467,-19.558));
#1699 = VECTOR('',#1700,1.);
#1700 = DIRECTION('',(3.659428092681E-13,-0.707106781187,-0.707106781187
    ));
#1701 = ORIENTED_EDGE('',*,*,#1447,.F.);
#1702 = CONICAL_SURFACE('',#1703,0.9144,0.785398163397);
#1703 = AXIS2_PLACEMENT_3D('',#1704,#1705,#1706);
#1704 = CARTESIAN_POINT('',(6.4897,-4.5593,-19.685));
#1705 = DIRECTION('',(0.,0.,-1.));
#1706 = DIRECTION('',(0.,-1.,0.));
#1707 = ADVANCED_FACE('',(#1708),#1714,.T.);
#1708 = FACE_BOUND('',#1709,.T.);
#1709 = EDGE_LOOP('',(#1710,#1711,#1712,#1713));
#1710 = ORIENTED_EDGE('',*,*,#1696,.T.);
#1711 = ORIENTED_EDGE('',*,*,#736,.T.);
#1712 = ORIENTED_EDGE('',*,*,#1689,.F.);
#1713 = ORIENTED_EDGE('',*,*,#1458,.F.);
#1714 = CONICAL_SURFACE('',#1715,0.9144,0.785398163397);
#1715 = AXIS2_PLACEMENT_3D('',#1716,#1717,#1718);
#1716 = CARTESIAN_POINT('',(6.4897,-4.5593,-19.685));
#1717 = DIRECTION('',(0.,0.,-1.));
#1718 = DIRECTION('',(0.,-1.,0.));
#1719 = ADVANCED_FACE('',(#1720),#1736,.T.);
#1720 = FACE_BOUND('',#1721,.T.);
#1721 = EDGE_LOOP('',(#1722,#1728,#1729,#1735));
#1722 = ORIENTED_EDGE('',*,*,#1723,.T.);
#1723 = EDGE_CURVE('',#1494,#746,#1724,.T.);
#1724 = LINE('',#1725,#1726);
#1725 = CARTESIAN_POINT('',(6.4897,5.3467,-19.558));
#1726 = VECTOR('',#1727,1.);
#1727 = DIRECTION('',(-3.585250496208E-13,0.707106781187,-0.707106781187
    ));
#1728 = ORIENTED_EDGE('',*,*,#745,.T.);
#1729 = ORIENTED_EDGE('',*,*,#1730,.F.);
#1730 = EDGE_CURVE('',#1496,#748,#1731,.T.);
#1731 = LINE('',#1732,#1733);
#1732 = CARTESIAN_POINT('',(6.4897,3.7719,-19.558));
#1733 = VECTOR('',#1734,1.);
#1734 = DIRECTION('',(3.63470222719E-13,-0.707106781186,-0.707106781187)
  );
#1735 = ORIENTED_EDGE('',*,*,#1493,.F.);
#1736 = CONICAL_SURFACE('',#1737,0.9144,0.785398163397);
#1737 = AXIS2_PLACEMENT_3D('',#1738,#1739,#1740);
#1738 = CARTESIAN_POINT('',(6.4897,4.5593,-19.685));
#1739 = DIRECTION('',(0.,0.,-1.));
#1740 = DIRECTION('',(0.,-1.,0.));
#1741 = ADVANCED_FACE('',(#1742),#1748,.T.);
#1742 = FACE_BOUND('',#1743,.T.);
#1743 = EDGE_LOOP('',(#1744,#1745,#1746,#1747));
#1744 = ORIENTED_EDGE('',*,*,#1730,.T.);
#1745 = ORIENTED_EDGE('',*,*,#756,.T.);
#1746 = ORIENTED_EDGE('',*,*,#1723,.F.);
#1747 = ORIENTED_EDGE('',*,*,#1504,.F.);
#1748 = CONICAL_SURFACE('',#1749,0.9144,0.785398163397);
#1749 = AXIS2_PLACEMENT_3D('',#1750,#1751,#1752);
#1750 = CARTESIAN_POINT('',(6.4897,4.5593,-19.685));
#1751 = DIRECTION('',(0.,0.,-1.));
#1752 = DIRECTION('',(0.,-1.,0.));
#1753 = ADVANCED_FACE('',(#1754),#1770,.T.);
#1754 = FACE_BOUND('',#1755,.T.);
#1755 = EDGE_LOOP('',(#1756,#1762,#1763,#1769));
#1756 = ORIENTED_EDGE('',*,*,#1757,.T.);
#1757 = EDGE_CURVE('',#1540,#766,#1758,.T.);
#1758 = LINE('',#1759,#1760);
#1759 = CARTESIAN_POINT('',(-2.4003,5.3467,-19.558));
#1760 = VECTOR('',#1761,1.);
#1761 = DIRECTION('',(-3.63470222719E-13,0.707106781187,-0.707106781187)
  );
#1762 = ORIENTED_EDGE('',*,*,#765,.T.);
#1763 = ORIENTED_EDGE('',*,*,#1764,.F.);
#1764 = EDGE_CURVE('',#1542,#768,#1765,.T.);
#1765 = LINE('',#1766,#1767);
#1766 = CARTESIAN_POINT('',(-2.4003,3.7719,-19.558));
#1767 = VECTOR('',#1768,1.);
#1768 = DIRECTION('',(3.647065159936E-13,-0.707106781186,-0.707106781187
    ));
#1769 = ORIENTED_EDGE('',*,*,#1539,.F.);
#1770 = CONICAL_SURFACE('',#1771,0.9144,0.785398163397);
#1771 = AXIS2_PLACEMENT_3D('',#1772,#1773,#1774);
#1772 = CARTESIAN_POINT('',(-2.4003,4.5593,-19.685));
#1773 = DIRECTION('',(0.,0.,-1.));
#1774 = DIRECTION('',(0.,-1.,0.));
#1775 = ADVANCED_FACE('',(#1776),#1782,.T.);
#1776 = FACE_BOUND('',#1777,.T.);
#1777 = EDGE_LOOP('',(#1778,#1779,#1780,#1781));
#1778 = ORIENTED_EDGE('',*,*,#1764,.T.);
#1779 = ORIENTED_EDGE('',*,*,#776,.T.);
#1780 = ORIENTED_EDGE('',*,*,#1757,.F.);
#1781 = ORIENTED_EDGE('',*,*,#1550,.F.);
#1782 = CONICAL_SURFACE('',#1783,0.9144,0.785398163397);
#1783 = AXIS2_PLACEMENT_3D('',#1784,#1785,#1786);
#1784 = CARTESIAN_POINT('',(-2.4003,4.5593,-19.685));
#1785 = DIRECTION('',(0.,0.,-1.));
#1786 = DIRECTION('',(0.,-1.,0.));
#1787 = ADVANCED_FACE('',(#1788),#1804,.T.);
#1788 = FACE_BOUND('',#1789,.T.);
#1789 = EDGE_LOOP('',(#1790,#1796,#1797,#1803));
#1790 = ORIENTED_EDGE('',*,*,#1791,.T.);
#1791 = EDGE_CURVE('',#1586,#786,#1792,.T.);
#1792 = LINE('',#1793,#1794);
#1793 = CARTESIAN_POINT('',(2.0447,-5.3467,-19.558));
#1794 = VECTOR('',#1795,1.);
#1795 = DIRECTION('',(3.647065159936E-13,-0.707106781187,-0.707106781187
    ));
#1796 = ORIENTED_EDGE('',*,*,#785,.T.);
#1797 = ORIENTED_EDGE('',*,*,#1798,.F.);
#1798 = EDGE_CURVE('',#1588,#788,#1799,.T.);
#1799 = LINE('',#1800,#1801);
#1800 = CARTESIAN_POINT('',(2.0447,-3.7719,-19.558));
#1801 = VECTOR('',#1802,1.);
#1802 = DIRECTION('',(-3.647065159936E-13,0.707106781187,-0.707106781187
    ));
#1803 = ORIENTED_EDGE('',*,*,#1585,.F.);
#1804 = CONICAL_SURFACE('',#1805,0.9144,0.785398163397);
#1805 = AXIS2_PLACEMENT_3D('',#1806,#1807,#1808);
#1806 = CARTESIAN_POINT('',(2.0447,-4.5593,-19.685));
#1807 = DIRECTION('',(0.,0.,-1.));
#1808 = DIRECTION('',(0.,-1.,0.));
#1809 = ADVANCED_FACE('',(#1810),#1816,.T.);
#1810 = FACE_BOUND('',#1811,.T.);
#1811 = EDGE_LOOP('',(#1812,#1813,#1814,#1815));
#1812 = ORIENTED_EDGE('',*,*,#1798,.T.);
#1813 = ORIENTED_EDGE('',*,*,#796,.T.);
#1814 = ORIENTED_EDGE('',*,*,#1791,.F.);
#1815 = ORIENTED_EDGE('',*,*,#1596,.F.);
#1816 = CONICAL_SURFACE('',#1817,0.9144,0.785398163397);
#1817 = AXIS2_PLACEMENT_3D('',#1818,#1819,#1820);
#1818 = CARTESIAN_POINT('',(2.0447,-4.5593,-19.685));
#1819 = DIRECTION('',(0.,0.,-1.));
#1820 = DIRECTION('',(0.,-1.,0.));
#1821 = ADVANCED_FACE('',(#1822),#1838,.T.);
#1822 = FACE_BOUND('',#1823,.T.);
#1823 = EDGE_LOOP('',(#1824,#1830,#1831,#1837));
#1824 = ORIENTED_EDGE('',*,*,#1825,.T.);
#1825 = EDGE_CURVE('',#1632,#806,#1826,.T.);
#1826 = LINE('',#1827,#1828);
#1827 = CARTESIAN_POINT('',(2.0447,3.7719,-19.558));
#1828 = VECTOR('',#1829,1.);
#1829 = DIRECTION('',(3.63470222719E-13,-0.707106781187,-0.707106781187)
  );
#1830 = ORIENTED_EDGE('',*,*,#805,.T.);
#1831 = ORIENTED_EDGE('',*,*,#1832,.F.);
#1832 = EDGE_CURVE('',#1634,#808,#1833,.T.);
#1833 = LINE('',#1834,#1835);
#1834 = CARTESIAN_POINT('',(2.0447,5.3467,-19.558));
#1835 = VECTOR('',#1836,1.);
#1836 = DIRECTION('',(-3.622339294445E-13,0.707106781187,-0.707106781187
    ));
#1837 = ORIENTED_EDGE('',*,*,#1631,.F.);
#1838 = CONICAL_SURFACE('',#1839,0.9144,0.785398163397);
#1839 = AXIS2_PLACEMENT_3D('',#1840,#1841,#1842);
#1840 = CARTESIAN_POINT('',(2.0447,4.5593,-19.685));
#1841 = DIRECTION('',(0.,0.,-1.));
#1842 = DIRECTION('',(0.,-1.,0.));
#1843 = ADVANCED_FACE('',(#1844),#1850,.T.);
#1844 = FACE_BOUND('',#1845,.T.);
#1845 = EDGE_LOOP('',(#1846,#1847,#1848,#1849));
#1846 = ORIENTED_EDGE('',*,*,#1832,.T.);
#1847 = ORIENTED_EDGE('',*,*,#816,.T.);
#1848 = ORIENTED_EDGE('',*,*,#1825,.F.);
#1849 = ORIENTED_EDGE('',*,*,#1642,.F.);
#1850 = CONICAL_SURFACE('',#1851,0.9144,0.785398163397);
#1851 = AXIS2_PLACEMENT_3D('',#1852,#1853,#1854);
#1852 = CARTESIAN_POINT('',(2.0447,4.5593,-19.685));
#1853 = DIRECTION('',(0.,0.,-1.));
#1854 = DIRECTION('',(0.,-1.,0.));
#1855 = ADVANCED_FACE('',(#1856),#1882,.T.);
#1856 = FACE_BOUND('',#1857,.T.);
#1857 = EDGE_LOOP('',(#1858,#1859,#1867,#1876));
#1858 = ORIENTED_EDGE('',*,*,#1559,.T.);
#1859 = ORIENTED_EDGE('',*,*,#1860,.T.);
#1860 = EDGE_CURVE('',#1562,#1861,#1863,.T.);
#1861 = VERTEX_POINT('',#1862);
#1862 = CARTESIAN_POINT('',(-2.4003,3.77571,-13.462));
#1863 = LINE('',#1864,#1865);
#1864 = CARTESIAN_POINT('',(-2.4003,3.77571,-19.558));
#1865 = VECTOR('',#1866,1.);
#1866 = DIRECTION('',(0.,0.,1.));
#1867 = ORIENTED_EDGE('',*,*,#1868,.F.);
#1868 = EDGE_CURVE('',#1869,#1861,#1871,.T.);
#1869 = VERTEX_POINT('',#1870);
#1870 = CARTESIAN_POINT('',(-2.4003,5.34289,-13.462));
#1871 = CIRCLE('',#1872,0.78359);
#1872 = AXIS2_PLACEMENT_3D('',#1873,#1874,#1875);
#1873 = CARTESIAN_POINT('',(-2.4003,4.5593,-13.462));
#1874 = DIRECTION('',(0.,-0.,1.));
#1875 = DIRECTION('',(0.,1.,0.));
#1876 = ORIENTED_EDGE('',*,*,#1877,.F.);
#1877 = EDGE_CURVE('',#1560,#1869,#1878,.T.);
#1878 = LINE('',#1879,#1880);
#1879 = CARTESIAN_POINT('',(-2.4003,5.34289,-19.558));
#1880 = VECTOR('',#1881,1.);
#1881 = DIRECTION('',(0.,0.,1.));
#1882 = CYLINDRICAL_SURFACE('',#1883,0.78359);
#1883 = AXIS2_PLACEMENT_3D('',#1884,#1885,#1886);
#1884 = CARTESIAN_POINT('',(-2.4003,4.5593,-34.45129));
#1885 = DIRECTION('',(0.,0.,1.));
#1886 = DIRECTION('',(0.,1.,0.));
#1887 = ADVANCED_FACE('',(#1888),#1900,.T.);
#1888 = FACE_BOUND('',#1889,.T.);
#1889 = EDGE_LOOP('',(#1890,#1897,#1898,#1899));
#1890 = ORIENTED_EDGE('',*,*,#1891,.T.);
#1891 = EDGE_CURVE('',#1869,#1861,#1892,.T.);
#1892 = CIRCLE('',#1893,0.78359);
#1893 = AXIS2_PLACEMENT_3D('',#1894,#1895,#1896);
#1894 = CARTESIAN_POINT('',(-2.4003,4.5593,-13.462));
#1895 = DIRECTION('',(0.,0.,-1.));
#1896 = DIRECTION('',(0.,1.,0.));
#1897 = ORIENTED_EDGE('',*,*,#1860,.F.);
#1898 = ORIENTED_EDGE('',*,*,#1570,.T.);
#1899 = ORIENTED_EDGE('',*,*,#1877,.T.);
#1900 = CYLINDRICAL_SURFACE('',#1901,0.78359);
#1901 = AXIS2_PLACEMENT_3D('',#1902,#1903,#1904);
#1902 = CARTESIAN_POINT('',(-2.4003,4.5593,-34.45129));
#1903 = DIRECTION('',(0.,0.,1.));
#1904 = DIRECTION('',(0.,1.,0.));
#1905 = ADVANCED_FACE('',(#1906),#1910,.T.);
#1906 = FACE_BOUND('',#1907,.F.);
#1907 = EDGE_LOOP('',(#1908,#1909));
#1908 = ORIENTED_EDGE('',*,*,#1891,.T.);
#1909 = ORIENTED_EDGE('',*,*,#1868,.F.);
#1910 = PLANE('',#1911);
#1911 = AXIS2_PLACEMENT_3D('',#1912,#1913,#1914);
#1912 = CARTESIAN_POINT('',(-2.4003,4.5593,-13.462));
#1913 = DIRECTION('',(0.,0.,1.));
#1914 = DIRECTION('',(0.,1.,0.));
#1915 = ADVANCED_FACE('',(#1916),#1942,.T.);
#1916 = FACE_BOUND('',#1917,.T.);
#1917 = EDGE_LOOP('',(#1918,#1919,#1927,#1936));
#1918 = ORIENTED_EDGE('',*,*,#1651,.T.);
#1919 = ORIENTED_EDGE('',*,*,#1920,.T.);
#1920 = EDGE_CURVE('',#1654,#1921,#1923,.T.);
#1921 = VERTEX_POINT('',#1922);
#1922 = CARTESIAN_POINT('',(2.0447,3.77571,-13.462));
#1923 = LINE('',#1924,#1925);
#1924 = CARTESIAN_POINT('',(2.0447,3.77571,-19.558));
#1925 = VECTOR('',#1926,1.);
#1926 = DIRECTION('',(0.,0.,1.));
#1927 = ORIENTED_EDGE('',*,*,#1928,.F.);
#1928 = EDGE_CURVE('',#1929,#1921,#1931,.T.);
#1929 = VERTEX_POINT('',#1930);
#1930 = CARTESIAN_POINT('',(2.0447,5.34289,-13.462));
#1931 = CIRCLE('',#1932,0.78359);
#1932 = AXIS2_PLACEMENT_3D('',#1933,#1934,#1935);
#1933 = CARTESIAN_POINT('',(2.0447,4.5593,-13.462));
#1934 = DIRECTION('',(0.,-0.,1.));
#1935 = DIRECTION('',(0.,1.,0.));
#1936 = ORIENTED_EDGE('',*,*,#1937,.F.);
#1937 = EDGE_CURVE('',#1652,#1929,#1938,.T.);
#1938 = LINE('',#1939,#1940);
#1939 = CARTESIAN_POINT('',(2.0447,5.34289,-19.558));
#1940 = VECTOR('',#1941,1.);
#1941 = DIRECTION('',(0.,0.,1.));
#1942 = CYLINDRICAL_SURFACE('',#1943,0.78359);
#1943 = AXIS2_PLACEMENT_3D('',#1944,#1945,#1946);
#1944 = CARTESIAN_POINT('',(2.0447,4.5593,-34.45129));
#1945 = DIRECTION('',(0.,0.,1.));
#1946 = DIRECTION('',(0.,1.,0.));
#1947 = ADVANCED_FACE('',(#1948),#1960,.T.);
#1948 = FACE_BOUND('',#1949,.T.);
#1949 = EDGE_LOOP('',(#1950,#1957,#1958,#1959));
#1950 = ORIENTED_EDGE('',*,*,#1951,.T.);
#1951 = EDGE_CURVE('',#1929,#1921,#1952,.T.);
#1952 = CIRCLE('',#1953,0.78359);
#1953 = AXIS2_PLACEMENT_3D('',#1954,#1955,#1956);
#1954 = CARTESIAN_POINT('',(2.0447,4.5593,-13.462));
#1955 = DIRECTION('',(0.,0.,-1.));
#1956 = DIRECTION('',(0.,1.,0.));
#1957 = ORIENTED_EDGE('',*,*,#1920,.F.);
#1958 = ORIENTED_EDGE('',*,*,#1662,.T.);
#1959 = ORIENTED_EDGE('',*,*,#1937,.T.);
#1960 = CYLINDRICAL_SURFACE('',#1961,0.78359);
#1961 = AXIS2_PLACEMENT_3D('',#1962,#1963,#1964);
#1962 = CARTESIAN_POINT('',(2.0447,4.5593,-34.45129));
#1963 = DIRECTION('',(0.,0.,1.));
#1964 = DIRECTION('',(0.,1.,0.));
#1965 = ADVANCED_FACE('',(#1966),#1970,.T.);
#1966 = FACE_BOUND('',#1967,.F.);
#1967 = EDGE_LOOP('',(#1968,#1969));
#1968 = ORIENTED_EDGE('',*,*,#1951,.T.);
#1969 = ORIENTED_EDGE('',*,*,#1928,.F.);
#1970 = PLANE('',#1971);
#1971 = AXIS2_PLACEMENT_3D('',#1972,#1973,#1974);
#1972 = CARTESIAN_POINT('',(2.0447,4.5593,-13.462));
#1973 = DIRECTION('',(0.,0.,1.));
#1974 = DIRECTION('',(0.,1.,0.));
#1975 = ADVANCED_FACE('',(#1976),#2002,.T.);
#1976 = FACE_BOUND('',#1977,.T.);
#1977 = EDGE_LOOP('',(#1978,#1986,#1995,#2001));
#1978 = ORIENTED_EDGE('',*,*,#1979,.T.);
#1979 = EDGE_CURVE('',#1516,#1980,#1982,.T.);
#1980 = VERTEX_POINT('',#1981);
#1981 = CARTESIAN_POINT('',(6.4897,3.77571,-13.462));
#1982 = LINE('',#1983,#1984);
#1983 = CARTESIAN_POINT('',(6.4897,3.77571,-19.558));
#1984 = VECTOR('',#1985,1.);
#1985 = DIRECTION('',(0.,0.,1.));
#1986 = ORIENTED_EDGE('',*,*,#1987,.F.);
#1987 = EDGE_CURVE('',#1988,#1980,#1990,.T.);
#1988 = VERTEX_POINT('',#1989);
#1989 = CARTESIAN_POINT('',(6.4897,5.34289,-13.462));
#1990 = CIRCLE('',#1991,0.78359);
#1991 = AXIS2_PLACEMENT_3D('',#1992,#1993,#1994);
#1992 = CARTESIAN_POINT('',(6.4897,4.5593,-13.462));
#1993 = DIRECTION('',(0.,-0.,1.));
#1994 = DIRECTION('',(0.,1.,0.));
#1995 = ORIENTED_EDGE('',*,*,#1996,.F.);
#1996 = EDGE_CURVE('',#1514,#1988,#1997,.T.);
#1997 = LINE('',#1998,#1999);
#1998 = CARTESIAN_POINT('',(6.4897,5.34289,-19.558));
#1999 = VECTOR('',#2000,1.);
#2000 = DIRECTION('',(0.,0.,1.));
#2001 = ORIENTED_EDGE('',*,*,#1513,.T.);
#2002 = CYLINDRICAL_SURFACE('',#2003,0.78359);
#2003 = AXIS2_PLACEMENT_3D('',#2004,#2005,#2006);
#2004 = CARTESIAN_POINT('',(6.4897,4.5593,-34.45129));
#2005 = DIRECTION('',(0.,0.,1.));
#2006 = DIRECTION('',(0.,1.,0.));
#2007 = ADVANCED_FACE('',(#2008),#2020,.T.);
#2008 = FACE_BOUND('',#2009,.T.);
#2009 = EDGE_LOOP('',(#2010,#2011,#2018,#2019));
#2010 = ORIENTED_EDGE('',*,*,#1996,.T.);
#2011 = ORIENTED_EDGE('',*,*,#2012,.T.);
#2012 = EDGE_CURVE('',#1988,#1980,#2013,.T.);
#2013 = CIRCLE('',#2014,0.78359);
#2014 = AXIS2_PLACEMENT_3D('',#2015,#2016,#2017);
#2015 = CARTESIAN_POINT('',(6.4897,4.5593,-13.462));
#2016 = DIRECTION('',(0.,0.,-1.));
#2017 = DIRECTION('',(0.,1.,0.));
#2018 = ORIENTED_EDGE('',*,*,#1979,.F.);
#2019 = ORIENTED_EDGE('',*,*,#1524,.T.);
#2020 = CYLINDRICAL_SURFACE('',#2021,0.78359);
#2021 = AXIS2_PLACEMENT_3D('',#2022,#2023,#2024);
#2022 = CARTESIAN_POINT('',(6.4897,4.5593,-34.45129));
#2023 = DIRECTION('',(0.,0.,1.));
#2024 = DIRECTION('',(0.,1.,0.));
#2025 = ADVANCED_FACE('',(#2026),#2030,.T.);
#2026 = FACE_BOUND('',#2027,.F.);
#2027 = EDGE_LOOP('',(#2028,#2029));
#2028 = ORIENTED_EDGE('',*,*,#2012,.T.);
#2029 = ORIENTED_EDGE('',*,*,#1987,.F.);
#2030 = PLANE('',#2031);
#2031 = AXIS2_PLACEMENT_3D('',#2032,#2033,#2034);
#2032 = CARTESIAN_POINT('',(6.4897,4.5593,-13.462));
#2033 = DIRECTION('',(0.,0.,1.));
#2034 = DIRECTION('',(0.,1.,0.));
#2035 = ADVANCED_FACE('',(#2036),#2062,.T.);
#2036 = FACE_BOUND('',#2037,.T.);
#2037 = EDGE_LOOP('',(#2038,#2039,#2047,#2056));
#2038 = ORIENTED_EDGE('',*,*,#1421,.T.);
#2039 = ORIENTED_EDGE('',*,*,#2040,.T.);
#2040 = EDGE_CURVE('',#1424,#2041,#2043,.T.);
#2041 = VERTEX_POINT('',#2042);
#2042 = CARTESIAN_POINT('',(-2.4003,-5.34289,-13.462));
#2043 = LINE('',#2044,#2045);
#2044 = CARTESIAN_POINT('',(-2.4003,-5.34289,-19.558));
#2045 = VECTOR('',#2046,1.);
#2046 = DIRECTION('',(0.,0.,1.));
#2047 = ORIENTED_EDGE('',*,*,#2048,.F.);
#2048 = EDGE_CURVE('',#2049,#2041,#2051,.T.);
#2049 = VERTEX_POINT('',#2050);
#2050 = CARTESIAN_POINT('',(-2.4003,-3.77571,-13.462));
#2051 = CIRCLE('',#2052,0.78359);
#2052 = AXIS2_PLACEMENT_3D('',#2053,#2054,#2055);
#2053 = CARTESIAN_POINT('',(-2.4003,-4.5593,-13.462));
#2054 = DIRECTION('',(0.,-0.,1.));
#2055 = DIRECTION('',(0.,1.,0.));
#2056 = ORIENTED_EDGE('',*,*,#2057,.F.);
#2057 = EDGE_CURVE('',#1422,#2049,#2058,.T.);
#2058 = LINE('',#2059,#2060);
#2059 = CARTESIAN_POINT('',(-2.4003,-3.77571,-19.558));
#2060 = VECTOR('',#2061,1.);
#2061 = DIRECTION('',(0.,0.,1.));
#2062 = CYLINDRICAL_SURFACE('',#2063,0.78359);
#2063 = AXIS2_PLACEMENT_3D('',#2064,#2065,#2066);
#2064 = CARTESIAN_POINT('',(-2.4003,-4.5593,-34.45129));
#2065 = DIRECTION('',(0.,0.,1.));
#2066 = DIRECTION('',(0.,1.,0.));
#2067 = ADVANCED_FACE('',(#2068),#2080,.T.);
#2068 = FACE_BOUND('',#2069,.T.);
#2069 = EDGE_LOOP('',(#2070,#2077,#2078,#2079));
#2070 = ORIENTED_EDGE('',*,*,#2071,.T.);
#2071 = EDGE_CURVE('',#2049,#2041,#2072,.T.);
#2072 = CIRCLE('',#2073,0.78359);
#2073 = AXIS2_PLACEMENT_3D('',#2074,#2075,#2076);
#2074 = CARTESIAN_POINT('',(-2.4003,-4.5593,-13.462));
#2075 = DIRECTION('',(0.,0.,-1.));
#2076 = DIRECTION('',(0.,1.,0.));
#2077 = ORIENTED_EDGE('',*,*,#2040,.F.);
#2078 = ORIENTED_EDGE('',*,*,#1432,.T.);
#2079 = ORIENTED_EDGE('',*,*,#2057,.T.);
#2080 = CYLINDRICAL_SURFACE('',#2081,0.78359);
#2081 = AXIS2_PLACEMENT_3D('',#2082,#2083,#2084);
#2082 = CARTESIAN_POINT('',(-2.4003,-4.5593,-34.45129));
#2083 = DIRECTION('',(0.,0.,1.));
#2084 = DIRECTION('',(0.,1.,0.));
#2085 = ADVANCED_FACE('',(#2086),#2090,.T.);
#2086 = FACE_BOUND('',#2087,.F.);
#2087 = EDGE_LOOP('',(#2088,#2089));
#2088 = ORIENTED_EDGE('',*,*,#2071,.T.);
#2089 = ORIENTED_EDGE('',*,*,#2048,.F.);
#2090 = PLANE('',#2091);
#2091 = AXIS2_PLACEMENT_3D('',#2092,#2093,#2094);
#2092 = CARTESIAN_POINT('',(-2.4003,-4.5593,-13.462));
#2093 = DIRECTION('',(0.,0.,1.));
#2094 = DIRECTION('',(0.,1.,0.));
#2095 = ADVANCED_FACE('',(#2096),#2122,.T.);
#2096 = FACE_BOUND('',#2097,.T.);
#2097 = EDGE_LOOP('',(#2098,#2099,#2107,#2116));
#2098 = ORIENTED_EDGE('',*,*,#1605,.T.);
#2099 = ORIENTED_EDGE('',*,*,#2100,.T.);
#2100 = EDGE_CURVE('',#1608,#2101,#2103,.T.);
#2101 = VERTEX_POINT('',#2102);
#2102 = CARTESIAN_POINT('',(2.0447,-5.34289,-13.462));
#2103 = LINE('',#2104,#2105);
#2104 = CARTESIAN_POINT('',(2.0447,-5.34289,-19.558));
#2105 = VECTOR('',#2106,1.);
#2106 = DIRECTION('',(0.,0.,1.));
#2107 = ORIENTED_EDGE('',*,*,#2108,.F.);
#2108 = EDGE_CURVE('',#2109,#2101,#2111,.T.);
#2109 = VERTEX_POINT('',#2110);
#2110 = CARTESIAN_POINT('',(2.0447,-3.77571,-13.462));
#2111 = CIRCLE('',#2112,0.78359);
#2112 = AXIS2_PLACEMENT_3D('',#2113,#2114,#2115);
#2113 = CARTESIAN_POINT('',(2.0447,-4.5593,-13.462));
#2114 = DIRECTION('',(0.,-0.,1.));
#2115 = DIRECTION('',(0.,1.,0.));
#2116 = ORIENTED_EDGE('',*,*,#2117,.F.);
#2117 = EDGE_CURVE('',#1606,#2109,#2118,.T.);
#2118 = LINE('',#2119,#2120);
#2119 = CARTESIAN_POINT('',(2.0447,-3.77571,-19.558));
#2120 = VECTOR('',#2121,1.);
#2121 = DIRECTION('',(0.,0.,1.));
#2122 = CYLINDRICAL_SURFACE('',#2123,0.78359);
#2123 = AXIS2_PLACEMENT_3D('',#2124,#2125,#2126);
#2124 = CARTESIAN_POINT('',(2.0447,-4.5593,-34.45129));
#2125 = DIRECTION('',(0.,0.,1.));
#2126 = DIRECTION('',(0.,1.,0.));
#2127 = ADVANCED_FACE('',(#2128),#2140,.T.);
#2128 = FACE_BOUND('',#2129,.T.);
#2129 = EDGE_LOOP('',(#2130,#2137,#2138,#2139));
#2130 = ORIENTED_EDGE('',*,*,#2131,.T.);
#2131 = EDGE_CURVE('',#2109,#2101,#2132,.T.);
#2132 = CIRCLE('',#2133,0.78359);
#2133 = AXIS2_PLACEMENT_3D('',#2134,#2135,#2136);
#2134 = CARTESIAN_POINT('',(2.0447,-4.5593,-13.462));
#2135 = DIRECTION('',(0.,0.,-1.));
#2136 = DIRECTION('',(0.,1.,0.));
#2137 = ORIENTED_EDGE('',*,*,#2100,.F.);
#2138 = ORIENTED_EDGE('',*,*,#1616,.T.);
#2139 = ORIENTED_EDGE('',*,*,#2117,.T.);
#2140 = CYLINDRICAL_SURFACE('',#2141,0.78359);
#2141 = AXIS2_PLACEMENT_3D('',#2142,#2143,#2144);
#2142 = CARTESIAN_POINT('',(2.0447,-4.5593,-34.45129));
#2143 = DIRECTION('',(0.,0.,1.));
#2144 = DIRECTION('',(0.,1.,0.));
#2145 = ADVANCED_FACE('',(#2146),#2150,.T.);
#2146 = FACE_BOUND('',#2147,.F.);
#2147 = EDGE_LOOP('',(#2148,#2149));
#2148 = ORIENTED_EDGE('',*,*,#2131,.T.);
#2149 = ORIENTED_EDGE('',*,*,#2108,.F.);
#2150 = PLANE('',#2151);
#2151 = AXIS2_PLACEMENT_3D('',#2152,#2153,#2154);
#2152 = CARTESIAN_POINT('',(2.0447,-4.5593,-13.462));
#2153 = DIRECTION('',(0.,0.,1.));
#2154 = DIRECTION('',(0.,1.,0.));
#2155 = ADVANCED_FACE('',(#2156),#2182,.T.);
#2156 = FACE_BOUND('',#2157,.T.);
#2157 = EDGE_LOOP('',(#2158,#2166,#2175,#2181));
#2158 = ORIENTED_EDGE('',*,*,#2159,.T.);
#2159 = EDGE_CURVE('',#1470,#2160,#2162,.T.);
#2160 = VERTEX_POINT('',#2161);
#2161 = CARTESIAN_POINT('',(6.4897,-5.34289,-13.462));
#2162 = LINE('',#2163,#2164);
#2163 = CARTESIAN_POINT('',(6.4897,-5.34289,-19.558));
#2164 = VECTOR('',#2165,1.);
#2165 = DIRECTION('',(0.,0.,1.));
#2166 = ORIENTED_EDGE('',*,*,#2167,.F.);
#2167 = EDGE_CURVE('',#2168,#2160,#2170,.T.);
#2168 = VERTEX_POINT('',#2169);
#2169 = CARTESIAN_POINT('',(6.4897,-3.77571,-13.462));
#2170 = CIRCLE('',#2171,0.78359);
#2171 = AXIS2_PLACEMENT_3D('',#2172,#2173,#2174);
#2172 = CARTESIAN_POINT('',(6.4897,-4.5593,-13.462));
#2173 = DIRECTION('',(0.,-0.,1.));
#2174 = DIRECTION('',(0.,1.,0.));
#2175 = ORIENTED_EDGE('',*,*,#2176,.F.);
#2176 = EDGE_CURVE('',#1468,#2168,#2177,.T.);
#2177 = LINE('',#2178,#2179);
#2178 = CARTESIAN_POINT('',(6.4897,-3.77571,-19.558));
#2179 = VECTOR('',#2180,1.);
#2180 = DIRECTION('',(0.,0.,1.));
#2181 = ORIENTED_EDGE('',*,*,#1467,.T.);
#2182 = CYLINDRICAL_SURFACE('',#2183,0.78359);
#2183 = AXIS2_PLACEMENT_3D('',#2184,#2185,#2186);
#2184 = CARTESIAN_POINT('',(6.4897,-4.5593,-34.45129));
#2185 = DIRECTION('',(0.,0.,1.));
#2186 = DIRECTION('',(0.,1.,0.));
#2187 = ADVANCED_FACE('',(#2188),#2200,.T.);
#2188 = FACE_BOUND('',#2189,.T.);
#2189 = EDGE_LOOP('',(#2190,#2191,#2198,#2199));
#2190 = ORIENTED_EDGE('',*,*,#2176,.T.);
#2191 = ORIENTED_EDGE('',*,*,#2192,.T.);
#2192 = EDGE_CURVE('',#2168,#2160,#2193,.T.);
#2193 = CIRCLE('',#2194,0.78359);
#2194 = AXIS2_PLACEMENT_3D('',#2195,#2196,#2197);
#2195 = CARTESIAN_POINT('',(6.4897,-4.5593,-13.462));
#2196 = DIRECTION('',(0.,0.,-1.));
#2197 = DIRECTION('',(0.,1.,0.));
#2198 = ORIENTED_EDGE('',*,*,#2159,.F.);
#2199 = ORIENTED_EDGE('',*,*,#1478,.T.);
#2200 = CYLINDRICAL_SURFACE('',#2201,0.78359);
#2201 = AXIS2_PLACEMENT_3D('',#2202,#2203,#2204);
#2202 = CARTESIAN_POINT('',(6.4897,-4.5593,-34.45129));
#2203 = DIRECTION('',(0.,0.,1.));
#2204 = DIRECTION('',(0.,1.,0.));
#2205 = ADVANCED_FACE('',(#2206),#2210,.T.);
#2206 = FACE_BOUND('',#2207,.F.);
#2207 = EDGE_LOOP('',(#2208,#2209));
#2208 = ORIENTED_EDGE('',*,*,#2192,.T.);
#2209 = ORIENTED_EDGE('',*,*,#2167,.F.);
#2210 = PLANE('',#2211);
#2211 = AXIS2_PLACEMENT_3D('',#2212,#2213,#2214);
#2212 = CARTESIAN_POINT('',(6.4897,-4.5593,-13.462));
#2213 = DIRECTION('',(0.,0.,1.));
#2214 = DIRECTION('',(0.,1.,0.));
#2215 = ADVANCED_FACE('',(#2216),#2235,.F.);
#2216 = FACE_BOUND('',#2217,.F.);
#2217 = EDGE_LOOP('',(#2218,#2219,#2220,#2228));
#2218 = ORIENTED_EDGE('',*,*,#645,.F.);
#2219 = ORIENTED_EDGE('',*,*,#630,.T.);
#2220 = ORIENTED_EDGE('',*,*,#2221,.T.);
#2221 = EDGE_CURVE('',#582,#2222,#2224,.T.);
#2222 = VERTEX_POINT('',#2223);
#2223 = CARTESIAN_POINT('',(-7.2263,4.826,-19.6088));
#2224 = LINE('',#2225,#2226);
#2225 = CARTESIAN_POINT('',(-7.2263,-4.826,-19.6088));
#2226 = VECTOR('',#2227,1.);
#2227 = DIRECTION('',(0.,1.,0.));
#2228 = ORIENTED_EDGE('',*,*,#2229,.F.);
#2229 = EDGE_CURVE('',#646,#2222,#2230,.T.);
#2230 = CIRCLE('',#2231,0.2032);
#2231 = AXIS2_PLACEMENT_3D('',#2232,#2233,#2234);
#2232 = CARTESIAN_POINT('',(-7.0231,4.826,-19.6088));
#2233 = DIRECTION('',(0.,1.,0.));
#2234 = DIRECTION('',(0.,0.,-1.));
#2235 = CYLINDRICAL_SURFACE('',#2236,0.2032);
#2236 = AXIS2_PLACEMENT_3D('',#2237,#2238,#2239);
#2237 = CARTESIAN_POINT('',(-7.0231,-4.839807623556,-19.6088));
#2238 = DIRECTION('',(0.,1.,0.));
#2239 = DIRECTION('',(0.,0.,-1.));
#2240 = ADVANCED_FACE('',(#2241),#2275,.F.);
#2241 = FACE_BOUND('',#2242,.F.);
#2242 = EDGE_LOOP('',(#2243,#2253,#2259,#2260,#2266,#2267,#2268,#2269));
#2243 = ORIENTED_EDGE('',*,*,#2244,.T.);
#2244 = EDGE_CURVE('',#2245,#2247,#2249,.T.);
#2245 = VERTEX_POINT('',#2246);
#2246 = CARTESIAN_POINT('',(-7.2263,-4.5212,-13.716));
#2247 = VERTEX_POINT('',#2248);
#2248 = CARTESIAN_POINT('',(-7.2263,4.5212,-13.716));
#2249 = LINE('',#2250,#2251);
#2250 = CARTESIAN_POINT('',(-7.2263,-4.5212,-13.716));
#2251 = VECTOR('',#2252,1.);
#2252 = DIRECTION('',(0.,1.,0.));
#2253 = ORIENTED_EDGE('',*,*,#2254,.F.);
#2254 = EDGE_CURVE('',#320,#2247,#2255,.T.);
#2255 = LINE('',#2256,#2257);
#2256 = CARTESIAN_POINT('',(-7.2263,4.5212,-0.635));
#2257 = VECTOR('',#2258,1.);
#2258 = DIRECTION('',(0.,0.,-1.));
#2259 = ORIENTED_EDGE('',*,*,#369,.F.);
#2260 = ORIENTED_EDGE('',*,*,#2261,.T.);
#2261 = EDGE_CURVE('',#362,#2222,#2262,.T.);
#2262 = LINE('',#2263,#2264);
#2263 = CARTESIAN_POINT('',(-7.2263,4.826,-0.635));
#2264 = VECTOR('',#2265,1.);
#2265 = DIRECTION('',(0.,0.,-1.));
#2266 = ORIENTED_EDGE('',*,*,#2221,.F.);
#2267 = ORIENTED_EDGE('',*,*,#597,.F.);
#2268 = ORIENTED_EDGE('',*,*,#391,.F.);
#2269 = ORIENTED_EDGE('',*,*,#2270,.F.);
#2270 = EDGE_CURVE('',#2245,#384,#2271,.T.);
#2271 = LINE('',#2272,#2273);
#2272 = CARTESIAN_POINT('',(-7.2263,-4.5212,-13.716));
#2273 = VECTOR('',#2274,1.);
#2274 = DIRECTION('',(0.,0.,1.));
#2275 = PLANE('',#2276);
#2276 = AXIS2_PLACEMENT_3D('',#2277,#2278,#2279);
#2277 = CARTESIAN_POINT('',(-7.2263,4.826,0.));
#2278 = DIRECTION('',(-1.,0.,0.));
#2279 = DIRECTION('',(0.,-1.,0.));
#2280 = ADVANCED_FACE('',(#2281),#2354,.T.);
#2281 = FACE_BOUND('',#2282,.T.);
#2282 = EDGE_LOOP('',(#2283,#2284,#2307,#2316,#2324,#2333));
#2283 = ORIENTED_EDGE('',*,*,#2244,.T.);
#2284 = ORIENTED_EDGE('',*,*,#2285,.F.);
#2285 = EDGE_CURVE('',#2286,#2247,#2288,.T.);
#2286 = VERTEX_POINT('',#2287);
#2287 = CARTESIAN_POINT('',(-7.7343,4.0132,-13.09382960533));
#2288 = B_SPLINE_CURVE_WITH_KNOTS('',3,(#2289,#2290,#2291,#2292,#2293,
    #2294,#2295,#2296,#2297,#2298,#2299,#2300,#2301,#2302,#2303,#2304,
    #2305,#2306),.UNSPECIFIED.,.F.,.F.,(4,1,1,1,1,1,1,1,1,1,1,1,1,1,1,4)
  ,(0.,6.666666666667E-02,0.133333333333,0.2,0.266666666667,
    0.333333333333,0.4,0.466666666667,0.533333333333,0.6,0.666666666667,
    0.733333333333,0.8,0.866666666667,0.933333333333,1.),.UNSPECIFIED.);
#2289 = CARTESIAN_POINT('',(-7.7343,4.0132,-13.09382960533));
#2290 = CARTESIAN_POINT('',(-7.719741620284,4.0132,-13.09680132215));
#2291 = CARTESIAN_POINT('',(-7.690501214529,4.014451351831,
    -13.10383442923));
#2292 = CARTESIAN_POINT('',(-7.646538791974,4.020178954935,
    -13.11781470548));
#2293 = CARTESIAN_POINT('',(-7.602780737484,4.029825953735,
    -13.13534945756));
#2294 = CARTESIAN_POINT('',(-7.559030255861,4.043636293597,
    -13.15682137747));
#2295 = CARTESIAN_POINT('',(-7.515313011085,4.061977161584,
    -13.18269217166));
#2296 = CARTESIAN_POINT('',(-7.471922511617,4.085242058066,
    -13.21341312608));
#2297 = CARTESIAN_POINT('',(-7.429503395847,4.113689261973,
    -13.24925600646));
#2298 = CARTESIAN_POINT('',(-7.388696776882,4.147577093957,
    -13.29051122375));
#2299 = CARTESIAN_POINT('',(-7.350410972198,4.186943230947,
    -13.33721941248));
#2300 = CARTESIAN_POINT('',(-7.315631159133,4.23157640982,
    -13.38916581817));
#2301 = CARTESIAN_POINT('',(-7.285100187971,4.281489672586,
    -13.44642253939));
#2302 = CARTESIAN_POINT('',(-7.259761745966,4.336427349911,
    -13.50876931356));
#2303 = CARTESIAN_POINT('',(-7.240634390034,4.395954627026,
    -13.57580809995));
#2304 = CARTESIAN_POINT('',(-7.228911642282,4.458150071436,
    -13.6455080831));
#2305 = CARTESIAN_POINT('',(-7.2263,4.500105154472,-13.69241524571));
#2306 = CARTESIAN_POINT('',(-7.2263,4.5212,-13.716));
#2307 = ORIENTED_EDGE('',*,*,#2308,.F.);
#2308 = EDGE_CURVE('',#2309,#2286,#2311,.T.);
#2309 = VERTEX_POINT('',#2310);
#2310 = CARTESIAN_POINT('',(-7.8613,4.0132,-13.081));
#2311 = CIRCLE('',#2312,0.635);
#2312 = AXIS2_PLACEMENT_3D('',#2313,#2314,#2315);
#2313 = CARTESIAN_POINT('',(-7.8613,4.0132,-13.716));
#2314 = DIRECTION('',(0.,1.,0.));
#2315 = DIRECTION('',(0.,-0.,1.));
#2316 = ORIENTED_EDGE('',*,*,#2317,.F.);
#2317 = EDGE_CURVE('',#2318,#2309,#2320,.T.);
#2318 = VERTEX_POINT('',#2319);
#2319 = CARTESIAN_POINT('',(-7.8613,-4.0132,-13.081));
#2320 = LINE('',#2321,#2322);
#2321 = CARTESIAN_POINT('',(-7.8613,-4.0132,-13.081));
#2322 = VECTOR('',#2323,1.);
#2323 = DIRECTION('',(0.,1.,0.));
#2324 = ORIENTED_EDGE('',*,*,#2325,.F.);
#2325 = EDGE_CURVE('',#2326,#2318,#2328,.T.);
#2326 = VERTEX_POINT('',#2327);
#2327 = CARTESIAN_POINT('',(-7.7343,-4.0132,-13.09382960533));
#2328 = CIRCLE('',#2329,0.635);
#2329 = AXIS2_PLACEMENT_3D('',#2330,#2331,#2332);
#2330 = CARTESIAN_POINT('',(-7.8613,-4.0132,-13.716));
#2331 = DIRECTION('',(0.,-1.,0.));
#2332 = DIRECTION('',(0.2,0.,0.979795897113));
#2333 = ORIENTED_EDGE('',*,*,#2334,.F.);
#2334 = EDGE_CURVE('',#2245,#2326,#2335,.T.);
#2335 = B_SPLINE_CURVE_WITH_KNOTS('',3,(#2336,#2337,#2338,#2339,#2340,
    #2341,#2342,#2343,#2344,#2345,#2346,#2347,#2348,#2349,#2350,#2351,
    #2352,#2353),.UNSPECIFIED.,.F.,.F.,(4,1,1,1,1,1,1,1,1,1,1,1,1,1,1,4)
  ,(0.,6.666666666667E-02,0.133333333333,0.2,0.266666666667,
    0.333333333333,0.4,0.466666666667,0.533333333333,0.6,0.666666666667,
    0.733333333333,0.8,0.866666666667,0.933333333333,1.),.UNSPECIFIED.);
#2336 = CARTESIAN_POINT('',(-7.2263,-4.5212,-13.716));
#2337 = CARTESIAN_POINT('',(-7.2263,-4.500105154474,-13.69241524571));
#2338 = CARTESIAN_POINT('',(-7.228911642282,-4.458150071441,
    -13.6455080831));
#2339 = CARTESIAN_POINT('',(-7.240634390033,-4.395954627032,
    -13.57580809996));
#2340 = CARTESIAN_POINT('',(-7.259761745964,-4.336427349915,
    -13.50876931357));
#2341 = CARTESIAN_POINT('',(-7.285100187969,-4.28148967259,
    -13.44642253939));
#2342 = CARTESIAN_POINT('',(-7.315631159131,-4.231576409823,
    -13.38916581817));
#2343 = CARTESIAN_POINT('',(-7.350410972196,-4.186943230949,
    -13.33721941248));
#2344 = CARTESIAN_POINT('',(-7.38869677688,-4.147577093959,
    -13.29051122375));
#2345 = CARTESIAN_POINT('',(-7.429503395845,-4.113689261974,
    -13.24925600646));
#2346 = CARTESIAN_POINT('',(-7.471922511615,-4.085242058067,
    -13.21341312608));
#2347 = CARTESIAN_POINT('',(-7.515313011083,-4.061977161584,
    -13.18269217166));
#2348 = CARTESIAN_POINT('',(-7.55903025586,-4.043636293598,
    -13.15682137747));
#2349 = CARTESIAN_POINT('',(-7.602780737483,-4.029825953736,
    -13.13534945756));
#2350 = CARTESIAN_POINT('',(-7.646538791974,-4.020178954935,
    -13.11781470548));
#2351 = CARTESIAN_POINT('',(-7.690501214528,-4.014451351831,
    -13.10383442923));
#2352 = CARTESIAN_POINT('',(-7.719741620284,-4.0132,-13.09680132215));
#2353 = CARTESIAN_POINT('',(-7.7343,-4.0132,-13.09382960533));
#2354 = CYLINDRICAL_SURFACE('',#2355,0.635);
#2355 = AXIS2_PLACEMENT_3D('',#2356,#2357,#2358);
#2356 = CARTESIAN_POINT('',(-7.8613,-63.58627872,-13.716));
#2357 = DIRECTION('',(0.,1.,0.));
#2358 = DIRECTION('',(0.,-0.,1.));
#2359 = ADVANCED_FACE('',(#2360),#2395,.T.);
#2360 = FACE_BOUND('',#2361,.T.);
#2361 = EDGE_LOOP('',(#2362,#2387,#2388,#2389));
#2362 = ORIENTED_EDGE('',*,*,#2363,.F.);
#2363 = EDGE_CURVE('',#384,#2364,#2366,.T.);
#2364 = VERTEX_POINT('',#2365);
#2365 = CARTESIAN_POINT('',(-7.7343,-4.0132,-0.701879468774));
#2366 = B_SPLINE_CURVE_WITH_KNOTS('',3,(#2367,#2368,#2369,#2370,#2371,
    #2372,#2373,#2374,#2375,#2376,#2377,#2378,#2379,#2380,#2381,#2382,
    #2383,#2384,#2385,#2386),.UNSPECIFIED.,.F.,.F.,(4,1,1,1,1,1,1,1,1,1,
    1,1,1,1,1,1,1,4),(0.,5.882352941176E-02,0.117647058824,
    0.176470588235,0.235294117647,0.294117647059,0.352941176471,
    0.411764705882,0.470588235294,0.529411764706,0.588235294118,
    0.647058823529,0.705882352941,0.764705882353,0.823529411765,
    0.882352941176,0.941176470588,1.),.UNSPECIFIED.);
#2367 = CARTESIAN_POINT('',(-7.2263,-4.5212,-0.635));
#2368 = CARTESIAN_POINT('',(-7.2263,-4.505460353441,-0.635));
#2369 = CARTESIAN_POINT('',(-7.227764077851,-4.473992141775,
    -0.635192749506));
#2370 = CARTESIAN_POINT('',(-7.23432408923,-4.427230443348,
    -0.636056391388));
#2371 = CARTESIAN_POINT('',(-7.245182719013,-4.381309015057,
    -0.637485957119));
#2372 = CARTESIAN_POINT('',(-7.260238085288,-4.336620723978,
    -0.639468033691));
#2373 = CARTESIAN_POINT('',(-7.279352453456,-4.293546895339,
    -0.641984488001));
#2374 = CARTESIAN_POINT('',(-7.302353492707,-4.252454032003,
    -0.645012632265));
#2375 = CARTESIAN_POINT('',(-7.329035766451,-4.213690604658,
    -0.648525420245));
#2376 = CARTESIAN_POINT('',(-7.359162821463,-4.177583720506,
    -0.652491722282));
#2377 = CARTESIAN_POINT('',(-7.392469477126,-4.144436349003,
    -0.656876626686));
#2378 = CARTESIAN_POINT('',(-7.428664417398,-4.114524770321,
    -0.661641780973));
#2379 = CARTESIAN_POINT('',(-7.467433009647,-4.088096361132,
    -0.666745762971));
#2380 = CARTESIAN_POINT('',(-7.508440287471,-4.065367723851,
    -0.672144473515));
#2381 = CARTESIAN_POINT('',(-7.551334124122,-4.046523140807,
    -0.677791554242));
#2382 = CARTESIAN_POINT('',(-7.595748197261,-4.031713502916,
    -0.683638777899));
#2383 = CARTESIAN_POINT('',(-7.64130520619,-4.021055333738,
    -0.689636471907));
#2384 = CARTESIAN_POINT('',(-7.687620560674,-4.014630291005,
    -0.695734004001));
#2385 = CARTESIAN_POINT('',(-7.718742239337,-4.0132,-0.699831250726));
#2386 = CARTESIAN_POINT('',(-7.7343,-4.0132,-0.701879468774));
#2387 = ORIENTED_EDGE('',*,*,#2270,.F.);
#2388 = ORIENTED_EDGE('',*,*,#2334,.T.);
#2389 = ORIENTED_EDGE('',*,*,#2390,.F.);
#2390 = EDGE_CURVE('',#2364,#2326,#2391,.T.);
#2391 = LINE('',#2392,#2393);
#2392 = CARTESIAN_POINT('',(-7.7343,-4.0132,-0.701879468774));
#2393 = VECTOR('',#2394,1.);
#2394 = DIRECTION('',(0.,0.,-1.));
#2395 = CYLINDRICAL_SURFACE('',#2396,0.508);
#2396 = AXIS2_PLACEMENT_3D('',#2397,#2398,#2399);
#2397 = CARTESIAN_POINT('',(-7.7343,-4.5212,39.5681708));
#2398 = DIRECTION('',(0.,0.,-1.));
#2399 = DIRECTION('',(0.,1.,0.));
#2400 = ADVANCED_FACE('',(#2401),#2466,.F.);
#2401 = FACE_BOUND('',#2402,.F.);
#2402 = EDGE_LOOP('',(#2403,#2411,#2412,#2413,#2419,#2420,#2428,#2436,
    #2444,#2452,#2460));
#2403 = ORIENTED_EDGE('',*,*,#2404,.F.);
#2404 = EDGE_CURVE('',#2318,#2405,#2407,.T.);
#2405 = VERTEX_POINT('',#2406);
#2406 = CARTESIAN_POINT('',(-9.1313,-4.0132,-13.081));
#2407 = LINE('',#2408,#2409);
#2408 = CARTESIAN_POINT('',(-7.8613,-4.0132,-13.081));
#2409 = VECTOR('',#2410,1.);
#2410 = DIRECTION('',(-1.,0.,0.));
#2411 = ORIENTED_EDGE('',*,*,#2325,.F.);
#2412 = ORIENTED_EDGE('',*,*,#2390,.F.);
#2413 = ORIENTED_EDGE('',*,*,#2414,.F.);
#2414 = EDGE_CURVE('',#208,#2364,#2415,.T.);
#2415 = LINE('',#2416,#2417);
#2416 = CARTESIAN_POINT('',(-7.922368036842,-4.0132,0.));
#2417 = VECTOR('',#2418,1.);
#2418 = DIRECTION('',(0.258819045102,0.,-0.965925826289));
#2419 = ORIENTED_EDGE('',*,*,#207,.T.);
#2420 = ORIENTED_EDGE('',*,*,#2421,.F.);
#2421 = EDGE_CURVE('',#2422,#200,#2424,.T.);
#2422 = VERTEX_POINT('',#2423);
#2423 = CARTESIAN_POINT('',(-9.1313,-4.0132,-1.016));
#2424 = LINE('',#2425,#2426);
#2425 = CARTESIAN_POINT('',(-9.1313,-4.0132,-1.016));
#2426 = VECTOR('',#2427,1.);
#2427 = DIRECTION('',(-0.5,0.,0.866025403784));
#2428 = ORIENTED_EDGE('',*,*,#2429,.T.);
#2429 = EDGE_CURVE('',#2422,#2430,#2432,.T.);
#2430 = VERTEX_POINT('',#2431);
#2431 = CARTESIAN_POINT('',(-9.1313,-4.0132,-2.1082));
#2432 = LINE('',#2433,#2434);
#2433 = CARTESIAN_POINT('',(-9.1313,-4.0132,-1.016));
#2434 = VECTOR('',#2435,1.);
#2435 = DIRECTION('',(0.,0.,-1.));
#2436 = ORIENTED_EDGE('',*,*,#2437,.T.);
#2437 = EDGE_CURVE('',#2430,#2438,#2440,.T.);
#2438 = VERTEX_POINT('',#2439);
#2439 = CARTESIAN_POINT('',(-8.9027,-4.0132,-2.1082));
#2440 = LINE('',#2441,#2442);
#2441 = CARTESIAN_POINT('',(-9.1313,-4.0132,-2.1082));
#2442 = VECTOR('',#2443,1.);
#2443 = DIRECTION('',(1.,0.,0.));
#2444 = ORIENTED_EDGE('',*,*,#2445,.T.);
#2445 = EDGE_CURVE('',#2438,#2446,#2448,.T.);
#2446 = VERTEX_POINT('',#2447);
#2447 = CARTESIAN_POINT('',(-8.9027,-4.0132,-6.6802));
#2448 = LINE('',#2449,#2450);
#2449 = CARTESIAN_POINT('',(-8.9027,-4.0132,-2.1082));
#2450 = VECTOR('',#2451,1.);
#2451 = DIRECTION('',(0.,0.,-1.));
#2452 = ORIENTED_EDGE('',*,*,#2453,.F.);
#2453 = EDGE_CURVE('',#2454,#2446,#2456,.T.);
#2454 = VERTEX_POINT('',#2455);
#2455 = CARTESIAN_POINT('',(-9.1313,-4.0132,-6.6802));
#2456 = LINE('',#2457,#2458);
#2457 = CARTESIAN_POINT('',(-9.1313,-4.0132,-6.6802));
#2458 = VECTOR('',#2459,1.);
#2459 = DIRECTION('',(1.,0.,0.));
#2460 = ORIENTED_EDGE('',*,*,#2461,.T.);
#2461 = EDGE_CURVE('',#2454,#2405,#2462,.T.);
#2462 = LINE('',#2463,#2464);
#2463 = CARTESIAN_POINT('',(-9.1313,-4.0132,-6.6802));
#2464 = VECTOR('',#2465,1.);
#2465 = DIRECTION('',(0.,0.,-1.));
#2466 = PLANE('',#2467);
#2467 = AXIS2_PLACEMENT_3D('',#2468,#2469,#2470);
#2468 = CARTESIAN_POINT('',(-9.1313,-4.0132,0.));
#2469 = DIRECTION('',(0.,-1.,0.));
#2470 = DIRECTION('',(1.,0.,0.));
#2471 = ADVANCED_FACE('',(#2472),#2522,.T.);
#2472 = FACE_BOUND('',#2473,.F.);
#2473 = EDGE_LOOP('',(#2474,#2475,#2476,#2484,#2492,#2500,#2508,#2516));
#2474 = ORIENTED_EDGE('',*,*,#2317,.F.);
#2475 = ORIENTED_EDGE('',*,*,#2404,.T.);
#2476 = ORIENTED_EDGE('',*,*,#2477,.T.);
#2477 = EDGE_CURVE('',#2405,#2478,#2480,.T.);
#2478 = VERTEX_POINT('',#2479);
#2479 = CARTESIAN_POINT('',(-9.1313,-2.6162,-13.081));
#2480 = LINE('',#2481,#2482);
#2481 = CARTESIAN_POINT('',(-9.1313,-4.0132,-13.081));
#2482 = VECTOR('',#2483,1.);
#2483 = DIRECTION('',(0.,1.,0.));
#2484 = ORIENTED_EDGE('',*,*,#2485,.T.);
#2485 = EDGE_CURVE('',#2478,#2486,#2488,.T.);
#2486 = VERTEX_POINT('',#2487);
#2487 = CARTESIAN_POINT('',(-10.5537,-2.6162,-13.081));
#2488 = LINE('',#2489,#2490);
#2489 = CARTESIAN_POINT('',(-9.1313,-2.6162,-13.081));
#2490 = VECTOR('',#2491,1.);
#2491 = DIRECTION('',(-1.,0.,0.));
#2492 = ORIENTED_EDGE('',*,*,#2493,.T.);
#2493 = EDGE_CURVE('',#2486,#2494,#2496,.T.);
#2494 = VERTEX_POINT('',#2495);
#2495 = CARTESIAN_POINT('',(-10.5537,2.6162,-13.081));
#2496 = LINE('',#2497,#2498);
#2497 = CARTESIAN_POINT('',(-10.5537,-2.6162,-13.081));
#2498 = VECTOR('',#2499,1.);
#2499 = DIRECTION('',(0.,1.,0.));
#2500 = ORIENTED_EDGE('',*,*,#2501,.T.);
#2501 = EDGE_CURVE('',#2494,#2502,#2504,.T.);
#2502 = VERTEX_POINT('',#2503);
#2503 = CARTESIAN_POINT('',(-9.1313,2.6162,-13.081));
#2504 = LINE('',#2505,#2506);
#2505 = CARTESIAN_POINT('',(-10.5537,2.6162,-13.081));
#2506 = VECTOR('',#2507,1.);
#2507 = DIRECTION('',(1.,0.,0.));
#2508 = ORIENTED_EDGE('',*,*,#2509,.T.);
#2509 = EDGE_CURVE('',#2502,#2510,#2512,.T.);
#2510 = VERTEX_POINT('',#2511);
#2511 = CARTESIAN_POINT('',(-9.1313,4.0132,-13.081));
#2512 = LINE('',#2513,#2514);
#2513 = CARTESIAN_POINT('',(-9.1313,2.6162,-13.081));
#2514 = VECTOR('',#2515,1.);
#2515 = DIRECTION('',(0.,1.,0.));
#2516 = ORIENTED_EDGE('',*,*,#2517,.T.);
#2517 = EDGE_CURVE('',#2510,#2309,#2518,.T.);
#2518 = LINE('',#2519,#2520);
#2519 = CARTESIAN_POINT('',(-9.1313,4.0132,-13.081));
#2520 = VECTOR('',#2521,1.);
#2521 = DIRECTION('',(1.,0.,0.));
#2522 = PLANE('',#2523);
#2523 = AXIS2_PLACEMENT_3D('',#2524,#2525,#2526);
#2524 = CARTESIAN_POINT('',(0.,0.,-13.081));
#2525 = DIRECTION('',(0.,0.,1.));
#2526 = DIRECTION('',(0.,1.,0.));
#2527 = ADVANCED_FACE('',(#2528),#2546,.F.);
#2528 = FACE_BOUND('',#2529,.F.);
#2529 = EDGE_LOOP('',(#2530,#2538,#2544,#2545));
#2530 = ORIENTED_EDGE('',*,*,#2531,.F.);
#2531 = EDGE_CURVE('',#2532,#2454,#2534,.T.);
#2532 = VERTEX_POINT('',#2533);
#2533 = CARTESIAN_POINT('',(-9.1313,-2.6162,-6.6802));
#2534 = LINE('',#2535,#2536);
#2535 = CARTESIAN_POINT('',(-9.1313,-2.6162,-6.6802));
#2536 = VECTOR('',#2537,1.);
#2537 = DIRECTION('',(0.,-1.,0.));
#2538 = ORIENTED_EDGE('',*,*,#2539,.T.);
#2539 = EDGE_CURVE('',#2532,#2478,#2540,.T.);
#2540 = LINE('',#2541,#2542);
#2541 = CARTESIAN_POINT('',(-9.1313,-2.6162,-6.6802));
#2542 = VECTOR('',#2543,1.);
#2543 = DIRECTION('',(0.,0.,-1.));
#2544 = ORIENTED_EDGE('',*,*,#2477,.F.);
#2545 = ORIENTED_EDGE('',*,*,#2461,.F.);
#2546 = PLANE('',#2547);
#2547 = AXIS2_PLACEMENT_3D('',#2548,#2549,#2550);
#2548 = CARTESIAN_POINT('',(-9.1313,-2.6162,0.));
#2549 = DIRECTION('',(-1.,0.,0.));
#2550 = DIRECTION('',(0.,-1.,0.));
#2551 = ADVANCED_FACE('',(#2552),#2577,.F.);
#2552 = FACE_BOUND('',#2553,.F.);
#2553 = EDGE_LOOP('',(#2554,#2562,#2570,#2576));
#2554 = ORIENTED_EDGE('',*,*,#2555,.T.);
#2555 = EDGE_CURVE('',#2422,#2556,#2558,.T.);
#2556 = VERTEX_POINT('',#2557);
#2557 = CARTESIAN_POINT('',(-9.1313,-2.6162,-1.016));
#2558 = LINE('',#2559,#2560);
#2559 = CARTESIAN_POINT('',(-9.1313,-4.0132,-1.016));
#2560 = VECTOR('',#2561,1.);
#2561 = DIRECTION('',(0.,1.,0.));
#2562 = ORIENTED_EDGE('',*,*,#2563,.T.);
#2563 = EDGE_CURVE('',#2556,#2564,#2566,.T.);
#2564 = VERTEX_POINT('',#2565);
#2565 = CARTESIAN_POINT('',(-9.1313,-2.6162,-2.1082));
#2566 = LINE('',#2567,#2568);
#2567 = CARTESIAN_POINT('',(-9.1313,-2.6162,-1.016));
#2568 = VECTOR('',#2569,1.);
#2569 = DIRECTION('',(0.,0.,-1.));
#2570 = ORIENTED_EDGE('',*,*,#2571,.T.);
#2571 = EDGE_CURVE('',#2564,#2430,#2572,.T.);
#2572 = LINE('',#2573,#2574);
#2573 = CARTESIAN_POINT('',(-9.1313,-2.6162,-2.1082));
#2574 = VECTOR('',#2575,1.);
#2575 = DIRECTION('',(0.,-1.,0.));
#2576 = ORIENTED_EDGE('',*,*,#2429,.F.);
#2577 = PLANE('',#2578);
#2578 = AXIS2_PLACEMENT_3D('',#2579,#2580,#2581);
#2579 = CARTESIAN_POINT('',(-9.1313,-2.6162,0.));
#2580 = DIRECTION('',(-1.,0.,0.));
#2581 = DIRECTION('',(0.,-1.,0.));
#2582 = ADVANCED_FACE('',(#2583),#2650,.F.);
#2583 = FACE_BOUND('',#2584,.F.);
#2584 = EDGE_LOOP('',(#2585,#2596,#2604,#2612,#2620,#2628,#2636,#2644));
#2585 = ORIENTED_EDGE('',*,*,#2586,.F.);
#2586 = EDGE_CURVE('',#2587,#2589,#2591,.T.);
#2587 = VERTEX_POINT('',#2588);
#2588 = CARTESIAN_POINT('',(-10.0457,5.08,-6.6802));
#2589 = VERTEX_POINT('',#2590);
#2590 = CARTESIAN_POINT('',(-10.5537,4.992840979371,-6.6802));
#2591 = CIRCLE('',#2592,1.524);
#2592 = AXIS2_PLACEMENT_3D('',#2593,#2594,#2595);
#2593 = CARTESIAN_POINT('',(-10.0457,3.556,-6.6802));
#2594 = DIRECTION('',(0.,-0.,1.));
#2595 = DIRECTION('',(0.,1.,0.));
#2596 = ORIENTED_EDGE('',*,*,#2597,.T.);
#2597 = EDGE_CURVE('',#2587,#2598,#2600,.T.);
#2598 = VERTEX_POINT('',#2599);
#2599 = CARTESIAN_POINT('',(-9.000315624758,5.08,-6.6802));
#2600 = LINE('',#2601,#2602);
#2601 = CARTESIAN_POINT('',(-10.0457,5.08,-6.6802));
#2602 = VECTOR('',#2603,1.);
#2603 = DIRECTION('',(1.,0.,0.));
#2604 = ORIENTED_EDGE('',*,*,#2605,.F.);
#2605 = EDGE_CURVE('',#2606,#2598,#2608,.T.);
#2606 = VERTEX_POINT('',#2607);
#2607 = CARTESIAN_POINT('',(-8.9027,5.08,-6.6802));
#2608 = LINE('',#2609,#2610);
#2609 = CARTESIAN_POINT('',(-8.9027,5.08,-6.6802));
#2610 = VECTOR('',#2611,1.);
#2611 = DIRECTION('',(-1.,0.,0.));
#2612 = ORIENTED_EDGE('',*,*,#2613,.T.);
#2613 = EDGE_CURVE('',#2606,#2614,#2616,.T.);
#2614 = VERTEX_POINT('',#2615);
#2615 = CARTESIAN_POINT('',(-8.9027,4.0132,-6.6802));
#2616 = LINE('',#2617,#2618);
#2617 = CARTESIAN_POINT('',(-8.9027,5.08,-6.6802));
#2618 = VECTOR('',#2619,1.);
#2619 = DIRECTION('',(0.,-1.,0.));
#2620 = ORIENTED_EDGE('',*,*,#2621,.F.);
#2621 = EDGE_CURVE('',#2622,#2614,#2624,.T.);
#2622 = VERTEX_POINT('',#2623);
#2623 = CARTESIAN_POINT('',(-9.1313,4.0132,-6.6802));
#2624 = LINE('',#2625,#2626);
#2625 = CARTESIAN_POINT('',(-9.1313,4.0132,-6.6802));
#2626 = VECTOR('',#2627,1.);
#2627 = DIRECTION('',(1.,0.,0.));
#2628 = ORIENTED_EDGE('',*,*,#2629,.T.);
#2629 = EDGE_CURVE('',#2622,#2630,#2632,.T.);
#2630 = VERTEX_POINT('',#2631);
#2631 = CARTESIAN_POINT('',(-9.1313,2.6162,-6.6802));
#2632 = LINE('',#2633,#2634);
#2633 = CARTESIAN_POINT('',(-9.1313,4.0132,-6.6802));
#2634 = VECTOR('',#2635,1.);
#2635 = DIRECTION('',(0.,-1.,0.));
#2636 = ORIENTED_EDGE('',*,*,#2637,.T.);
#2637 = EDGE_CURVE('',#2630,#2638,#2640,.T.);
#2638 = VERTEX_POINT('',#2639);
#2639 = CARTESIAN_POINT('',(-10.5537,2.6162,-6.6802));
#2640 = LINE('',#2641,#2642);
#2641 = CARTESIAN_POINT('',(-9.1313,2.6162,-6.6802));
#2642 = VECTOR('',#2643,1.);
#2643 = DIRECTION('',(-1.,0.,0.));
#2644 = ORIENTED_EDGE('',*,*,#2645,.F.);
#2645 = EDGE_CURVE('',#2589,#2638,#2646,.T.);
#2646 = LINE('',#2647,#2648);
#2647 = CARTESIAN_POINT('',(-10.5537,4.992840979371,-6.6802));
#2648 = VECTOR('',#2649,1.);
#2649 = DIRECTION('',(0.,-1.,0.));
#2650 = PLANE('',#2651);
#2651 = AXIS2_PLACEMENT_3D('',#2652,#2653,#2654);
#2652 = CARTESIAN_POINT('',(-8.9027,5.08,-6.6802));
#2653 = DIRECTION('',(0.,0.,-1.));
#2654 = DIRECTION('',(-1.,0.,0.));
#2655 = ADVANCED_FACE('',(#2656),#2708,.F.);
#2656 = FACE_BOUND('',#2657,.F.);
#2657 = EDGE_LOOP('',(#2658,#2669,#2677,#2683,#2684,#2685,#2693,#2702));
#2658 = ORIENTED_EDGE('',*,*,#2659,.F.);
#2659 = EDGE_CURVE('',#2660,#2662,#2664,.T.);
#2660 = VERTEX_POINT('',#2661);
#2661 = CARTESIAN_POINT('',(-10.5537,-4.992840979371,-6.6802));
#2662 = VERTEX_POINT('',#2663);
#2663 = CARTESIAN_POINT('',(-10.0457,-5.08,-6.6802));
#2664 = CIRCLE('',#2665,1.524);
#2665 = AXIS2_PLACEMENT_3D('',#2666,#2667,#2668);
#2666 = CARTESIAN_POINT('',(-10.0457,-3.556,-6.6802));
#2667 = DIRECTION('',(0.,0.,1.));
#2668 = DIRECTION('',(-0.333333333333,-0.942809041582,0.));
#2669 = ORIENTED_EDGE('',*,*,#2670,.F.);
#2670 = EDGE_CURVE('',#2671,#2660,#2673,.T.);
#2671 = VERTEX_POINT('',#2672);
#2672 = CARTESIAN_POINT('',(-10.5537,-2.6162,-6.6802));
#2673 = LINE('',#2674,#2675);
#2674 = CARTESIAN_POINT('',(-10.5537,-2.6162,-6.6802));
#2675 = VECTOR('',#2676,1.);
#2676 = DIRECTION('',(0.,-1.,0.));
#2677 = ORIENTED_EDGE('',*,*,#2678,.T.);
#2678 = EDGE_CURVE('',#2671,#2532,#2679,.T.);
#2679 = LINE('',#2680,#2681);
#2680 = CARTESIAN_POINT('',(-10.5537,-2.6162,-6.6802));
#2681 = VECTOR('',#2682,1.);
#2682 = DIRECTION('',(1.,0.,0.));
#2683 = ORIENTED_EDGE('',*,*,#2531,.T.);
#2684 = ORIENTED_EDGE('',*,*,#2453,.T.);
#2685 = ORIENTED_EDGE('',*,*,#2686,.T.);
#2686 = EDGE_CURVE('',#2446,#2687,#2689,.T.);
#2687 = VERTEX_POINT('',#2688);
#2688 = CARTESIAN_POINT('',(-8.9027,-5.089466962175,-6.6802));
#2689 = LINE('',#2690,#2691);
#2690 = CARTESIAN_POINT('',(-8.9027,-4.0132,-6.6802));
#2691 = VECTOR('',#2692,1.);
#2692 = DIRECTION('',(0.,-1.,0.));
#2693 = ORIENTED_EDGE('',*,*,#2694,.T.);
#2694 = EDGE_CURVE('',#2687,#2695,#2697,.T.);
#2695 = VERTEX_POINT('',#2696);
#2696 = CARTESIAN_POINT('',(-9.000315624758,-5.08,-6.6802));
#2697 = CIRCLE('',#2698,0.508);
#2698 = AXIS2_PLACEMENT_3D('',#2699,#2700,#2701);
#2699 = CARTESIAN_POINT('',(-9.000315624758,-5.588,-6.6802));
#2700 = DIRECTION('',(0.,0.,1.));
#2701 = DIRECTION('',(0.192156741649,0.981364247687,-0.));
#2702 = ORIENTED_EDGE('',*,*,#2703,.F.);
#2703 = EDGE_CURVE('',#2662,#2695,#2704,.T.);
#2704 = LINE('',#2705,#2706);
#2705 = CARTESIAN_POINT('',(-10.0457,-5.08,-6.6802));
#2706 = VECTOR('',#2707,1.);
#2707 = DIRECTION('',(1.,0.,0.));
#2708 = PLANE('',#2709);
#2709 = AXIS2_PLACEMENT_3D('',#2710,#2711,#2712);
#2710 = CARTESIAN_POINT('',(-8.9027,5.08,-6.6802));
#2711 = DIRECTION('',(0.,0.,-1.));
#2712 = DIRECTION('',(-1.,0.,0.));
#2713 = ADVANCED_FACE('',(#2714),#2774,.T.);
#2714 = FACE_BOUND('',#2715,.T.);
#2715 = EDGE_LOOP('',(#2716,#2726,#2735,#2741,#2742,#2750,#2759,#2767));
#2716 = ORIENTED_EDGE('',*,*,#2717,.T.);
#2717 = EDGE_CURVE('',#2718,#2720,#2722,.T.);
#2718 = VERTEX_POINT('',#2719);
#2719 = CARTESIAN_POINT('',(-10.0457,5.08,-0.508));
#2720 = VERTEX_POINT('',#2721);
#2721 = CARTESIAN_POINT('',(-10.0457,5.08,-2.1082));
#2722 = LINE('',#2723,#2724);
#2723 = CARTESIAN_POINT('',(-10.0457,5.08,-0.508));
#2724 = VECTOR('',#2725,1.);
#2725 = DIRECTION('',(-8.991682539146E-14,0.,-1.));
#2726 = ORIENTED_EDGE('',*,*,#2727,.T.);
#2727 = EDGE_CURVE('',#2720,#2728,#2730,.T.);
#2728 = VERTEX_POINT('',#2729);
#2729 = CARTESIAN_POINT('',(-10.5537,4.992840979371,-2.1082));
#2730 = CIRCLE('',#2731,1.524);
#2731 = AXIS2_PLACEMENT_3D('',#2732,#2733,#2734);
#2732 = CARTESIAN_POINT('',(-10.0457,3.556,-2.1082));
#2733 = DIRECTION('',(0.,-0.,1.));
#2734 = DIRECTION('',(0.,1.,0.));
#2735 = ORIENTED_EDGE('',*,*,#2736,.F.);
#2736 = EDGE_CURVE('',#2589,#2728,#2737,.T.);
#2737 = LINE('',#2738,#2739);
#2738 = CARTESIAN_POINT('',(-10.5537,4.992840979371,-6.6802));
#2739 = VECTOR('',#2740,1.);
#2740 = DIRECTION('',(0.,0.,1.));
#2741 = ORIENTED_EDGE('',*,*,#2586,.F.);
#2742 = ORIENTED_EDGE('',*,*,#2743,.T.);
#2743 = EDGE_CURVE('',#2587,#2744,#2746,.T.);
#2744 = VERTEX_POINT('',#2745);
#2745 = CARTESIAN_POINT('',(-10.0457,5.08,-14.859));
#2746 = LINE('',#2747,#2748);
#2747 = CARTESIAN_POINT('',(-10.0457,5.08,-6.6802));
#2748 = VECTOR('',#2749,1.);
#2749 = DIRECTION('',(0.,0.,-1.));
#2750 = ORIENTED_EDGE('',*,*,#2751,.T.);
#2751 = EDGE_CURVE('',#2744,#2752,#2754,.T.);
#2752 = VERTEX_POINT('',#2753);
#2753 = CARTESIAN_POINT('',(-11.5697,3.556,-14.859));
#2754 = CIRCLE('',#2755,1.524);
#2755 = AXIS2_PLACEMENT_3D('',#2756,#2757,#2758);
#2756 = CARTESIAN_POINT('',(-10.0457,3.556,-14.859));
#2757 = DIRECTION('',(0.,-0.,1.));
#2758 = DIRECTION('',(0.,1.,0.));
#2759 = ORIENTED_EDGE('',*,*,#2760,.F.);
#2760 = EDGE_CURVE('',#2761,#2752,#2763,.T.);
#2761 = VERTEX_POINT('',#2762);
#2762 = CARTESIAN_POINT('',(-11.5697,3.556,-0.508));
#2763 = LINE('',#2764,#2765);
#2764 = CARTESIAN_POINT('',(-11.5697,3.556,-0.508));
#2765 = VECTOR('',#2766,1.);
#2766 = DIRECTION('',(0.,0.,-1.));
#2767 = ORIENTED_EDGE('',*,*,#2768,.F.);
#2768 = EDGE_CURVE('',#2718,#2761,#2769,.T.);
#2769 = CIRCLE('',#2770,1.524);
#2770 = AXIS2_PLACEMENT_3D('',#2771,#2772,#2773);
#2771 = CARTESIAN_POINT('',(-10.0457,3.556,-0.508));
#2772 = DIRECTION('',(0.,-0.,1.));
#2773 = DIRECTION('',(0.,1.,0.));
#2774 = CYLINDRICAL_SURFACE('',#2775,1.524);
#2775 = AXIS2_PLACEMENT_3D('',#2776,#2777,#2778);
#2776 = CARTESIAN_POINT('',(-10.0457,3.556,0.));
#2777 = DIRECTION('',(0.,0.,1.));
#2778 = DIRECTION('',(1.,0.,-0.));
#2779 = ADVANCED_FACE('',(#2780),#2798,.T.);
#2780 = FACE_BOUND('',#2781,.T.);
#2781 = EDGE_LOOP('',(#2782,#2789,#2790,#2797));
#2782 = ORIENTED_EDGE('',*,*,#2783,.T.);
#2783 = EDGE_CURVE('',#118,#2718,#2784,.T.);
#2784 = CIRCLE('',#2785,0.508);
#2785 = AXIS2_PLACEMENT_3D('',#2786,#2787,#2788);
#2786 = CARTESIAN_POINT('',(-10.0457,4.572,-0.508));
#2787 = DIRECTION('',(-1.,0.,0.));
#2788 = DIRECTION('',(0.,0.,1.));
#2789 = ORIENTED_EDGE('',*,*,#2768,.T.);
#2790 = ORIENTED_EDGE('',*,*,#2791,.F.);
#2791 = EDGE_CURVE('',#110,#2761,#2792,.T.);
#2792 = CIRCLE('',#2793,0.508);
#2793 = AXIS2_PLACEMENT_3D('',#2794,#2795,#2796);
#2794 = CARTESIAN_POINT('',(-11.0617,3.556,-0.508));
#2795 = DIRECTION('',(0.,-1.,0.));
#2796 = DIRECTION('',(0.,0.,1.));
#2797 = ORIENTED_EDGE('',*,*,#117,.F.);
#2798 = TOROIDAL_SURFACE('',#2799,1.016,0.508);
#2799 = AXIS2_PLACEMENT_3D('',#2800,#2801,#2802);
#2800 = CARTESIAN_POINT('',(-10.0457,3.556,-0.508));
#2801 = DIRECTION('',(0.,0.,1.));
#2802 = DIRECTION('',(6.377827626352E-03,0.999979661451,-0.));
#2803 = ADVANCED_FACE('',(#2804),#2823,.T.);
#2804 = FACE_BOUND('',#2805,.T.);
#2805 = EDGE_LOOP('',(#2806,#2807,#2815,#2822));
#2806 = ORIENTED_EDGE('',*,*,#2791,.T.);
#2807 = ORIENTED_EDGE('',*,*,#2808,.T.);
#2808 = EDGE_CURVE('',#2761,#2809,#2811,.T.);
#2809 = VERTEX_POINT('',#2810);
#2810 = CARTESIAN_POINT('',(-11.5697,-3.556,-0.508));
#2811 = LINE('',#2812,#2813);
#2812 = CARTESIAN_POINT('',(-11.5697,3.556,-0.508));
#2813 = VECTOR('',#2814,1.);
#2814 = DIRECTION('',(0.,-1.,0.));
#2815 = ORIENTED_EDGE('',*,*,#2816,.F.);
#2816 = EDGE_CURVE('',#101,#2809,#2817,.T.);
#2817 = CIRCLE('',#2818,0.508);
#2818 = AXIS2_PLACEMENT_3D('',#2819,#2820,#2821);
#2819 = CARTESIAN_POINT('',(-11.0617,-3.556,-0.508));
#2820 = DIRECTION('',(0.,-1.,0.));
#2821 = DIRECTION('',(0.,0.,1.));
#2822 = ORIENTED_EDGE('',*,*,#109,.F.);
#2823 = CYLINDRICAL_SURFACE('',#2824,0.508);
#2824 = AXIS2_PLACEMENT_3D('',#2825,#2826,#2827);
#2825 = CARTESIAN_POINT('',(-11.0617,3.565719875199,-0.508));
#2826 = DIRECTION('',(0.,-1.,0.));
#2827 = DIRECTION('',(0.,0.,1.));
#2828 = ADVANCED_FACE('',(#2829),#2849,.T.);
#2829 = FACE_BOUND('',#2830,.T.);
#2830 = EDGE_LOOP('',(#2831,#2832,#2841,#2848));
#2831 = ORIENTED_EDGE('',*,*,#2816,.T.);
#2832 = ORIENTED_EDGE('',*,*,#2833,.T.);
#2833 = EDGE_CURVE('',#2809,#2834,#2836,.T.);
#2834 = VERTEX_POINT('',#2835);
#2835 = CARTESIAN_POINT('',(-10.0457,-5.08,-0.508));
#2836 = CIRCLE('',#2837,1.524);
#2837 = AXIS2_PLACEMENT_3D('',#2838,#2839,#2840);
#2838 = CARTESIAN_POINT('',(-10.0457,-3.556,-0.508));
#2839 = DIRECTION('',(0.,0.,1.));
#2840 = DIRECTION('',(-1.,0.,0.));
#2841 = ORIENTED_EDGE('',*,*,#2842,.F.);
#2842 = EDGE_CURVE('',#93,#2834,#2843,.T.);
#2843 = CIRCLE('',#2844,0.508);
#2844 = AXIS2_PLACEMENT_3D('',#2845,#2846,#2847);
#2845 = CARTESIAN_POINT('',(-10.0457,-4.572,-0.508));
#2846 = DIRECTION('',(1.,0.,-0.));
#2847 = DIRECTION('',(0.,0.,1.));
#2848 = ORIENTED_EDGE('',*,*,#100,.F.);
#2849 = TOROIDAL_SURFACE('',#2850,1.016,0.508);
#2850 = AXIS2_PLACEMENT_3D('',#2851,#2852,#2853);
#2851 = CARTESIAN_POINT('',(-10.0457,-3.556,-0.508));
#2852 = DIRECTION('',(0.,0.,1.));
#2853 = DIRECTION('',(-0.999979661451,6.377827626352E-03,0.));
#2854 = ADVANCED_FACE('',(#2855),#2874,.T.);
#2855 = FACE_BOUND('',#2856,.T.);
#2856 = EDGE_LOOP('',(#2857,#2858,#2866,#2873));
#2857 = ORIENTED_EDGE('',*,*,#2842,.T.);
#2858 = ORIENTED_EDGE('',*,*,#2859,.T.);
#2859 = EDGE_CURVE('',#2834,#2860,#2862,.T.);
#2860 = VERTEX_POINT('',#2861);
#2861 = CARTESIAN_POINT('',(-9.000315624759,-5.08,-0.508));
#2862 = LINE('',#2863,#2864);
#2863 = CARTESIAN_POINT('',(-10.0457,-5.08,-0.508));
#2864 = VECTOR('',#2865,1.);
#2865 = DIRECTION('',(1.,0.,0.));
#2866 = ORIENTED_EDGE('',*,*,#2867,.F.);
#2867 = EDGE_CURVE('',#84,#2860,#2868,.T.);
#2868 = CIRCLE('',#2869,0.508);
#2869 = AXIS2_PLACEMENT_3D('',#2870,#2871,#2872);
#2870 = CARTESIAN_POINT('',(-9.000315624758,-4.572,-0.508));
#2871 = DIRECTION('',(1.,0.,-0.));
#2872 = DIRECTION('',(0.,0.,1.));
#2873 = ORIENTED_EDGE('',*,*,#92,.F.);
#2874 = CYLINDRICAL_SURFACE('',#2875,0.508);
#2875 = AXIS2_PLACEMENT_3D('',#2876,#2877,#2878);
#2876 = CARTESIAN_POINT('',(-10.0554198752,-4.572,-0.508));
#2877 = DIRECTION('',(1.,0.,0.));
#2878 = DIRECTION('',(0.,0.,1.));
#2879 = ADVANCED_FACE('',(#2880),#2900,.T.);
#2880 = FACE_BOUND('',#2881,.T.);
#2881 = EDGE_LOOP('',(#2882,#2883,#2892,#2899));
#2882 = ORIENTED_EDGE('',*,*,#2867,.T.);
#2883 = ORIENTED_EDGE('',*,*,#2884,.T.);
#2884 = EDGE_CURVE('',#2860,#2885,#2887,.T.);
#2885 = VERTEX_POINT('',#2886);
#2886 = CARTESIAN_POINT('',(-8.4963,-5.5245,-0.508));
#2887 = CIRCLE('',#2888,0.508);
#2888 = AXIS2_PLACEMENT_3D('',#2889,#2890,#2891);
#2889 = CARTESIAN_POINT('',(-9.000315624758,-5.588,-0.508));
#2890 = DIRECTION('',(0.,0.,-1.));
#2891 = DIRECTION('',(0.,1.,0.));
#2892 = ORIENTED_EDGE('',*,*,#2893,.F.);
#2893 = EDGE_CURVE('',#75,#2885,#2894,.T.);
#2894 = CIRCLE('',#2895,0.508);
#2895 = AXIS2_PLACEMENT_3D('',#2896,#2897,#2898);
#2896 = CARTESIAN_POINT('',(-7.992284375242,-5.461,-0.508));
#2897 = DIRECTION('',(0.125,-0.992156741649,0.));
#2898 = DIRECTION('',(0.,0.,1.));
#2899 = ORIENTED_EDGE('',*,*,#83,.F.);
#2900 = TOROIDAL_SURFACE('',#2901,1.016,0.508);
#2901 = AXIS2_PLACEMENT_3D('',#2902,#2903,#2904);
#2902 = CARTESIAN_POINT('',(-9.000315624758,-5.588,-0.508));
#2903 = DIRECTION('',(0.,0.,1.));
#2904 = DIRECTION('',(-2.717701477178E-02,0.999630636719,0.));
#2905 = ADVANCED_FACE('',(#2906),#2926,.T.);
#2906 = FACE_BOUND('',#2907,.T.);
#2907 = EDGE_LOOP('',(#2908,#2909,#2918,#2925));
#2908 = ORIENTED_EDGE('',*,*,#2893,.T.);
#2909 = ORIENTED_EDGE('',*,*,#2910,.T.);
#2910 = EDGE_CURVE('',#2885,#2911,#2913,.T.);
#2911 = VERTEX_POINT('',#2912);
#2912 = CARTESIAN_POINT('',(-2.952128127664,-10.414,-0.508));
#2913 = CIRCLE('',#2914,5.588);
#2914 = AXIS2_PLACEMENT_3D('',#2915,#2916,#2917);
#2915 = CARTESIAN_POINT('',(-2.952128127664,-4.826,-0.508));
#2916 = DIRECTION('',(0.,0.,1.));
#2917 = DIRECTION('',(-0.992156741649,-0.125,0.));
#2918 = ORIENTED_EDGE('',*,*,#2919,.F.);
#2919 = EDGE_CURVE('',#67,#2911,#2920,.T.);
#2920 = CIRCLE('',#2921,0.508);
#2921 = AXIS2_PLACEMENT_3D('',#2922,#2923,#2924);
#2922 = CARTESIAN_POINT('',(-2.952128127664,-9.906,-0.508));
#2923 = DIRECTION('',(1.,0.,-0.));
#2924 = DIRECTION('',(0.,0.,1.));
#2925 = ORIENTED_EDGE('',*,*,#74,.F.);
#2926 = TOROIDAL_SURFACE('',#2927,5.08,0.508);
#2927 = AXIS2_PLACEMENT_3D('',#2928,#2929,#2930);
#2928 = CARTESIAN_POINT('',(-2.952128127664,-4.826,-0.508));
#2929 = DIRECTION('',(0.,0.,1.));
#2930 = DIRECTION('',(-0.992372668031,-0.12327403516,0.));
#2931 = ADVANCED_FACE('',(#2932),#2951,.T.);
#2932 = FACE_BOUND('',#2933,.T.);
#2933 = EDGE_LOOP('',(#2934,#2935,#2943,#2950));
#2934 = ORIENTED_EDGE('',*,*,#2919,.T.);
#2935 = ORIENTED_EDGE('',*,*,#2936,.T.);
#2936 = EDGE_CURVE('',#2911,#2937,#2939,.T.);
#2937 = VERTEX_POINT('',#2938);
#2938 = CARTESIAN_POINT('',(6.9977,-10.414,-0.508));
#2939 = LINE('',#2940,#2941);
#2940 = CARTESIAN_POINT('',(-2.952128127664,-10.414,-0.508));
#2941 = VECTOR('',#2942,1.);
#2942 = DIRECTION('',(1.,0.,0.));
#2943 = ORIENTED_EDGE('',*,*,#2944,.F.);
#2944 = EDGE_CURVE('',#58,#2937,#2945,.T.);
#2945 = CIRCLE('',#2946,0.508);
#2946 = AXIS2_PLACEMENT_3D('',#2947,#2948,#2949);
#2947 = CARTESIAN_POINT('',(6.9977,-9.906,-0.508));
#2948 = DIRECTION('',(1.,0.,-0.));
#2949 = DIRECTION('',(0.,0.,1.));
#2950 = ORIENTED_EDGE('',*,*,#66,.F.);
#2951 = CYLINDRICAL_SURFACE('',#2952,0.508);
#2952 = AXIS2_PLACEMENT_3D('',#2953,#2954,#2955);
#2953 = CARTESIAN_POINT('',(-2.961848002863,-9.906,-0.508));
#2954 = DIRECTION('',(1.,0.,0.));
#2955 = DIRECTION('',(0.,0.,1.));
#2956 = ADVANCED_FACE('',(#2957),#2977,.T.);
#2957 = FACE_BOUND('',#2958,.T.);
#2958 = EDGE_LOOP('',(#2959,#2960,#2969,#2976));
#2959 = ORIENTED_EDGE('',*,*,#2944,.T.);
#2960 = ORIENTED_EDGE('',*,*,#2961,.T.);
#2961 = EDGE_CURVE('',#2937,#2962,#2964,.T.);
#2962 = VERTEX_POINT('',#2963);
#2963 = CARTESIAN_POINT('',(12.5857,-4.826,-0.508));
#2964 = CIRCLE('',#2965,5.588);
#2965 = AXIS2_PLACEMENT_3D('',#2966,#2967,#2968);
#2966 = CARTESIAN_POINT('',(6.9977,-4.826,-0.508));
#2967 = DIRECTION('',(0.,0.,1.));
#2968 = DIRECTION('',(0.,-1.,0.));
#2969 = ORIENTED_EDGE('',*,*,#2970,.F.);
#2970 = EDGE_CURVE('',#50,#2962,#2971,.T.);
#2971 = CIRCLE('',#2972,0.508);
#2972 = AXIS2_PLACEMENT_3D('',#2973,#2974,#2975);
#2973 = CARTESIAN_POINT('',(12.0777,-4.826,-0.508));
#2974 = DIRECTION('',(0.,1.,0.));
#2975 = DIRECTION('',(0.,-0.,1.));
#2976 = ORIENTED_EDGE('',*,*,#57,.F.);
#2977 = TOROIDAL_SURFACE('',#2978,5.08,0.508);
#2978 = AXIS2_PLACEMENT_3D('',#2979,#2980,#2981);
#2979 = CARTESIAN_POINT('',(6.9977,-4.826,-0.508));
#2980 = DIRECTION('',(0.,0.,1.));
#2981 = DIRECTION('',(-1.739418449772E-03,-0.999998487211,0.));
#2982 = ADVANCED_FACE('',(#2983),#3002,.T.);
#2983 = FACE_BOUND('',#2984,.T.);
#2984 = EDGE_LOOP('',(#2985,#2986,#2994,#3001));
#2985 = ORIENTED_EDGE('',*,*,#2970,.T.);
#2986 = ORIENTED_EDGE('',*,*,#2987,.T.);
#2987 = EDGE_CURVE('',#2962,#2988,#2990,.T.);
#2988 = VERTEX_POINT('',#2989);
#2989 = CARTESIAN_POINT('',(12.5857,4.826,-0.508));
#2990 = LINE('',#2991,#2992);
#2991 = CARTESIAN_POINT('',(12.5857,-4.826,-0.508));
#2992 = VECTOR('',#2993,1.);
#2993 = DIRECTION('',(0.,1.,0.));
#2994 = ORIENTED_EDGE('',*,*,#2995,.F.);
#2995 = EDGE_CURVE('',#41,#2988,#2996,.T.);
#2996 = CIRCLE('',#2997,0.508);
#2997 = AXIS2_PLACEMENT_3D('',#2998,#2999,#3000);
#2998 = CARTESIAN_POINT('',(12.0777,4.826,-0.508));
#2999 = DIRECTION('',(0.,1.,0.));
#3000 = DIRECTION('',(0.,-0.,1.));
#3001 = ORIENTED_EDGE('',*,*,#49,.F.);
#3002 = CYLINDRICAL_SURFACE('',#3003,0.508);
#3003 = AXIS2_PLACEMENT_3D('',#3004,#3005,#3006);
#3004 = CARTESIAN_POINT('',(12.0777,-4.835719875199,-0.508));
#3005 = DIRECTION('',(0.,1.,0.));
#3006 = DIRECTION('',(0.,-0.,1.));
#3007 = ADVANCED_FACE('',(#3008),#3028,.T.);
#3008 = FACE_BOUND('',#3009,.T.);
#3009 = EDGE_LOOP('',(#3010,#3011,#3020,#3027));
#3010 = ORIENTED_EDGE('',*,*,#2995,.T.);
#3011 = ORIENTED_EDGE('',*,*,#3012,.T.);
#3012 = EDGE_CURVE('',#2988,#3013,#3015,.T.);
#3013 = VERTEX_POINT('',#3014);
#3014 = CARTESIAN_POINT('',(6.9977,10.414,-0.508));
#3015 = CIRCLE('',#3016,5.588);
#3016 = AXIS2_PLACEMENT_3D('',#3017,#3018,#3019);
#3017 = CARTESIAN_POINT('',(6.9977,4.826,-0.508));
#3018 = DIRECTION('',(0.,0.,1.));
#3019 = DIRECTION('',(1.,0.,-0.));
#3020 = ORIENTED_EDGE('',*,*,#3021,.F.);
#3021 = EDGE_CURVE('',#33,#3013,#3022,.T.);
#3022 = CIRCLE('',#3023,0.508);
#3023 = AXIS2_PLACEMENT_3D('',#3024,#3025,#3026);
#3024 = CARTESIAN_POINT('',(6.9977,9.906,-0.508));
#3025 = DIRECTION('',(-1.,0.,0.));
#3026 = DIRECTION('',(0.,0.,1.));
#3027 = ORIENTED_EDGE('',*,*,#40,.F.);
#3028 = TOROIDAL_SURFACE('',#3029,5.08,0.508);
#3029 = AXIS2_PLACEMENT_3D('',#3030,#3031,#3032);
#3030 = CARTESIAN_POINT('',(6.9977,4.826,-0.508));
#3031 = DIRECTION('',(0.,0.,1.));
#3032 = DIRECTION('',(0.999998487211,-1.739418449773E-03,0.));
#3033 = ADVANCED_FACE('',(#3034),#3053,.T.);
#3034 = FACE_BOUND('',#3035,.T.);
#3035 = EDGE_LOOP('',(#3036,#3037,#3045,#3052));
#3036 = ORIENTED_EDGE('',*,*,#3021,.T.);
#3037 = ORIENTED_EDGE('',*,*,#3038,.T.);
#3038 = EDGE_CURVE('',#3013,#3039,#3041,.T.);
#3039 = VERTEX_POINT('',#3040);
#3040 = CARTESIAN_POINT('',(-2.952128127664,10.414,-0.508));
#3041 = LINE('',#3042,#3043);
#3042 = CARTESIAN_POINT('',(6.9977,10.414,-0.508));
#3043 = VECTOR('',#3044,1.);
#3044 = DIRECTION('',(-1.,0.,0.));
#3045 = ORIENTED_EDGE('',*,*,#3046,.F.);
#3046 = EDGE_CURVE('',#22,#3039,#3047,.T.);
#3047 = CIRCLE('',#3048,0.508);
#3048 = AXIS2_PLACEMENT_3D('',#3049,#3050,#3051);
#3049 = CARTESIAN_POINT('',(-2.952128127664,9.906,-0.508));
#3050 = DIRECTION('',(-1.,0.,0.));
#3051 = DIRECTION('',(0.,0.,1.));
#3052 = ORIENTED_EDGE('',*,*,#32,.F.);
#3053 = CYLINDRICAL_SURFACE('',#3054,0.508);
#3054 = AXIS2_PLACEMENT_3D('',#3055,#3056,#3057);
#3055 = CARTESIAN_POINT('',(7.007419875199,9.906,-0.508));
#3056 = DIRECTION('',(-1.,0.,0.));
#3057 = DIRECTION('',(0.,0.,1.));
#3058 = ADVANCED_FACE('',(#3059),#3079,.T.);
#3059 = FACE_BOUND('',#3060,.T.);
#3060 = EDGE_LOOP('',(#3061,#3062,#3071,#3078));
#3061 = ORIENTED_EDGE('',*,*,#3046,.T.);
#3062 = ORIENTED_EDGE('',*,*,#3063,.T.);
#3063 = EDGE_CURVE('',#3039,#3064,#3066,.T.);
#3064 = VERTEX_POINT('',#3065);
#3065 = CARTESIAN_POINT('',(-8.4963,5.5245,-0.508));
#3066 = CIRCLE('',#3067,5.588);
#3067 = AXIS2_PLACEMENT_3D('',#3068,#3069,#3070);
#3068 = CARTESIAN_POINT('',(-2.952128127664,4.826,-0.508));
#3069 = DIRECTION('',(0.,-0.,1.));
#3070 = DIRECTION('',(0.,1.,0.));
#3071 = ORIENTED_EDGE('',*,*,#3072,.F.);
#3072 = EDGE_CURVE('',#24,#3064,#3073,.T.);
#3073 = CIRCLE('',#3074,0.508);
#3074 = AXIS2_PLACEMENT_3D('',#3075,#3076,#3077);
#3075 = CARTESIAN_POINT('',(-7.992284375242,5.461,-0.508));
#3076 = DIRECTION('',(-0.125,-0.992156741649,1.935782876891E-30));
#3077 = DIRECTION('',(-3.251051232811E-13,4.095939553118E-14,1.));
#3078 = ORIENTED_EDGE('',*,*,#21,.F.);
#3079 = TOROIDAL_SURFACE('',#3080,5.08,0.508);
#3080 = AXIS2_PLACEMENT_3D('',#3081,#3082,#3083);
#3081 = CARTESIAN_POINT('',(-2.952128127664,4.826,-0.508));
#3082 = DIRECTION('',(0.,0.,1.));
#3083 = DIRECTION('',(1.739418449773E-03,0.999998487211,-0.));
#3084 = ADVANCED_FACE('',(#3085),#3105,.T.);
#3085 = FACE_BOUND('',#3086,.T.);
#3086 = EDGE_LOOP('',(#3087,#3088,#3097,#3104));
#3087 = ORIENTED_EDGE('',*,*,#3072,.T.);
#3088 = ORIENTED_EDGE('',*,*,#3089,.T.);
#3089 = EDGE_CURVE('',#3064,#3090,#3092,.T.);
#3090 = VERTEX_POINT('',#3091);
#3091 = CARTESIAN_POINT('',(-9.000315624758,5.08,-0.508));
#3092 = CIRCLE('',#3093,0.508);
#3093 = AXIS2_PLACEMENT_3D('',#3094,#3095,#3096);
#3094 = CARTESIAN_POINT('',(-9.000315624758,5.588,-0.508));
#3095 = DIRECTION('',(0.,0.,-1.));
#3096 = DIRECTION('',(0.992156741649,-0.125,0.));
#3097 = ORIENTED_EDGE('',*,*,#3098,.F.);
#3098 = EDGE_CURVE('',#127,#3090,#3099,.T.);
#3099 = CIRCLE('',#3100,0.508);
#3100 = AXIS2_PLACEMENT_3D('',#3101,#3102,#3103);
#3101 = CARTESIAN_POINT('',(-9.000315624758,4.572,-0.508));
#3102 = DIRECTION('',(-1.,0.,0.));
#3103 = DIRECTION('',(0.,0.,1.));
#3104 = ORIENTED_EDGE('',*,*,#134,.F.);
#3105 = TOROIDAL_SURFACE('',#3106,1.016,0.508);
#3106 = AXIS2_PLACEMENT_3D('',#3107,#3108,#3109);
#3107 = CARTESIAN_POINT('',(-9.000315624758,5.588,-0.508));
#3108 = DIRECTION('',(0.,0.,1.));
#3109 = DIRECTION('',(0.995187402227,-9.79899711662E-02,0.));
#3110 = ADVANCED_FACE('',(#3111),#3122,.T.);
#3111 = FACE_BOUND('',#3112,.T.);
#3112 = EDGE_LOOP('',(#3113,#3114,#3115,#3121));
#3113 = ORIENTED_EDGE('',*,*,#126,.F.);
#3114 = ORIENTED_EDGE('',*,*,#3098,.T.);
#3115 = ORIENTED_EDGE('',*,*,#3116,.T.);
#3116 = EDGE_CURVE('',#3090,#2718,#3117,.T.);
#3117 = LINE('',#3118,#3119);
#3118 = CARTESIAN_POINT('',(-9.000315624758,5.08,-0.508));
#3119 = VECTOR('',#3120,1.);
#3120 = DIRECTION('',(-1.,0.,0.));
#3121 = ORIENTED_EDGE('',*,*,#2783,.F.);
#3122 = CYLINDRICAL_SURFACE('',#3123,0.508);
#3123 = AXIS2_PLACEMENT_3D('',#3124,#3125,#3126);
#3124 = CARTESIAN_POINT('',(-8.990595749559,4.572,-0.508));
#3125 = DIRECTION('',(-1.,0.,0.));
#3126 = DIRECTION('',(0.,0.,1.));
#3127 = ADVANCED_FACE('',(#3128),#3146,.T.);
#3128 = FACE_BOUND('',#3129,.F.);
#3129 = EDGE_LOOP('',(#3130,#3131,#3132,#3140));
#3130 = ORIENTED_EDGE('',*,*,#2597,.F.);
#3131 = ORIENTED_EDGE('',*,*,#2743,.T.);
#3132 = ORIENTED_EDGE('',*,*,#3133,.F.);
#3133 = EDGE_CURVE('',#3134,#2744,#3136,.T.);
#3134 = VERTEX_POINT('',#3135);
#3135 = CARTESIAN_POINT('',(-9.000315624758,5.08,-14.859));
#3136 = LINE('',#3137,#3138);
#3137 = CARTESIAN_POINT('',(-9.000315624758,5.08,-14.859));
#3138 = VECTOR('',#3139,1.);
#3139 = DIRECTION('',(-1.,0.,0.));
#3140 = ORIENTED_EDGE('',*,*,#3141,.F.);
#3141 = EDGE_CURVE('',#2598,#3134,#3142,.T.);
#3142 = LINE('',#3143,#3144);
#3143 = CARTESIAN_POINT('',(-9.000315624758,5.08,-6.6802));
#3144 = VECTOR('',#3145,1.);
#3145 = DIRECTION('',(0.,0.,-1.));
#3146 = PLANE('',#3147);
#3147 = AXIS2_PLACEMENT_3D('',#3148,#3149,#3150);
#3148 = CARTESIAN_POINT('',(-9.000315624758,5.08,0.));
#3149 = DIRECTION('',(0.,1.,0.));
#3150 = DIRECTION('',(-1.,0.,0.));
#3151 = ADVANCED_FACE('',(#3152),#3170,.T.);
#3152 = FACE_BOUND('',#3153,.F.);
#3153 = EDGE_LOOP('',(#3154,#3155,#3156,#3164));
#3154 = ORIENTED_EDGE('',*,*,#3116,.T.);
#3155 = ORIENTED_EDGE('',*,*,#2717,.T.);
#3156 = ORIENTED_EDGE('',*,*,#3157,.T.);
#3157 = EDGE_CURVE('',#2720,#3158,#3160,.T.);
#3158 = VERTEX_POINT('',#3159);
#3159 = CARTESIAN_POINT('',(-9.000315624758,5.08,-2.1082));
#3160 = LINE('',#3161,#3162);
#3161 = CARTESIAN_POINT('',(-10.0457,5.08,-2.1082));
#3162 = VECTOR('',#3163,1.);
#3163 = DIRECTION('',(1.,0.,0.));
#3164 = ORIENTED_EDGE('',*,*,#3165,.F.);
#3165 = EDGE_CURVE('',#3090,#3158,#3166,.T.);
#3166 = LINE('',#3167,#3168);
#3167 = CARTESIAN_POINT('',(-9.000315624758,5.08,-0.508));
#3168 = VECTOR('',#3169,1.);
#3169 = DIRECTION('',(2.220168528184E-13,0.,-1.));
#3170 = PLANE('',#3171);
#3171 = AXIS2_PLACEMENT_3D('',#3172,#3173,#3174);
#3172 = CARTESIAN_POINT('',(-9.000315624758,5.08,0.));
#3173 = DIRECTION('',(0.,1.,0.));
#3174 = DIRECTION('',(-1.,0.,0.));
#3175 = ADVANCED_FACE('',(#3176,#3242),#3414,.F.);
#3176 = FACE_BOUND('',#3177,.F.);
#3177 = EDGE_LOOP('',(#3178,#3188,#3196,#3204,#3212,#3220,#3228,#3236));
#3178 = ORIENTED_EDGE('',*,*,#3179,.T.);
#3179 = EDGE_CURVE('',#3180,#3182,#3184,.T.);
#3180 = VERTEX_POINT('',#3181);
#3181 = CARTESIAN_POINT('',(21.1455,6.5151,-14.859));
#3182 = VERTEX_POINT('',#3183);
#3183 = CARTESIAN_POINT('',(21.1455,-6.5151,-14.859));
#3184 = LINE('',#3185,#3186);
#3185 = CARTESIAN_POINT('',(21.1455,6.5151,-14.859));
#3186 = VECTOR('',#3187,1.);
#3187 = DIRECTION('',(0.,-1.,0.));
#3188 = ORIENTED_EDGE('',*,*,#3189,.T.);
#3189 = EDGE_CURVE('',#3182,#3190,#3192,.T.);
#3190 = VERTEX_POINT('',#3191);
#3191 = CARTESIAN_POINT('',(10.795,-16.8656,-14.859));
#3192 = LINE('',#3193,#3194);
#3193 = CARTESIAN_POINT('',(21.1455,-6.5151,-14.859));
#3194 = VECTOR('',#3195,1.);
#3195 = DIRECTION('',(-0.707106781187,-0.707106781187,0.));
#3196 = ORIENTED_EDGE('',*,*,#3197,.T.);
#3197 = EDGE_CURVE('',#3190,#3198,#3200,.T.);
#3198 = VERTEX_POINT('',#3199);
#3199 = CARTESIAN_POINT('',(-9.779,-16.8656,-14.859));
#3200 = LINE('',#3201,#3202);
#3201 = CARTESIAN_POINT('',(10.795,-16.8656,-14.859));
#3202 = VECTOR('',#3203,1.);
#3203 = DIRECTION('',(-1.,0.,0.));
#3204 = ORIENTED_EDGE('',*,*,#3205,.T.);
#3205 = EDGE_CURVE('',#3198,#3206,#3208,.T.);
#3206 = VERTEX_POINT('',#3207);
#3207 = CARTESIAN_POINT('',(-20.1295,-6.5151,-14.859));
#3208 = LINE('',#3209,#3210);
#3209 = CARTESIAN_POINT('',(-9.779,-16.8656,-14.859));
#3210 = VECTOR('',#3211,1.);
#3211 = DIRECTION('',(-0.707106781187,0.707106781187,0.));
#3212 = ORIENTED_EDGE('',*,*,#3213,.T.);
#3213 = EDGE_CURVE('',#3206,#3214,#3216,.T.);
#3214 = VERTEX_POINT('',#3215);
#3215 = CARTESIAN_POINT('',(-20.1295,6.5151,-14.859));
#3216 = LINE('',#3217,#3218);
#3217 = CARTESIAN_POINT('',(-20.1295,-6.5151,-14.859));
#3218 = VECTOR('',#3219,1.);
#3219 = DIRECTION('',(0.,1.,0.));
#3220 = ORIENTED_EDGE('',*,*,#3221,.T.);
#3221 = EDGE_CURVE('',#3214,#3222,#3224,.T.);
#3222 = VERTEX_POINT('',#3223);
#3223 = CARTESIAN_POINT('',(-9.779,16.8656,-14.859));
#3224 = LINE('',#3225,#3226);
#3225 = CARTESIAN_POINT('',(-20.1295,6.5151,-14.859));
#3226 = VECTOR('',#3227,1.);
#3227 = DIRECTION('',(0.707106781187,0.707106781187,0.));
#3228 = ORIENTED_EDGE('',*,*,#3229,.T.);
#3229 = EDGE_CURVE('',#3222,#3230,#3232,.T.);
#3230 = VERTEX_POINT('',#3231);
#3231 = CARTESIAN_POINT('',(10.795,16.8656,-14.859));
#3232 = LINE('',#3233,#3234);
#3233 = CARTESIAN_POINT('',(-9.779,16.8656,-14.859));
#3234 = VECTOR('',#3235,1.);
#3235 = DIRECTION('',(1.,0.,0.));
#3236 = ORIENTED_EDGE('',*,*,#3237,.T.);
#3237 = EDGE_CURVE('',#3230,#3180,#3238,.T.);
#3238 = LINE('',#3239,#3240);
#3239 = CARTESIAN_POINT('',(10.795,16.8656,-14.859));
#3240 = VECTOR('',#3241,1.);
#3241 = DIRECTION('',(0.707106781187,-0.707106781187,0.));
#3242 = FACE_BOUND('',#3243,.F.);
#3243 = EDGE_LOOP('',(#3244,#3255,#3263,#3272,#3280,#3289,#3297,#3306,
    #3314,#3323,#3331,#3340,#3348,#3357,#3365,#3374,#3382,#3391,#3399,
    #3408));
#3244 = ORIENTED_EDGE('',*,*,#3245,.F.);
#3245 = EDGE_CURVE('',#3246,#3248,#3250,.T.);
#3246 = VERTEX_POINT('',#3247);
#3247 = CARTESIAN_POINT('',(18.2245,3.538175326351,-14.859));
#3248 = VERTEX_POINT('',#3249);
#3249 = CARTESIAN_POINT('',(18.2245,-3.538175326351,-14.859));
#3250 = CIRCLE('',#3251,3.7592);
#3251 = AXIS2_PLACEMENT_3D('',#3252,#3253,#3254);
#3252 = CARTESIAN_POINT('',(16.9545,0.,-14.859));
#3253 = DIRECTION('',(0.,0.,-1.));
#3254 = DIRECTION('',(0.337837837838,0.941204332398,0.));
#3255 = ORIENTED_EDGE('',*,*,#3256,.F.);
#3256 = EDGE_CURVE('',#3257,#3246,#3259,.T.);
#3257 = VERTEX_POINT('',#3258);
#3258 = CARTESIAN_POINT('',(18.2245,3.8354,-14.859));
#3259 = LINE('',#3260,#3261);
#3260 = CARTESIAN_POINT('',(18.2245,3.8354,-14.859));
#3261 = VECTOR('',#3262,1.);
#3262 = DIRECTION('',(1.195295678244E-14,-1.,0.));
#3263 = ORIENTED_EDGE('',*,*,#3264,.F.);
#3264 = EDGE_CURVE('',#3265,#3257,#3267,.T.);
#3265 = VERTEX_POINT('',#3266);
#3266 = CARTESIAN_POINT('',(15.99265367264,9.223553672642,-14.859));
#3267 = CIRCLE('',#3268,7.62);
#3268 = AXIS2_PLACEMENT_3D('',#3269,#3270,#3271);
#3269 = CARTESIAN_POINT('',(10.6045,3.8354,-14.859));
#3270 = DIRECTION('',(0.,0.,-1.));
#3271 = DIRECTION('',(0.707106781186,0.707106781187,0.));
#3272 = ORIENTED_EDGE('',*,*,#3273,.F.);
#3273 = EDGE_CURVE('',#3274,#3265,#3276,.T.);
#3274 = VERTEX_POINT('',#3275);
#3275 = CARTESIAN_POINT('',(12.72875367264,12.48745367264,-14.859));
#3276 = LINE('',#3277,#3278);
#3277 = CARTESIAN_POINT('',(12.72875367264,12.48745367264,-14.859));
#3278 = VECTOR('',#3279,1.);
#3279 = DIRECTION('',(0.707106781187,-0.707106781187,0.));
#3280 = ORIENTED_EDGE('',*,*,#3281,.F.);
#3281 = EDGE_CURVE('',#3282,#3274,#3284,.T.);
#3282 = VERTEX_POINT('',#3283);
#3283 = CARTESIAN_POINT('',(7.3406,14.7193,-14.859));
#3284 = CIRCLE('',#3285,7.62);
#3285 = AXIS2_PLACEMENT_3D('',#3286,#3287,#3288);
#3286 = CARTESIAN_POINT('',(7.3406,7.0993,-14.859));
#3287 = DIRECTION('',(0.,0.,-1.));
#3288 = DIRECTION('',(0.,1.,0.));
#3289 = ORIENTED_EDGE('',*,*,#3290,.F.);
#3290 = EDGE_CURVE('',#3291,#3282,#3293,.T.);
#3291 = VERTEX_POINT('',#3292);
#3292 = CARTESIAN_POINT('',(-6.3246,14.7193,-14.859));
#3293 = LINE('',#3294,#3295);
#3294 = CARTESIAN_POINT('',(-6.3246,14.7193,-14.859));
#3295 = VECTOR('',#3296,1.);
#3296 = DIRECTION('',(1.,0.,0.));
#3297 = ORIENTED_EDGE('',*,*,#3298,.F.);
#3298 = EDGE_CURVE('',#3299,#3291,#3301,.T.);
#3299 = VERTEX_POINT('',#3300);
#3300 = CARTESIAN_POINT('',(-11.71275367264,12.48745367264,-14.859));
#3301 = CIRCLE('',#3302,7.62);
#3302 = AXIS2_PLACEMENT_3D('',#3303,#3304,#3305);
#3303 = CARTESIAN_POINT('',(-6.3246,7.0993,-14.859));
#3304 = DIRECTION('',(0.,0.,-1.));
#3305 = DIRECTION('',(-0.707106781187,0.707106781187,0.));
#3306 = ORIENTED_EDGE('',*,*,#3307,.F.);
#3307 = EDGE_CURVE('',#3308,#3299,#3310,.T.);
#3308 = VERTEX_POINT('',#3309);
#3309 = CARTESIAN_POINT('',(-14.97665367264,9.223553672641,-14.859));
#3310 = LINE('',#3311,#3312);
#3311 = CARTESIAN_POINT('',(-14.97665367264,9.223553672641,-14.859));
#3312 = VECTOR('',#3313,1.);
#3313 = DIRECTION('',(0.707106781187,0.707106781187,0.));
#3314 = ORIENTED_EDGE('',*,*,#3315,.F.);
#3315 = EDGE_CURVE('',#3316,#3308,#3318,.T.);
#3316 = VERTEX_POINT('',#3317);
#3317 = CARTESIAN_POINT('',(-17.2085,3.8354,-14.859));
#3318 = CIRCLE('',#3319,7.62);
#3319 = AXIS2_PLACEMENT_3D('',#3320,#3321,#3322);
#3320 = CARTESIAN_POINT('',(-9.5885,3.8354,-14.859));
#3321 = DIRECTION('',(0.,0.,-1.));
#3322 = DIRECTION('',(-1.,0.,0.));
#3323 = ORIENTED_EDGE('',*,*,#3324,.F.);
#3324 = EDGE_CURVE('',#3325,#3316,#3327,.T.);
#3325 = VERTEX_POINT('',#3326);
#3326 = CARTESIAN_POINT('',(-17.2085,3.538175326351,-14.859));
#3327 = LINE('',#3328,#3329);
#3328 = CARTESIAN_POINT('',(-17.2085,3.538175326351,-14.859));
#3329 = VECTOR('',#3330,1.);
#3330 = DIRECTION('',(0.,1.,0.));
#3331 = ORIENTED_EDGE('',*,*,#3332,.F.);
#3332 = EDGE_CURVE('',#3333,#3325,#3335,.T.);
#3333 = VERTEX_POINT('',#3334);
#3334 = CARTESIAN_POINT('',(-17.2085,-3.538175326351,-14.859));
#3335 = CIRCLE('',#3336,3.7592);
#3336 = AXIS2_PLACEMENT_3D('',#3337,#3338,#3339);
#3337 = CARTESIAN_POINT('',(-15.9385,0.,-14.859));
#3338 = DIRECTION('',(0.,0.,-1.));
#3339 = DIRECTION('',(-0.337837837838,-0.941204332398,-0.));
#3340 = ORIENTED_EDGE('',*,*,#3341,.F.);
#3341 = EDGE_CURVE('',#3342,#3333,#3344,.T.);
#3342 = VERTEX_POINT('',#3343);
#3343 = CARTESIAN_POINT('',(-17.2085,-3.8354,-14.859));
#3344 = LINE('',#3345,#3346);
#3345 = CARTESIAN_POINT('',(-17.2085,-3.8354,-14.859));
#3346 = VECTOR('',#3347,1.);
#3347 = DIRECTION('',(-1.195295678244E-14,1.,0.));
#3348 = ORIENTED_EDGE('',*,*,#3349,.F.);
#3349 = EDGE_CURVE('',#3350,#3342,#3352,.T.);
#3350 = VERTEX_POINT('',#3351);
#3351 = CARTESIAN_POINT('',(-14.97665367264,-9.223553672642,-14.859));
#3352 = CIRCLE('',#3353,7.62);
#3353 = AXIS2_PLACEMENT_3D('',#3354,#3355,#3356);
#3354 = CARTESIAN_POINT('',(-9.5885,-3.8354,-14.859));
#3355 = DIRECTION('',(0.,0.,-1.));
#3356 = DIRECTION('',(-0.707106781186,-0.707106781187,-0.));
#3357 = ORIENTED_EDGE('',*,*,#3358,.F.);
#3358 = EDGE_CURVE('',#3359,#3350,#3361,.T.);
#3359 = VERTEX_POINT('',#3360);
#3360 = CARTESIAN_POINT('',(-11.71275367264,-12.48745367264,-14.859));
#3361 = LINE('',#3362,#3363);
#3362 = CARTESIAN_POINT('',(-11.71275367264,-12.48745367264,-14.859));
#3363 = VECTOR('',#3364,1.);
#3364 = DIRECTION('',(-0.707106781187,0.707106781187,0.));
#3365 = ORIENTED_EDGE('',*,*,#3366,.F.);
#3366 = EDGE_CURVE('',#3367,#3359,#3369,.T.);
#3367 = VERTEX_POINT('',#3368);
#3368 = CARTESIAN_POINT('',(-6.3246,-14.7193,-14.859));
#3369 = CIRCLE('',#3370,7.62);
#3370 = AXIS2_PLACEMENT_3D('',#3371,#3372,#3373);
#3371 = CARTESIAN_POINT('',(-6.3246,-7.0993,-14.859));
#3372 = DIRECTION('',(0.,0.,-1.));
#3373 = DIRECTION('',(0.,-1.,0.));
#3374 = ORIENTED_EDGE('',*,*,#3375,.F.);
#3375 = EDGE_CURVE('',#3376,#3367,#3378,.T.);
#3376 = VERTEX_POINT('',#3377);
#3377 = CARTESIAN_POINT('',(7.3406,-14.7193,-14.859));
#3378 = LINE('',#3379,#3380);
#3379 = CARTESIAN_POINT('',(7.3406,-14.7193,-14.859));
#3380 = VECTOR('',#3381,1.);
#3381 = DIRECTION('',(-1.,0.,0.));
#3382 = ORIENTED_EDGE('',*,*,#3383,.F.);
#3383 = EDGE_CURVE('',#3384,#3376,#3386,.T.);
#3384 = VERTEX_POINT('',#3385);
#3385 = CARTESIAN_POINT('',(12.72875367264,-12.48745367264,-14.859));
#3386 = CIRCLE('',#3387,7.62);
#3387 = AXIS2_PLACEMENT_3D('',#3388,#3389,#3390);
#3388 = CARTESIAN_POINT('',(7.3406,-7.0993,-14.859));
#3389 = DIRECTION('',(0.,0.,-1.));
#3390 = DIRECTION('',(0.707106781187,-0.707106781187,0.));
#3391 = ORIENTED_EDGE('',*,*,#3392,.F.);
#3392 = EDGE_CURVE('',#3393,#3384,#3395,.T.);
#3393 = VERTEX_POINT('',#3394);
#3394 = CARTESIAN_POINT('',(15.99265367264,-9.223553672641,-14.859));
#3395 = LINE('',#3396,#3397);
#3396 = CARTESIAN_POINT('',(15.99265367264,-9.223553672641,-14.859));
#3397 = VECTOR('',#3398,1.);
#3398 = DIRECTION('',(-0.707106781187,-0.707106781187,0.));
#3399 = ORIENTED_EDGE('',*,*,#3400,.F.);
#3400 = EDGE_CURVE('',#3401,#3393,#3403,.T.);
#3401 = VERTEX_POINT('',#3402);
#3402 = CARTESIAN_POINT('',(18.2245,-3.8354,-14.859));
#3403 = CIRCLE('',#3404,7.62);
#3404 = AXIS2_PLACEMENT_3D('',#3405,#3406,#3407);
#3405 = CARTESIAN_POINT('',(10.6045,-3.8354,-14.859));
#3406 = DIRECTION('',(0.,0.,-1.));
#3407 = DIRECTION('',(1.,0.,0.));
#3408 = ORIENTED_EDGE('',*,*,#3409,.F.);
#3409 = EDGE_CURVE('',#3248,#3401,#3410,.T.);
#3410 = LINE('',#3411,#3412);
#3411 = CARTESIAN_POINT('',(18.2245,-3.538175326351,-14.859));
#3412 = VECTOR('',#3413,1.);
#3413 = DIRECTION('',(-1.195295678244E-14,-1.,0.));
#3414 = PLANE('',#3415);
#3415 = AXIS2_PLACEMENT_3D('',#3416,#3417,#3418);
#3416 = CARTESIAN_POINT('',(0.,0.,-14.859));
#3417 = DIRECTION('',(0.,0.,-1.));
#3418 = DIRECTION('',(0.,-1.,0.));
#3419 = ADVANCED_FACE('',(#3420,#3592),#3697,.F.);
#3420 = FACE_BOUND('',#3421,.F.);
#3421 = EDGE_LOOP('',(#3422,#3433,#3441,#3450,#3458,#3467,#3475,#3484,
    #3492,#3501,#3509,#3518,#3526,#3535,#3543,#3552,#3560,#3569,#3577,
    #3586));
#3422 = ORIENTED_EDGE('',*,*,#3423,.F.);
#3423 = EDGE_CURVE('',#3424,#3426,#3428,.T.);
#3424 = VERTEX_POINT('',#3425);
#3425 = CARTESIAN_POINT('',(15.6845,-3.538175326351,-14.859));
#3426 = VERTEX_POINT('',#3427);
#3427 = CARTESIAN_POINT('',(15.6845,3.538175326351,-14.859));
#3428 = CIRCLE('',#3429,3.7592);
#3429 = AXIS2_PLACEMENT_3D('',#3430,#3431,#3432);
#3430 = CARTESIAN_POINT('',(16.9545,0.,-14.859));
#3431 = DIRECTION('',(0.,0.,-1.));
#3432 = DIRECTION('',(-0.337837837838,-0.941204332398,-0.));
#3433 = ORIENTED_EDGE('',*,*,#3434,.T.);
#3434 = EDGE_CURVE('',#3424,#3435,#3437,.T.);
#3435 = VERTEX_POINT('',#3436);
#3436 = CARTESIAN_POINT('',(15.6845,-3.8354,-14.859));
#3437 = LINE('',#3438,#3439);
#3438 = CARTESIAN_POINT('',(15.6845,-3.538175326351,-14.859));
#3439 = VECTOR('',#3440,1.);
#3440 = DIRECTION('',(0.,-1.,0.));
#3441 = ORIENTED_EDGE('',*,*,#3442,.T.);
#3442 = EDGE_CURVE('',#3435,#3443,#3445,.T.);
#3443 = VERTEX_POINT('',#3444);
#3444 = CARTESIAN_POINT('',(14.19660244843,-7.427502448428,-14.859));
#3445 = CIRCLE('',#3446,5.08);
#3446 = AXIS2_PLACEMENT_3D('',#3447,#3448,#3449);
#3447 = CARTESIAN_POINT('',(10.6045,-3.8354,-14.859));
#3448 = DIRECTION('',(0.,0.,-1.));
#3449 = DIRECTION('',(1.,0.,0.));
#3450 = ORIENTED_EDGE('',*,*,#3451,.T.);
#3451 = EDGE_CURVE('',#3443,#3452,#3454,.T.);
#3452 = VERTEX_POINT('',#3453);
#3453 = CARTESIAN_POINT('',(10.93270244843,-10.69140244843,-14.859));
#3454 = LINE('',#3455,#3456);
#3455 = CARTESIAN_POINT('',(14.19660244843,-7.427502448428,-14.859));
#3456 = VECTOR('',#3457,1.);
#3457 = DIRECTION('',(-0.707106781187,-0.707106781187,0.));
#3458 = ORIENTED_EDGE('',*,*,#3459,.T.);
#3459 = EDGE_CURVE('',#3452,#3460,#3462,.T.);
#3460 = VERTEX_POINT('',#3461);
#3461 = CARTESIAN_POINT('',(7.3406,-12.1793,-14.859));
#3462 = CIRCLE('',#3463,5.08);
#3463 = AXIS2_PLACEMENT_3D('',#3464,#3465,#3466);
#3464 = CARTESIAN_POINT('',(7.3406,-7.0993,-14.859));
#3465 = DIRECTION('',(0.,0.,-1.));
#3466 = DIRECTION('',(0.707106781186,-0.707106781187,0.));
#3467 = ORIENTED_EDGE('',*,*,#3468,.T.);
#3468 = EDGE_CURVE('',#3460,#3469,#3471,.T.);
#3469 = VERTEX_POINT('',#3470);
#3470 = CARTESIAN_POINT('',(-6.3246,-12.1793,-14.859));
#3471 = LINE('',#3472,#3473);
#3472 = CARTESIAN_POINT('',(7.3406,-12.1793,-14.859));
#3473 = VECTOR('',#3474,1.);
#3474 = DIRECTION('',(-1.,0.,0.));
#3475 = ORIENTED_EDGE('',*,*,#3476,.T.);
#3476 = EDGE_CURVE('',#3469,#3477,#3479,.T.);
#3477 = VERTEX_POINT('',#3478);
#3478 = CARTESIAN_POINT('',(-9.916702448428,-10.69140244843,-14.859));
#3479 = CIRCLE('',#3480,5.08);
#3480 = AXIS2_PLACEMENT_3D('',#3481,#3482,#3483);
#3481 = CARTESIAN_POINT('',(-6.3246,-7.0993,-14.859));
#3482 = DIRECTION('',(0.,0.,-1.));
#3483 = DIRECTION('',(-2.325349012207E-14,-1.,-0.));
#3484 = ORIENTED_EDGE('',*,*,#3485,.T.);
#3485 = EDGE_CURVE('',#3477,#3486,#3488,.T.);
#3486 = VERTEX_POINT('',#3487);
#3487 = CARTESIAN_POINT('',(-13.18060244843,-7.427502448428,-14.859));
#3488 = LINE('',#3489,#3490);
#3489 = CARTESIAN_POINT('',(-9.916702448428,-10.69140244843,-14.859));
#3490 = VECTOR('',#3491,1.);
#3491 = DIRECTION('',(-0.707106781187,0.707106781187,0.));
#3492 = ORIENTED_EDGE('',*,*,#3493,.T.);
#3493 = EDGE_CURVE('',#3486,#3494,#3496,.T.);
#3494 = VERTEX_POINT('',#3495);
#3495 = CARTESIAN_POINT('',(-14.6685,-3.8354,-14.859));
#3496 = CIRCLE('',#3497,5.08);
#3497 = AXIS2_PLACEMENT_3D('',#3498,#3499,#3500);
#3498 = CARTESIAN_POINT('',(-9.5885,-3.8354,-14.859));
#3499 = DIRECTION('',(0.,0.,-1.));
#3500 = DIRECTION('',(-0.707106781186,-0.707106781187,-0.));
#3501 = ORIENTED_EDGE('',*,*,#3502,.T.);
#3502 = EDGE_CURVE('',#3494,#3503,#3505,.T.);
#3503 = VERTEX_POINT('',#3504);
#3504 = CARTESIAN_POINT('',(-14.6685,-3.538175326351,-14.859));
#3505 = LINE('',#3506,#3507);
#3506 = CARTESIAN_POINT('',(-14.6685,-3.8354,-14.859));
#3507 = VECTOR('',#3508,1.);
#3508 = DIRECTION('',(0.,1.,0.));
#3509 = ORIENTED_EDGE('',*,*,#3510,.F.);
#3510 = EDGE_CURVE('',#3511,#3503,#3513,.T.);
#3511 = VERTEX_POINT('',#3512);
#3512 = CARTESIAN_POINT('',(-14.6685,3.538175326351,-14.859));
#3513 = CIRCLE('',#3514,3.7592);
#3514 = AXIS2_PLACEMENT_3D('',#3515,#3516,#3517);
#3515 = CARTESIAN_POINT('',(-15.9385,0.,-14.859));
#3516 = DIRECTION('',(0.,0.,-1.));
#3517 = DIRECTION('',(0.337837837838,0.941204332398,0.));
#3518 = ORIENTED_EDGE('',*,*,#3519,.T.);
#3519 = EDGE_CURVE('',#3511,#3520,#3522,.T.);
#3520 = VERTEX_POINT('',#3521);
#3521 = CARTESIAN_POINT('',(-14.6685,3.8354,-14.859));
#3522 = LINE('',#3523,#3524);
#3523 = CARTESIAN_POINT('',(-14.6685,3.538175326351,-14.859));
#3524 = VECTOR('',#3525,1.);
#3525 = DIRECTION('',(0.,1.,0.));
#3526 = ORIENTED_EDGE('',*,*,#3527,.T.);
#3527 = EDGE_CURVE('',#3520,#3528,#3530,.T.);
#3528 = VERTEX_POINT('',#3529);
#3529 = CARTESIAN_POINT('',(-13.18060244843,7.427502448428,-14.859));
#3530 = CIRCLE('',#3531,5.08);
#3531 = AXIS2_PLACEMENT_3D('',#3532,#3533,#3534);
#3532 = CARTESIAN_POINT('',(-9.5885,3.8354,-14.859));
#3533 = DIRECTION('',(0.,0.,-1.));
#3534 = DIRECTION('',(-1.,1.145190678944E-14,0.));
#3535 = ORIENTED_EDGE('',*,*,#3536,.T.);
#3536 = EDGE_CURVE('',#3528,#3537,#3539,.T.);
#3537 = VERTEX_POINT('',#3538);
#3538 = CARTESIAN_POINT('',(-9.916702448428,10.69140244843,-14.859));
#3539 = LINE('',#3540,#3541);
#3540 = CARTESIAN_POINT('',(-13.18060244843,7.427502448428,-14.859));
#3541 = VECTOR('',#3542,1.);
#3542 = DIRECTION('',(0.707106781187,0.707106781187,0.));
#3543 = ORIENTED_EDGE('',*,*,#3544,.T.);
#3544 = EDGE_CURVE('',#3537,#3545,#3547,.T.);
#3545 = VERTEX_POINT('',#3546);
#3546 = CARTESIAN_POINT('',(-6.3246,12.1793,-14.859));
#3547 = CIRCLE('',#3548,5.08);
#3548 = AXIS2_PLACEMENT_3D('',#3549,#3550,#3551);
#3549 = CARTESIAN_POINT('',(-6.3246,7.0993,-14.859));
#3550 = DIRECTION('',(0.,0.,-1.));
#3551 = DIRECTION('',(-0.707106781186,0.707106781187,0.));
#3552 = ORIENTED_EDGE('',*,*,#3553,.T.);
#3553 = EDGE_CURVE('',#3545,#3554,#3556,.T.);
#3554 = VERTEX_POINT('',#3555);
#3555 = CARTESIAN_POINT('',(7.3406,12.1793,-14.859));
#3556 = LINE('',#3557,#3558);
#3557 = CARTESIAN_POINT('',(-6.3246,12.1793,-14.859));
#3558 = VECTOR('',#3559,1.);
#3559 = DIRECTION('',(1.,0.,0.));
#3560 = ORIENTED_EDGE('',*,*,#3561,.T.);
#3561 = EDGE_CURVE('',#3554,#3562,#3564,.T.);
#3562 = VERTEX_POINT('',#3563);
#3563 = CARTESIAN_POINT('',(10.93270244843,10.69140244843,-14.859));
#3564 = CIRCLE('',#3565,5.08);
#3565 = AXIS2_PLACEMENT_3D('',#3566,#3567,#3568);
#3566 = CARTESIAN_POINT('',(7.3406,7.0993,-14.859));
#3567 = DIRECTION('',(0.,0.,-1.));
#3568 = DIRECTION('',(1.136448765364E-14,1.,0.));
#3569 = ORIENTED_EDGE('',*,*,#3570,.T.);
#3570 = EDGE_CURVE('',#3562,#3571,#3573,.T.);
#3571 = VERTEX_POINT('',#3572);
#3572 = CARTESIAN_POINT('',(14.19660244843,7.427502448428,-14.859));
#3573 = LINE('',#3574,#3575);
#3574 = CARTESIAN_POINT('',(10.93270244843,10.69140244843,-14.859));
#3575 = VECTOR('',#3576,1.);
#3576 = DIRECTION('',(0.707106781187,-0.707106781187,0.));
#3577 = ORIENTED_EDGE('',*,*,#3578,.T.);
#3578 = EDGE_CURVE('',#3571,#3579,#3581,.T.);
#3579 = VERTEX_POINT('',#3580);
#3580 = CARTESIAN_POINT('',(15.6845,3.8354,-14.859));
#3581 = CIRCLE('',#3582,5.08);
#3582 = AXIS2_PLACEMENT_3D('',#3583,#3584,#3585);
#3583 = CARTESIAN_POINT('',(10.6045,3.8354,-14.859));
#3584 = DIRECTION('',(0.,0.,-1.));
#3585 = DIRECTION('',(0.707106781187,0.707106781186,0.));
#3586 = ORIENTED_EDGE('',*,*,#3587,.T.);
#3587 = EDGE_CURVE('',#3579,#3426,#3588,.T.);
#3588 = LINE('',#3589,#3590);
#3589 = CARTESIAN_POINT('',(15.6845,3.8354,-14.859));
#3590 = VECTOR('',#3591,1.);
#3591 = DIRECTION('',(0.,-1.,0.));
#3592 = FACE_BOUND('',#3593,.F.);
#3593 = EDGE_LOOP('',(#3594,#3604,#3613,#3621,#3630,#3638,#3647,#3654,
    #3655,#3656,#3664,#3673,#3681,#3690));
#3594 = ORIENTED_EDGE('',*,*,#3595,.T.);
#3595 = EDGE_CURVE('',#3596,#3598,#3600,.T.);
#3596 = VERTEX_POINT('',#3597);
#3597 = CARTESIAN_POINT('',(-2.952128127664,-10.414,-14.859));
#3598 = VERTEX_POINT('',#3599);
#3599 = CARTESIAN_POINT('',(6.9977,-10.414,-14.859));
#3600 = LINE('',#3601,#3602);
#3601 = CARTESIAN_POINT('',(-2.952128127664,-10.414,-14.859));
#3602 = VECTOR('',#3603,1.);
#3603 = DIRECTION('',(1.,0.,0.));
#3604 = ORIENTED_EDGE('',*,*,#3605,.T.);
#3605 = EDGE_CURVE('',#3598,#3606,#3608,.T.);
#3606 = VERTEX_POINT('',#3607);
#3607 = CARTESIAN_POINT('',(12.5857,-4.826,-14.859));
#3608 = CIRCLE('',#3609,5.588);
#3609 = AXIS2_PLACEMENT_3D('',#3610,#3611,#3612);
#3610 = CARTESIAN_POINT('',(6.9977,-4.826,-14.859));
#3611 = DIRECTION('',(0.,0.,1.));
#3612 = DIRECTION('',(1.192079124508E-14,-1.,0.));
#3613 = ORIENTED_EDGE('',*,*,#3614,.T.);
#3614 = EDGE_CURVE('',#3606,#3615,#3617,.T.);
#3615 = VERTEX_POINT('',#3616);
#3616 = CARTESIAN_POINT('',(12.5857,4.826,-14.859));
#3617 = LINE('',#3618,#3619);
#3618 = CARTESIAN_POINT('',(12.5857,-4.826,-14.859));
#3619 = VECTOR('',#3620,1.);
#3620 = DIRECTION('',(0.,1.,0.));
#3621 = ORIENTED_EDGE('',*,*,#3622,.T.);
#3622 = EDGE_CURVE('',#3615,#3623,#3625,.T.);
#3623 = VERTEX_POINT('',#3624);
#3624 = CARTESIAN_POINT('',(6.9977,10.414,-14.859));
#3625 = CIRCLE('',#3626,5.588);
#3626 = AXIS2_PLACEMENT_3D('',#3627,#3628,#3629);
#3627 = CARTESIAN_POINT('',(6.9977,4.826,-14.859));
#3628 = DIRECTION('',(0.,0.,1.));
#3629 = DIRECTION('',(1.,0.,-0.));
#3630 = ORIENTED_EDGE('',*,*,#3631,.T.);
#3631 = EDGE_CURVE('',#3623,#3632,#3634,.T.);
#3632 = VERTEX_POINT('',#3633);
#3633 = CARTESIAN_POINT('',(-2.952128127664,10.414,-14.859));
#3634 = LINE('',#3635,#3636);
#3635 = CARTESIAN_POINT('',(6.9977,10.414,-14.859));
#3636 = VECTOR('',#3637,1.);
#3637 = DIRECTION('',(-1.,0.,0.));
#3638 = ORIENTED_EDGE('',*,*,#3639,.T.);
#3639 = EDGE_CURVE('',#3632,#3640,#3642,.T.);
#3640 = VERTEX_POINT('',#3641);
#3641 = CARTESIAN_POINT('',(-8.4963,5.5245,-14.859));
#3642 = CIRCLE('',#3643,5.588);
#3643 = AXIS2_PLACEMENT_3D('',#3644,#3645,#3646);
#3644 = CARTESIAN_POINT('',(-2.952128127664,4.826,-14.859));
#3645 = DIRECTION('',(0.,-0.,1.));
#3646 = DIRECTION('',(0.,1.,0.));
#3647 = ORIENTED_EDGE('',*,*,#3648,.F.);
#3648 = EDGE_CURVE('',#3134,#3640,#3649,.T.);
#3649 = CIRCLE('',#3650,0.508);
#3650 = AXIS2_PLACEMENT_3D('',#3651,#3652,#3653);
#3651 = CARTESIAN_POINT('',(-9.000315624758,5.588,-14.859));
#3652 = DIRECTION('',(0.,0.,1.));
#3653 = DIRECTION('',(3.49676543189E-14,-1.,0.));
#3654 = ORIENTED_EDGE('',*,*,#3133,.T.);
#3655 = ORIENTED_EDGE('',*,*,#2751,.T.);
#3656 = ORIENTED_EDGE('',*,*,#3657,.T.);
#3657 = EDGE_CURVE('',#2752,#3658,#3660,.T.);
#3658 = VERTEX_POINT('',#3659);
#3659 = CARTESIAN_POINT('',(-11.5697,-3.556,-14.859));
#3660 = LINE('',#3661,#3662);
#3661 = CARTESIAN_POINT('',(-11.5697,3.556,-14.859));
#3662 = VECTOR('',#3663,1.);
#3663 = DIRECTION('',(0.,-1.,0.));
#3664 = ORIENTED_EDGE('',*,*,#3665,.T.);
#3665 = EDGE_CURVE('',#3658,#3666,#3668,.T.);
#3666 = VERTEX_POINT('',#3667);
#3667 = CARTESIAN_POINT('',(-10.0457,-5.08,-14.859));
#3668 = CIRCLE('',#3669,1.524);
#3669 = AXIS2_PLACEMENT_3D('',#3670,#3671,#3672);
#3670 = CARTESIAN_POINT('',(-10.0457,-3.556,-14.859));
#3671 = DIRECTION('',(0.,0.,1.));
#3672 = DIRECTION('',(-1.,0.,0.));
#3673 = ORIENTED_EDGE('',*,*,#3674,.T.);
#3674 = EDGE_CURVE('',#3666,#3675,#3677,.T.);
#3675 = VERTEX_POINT('',#3676);
#3676 = CARTESIAN_POINT('',(-9.000315624758,-5.08,-14.859));
#3677 = LINE('',#3678,#3679);
#3678 = CARTESIAN_POINT('',(-10.0457,-5.08,-14.859));
#3679 = VECTOR('',#3680,1.);
#3680 = DIRECTION('',(1.,0.,0.));
#3681 = ORIENTED_EDGE('',*,*,#3682,.F.);
#3682 = EDGE_CURVE('',#3683,#3675,#3685,.T.);
#3683 = VERTEX_POINT('',#3684);
#3684 = CARTESIAN_POINT('',(-8.4963,-5.5245,-14.859));
#3685 = CIRCLE('',#3686,0.508);
#3686 = AXIS2_PLACEMENT_3D('',#3687,#3688,#3689);
#3687 = CARTESIAN_POINT('',(-9.000315624758,-5.588,-14.859));
#3688 = DIRECTION('',(0.,0.,1.));
#3689 = DIRECTION('',(0.992156741649,0.125,-0.));
#3690 = ORIENTED_EDGE('',*,*,#3691,.T.);
#3691 = EDGE_CURVE('',#3683,#3596,#3692,.T.);
#3692 = CIRCLE('',#3693,5.588);
#3693 = AXIS2_PLACEMENT_3D('',#3694,#3695,#3696);
#3694 = CARTESIAN_POINT('',(-2.952128127664,-4.826,-14.859));
#3695 = DIRECTION('',(0.,0.,1.));
#3696 = DIRECTION('',(-0.992156741649,-0.125,0.));
#3697 = PLANE('',#3698);
#3698 = AXIS2_PLACEMENT_3D('',#3699,#3700,#3701);
#3699 = CARTESIAN_POINT('',(0.,0.,-14.859));
#3700 = DIRECTION('',(0.,0.,-1.));
#3701 = DIRECTION('',(0.,-1.,0.));
#3702 = ADVANCED_FACE('',(#3703),#3719,.T.);
#3703 = FACE_BOUND('',#3704,.F.);
#3704 = EDGE_LOOP('',(#3705,#3706,#3712,#3713));
#3705 = ORIENTED_EDGE('',*,*,#2936,.T.);
#3706 = ORIENTED_EDGE('',*,*,#3707,.T.);
#3707 = EDGE_CURVE('',#2937,#3598,#3708,.T.);
#3708 = LINE('',#3709,#3710);
#3709 = CARTESIAN_POINT('',(6.9977,-10.414,-0.508));
#3710 = VECTOR('',#3711,1.);
#3711 = DIRECTION('',(0.,0.,-1.));
#3712 = ORIENTED_EDGE('',*,*,#3595,.F.);
#3713 = ORIENTED_EDGE('',*,*,#3714,.F.);
#3714 = EDGE_CURVE('',#2911,#3596,#3715,.T.);
#3715 = LINE('',#3716,#3717);
#3716 = CARTESIAN_POINT('',(-2.952128127664,-10.414,-0.508));
#3717 = VECTOR('',#3718,1.);
#3718 = DIRECTION('',(0.,0.,-1.));
#3719 = PLANE('',#3720);
#3720 = AXIS2_PLACEMENT_3D('',#3721,#3722,#3723);
#3721 = CARTESIAN_POINT('',(-2.952128127664,-10.414,0.));
#3722 = DIRECTION('',(0.,-1.,0.));
#3723 = DIRECTION('',(1.,0.,0.));
#3724 = ADVANCED_FACE('',(#3725),#3736,.T.);
#3725 = FACE_BOUND('',#3726,.T.);
#3726 = EDGE_LOOP('',(#3727,#3728,#3729,#3735));
#3727 = ORIENTED_EDGE('',*,*,#3707,.T.);
#3728 = ORIENTED_EDGE('',*,*,#3605,.T.);
#3729 = ORIENTED_EDGE('',*,*,#3730,.F.);
#3730 = EDGE_CURVE('',#2962,#3606,#3731,.T.);
#3731 = LINE('',#3732,#3733);
#3732 = CARTESIAN_POINT('',(12.5857,-4.826,-0.508));
#3733 = VECTOR('',#3734,1.);
#3734 = DIRECTION('',(0.,0.,-1.));
#3735 = ORIENTED_EDGE('',*,*,#2961,.F.);
#3736 = CYLINDRICAL_SURFACE('',#3737,5.588);
#3737 = AXIS2_PLACEMENT_3D('',#3738,#3739,#3740);
#3738 = CARTESIAN_POINT('',(6.9977,-4.826,0.));
#3739 = DIRECTION('',(0.,0.,1.));
#3740 = DIRECTION('',(1.,0.,-0.));
#3741 = ADVANCED_FACE('',(#3742),#3753,.T.);
#3742 = FACE_BOUND('',#3743,.F.);
#3743 = EDGE_LOOP('',(#3744,#3745,#3751,#3752));
#3744 = ORIENTED_EDGE('',*,*,#2987,.T.);
#3745 = ORIENTED_EDGE('',*,*,#3746,.T.);
#3746 = EDGE_CURVE('',#2988,#3615,#3747,.T.);
#3747 = LINE('',#3748,#3749);
#3748 = CARTESIAN_POINT('',(12.5857,4.826,-0.508));
#3749 = VECTOR('',#3750,1.);
#3750 = DIRECTION('',(0.,0.,-1.));
#3751 = ORIENTED_EDGE('',*,*,#3614,.F.);
#3752 = ORIENTED_EDGE('',*,*,#3730,.F.);
#3753 = PLANE('',#3754);
#3754 = AXIS2_PLACEMENT_3D('',#3755,#3756,#3757);
#3755 = CARTESIAN_POINT('',(12.5857,-4.826,0.));
#3756 = DIRECTION('',(1.,0.,0.));
#3757 = DIRECTION('',(-0.,1.,0.));
#3758 = ADVANCED_FACE('',(#3759),#3770,.T.);
#3759 = FACE_BOUND('',#3760,.T.);
#3760 = EDGE_LOOP('',(#3761,#3762,#3763,#3769));
#3761 = ORIENTED_EDGE('',*,*,#3746,.T.);
#3762 = ORIENTED_EDGE('',*,*,#3622,.T.);
#3763 = ORIENTED_EDGE('',*,*,#3764,.F.);
#3764 = EDGE_CURVE('',#3013,#3623,#3765,.T.);
#3765 = LINE('',#3766,#3767);
#3766 = CARTESIAN_POINT('',(6.9977,10.414,-0.508));
#3767 = VECTOR('',#3768,1.);
#3768 = DIRECTION('',(0.,0.,-1.));
#3769 = ORIENTED_EDGE('',*,*,#3012,.F.);
#3770 = CYLINDRICAL_SURFACE('',#3771,5.588);
#3771 = AXIS2_PLACEMENT_3D('',#3772,#3773,#3774);
#3772 = CARTESIAN_POINT('',(6.9977,4.826,0.));
#3773 = DIRECTION('',(0.,0.,1.));
#3774 = DIRECTION('',(1.,0.,-0.));
#3775 = ADVANCED_FACE('',(#3776),#3787,.T.);
#3776 = FACE_BOUND('',#3777,.F.);
#3777 = EDGE_LOOP('',(#3778,#3779,#3785,#3786));
#3778 = ORIENTED_EDGE('',*,*,#3038,.T.);
#3779 = ORIENTED_EDGE('',*,*,#3780,.T.);
#3780 = EDGE_CURVE('',#3039,#3632,#3781,.T.);
#3781 = LINE('',#3782,#3783);
#3782 = CARTESIAN_POINT('',(-2.952128127664,10.414,-0.508));
#3783 = VECTOR('',#3784,1.);
#3784 = DIRECTION('',(0.,0.,-1.));
#3785 = ORIENTED_EDGE('',*,*,#3631,.F.);
#3786 = ORIENTED_EDGE('',*,*,#3764,.F.);
#3787 = PLANE('',#3788);
#3788 = AXIS2_PLACEMENT_3D('',#3789,#3790,#3791);
#3789 = CARTESIAN_POINT('',(6.9977,10.414,0.));
#3790 = DIRECTION('',(0.,1.,0.));
#3791 = DIRECTION('',(-1.,0.,0.));
#3792 = ADVANCED_FACE('',(#3793),#3804,.T.);
#3793 = FACE_BOUND('',#3794,.T.);
#3794 = EDGE_LOOP('',(#3795,#3796,#3797,#3803));
#3795 = ORIENTED_EDGE('',*,*,#3780,.T.);
#3796 = ORIENTED_EDGE('',*,*,#3639,.T.);
#3797 = ORIENTED_EDGE('',*,*,#3798,.F.);
#3798 = EDGE_CURVE('',#3064,#3640,#3799,.T.);
#3799 = LINE('',#3800,#3801);
#3800 = CARTESIAN_POINT('',(-8.4963,5.524500000001,-0.508));
#3801 = VECTOR('',#3802,1.);
#3802 = DIRECTION('',(0.,-5.526746071996E-14,-1.));
#3803 = ORIENTED_EDGE('',*,*,#3063,.F.);
#3804 = CYLINDRICAL_SURFACE('',#3805,5.588);
#3805 = AXIS2_PLACEMENT_3D('',#3806,#3807,#3808);
#3806 = CARTESIAN_POINT('',(-2.952128127664,4.826,0.));
#3807 = DIRECTION('',(0.,0.,1.));
#3808 = DIRECTION('',(1.,0.,-0.));
#3809 = ADVANCED_FACE('',(#3810),#3823,.F.);
#3810 = FACE_BOUND('',#3811,.F.);
#3811 = EDGE_LOOP('',(#3812,#3813,#3814,#3820,#3821,#3822));
#3812 = ORIENTED_EDGE('',*,*,#3089,.T.);
#3813 = ORIENTED_EDGE('',*,*,#3165,.T.);
#3814 = ORIENTED_EDGE('',*,*,#3815,.F.);
#3815 = EDGE_CURVE('',#2598,#3158,#3816,.T.);
#3816 = LINE('',#3817,#3818);
#3817 = CARTESIAN_POINT('',(-9.000315624758,5.08,-6.6802));
#3818 = VECTOR('',#3819,1.);
#3819 = DIRECTION('',(0.,0.,1.));
#3820 = ORIENTED_EDGE('',*,*,#3141,.T.);
#3821 = ORIENTED_EDGE('',*,*,#3648,.T.);
#3822 = ORIENTED_EDGE('',*,*,#3798,.F.);
#3823 = CYLINDRICAL_SURFACE('',#3824,0.508);
#3824 = AXIS2_PLACEMENT_3D('',#3825,#3826,#3827);
#3825 = CARTESIAN_POINT('',(-9.000315624758,5.588,0.));
#3826 = DIRECTION('',(0.,0.,1.));
#3827 = DIRECTION('',(1.,0.,-0.));
#3828 = ADVANCED_FACE('',(#3829),#3847,.F.);
#3829 = FACE_BOUND('',#3830,.F.);
#3830 = EDGE_LOOP('',(#3831,#3832,#3840,#3846));
#3831 = ORIENTED_EDGE('',*,*,#3815,.T.);
#3832 = ORIENTED_EDGE('',*,*,#3833,.T.);
#3833 = EDGE_CURVE('',#3158,#3834,#3836,.T.);
#3834 = VERTEX_POINT('',#3835);
#3835 = CARTESIAN_POINT('',(-8.9027,5.08,-2.1082));
#3836 = LINE('',#3837,#3838);
#3837 = CARTESIAN_POINT('',(-9.000315624758,5.08,-2.1082));
#3838 = VECTOR('',#3839,1.);
#3839 = DIRECTION('',(1.,0.,0.));
#3840 = ORIENTED_EDGE('',*,*,#3841,.T.);
#3841 = EDGE_CURVE('',#3834,#2606,#3842,.T.);
#3842 = LINE('',#3843,#3844);
#3843 = CARTESIAN_POINT('',(-8.9027,5.08,-2.1082));
#3844 = VECTOR('',#3845,1.);
#3845 = DIRECTION('',(0.,0.,-1.));
#3846 = ORIENTED_EDGE('',*,*,#2605,.T.);
#3847 = PLANE('',#3848);
#3848 = AXIS2_PLACEMENT_3D('',#3849,#3850,#3851);
#3849 = CARTESIAN_POINT('',(0.,5.08,0.));
#3850 = DIRECTION('',(0.,1.,0.));
#3851 = DIRECTION('',(-1.,0.,0.));
#3852 = ADVANCED_FACE('',(#3853),#3896,.F.);
#3853 = FACE_BOUND('',#3854,.F.);
#3854 = EDGE_LOOP('',(#3855,#3856,#3864,#3872,#3880,#3888,#3894,#3895));
#3855 = ORIENTED_EDGE('',*,*,#2727,.T.);
#3856 = ORIENTED_EDGE('',*,*,#3857,.T.);
#3857 = EDGE_CURVE('',#2728,#3858,#3860,.T.);
#3858 = VERTEX_POINT('',#3859);
#3859 = CARTESIAN_POINT('',(-10.5537,2.6162,-2.1082));
#3860 = LINE('',#3861,#3862);
#3861 = CARTESIAN_POINT('',(-10.5537,4.992840979371,-2.1082));
#3862 = VECTOR('',#3863,1.);
#3863 = DIRECTION('',(0.,-1.,0.));
#3864 = ORIENTED_EDGE('',*,*,#3865,.F.);
#3865 = EDGE_CURVE('',#3866,#3858,#3868,.T.);
#3866 = VERTEX_POINT('',#3867);
#3867 = CARTESIAN_POINT('',(-9.1313,2.6162,-2.1082));
#3868 = LINE('',#3869,#3870);
#3869 = CARTESIAN_POINT('',(-9.1313,2.6162,-2.1082));
#3870 = VECTOR('',#3871,1.);
#3871 = DIRECTION('',(-1.,0.,0.));
#3872 = ORIENTED_EDGE('',*,*,#3873,.F.);
#3873 = EDGE_CURVE('',#3874,#3866,#3876,.T.);
#3874 = VERTEX_POINT('',#3875);
#3875 = CARTESIAN_POINT('',(-9.1313,4.0132,-2.1082));
#3876 = LINE('',#3877,#3878);
#3877 = CARTESIAN_POINT('',(-9.1313,4.0132,-2.1082));
#3878 = VECTOR('',#3879,1.);
#3879 = DIRECTION('',(0.,-1.,0.));
#3880 = ORIENTED_EDGE('',*,*,#3881,.T.);
#3881 = EDGE_CURVE('',#3874,#3882,#3884,.T.);
#3882 = VERTEX_POINT('',#3883);
#3883 = CARTESIAN_POINT('',(-8.9027,4.0132,-2.1082));
#3884 = LINE('',#3885,#3886);
#3885 = CARTESIAN_POINT('',(-9.1313,4.0132,-2.1082));
#3886 = VECTOR('',#3887,1.);
#3887 = DIRECTION('',(1.,0.,0.));
#3888 = ORIENTED_EDGE('',*,*,#3889,.F.);
#3889 = EDGE_CURVE('',#3834,#3882,#3890,.T.);
#3890 = LINE('',#3891,#3892);
#3891 = CARTESIAN_POINT('',(-8.9027,5.08,-2.1082));
#3892 = VECTOR('',#3893,1.);
#3893 = DIRECTION('',(0.,-1.,0.));
#3894 = ORIENTED_EDGE('',*,*,#3833,.F.);
#3895 = ORIENTED_EDGE('',*,*,#3157,.F.);
#3896 = PLANE('',#3897);
#3897 = AXIS2_PLACEMENT_3D('',#3898,#3899,#3900);
#3898 = CARTESIAN_POINT('',(-10.5537,5.08,-2.1082));
#3899 = DIRECTION('',(0.,0.,1.));
#3900 = DIRECTION('',(1.,0.,-0.));
#3901 = ADVANCED_FACE('',(#3902),#3954,.F.);
#3902 = FACE_BOUND('',#3903,.F.);
#3903 = EDGE_LOOP('',(#3904,#3915,#3923,#3932,#3938,#3939,#3940,#3948));
#3904 = ORIENTED_EDGE('',*,*,#3905,.T.);
#3905 = EDGE_CURVE('',#3906,#3908,#3910,.T.);
#3906 = VERTEX_POINT('',#3907);
#3907 = CARTESIAN_POINT('',(-10.5537,-4.992840979371,-2.1082));
#3908 = VERTEX_POINT('',#3909);
#3909 = CARTESIAN_POINT('',(-10.0457,-5.08,-2.1082));
#3910 = CIRCLE('',#3911,1.524);
#3911 = AXIS2_PLACEMENT_3D('',#3912,#3913,#3914);
#3912 = CARTESIAN_POINT('',(-10.0457,-3.556,-2.1082));
#3913 = DIRECTION('',(0.,0.,1.));
#3914 = DIRECTION('',(-0.333333333333,-0.942809041582,0.));
#3915 = ORIENTED_EDGE('',*,*,#3916,.T.);
#3916 = EDGE_CURVE('',#3908,#3917,#3919,.T.);
#3917 = VERTEX_POINT('',#3918);
#3918 = CARTESIAN_POINT('',(-9.000315624758,-5.08,-2.1082));
#3919 = LINE('',#3920,#3921);
#3920 = CARTESIAN_POINT('',(-10.0457,-5.08,-2.1082));
#3921 = VECTOR('',#3922,1.);
#3922 = DIRECTION('',(1.,0.,0.));
#3923 = ORIENTED_EDGE('',*,*,#3924,.F.);
#3924 = EDGE_CURVE('',#3925,#3917,#3927,.T.);
#3925 = VERTEX_POINT('',#3926);
#3926 = CARTESIAN_POINT('',(-8.9027,-5.089466962175,-2.1082));
#3927 = CIRCLE('',#3928,0.508);
#3928 = AXIS2_PLACEMENT_3D('',#3929,#3930,#3931);
#3929 = CARTESIAN_POINT('',(-9.000315624758,-5.588,-2.1082));
#3930 = DIRECTION('',(0.,0.,1.));
#3931 = DIRECTION('',(0.192156741649,0.981364247687,-0.));
#3932 = ORIENTED_EDGE('',*,*,#3933,.F.);
#3933 = EDGE_CURVE('',#2438,#3925,#3934,.T.);
#3934 = LINE('',#3935,#3936);
#3935 = CARTESIAN_POINT('',(-8.9027,-4.0132,-2.1082));
#3936 = VECTOR('',#3937,1.);
#3937 = DIRECTION('',(0.,-1.,0.));
#3938 = ORIENTED_EDGE('',*,*,#2437,.F.);
#3939 = ORIENTED_EDGE('',*,*,#2571,.F.);
#3940 = ORIENTED_EDGE('',*,*,#3941,.F.);
#3941 = EDGE_CURVE('',#3942,#2564,#3944,.T.);
#3942 = VERTEX_POINT('',#3943);
#3943 = CARTESIAN_POINT('',(-10.5537,-2.6162,-2.1082));
#3944 = LINE('',#3945,#3946);
#3945 = CARTESIAN_POINT('',(-10.5537,-2.6162,-2.1082));
#3946 = VECTOR('',#3947,1.);
#3947 = DIRECTION('',(1.,0.,0.));
#3948 = ORIENTED_EDGE('',*,*,#3949,.T.);
#3949 = EDGE_CURVE('',#3942,#3906,#3950,.T.);
#3950 = LINE('',#3951,#3952);
#3951 = CARTESIAN_POINT('',(-10.5537,-2.6162,-2.1082));
#3952 = VECTOR('',#3953,1.);
#3953 = DIRECTION('',(0.,-1.,0.));
#3954 = PLANE('',#3955);
#3955 = AXIS2_PLACEMENT_3D('',#3956,#3957,#3958);
#3956 = CARTESIAN_POINT('',(-10.5537,5.08,-2.1082));
#3957 = DIRECTION('',(0.,0.,1.));
#3958 = DIRECTION('',(1.,0.,-0.));
#3959 = ADVANCED_FACE('',(#3960),#3999,.F.);
#3960 = FACE_BOUND('',#3961,.F.);
#3961 = EDGE_LOOP('',(#3962,#3968,#3969,#3975,#3976,#3982,#3983,#3989,
    #3990,#3991,#3992,#3998));
#3962 = ORIENTED_EDGE('',*,*,#3963,.F.);
#3963 = EDGE_CURVE('',#2671,#2486,#3964,.T.);
#3964 = LINE('',#3965,#3966);
#3965 = CARTESIAN_POINT('',(-10.5537,-2.6162,-6.6802));
#3966 = VECTOR('',#3967,1.);
#3967 = DIRECTION('',(0.,0.,-1.));
#3968 = ORIENTED_EDGE('',*,*,#2670,.T.);
#3969 = ORIENTED_EDGE('',*,*,#3970,.T.);
#3970 = EDGE_CURVE('',#2660,#3906,#3971,.T.);
#3971 = LINE('',#3972,#3973);
#3972 = CARTESIAN_POINT('',(-10.5537,-4.992840979371,-6.6802));
#3973 = VECTOR('',#3974,1.);
#3974 = DIRECTION('',(0.,0.,1.));
#3975 = ORIENTED_EDGE('',*,*,#3949,.F.);
#3976 = ORIENTED_EDGE('',*,*,#3977,.F.);
#3977 = EDGE_CURVE('',#184,#3942,#3978,.T.);
#3978 = LINE('',#3979,#3980);
#3979 = CARTESIAN_POINT('',(-10.5537,-2.6162,0.));
#3980 = VECTOR('',#3981,1.);
#3981 = DIRECTION('',(0.,0.,-1.));
#3982 = ORIENTED_EDGE('',*,*,#183,.F.);
#3983 = ORIENTED_EDGE('',*,*,#3984,.T.);
#3984 = EDGE_CURVE('',#176,#3858,#3985,.T.);
#3985 = LINE('',#3986,#3987);
#3986 = CARTESIAN_POINT('',(-10.5537,2.6162,0.));
#3987 = VECTOR('',#3988,1.);
#3988 = DIRECTION('',(0.,0.,-1.));
#3989 = ORIENTED_EDGE('',*,*,#3857,.F.);
#3990 = ORIENTED_EDGE('',*,*,#2736,.F.);
#3991 = ORIENTED_EDGE('',*,*,#2645,.T.);
#3992 = ORIENTED_EDGE('',*,*,#3993,.T.);
#3993 = EDGE_CURVE('',#2638,#2494,#3994,.T.);
#3994 = LINE('',#3995,#3996);
#3995 = CARTESIAN_POINT('',(-10.5537,2.6162,-6.6802));
#3996 = VECTOR('',#3997,1.);
#3997 = DIRECTION('',(0.,0.,-1.));
#3998 = ORIENTED_EDGE('',*,*,#2493,.F.);
#3999 = PLANE('',#4000);
#4000 = AXIS2_PLACEMENT_3D('',#4001,#4002,#4003);
#4001 = CARTESIAN_POINT('',(-10.5537,2.6162,0.));
#4002 = DIRECTION('',(-1.,0.,0.));
#4003 = DIRECTION('',(0.,-1.,0.));
#4004 = ADVANCED_FACE('',(#4005),#4011,.F.);
#4005 = FACE_BOUND('',#4006,.F.);
#4006 = EDGE_LOOP('',(#4007,#4008,#4009,#4010));
#4007 = ORIENTED_EDGE('',*,*,#2678,.F.);
#4008 = ORIENTED_EDGE('',*,*,#3963,.T.);
#4009 = ORIENTED_EDGE('',*,*,#2485,.F.);
#4010 = ORIENTED_EDGE('',*,*,#2539,.F.);
#4011 = PLANE('',#4012);
#4012 = AXIS2_PLACEMENT_3D('',#4013,#4014,#4015);
#4013 = CARTESIAN_POINT('',(-10.5537,-2.6162,0.));
#4014 = DIRECTION('',(0.,-1.,0.));
#4015 = DIRECTION('',(1.,0.,0.));
#4016 = ADVANCED_FACE('',(#4017),#4029,.F.);
#4017 = FACE_BOUND('',#4018,.F.);
#4018 = EDGE_LOOP('',(#4019,#4025,#4026,#4027,#4028));
#4019 = ORIENTED_EDGE('',*,*,#4020,.F.);
#4020 = EDGE_CURVE('',#192,#2556,#4021,.T.);
#4021 = LINE('',#4022,#4023);
#4022 = CARTESIAN_POINT('',(-9.717887873497,-2.6162,0.));
#4023 = VECTOR('',#4024,1.);
#4024 = DIRECTION('',(0.5,0.,-0.866025403784));
#4025 = ORIENTED_EDGE('',*,*,#191,.F.);
#4026 = ORIENTED_EDGE('',*,*,#3977,.T.);
#4027 = ORIENTED_EDGE('',*,*,#3941,.T.);
#4028 = ORIENTED_EDGE('',*,*,#2563,.F.);
#4029 = PLANE('',#4030);
#4030 = AXIS2_PLACEMENT_3D('',#4031,#4032,#4033);
#4031 = CARTESIAN_POINT('',(-10.5537,-2.6162,0.));
#4032 = DIRECTION('',(0.,-1.,0.));
#4033 = DIRECTION('',(1.,0.,0.));
#4034 = ADVANCED_FACE('',(#4035),#4041,.T.);
#4035 = FACE_BOUND('',#4036,.F.);
#4036 = EDGE_LOOP('',(#4037,#4038,#4039,#4040));
#4037 = ORIENTED_EDGE('',*,*,#4020,.T.);
#4038 = ORIENTED_EDGE('',*,*,#2555,.F.);
#4039 = ORIENTED_EDGE('',*,*,#2421,.T.);
#4040 = ORIENTED_EDGE('',*,*,#199,.T.);
#4041 = PLANE('',#4042);
#4042 = AXIS2_PLACEMENT_3D('',#4043,#4044,#4045);
#4043 = CARTESIAN_POINT('',(-9.424593936748,-3.3147,-0.508));
#4044 = DIRECTION('',(0.866025403784,0.,0.5));
#4045 = DIRECTION('',(0.5,0.,-0.866025403784));
#4046 = ADVANCED_FACE('',(#4047),#4072,.T.);
#4047 = FACE_BOUND('',#4048,.T.);
#4048 = EDGE_LOOP('',(#4049,#4055,#4056,#4062,#4063,#4064,#4065,#4071));
#4049 = ORIENTED_EDGE('',*,*,#4050,.T.);
#4050 = EDGE_CURVE('',#2809,#3658,#4051,.T.);
#4051 = LINE('',#4052,#4053);
#4052 = CARTESIAN_POINT('',(-11.5697,-3.556,-0.508));
#4053 = VECTOR('',#4054,1.);
#4054 = DIRECTION('',(0.,-1.014990320053E-14,-1.));
#4055 = ORIENTED_EDGE('',*,*,#3665,.T.);
#4056 = ORIENTED_EDGE('',*,*,#4057,.F.);
#4057 = EDGE_CURVE('',#2662,#3666,#4058,.T.);
#4058 = LINE('',#4059,#4060);
#4059 = CARTESIAN_POINT('',(-10.0457,-5.08,-6.6802));
#4060 = VECTOR('',#4061,1.);
#4061 = DIRECTION('',(0.,0.,-1.));
#4062 = ORIENTED_EDGE('',*,*,#2659,.F.);
#4063 = ORIENTED_EDGE('',*,*,#3970,.T.);
#4064 = ORIENTED_EDGE('',*,*,#3905,.T.);
#4065 = ORIENTED_EDGE('',*,*,#4066,.F.);
#4066 = EDGE_CURVE('',#2834,#3908,#4067,.T.);
#4067 = LINE('',#4068,#4069);
#4068 = CARTESIAN_POINT('',(-10.0457,-5.08,-0.508));
#4069 = VECTOR('',#4070,1.);
#4070 = DIRECTION('',(-8.991682539146E-14,0.,-1.));
#4071 = ORIENTED_EDGE('',*,*,#2833,.F.);
#4072 = CYLINDRICAL_SURFACE('',#4073,1.524);
#4073 = AXIS2_PLACEMENT_3D('',#4074,#4075,#4076);
#4074 = CARTESIAN_POINT('',(-10.0457,-3.556,0.));
#4075 = DIRECTION('',(0.,0.,1.));
#4076 = DIRECTION('',(1.,0.,-0.));
#4077 = ADVANCED_FACE('',(#4078),#4089,.T.);
#4078 = FACE_BOUND('',#4079,.F.);
#4079 = EDGE_LOOP('',(#4080,#4081,#4087,#4088));
#4080 = ORIENTED_EDGE('',*,*,#2703,.T.);
#4081 = ORIENTED_EDGE('',*,*,#4082,.T.);
#4082 = EDGE_CURVE('',#2695,#3675,#4083,.T.);
#4083 = LINE('',#4084,#4085);
#4084 = CARTESIAN_POINT('',(-9.000315624758,-5.08,-6.6802));
#4085 = VECTOR('',#4086,1.);
#4086 = DIRECTION('',(0.,0.,-1.));
#4087 = ORIENTED_EDGE('',*,*,#3674,.F.);
#4088 = ORIENTED_EDGE('',*,*,#4057,.F.);
#4089 = PLANE('',#4090);
#4090 = AXIS2_PLACEMENT_3D('',#4091,#4092,#4093);
#4091 = CARTESIAN_POINT('',(-10.0457,-5.08,0.));
#4092 = DIRECTION('',(0.,-1.,0.));
#4093 = DIRECTION('',(1.,0.,0.));
#4094 = ADVANCED_FACE('',(#4095),#4106,.T.);
#4095 = FACE_BOUND('',#4096,.F.);
#4096 = EDGE_LOOP('',(#4097,#4098,#4104,#4105));
#4097 = ORIENTED_EDGE('',*,*,#2859,.T.);
#4098 = ORIENTED_EDGE('',*,*,#4099,.T.);
#4099 = EDGE_CURVE('',#2860,#3917,#4100,.T.);
#4100 = LINE('',#4101,#4102);
#4101 = CARTESIAN_POINT('',(-9.000315624759,-5.08,-0.508));
#4102 = VECTOR('',#4103,1.);
#4103 = DIRECTION('',(5.639228061588E-13,0.,-1.));
#4104 = ORIENTED_EDGE('',*,*,#3916,.F.);
#4105 = ORIENTED_EDGE('',*,*,#4066,.F.);
#4106 = PLANE('',#4107);
#4107 = AXIS2_PLACEMENT_3D('',#4108,#4109,#4110);
#4108 = CARTESIAN_POINT('',(-10.0457,-5.08,0.));
#4109 = DIRECTION('',(0.,-1.,0.));
#4110 = DIRECTION('',(1.,0.,0.));
#4111 = ADVANCED_FACE('',(#4112),#4132,.F.);
#4112 = FACE_BOUND('',#4113,.F.);
#4113 = EDGE_LOOP('',(#4114,#4115,#4121,#4122,#4123,#4124,#4130,#4131));
#4114 = ORIENTED_EDGE('',*,*,#2884,.T.);
#4115 = ORIENTED_EDGE('',*,*,#4116,.T.);
#4116 = EDGE_CURVE('',#2885,#3683,#4117,.T.);
#4117 = LINE('',#4118,#4119);
#4118 = CARTESIAN_POINT('',(-8.4963,-5.5245,-0.508));
#4119 = VECTOR('',#4120,1.);
#4120 = DIRECTION('',(0.,2.686010968921E-14,-1.));
#4121 = ORIENTED_EDGE('',*,*,#3682,.T.);
#4122 = ORIENTED_EDGE('',*,*,#4082,.F.);
#4123 = ORIENTED_EDGE('',*,*,#2694,.F.);
#4124 = ORIENTED_EDGE('',*,*,#4125,.T.);
#4125 = EDGE_CURVE('',#2687,#3925,#4126,.T.);
#4126 = LINE('',#4127,#4128);
#4127 = CARTESIAN_POINT('',(-8.9027,-5.089466962175,-6.6802));
#4128 = VECTOR('',#4129,1.);
#4129 = DIRECTION('',(0.,0.,1.));
#4130 = ORIENTED_EDGE('',*,*,#3924,.T.);
#4131 = ORIENTED_EDGE('',*,*,#4099,.F.);
#4132 = CYLINDRICAL_SURFACE('',#4133,0.508);
#4133 = AXIS2_PLACEMENT_3D('',#4134,#4135,#4136);
#4134 = CARTESIAN_POINT('',(-9.000315624758,-5.588,0.));
#4135 = DIRECTION('',(0.,0.,1.));
#4136 = DIRECTION('',(1.,0.,-0.));
#4137 = ADVANCED_FACE('',(#4138),#4144,.T.);
#4138 = FACE_BOUND('',#4139,.T.);
#4139 = EDGE_LOOP('',(#4140,#4141,#4142,#4143));
#4140 = ORIENTED_EDGE('',*,*,#4116,.T.);
#4141 = ORIENTED_EDGE('',*,*,#3691,.T.);
#4142 = ORIENTED_EDGE('',*,*,#3714,.F.);
#4143 = ORIENTED_EDGE('',*,*,#2910,.F.);
#4144 = CYLINDRICAL_SURFACE('',#4145,5.588);
#4145 = AXIS2_PLACEMENT_3D('',#4146,#4147,#4148);
#4146 = CARTESIAN_POINT('',(-2.952128127664,-4.826,0.));
#4147 = DIRECTION('',(0.,0.,1.));
#4148 = DIRECTION('',(1.,0.,-0.));
#4149 = ADVANCED_FACE('',(#4150),#4161,.F.);
#4150 = FACE_BOUND('',#4151,.F.);
#4151 = EDGE_LOOP('',(#4152,#4158,#4159,#4160));
#4152 = ORIENTED_EDGE('',*,*,#4153,.T.);
#4153 = EDGE_CURVE('',#3882,#2614,#4154,.T.);
#4154 = LINE('',#4155,#4156);
#4155 = CARTESIAN_POINT('',(-8.9027,4.0132,-2.1082));
#4156 = VECTOR('',#4157,1.);
#4157 = DIRECTION('',(0.,0.,-1.));
#4158 = ORIENTED_EDGE('',*,*,#2613,.F.);
#4159 = ORIENTED_EDGE('',*,*,#3841,.F.);
#4160 = ORIENTED_EDGE('',*,*,#3889,.T.);
#4161 = PLANE('',#4162);
#4162 = AXIS2_PLACEMENT_3D('',#4163,#4164,#4165);
#4163 = CARTESIAN_POINT('',(-8.9027,5.08,-2.1082));
#4164 = DIRECTION('',(1.,0.,0.));
#4165 = DIRECTION('',(0.,0.,-1.));
#4166 = ADVANCED_FACE('',(#4167),#4173,.F.);
#4167 = FACE_BOUND('',#4168,.F.);
#4168 = EDGE_LOOP('',(#4169,#4170,#4171,#4172));
#4169 = ORIENTED_EDGE('',*,*,#2445,.F.);
#4170 = ORIENTED_EDGE('',*,*,#3933,.T.);
#4171 = ORIENTED_EDGE('',*,*,#4125,.F.);
#4172 = ORIENTED_EDGE('',*,*,#2686,.F.);
#4173 = PLANE('',#4174);
#4174 = AXIS2_PLACEMENT_3D('',#4175,#4176,#4177);
#4175 = CARTESIAN_POINT('',(-8.9027,5.08,-2.1082));
#4176 = DIRECTION('',(1.,0.,0.));
#4177 = DIRECTION('',(0.,0.,-1.));
#4178 = ADVANCED_FACE('',(#4179),#4214,.F.);
#4179 = FACE_BOUND('',#4180,.F.);
#4180 = EDGE_LOOP('',(#4181,#4187,#4188,#4189,#4195,#4196,#4197,#4198,
    #4206,#4212,#4213));
#4181 = ORIENTED_EDGE('',*,*,#4182,.F.);
#4182 = EDGE_CURVE('',#2286,#312,#4183,.T.);
#4183 = LINE('',#4184,#4185);
#4184 = CARTESIAN_POINT('',(-7.7343,4.0132,-13.09382960533));
#4185 = VECTOR('',#4186,1.);
#4186 = DIRECTION('',(0.,0.,1.));
#4187 = ORIENTED_EDGE('',*,*,#2308,.F.);
#4188 = ORIENTED_EDGE('',*,*,#2517,.F.);
#4189 = ORIENTED_EDGE('',*,*,#4190,.F.);
#4190 = EDGE_CURVE('',#2622,#2510,#4191,.T.);
#4191 = LINE('',#4192,#4193);
#4192 = CARTESIAN_POINT('',(-9.1313,4.0132,-6.6802));
#4193 = VECTOR('',#4194,1.);
#4194 = DIRECTION('',(0.,0.,-1.));
#4195 = ORIENTED_EDGE('',*,*,#2621,.T.);
#4196 = ORIENTED_EDGE('',*,*,#4153,.F.);
#4197 = ORIENTED_EDGE('',*,*,#3881,.F.);
#4198 = ORIENTED_EDGE('',*,*,#4199,.F.);
#4199 = EDGE_CURVE('',#4200,#3874,#4202,.T.);
#4200 = VERTEX_POINT('',#4201);
#4201 = CARTESIAN_POINT('',(-9.1313,4.0132,-1.016));
#4202 = LINE('',#4203,#4204);
#4203 = CARTESIAN_POINT('',(-9.1313,4.0132,-1.016));
#4204 = VECTOR('',#4205,1.);
#4205 = DIRECTION('',(0.,0.,-1.));
#4206 = ORIENTED_EDGE('',*,*,#4207,.F.);
#4207 = EDGE_CURVE('',#160,#4200,#4208,.T.);
#4208 = LINE('',#4209,#4210);
#4209 = CARTESIAN_POINT('',(-9.717887873497,4.0132,0.));
#4210 = VECTOR('',#4211,1.);
#4211 = DIRECTION('',(0.5,0.,-0.866025403784));
#4212 = ORIENTED_EDGE('',*,*,#159,.T.);
#4213 = ORIENTED_EDGE('',*,*,#311,.F.);
#4214 = PLANE('',#4215);
#4215 = AXIS2_PLACEMENT_3D('',#4216,#4217,#4218);
#4216 = CARTESIAN_POINT('',(-7.2263,4.0132,0.));
#4217 = DIRECTION('',(0.,1.,0.));
#4218 = DIRECTION('',(-1.,0.,0.));
#4219 = ADVANCED_FACE('',(#4220),#4226,.T.);
#4220 = FACE_BOUND('',#4221,.T.);
#4221 = EDGE_LOOP('',(#4222,#4223,#4224,#4225));
#4222 = ORIENTED_EDGE('',*,*,#319,.T.);
#4223 = ORIENTED_EDGE('',*,*,#4182,.F.);
#4224 = ORIENTED_EDGE('',*,*,#2285,.T.);
#4225 = ORIENTED_EDGE('',*,*,#2254,.F.);
#4226 = CYLINDRICAL_SURFACE('',#4227,0.508);
#4227 = AXIS2_PLACEMENT_3D('',#4228,#4229,#4230);
#4228 = CARTESIAN_POINT('',(-7.7343,4.5212,-69.9211708));
#4229 = DIRECTION('',(0.,0.,1.));
#4230 = DIRECTION('',(0.,-1.,0.));
#4231 = ADVANCED_FACE('',(#4232),#4243,.F.);
#4232 = FACE_BOUND('',#4233,.F.);
#4233 = EDGE_LOOP('',(#4234,#4235,#4236,#4237));
#4234 = ORIENTED_EDGE('',*,*,#2629,.F.);
#4235 = ORIENTED_EDGE('',*,*,#4190,.T.);
#4236 = ORIENTED_EDGE('',*,*,#2509,.F.);
#4237 = ORIENTED_EDGE('',*,*,#4238,.F.);
#4238 = EDGE_CURVE('',#2630,#2502,#4239,.T.);
#4239 = LINE('',#4240,#4241);
#4240 = CARTESIAN_POINT('',(-9.1313,2.6162,-6.6802));
#4241 = VECTOR('',#4242,1.);
#4242 = DIRECTION('',(0.,0.,-1.));
#4243 = PLANE('',#4244);
#4244 = AXIS2_PLACEMENT_3D('',#4245,#4246,#4247);
#4245 = CARTESIAN_POINT('',(-9.1313,4.0132,0.));
#4246 = DIRECTION('',(-1.,0.,0.));
#4247 = DIRECTION('',(0.,-1.,0.));
#4248 = ADVANCED_FACE('',(#4249),#4267,.F.);
#4249 = FACE_BOUND('',#4250,.F.);
#4250 = EDGE_LOOP('',(#4251,#4259,#4260,#4261));
#4251 = ORIENTED_EDGE('',*,*,#4252,.T.);
#4252 = EDGE_CURVE('',#4253,#4200,#4255,.T.);
#4253 = VERTEX_POINT('',#4254);
#4254 = CARTESIAN_POINT('',(-9.1313,2.6162,-1.016));
#4255 = LINE('',#4256,#4257);
#4256 = CARTESIAN_POINT('',(-9.1313,2.6162,-1.016));
#4257 = VECTOR('',#4258,1.);
#4258 = DIRECTION('',(0.,1.,0.));
#4259 = ORIENTED_EDGE('',*,*,#4199,.T.);
#4260 = ORIENTED_EDGE('',*,*,#3873,.T.);
#4261 = ORIENTED_EDGE('',*,*,#4262,.F.);
#4262 = EDGE_CURVE('',#4253,#3866,#4263,.T.);
#4263 = LINE('',#4264,#4265);
#4264 = CARTESIAN_POINT('',(-9.1313,2.6162,-1.016));
#4265 = VECTOR('',#4266,1.);
#4266 = DIRECTION('',(0.,0.,-1.));
#4267 = PLANE('',#4268);
#4268 = AXIS2_PLACEMENT_3D('',#4269,#4270,#4271);
#4269 = CARTESIAN_POINT('',(-9.1313,4.0132,0.));
#4270 = DIRECTION('',(-1.,0.,0.));
#4271 = DIRECTION('',(0.,-1.,0.));
#4272 = ADVANCED_FACE('',(#4273),#4279,.F.);
#4273 = FACE_BOUND('',#4274,.F.);
#4274 = EDGE_LOOP('',(#4275,#4276,#4277,#4278));
#4275 = ORIENTED_EDGE('',*,*,#2637,.F.);
#4276 = ORIENTED_EDGE('',*,*,#4238,.T.);
#4277 = ORIENTED_EDGE('',*,*,#2501,.F.);
#4278 = ORIENTED_EDGE('',*,*,#3993,.F.);
#4279 = PLANE('',#4280);
#4280 = AXIS2_PLACEMENT_3D('',#4281,#4282,#4283);
#4281 = CARTESIAN_POINT('',(-9.1313,2.6162,0.));
#4282 = DIRECTION('',(0.,1.,0.));
#4283 = DIRECTION('',(-1.,0.,0.));
#4284 = ADVANCED_FACE('',(#4285),#4297,.F.);
#4285 = FACE_BOUND('',#4286,.F.);
#4286 = EDGE_LOOP('',(#4287,#4293,#4294,#4295,#4296));
#4287 = ORIENTED_EDGE('',*,*,#4288,.F.);
#4288 = EDGE_CURVE('',#4253,#168,#4289,.T.);
#4289 = LINE('',#4290,#4291);
#4290 = CARTESIAN_POINT('',(-9.1313,2.6162,-1.016));
#4291 = VECTOR('',#4292,1.);
#4292 = DIRECTION('',(-0.5,0.,0.866025403784));
#4293 = ORIENTED_EDGE('',*,*,#4262,.T.);
#4294 = ORIENTED_EDGE('',*,*,#3865,.T.);
#4295 = ORIENTED_EDGE('',*,*,#3984,.F.);
#4296 = ORIENTED_EDGE('',*,*,#175,.F.);
#4297 = PLANE('',#4298);
#4298 = AXIS2_PLACEMENT_3D('',#4299,#4300,#4301);
#4299 = CARTESIAN_POINT('',(-9.1313,2.6162,0.));
#4300 = DIRECTION('',(0.,1.,0.));
#4301 = DIRECTION('',(-1.,0.,0.));
#4302 = ADVANCED_FACE('',(#4303),#4309,.T.);
#4303 = FACE_BOUND('',#4304,.F.);
#4304 = EDGE_LOOP('',(#4305,#4306,#4307,#4308));
#4305 = ORIENTED_EDGE('',*,*,#4252,.F.);
#4306 = ORIENTED_EDGE('',*,*,#4288,.T.);
#4307 = ORIENTED_EDGE('',*,*,#167,.T.);
#4308 = ORIENTED_EDGE('',*,*,#4207,.T.);
#4309 = PLANE('',#4310);
#4310 = AXIS2_PLACEMENT_3D('',#4311,#4312,#4313);
#4311 = CARTESIAN_POINT('',(-9.424593936748,3.3147,-0.508));
#4312 = DIRECTION('',(0.866025403784,0.,0.5));
#4313 = DIRECTION('',(0.5,0.,-0.866025403784));
#4314 = ADVANCED_FACE('',(#4315),#4321,.T.);
#4315 = FACE_BOUND('',#4316,.F.);
#4316 = EDGE_LOOP('',(#4317,#4318,#4319,#4320));
#4317 = ORIENTED_EDGE('',*,*,#2808,.T.);
#4318 = ORIENTED_EDGE('',*,*,#4050,.T.);
#4319 = ORIENTED_EDGE('',*,*,#3657,.F.);
#4320 = ORIENTED_EDGE('',*,*,#2760,.F.);
#4321 = PLANE('',#4322);
#4322 = AXIS2_PLACEMENT_3D('',#4323,#4324,#4325);
#4323 = CARTESIAN_POINT('',(-11.5697,3.556,0.));
#4324 = DIRECTION('',(-1.,0.,0.));
#4325 = DIRECTION('',(0.,-1.,0.));
#4326 = ADVANCED_FACE('',(#4327),#4352,.T.);
#4327 = FACE_BOUND('',#4328,.F.);
#4328 = EDGE_LOOP('',(#4329,#4330,#4338,#4346));
#4329 = ORIENTED_EDGE('',*,*,#3179,.F.);
#4330 = ORIENTED_EDGE('',*,*,#4331,.T.);
#4331 = EDGE_CURVE('',#3180,#4332,#4334,.T.);
#4332 = VERTEX_POINT('',#4333);
#4333 = CARTESIAN_POINT('',(21.1455,6.5151,-14.605));
#4334 = LINE('',#4335,#4336);
#4335 = CARTESIAN_POINT('',(21.1455,6.5151,-14.859));
#4336 = VECTOR('',#4337,1.);
#4337 = DIRECTION('',(0.,0.,1.));
#4338 = ORIENTED_EDGE('',*,*,#4339,.T.);
#4339 = EDGE_CURVE('',#4332,#4340,#4342,.T.);
#4340 = VERTEX_POINT('',#4341);
#4341 = CARTESIAN_POINT('',(21.1455,-6.5151,-14.605));
#4342 = LINE('',#4343,#4344);
#4343 = CARTESIAN_POINT('',(21.1455,6.5151,-14.605));
#4344 = VECTOR('',#4345,1.);
#4345 = DIRECTION('',(0.,-1.,0.));
#4346 = ORIENTED_EDGE('',*,*,#4347,.F.);
#4347 = EDGE_CURVE('',#3182,#4340,#4348,.T.);
#4348 = LINE('',#4349,#4350);
#4349 = CARTESIAN_POINT('',(21.1455,-6.5151,-14.859));
#4350 = VECTOR('',#4351,1.);
#4351 = DIRECTION('',(0.,0.,1.));
#4352 = PLANE('',#4353);
#4353 = AXIS2_PLACEMENT_3D('',#4354,#4355,#4356);
#4354 = CARTESIAN_POINT('',(21.1455,6.5151,-14.859));
#4355 = DIRECTION('',(-1.,0.,0.));
#4356 = DIRECTION('',(0.,-1.,0.));
#4357 = ADVANCED_FACE('',(#4358),#4376,.T.);
#4358 = FACE_BOUND('',#4359,.F.);
#4359 = EDGE_LOOP('',(#4360,#4361,#4369,#4375));
#4360 = ORIENTED_EDGE('',*,*,#3237,.F.);
#4361 = ORIENTED_EDGE('',*,*,#4362,.T.);
#4362 = EDGE_CURVE('',#3230,#4363,#4365,.T.);
#4363 = VERTEX_POINT('',#4364);
#4364 = CARTESIAN_POINT('',(10.795,16.8656,-14.605));
#4365 = LINE('',#4366,#4367);
#4366 = CARTESIAN_POINT('',(10.795,16.8656,-14.859));
#4367 = VECTOR('',#4368,1.);
#4368 = DIRECTION('',(0.,0.,1.));
#4369 = ORIENTED_EDGE('',*,*,#4370,.T.);
#4370 = EDGE_CURVE('',#4363,#4332,#4371,.T.);
#4371 = LINE('',#4372,#4373);
#4372 = CARTESIAN_POINT('',(10.795,16.8656,-14.605));
#4373 = VECTOR('',#4374,1.);
#4374 = DIRECTION('',(0.707106781187,-0.707106781187,0.));
#4375 = ORIENTED_EDGE('',*,*,#4331,.F.);
#4376 = PLANE('',#4377);
#4377 = AXIS2_PLACEMENT_3D('',#4378,#4379,#4380);
#4378 = CARTESIAN_POINT('',(10.795,16.8656,-14.859));
#4379 = DIRECTION('',(-0.707106781187,-0.707106781187,0.));
#4380 = DIRECTION('',(0.707106781187,-0.707106781187,0.));
#4381 = ADVANCED_FACE('',(#4382),#4400,.T.);
#4382 = FACE_BOUND('',#4383,.F.);
#4383 = EDGE_LOOP('',(#4384,#4385,#4393,#4399));
#4384 = ORIENTED_EDGE('',*,*,#3229,.F.);
#4385 = ORIENTED_EDGE('',*,*,#4386,.T.);
#4386 = EDGE_CURVE('',#3222,#4387,#4389,.T.);
#4387 = VERTEX_POINT('',#4388);
#4388 = CARTESIAN_POINT('',(-9.779,16.8656,-14.605));
#4389 = LINE('',#4390,#4391);
#4390 = CARTESIAN_POINT('',(-9.779,16.8656,-14.859));
#4391 = VECTOR('',#4392,1.);
#4392 = DIRECTION('',(0.,0.,1.));
#4393 = ORIENTED_EDGE('',*,*,#4394,.T.);
#4394 = EDGE_CURVE('',#4387,#4363,#4395,.T.);
#4395 = LINE('',#4396,#4397);
#4396 = CARTESIAN_POINT('',(-9.779,16.8656,-14.605));
#4397 = VECTOR('',#4398,1.);
#4398 = DIRECTION('',(1.,0.,0.));
#4399 = ORIENTED_EDGE('',*,*,#4362,.F.);
#4400 = PLANE('',#4401);
#4401 = AXIS2_PLACEMENT_3D('',#4402,#4403,#4404);
#4402 = CARTESIAN_POINT('',(-9.779,16.8656,-14.859));
#4403 = DIRECTION('',(0.,-1.,0.));
#4404 = DIRECTION('',(1.,0.,0.));
#4405 = ADVANCED_FACE('',(#4406),#4424,.T.);
#4406 = FACE_BOUND('',#4407,.F.);
#4407 = EDGE_LOOP('',(#4408,#4409,#4417,#4423));
#4408 = ORIENTED_EDGE('',*,*,#3221,.F.);
#4409 = ORIENTED_EDGE('',*,*,#4410,.T.);
#4410 = EDGE_CURVE('',#3214,#4411,#4413,.T.);
#4411 = VERTEX_POINT('',#4412);
#4412 = CARTESIAN_POINT('',(-20.1295,6.5151,-14.605));
#4413 = LINE('',#4414,#4415);
#4414 = CARTESIAN_POINT('',(-20.1295,6.5151,-14.859));
#4415 = VECTOR('',#4416,1.);
#4416 = DIRECTION('',(0.,0.,1.));
#4417 = ORIENTED_EDGE('',*,*,#4418,.T.);
#4418 = EDGE_CURVE('',#4411,#4387,#4419,.T.);
#4419 = LINE('',#4420,#4421);
#4420 = CARTESIAN_POINT('',(-20.1295,6.5151,-14.605));
#4421 = VECTOR('',#4422,1.);
#4422 = DIRECTION('',(0.707106781187,0.707106781187,0.));
#4423 = ORIENTED_EDGE('',*,*,#4386,.F.);
#4424 = PLANE('',#4425);
#4425 = AXIS2_PLACEMENT_3D('',#4426,#4427,#4428);
#4426 = CARTESIAN_POINT('',(-20.1295,6.5151,-14.859));
#4427 = DIRECTION('',(0.707106781187,-0.707106781187,0.));
#4428 = DIRECTION('',(0.707106781187,0.707106781187,0.));
#4429 = ADVANCED_FACE('',(#4430),#4448,.T.);
#4430 = FACE_BOUND('',#4431,.F.);
#4431 = EDGE_LOOP('',(#4432,#4433,#4441,#4447));
#4432 = ORIENTED_EDGE('',*,*,#3213,.F.);
#4433 = ORIENTED_EDGE('',*,*,#4434,.T.);
#4434 = EDGE_CURVE('',#3206,#4435,#4437,.T.);
#4435 = VERTEX_POINT('',#4436);
#4436 = CARTESIAN_POINT('',(-20.1295,-6.5151,-14.605));
#4437 = LINE('',#4438,#4439);
#4438 = CARTESIAN_POINT('',(-20.1295,-6.5151,-14.859));
#4439 = VECTOR('',#4440,1.);
#4440 = DIRECTION('',(0.,1.049029629567E-14,1.));
#4441 = ORIENTED_EDGE('',*,*,#4442,.T.);
#4442 = EDGE_CURVE('',#4435,#4411,#4443,.T.);
#4443 = LINE('',#4444,#4445);
#4444 = CARTESIAN_POINT('',(-20.1295,-6.5151,-14.605));
#4445 = VECTOR('',#4446,1.);
#4446 = DIRECTION('',(0.,1.,0.));
#4447 = ORIENTED_EDGE('',*,*,#4410,.F.);
#4448 = PLANE('',#4449);
#4449 = AXIS2_PLACEMENT_3D('',#4450,#4451,#4452);
#4450 = CARTESIAN_POINT('',(-20.1295,-6.5151,-14.859));
#4451 = DIRECTION('',(1.,0.,0.));
#4452 = DIRECTION('',(-0.,1.,0.));
#4453 = ADVANCED_FACE('',(#4454),#4472,.T.);
#4454 = FACE_BOUND('',#4455,.F.);
#4455 = EDGE_LOOP('',(#4456,#4457,#4465,#4471));
#4456 = ORIENTED_EDGE('',*,*,#3205,.F.);
#4457 = ORIENTED_EDGE('',*,*,#4458,.T.);
#4458 = EDGE_CURVE('',#3198,#4459,#4461,.T.);
#4459 = VERTEX_POINT('',#4460);
#4460 = CARTESIAN_POINT('',(-9.779,-16.8656,-14.605));
#4461 = LINE('',#4462,#4463);
#4462 = CARTESIAN_POINT('',(-9.779,-16.8656,-14.859));
#4463 = VECTOR('',#4464,1.);
#4464 = DIRECTION('',(0.,0.,1.));
#4465 = ORIENTED_EDGE('',*,*,#4466,.T.);
#4466 = EDGE_CURVE('',#4459,#4435,#4467,.T.);
#4467 = LINE('',#4468,#4469);
#4468 = CARTESIAN_POINT('',(-9.779,-16.8656,-14.605));
#4469 = VECTOR('',#4470,1.);
#4470 = DIRECTION('',(-0.707106781187,0.707106781187,0.));
#4471 = ORIENTED_EDGE('',*,*,#4434,.F.);
#4472 = PLANE('',#4473);
#4473 = AXIS2_PLACEMENT_3D('',#4474,#4475,#4476);
#4474 = CARTESIAN_POINT('',(-9.779,-16.8656,-14.859));
#4475 = DIRECTION('',(0.707106781187,0.707106781187,0.));
#4476 = DIRECTION('',(-0.707106781187,0.707106781187,0.));
#4477 = ADVANCED_FACE('',(#4478),#4496,.T.);
#4478 = FACE_BOUND('',#4479,.F.);
#4479 = EDGE_LOOP('',(#4480,#4481,#4489,#4495));
#4480 = ORIENTED_EDGE('',*,*,#3197,.F.);
#4481 = ORIENTED_EDGE('',*,*,#4482,.T.);
#4482 = EDGE_CURVE('',#3190,#4483,#4485,.T.);
#4483 = VERTEX_POINT('',#4484);
#4484 = CARTESIAN_POINT('',(10.795,-16.8656,-14.605));
#4485 = LINE('',#4486,#4487);
#4486 = CARTESIAN_POINT('',(10.795,-16.8656,-14.859));
#4487 = VECTOR('',#4488,1.);
#4488 = DIRECTION('',(0.,0.,1.));
#4489 = ORIENTED_EDGE('',*,*,#4490,.T.);
#4490 = EDGE_CURVE('',#4483,#4459,#4491,.T.);
#4491 = LINE('',#4492,#4493);
#4492 = CARTESIAN_POINT('',(10.795,-16.8656,-14.605));
#4493 = VECTOR('',#4494,1.);
#4494 = DIRECTION('',(-1.,0.,0.));
#4495 = ORIENTED_EDGE('',*,*,#4458,.F.);
#4496 = PLANE('',#4497);
#4497 = AXIS2_PLACEMENT_3D('',#4498,#4499,#4500);
#4498 = CARTESIAN_POINT('',(10.795,-16.8656,-14.859));
#4499 = DIRECTION('',(0.,1.,0.));
#4500 = DIRECTION('',(-1.,0.,0.));
#4501 = ADVANCED_FACE('',(#4502),#4513,.T.);
#4502 = FACE_BOUND('',#4503,.F.);
#4503 = EDGE_LOOP('',(#4504,#4505,#4506,#4512));
#4504 = ORIENTED_EDGE('',*,*,#3189,.F.);
#4505 = ORIENTED_EDGE('',*,*,#4347,.T.);
#4506 = ORIENTED_EDGE('',*,*,#4507,.T.);
#4507 = EDGE_CURVE('',#4340,#4483,#4508,.T.);
#4508 = LINE('',#4509,#4510);
#4509 = CARTESIAN_POINT('',(21.1455,-6.5151,-14.605));
#4510 = VECTOR('',#4511,1.);
#4511 = DIRECTION('',(-0.707106781187,-0.707106781187,0.));
#4512 = ORIENTED_EDGE('',*,*,#4482,.F.);
#4513 = PLANE('',#4514);
#4514 = AXIS2_PLACEMENT_3D('',#4515,#4516,#4517);
#4515 = CARTESIAN_POINT('',(21.1455,-6.5151,-14.859));
#4516 = DIRECTION('',(-0.707106781187,0.707106781187,0.));
#4517 = DIRECTION('',(-0.707106781187,-0.707106781187,0.));
#4518 = ADVANCED_FACE('',(#4519,#4589),#4599,.T.);
#4519 = FACE_BOUND('',#4520,.F.);
#4520 = EDGE_LOOP('',(#4521,#4532,#4540,#4549,#4557,#4566,#4574,#4583));
#4521 = ORIENTED_EDGE('',*,*,#4522,.F.);
#4522 = EDGE_CURVE('',#4523,#4525,#4527,.T.);
#4523 = VERTEX_POINT('',#4524);
#4524 = CARTESIAN_POINT('',(-13.2715,17.1196,-14.605));
#4525 = VERTEX_POINT('',#4526);
#4526 = CARTESIAN_POINT('',(-20.3835,10.0076,-14.605));
#4527 = CIRCLE('',#4528,7.112);
#4528 = AXIS2_PLACEMENT_3D('',#4529,#4530,#4531);
#4529 = CARTESIAN_POINT('',(-13.2715,10.0076,-14.605));
#4530 = DIRECTION('',(0.,-0.,1.));
#4531 = DIRECTION('',(0.,1.,0.));
#4532 = ORIENTED_EDGE('',*,*,#4533,.F.);
#4533 = EDGE_CURVE('',#4534,#4523,#4536,.T.);
#4534 = VERTEX_POINT('',#4535);
#4535 = CARTESIAN_POINT('',(14.2875,17.1196,-14.605));
#4536 = LINE('',#4537,#4538);
#4537 = CARTESIAN_POINT('',(14.2875,17.1196,-14.605));
#4538 = VECTOR('',#4539,1.);
#4539 = DIRECTION('',(-1.,0.,0.));
#4540 = ORIENTED_EDGE('',*,*,#4541,.F.);
#4541 = EDGE_CURVE('',#4542,#4534,#4544,.T.);
#4542 = VERTEX_POINT('',#4543);
#4543 = CARTESIAN_POINT('',(21.3995,10.0076,-14.605));
#4544 = CIRCLE('',#4545,7.112);
#4545 = AXIS2_PLACEMENT_3D('',#4546,#4547,#4548);
#4546 = CARTESIAN_POINT('',(14.2875,10.0076,-14.605));
#4547 = DIRECTION('',(0.,0.,1.));
#4548 = DIRECTION('',(1.,0.,-0.));
#4549 = ORIENTED_EDGE('',*,*,#4550,.F.);
#4550 = EDGE_CURVE('',#4551,#4542,#4553,.T.);
#4551 = VERTEX_POINT('',#4552);
#4552 = CARTESIAN_POINT('',(21.3995,-10.0076,-14.605));
#4553 = LINE('',#4554,#4555);
#4554 = CARTESIAN_POINT('',(21.3995,-10.0076,-14.605));
#4555 = VECTOR('',#4556,1.);
#4556 = DIRECTION('',(0.,1.,0.));
#4557 = ORIENTED_EDGE('',*,*,#4558,.F.);
#4558 = EDGE_CURVE('',#4559,#4551,#4561,.T.);
#4559 = VERTEX_POINT('',#4560);
#4560 = CARTESIAN_POINT('',(14.2875,-17.1196,-14.605));
#4561 = CIRCLE('',#4562,7.112);
#4562 = AXIS2_PLACEMENT_3D('',#4563,#4564,#4565);
#4563 = CARTESIAN_POINT('',(14.2875,-10.0076,-14.605));
#4564 = DIRECTION('',(0.,0.,1.));
#4565 = DIRECTION('',(0.,-1.,0.));
#4566 = ORIENTED_EDGE('',*,*,#4567,.F.);
#4567 = EDGE_CURVE('',#4568,#4559,#4570,.T.);
#4568 = VERTEX_POINT('',#4569);
#4569 = CARTESIAN_POINT('',(-13.2715,-17.1196,-14.605));
#4570 = LINE('',#4571,#4572);
#4571 = CARTESIAN_POINT('',(-13.2715,-17.1196,-14.605));
#4572 = VECTOR('',#4573,1.);
#4573 = DIRECTION('',(1.,0.,0.));
#4574 = ORIENTED_EDGE('',*,*,#4575,.F.);
#4575 = EDGE_CURVE('',#4576,#4568,#4578,.T.);
#4576 = VERTEX_POINT('',#4577);
#4577 = CARTESIAN_POINT('',(-20.3835,-10.0076,-14.605));
#4578 = CIRCLE('',#4579,7.112);
#4579 = AXIS2_PLACEMENT_3D('',#4580,#4581,#4582);
#4580 = CARTESIAN_POINT('',(-13.2715,-10.0076,-14.605));
#4581 = DIRECTION('',(0.,0.,1.));
#4582 = DIRECTION('',(-1.,0.,0.));
#4583 = ORIENTED_EDGE('',*,*,#4584,.F.);
#4584 = EDGE_CURVE('',#4525,#4576,#4585,.T.);
#4585 = LINE('',#4586,#4587);
#4586 = CARTESIAN_POINT('',(-20.3835,10.0076,-14.605));
#4587 = VECTOR('',#4588,1.);
#4588 = DIRECTION('',(0.,-1.,0.));
#4589 = FACE_BOUND('',#4590,.F.);
#4590 = EDGE_LOOP('',(#4591,#4592,#4593,#4594,#4595,#4596,#4597,#4598));
#4591 = ORIENTED_EDGE('',*,*,#4339,.F.);
#4592 = ORIENTED_EDGE('',*,*,#4370,.F.);
#4593 = ORIENTED_EDGE('',*,*,#4394,.F.);
#4594 = ORIENTED_EDGE('',*,*,#4418,.F.);
#4595 = ORIENTED_EDGE('',*,*,#4442,.F.);
#4596 = ORIENTED_EDGE('',*,*,#4466,.F.);
#4597 = ORIENTED_EDGE('',*,*,#4490,.F.);
#4598 = ORIENTED_EDGE('',*,*,#4507,.F.);
#4599 = PLANE('',#4600);
#4600 = AXIS2_PLACEMENT_3D('',#4601,#4602,#4603);
#4601 = CARTESIAN_POINT('',(0.,0.,-14.605));
#4602 = DIRECTION('',(0.,0.,1.));
#4603 = DIRECTION('',(1.,0.,-0.));
#4604 = ADVANCED_FACE('',(#4605),#4633,.T.);
#4605 = FACE_BOUND('',#4606,.T.);
#4606 = EDGE_LOOP('',(#4607,#4616,#4625,#4632));
#4607 = ORIENTED_EDGE('',*,*,#4608,.T.);
#4608 = EDGE_CURVE('',#4523,#4609,#4611,.T.);
#4609 = VERTEX_POINT('',#4610);
#4610 = CARTESIAN_POINT('',(-13.2715,17.6276,-15.113));
#4611 = CIRCLE('',#4612,0.508);
#4612 = AXIS2_PLACEMENT_3D('',#4613,#4614,#4615);
#4613 = CARTESIAN_POINT('',(-13.2715,17.1196,-15.113));
#4614 = DIRECTION('',(-1.,0.,0.));
#4615 = DIRECTION('',(0.,0.,1.));
#4616 = ORIENTED_EDGE('',*,*,#4617,.T.);
#4617 = EDGE_CURVE('',#4609,#4618,#4620,.T.);
#4618 = VERTEX_POINT('',#4619);
#4619 = CARTESIAN_POINT('',(-20.8915,10.0076,-15.113));
#4620 = CIRCLE('',#4621,7.62);
#4621 = AXIS2_PLACEMENT_3D('',#4622,#4623,#4624);
#4622 = CARTESIAN_POINT('',(-13.2715,10.0076,-15.113));
#4623 = DIRECTION('',(0.,-0.,1.));
#4624 = DIRECTION('',(0.,1.,0.));
#4625 = ORIENTED_EDGE('',*,*,#4626,.F.);
#4626 = EDGE_CURVE('',#4525,#4618,#4627,.T.);
#4627 = CIRCLE('',#4628,0.508);
#4628 = AXIS2_PLACEMENT_3D('',#4629,#4630,#4631);
#4629 = CARTESIAN_POINT('',(-20.3835,10.0076,-15.113));
#4630 = DIRECTION('',(0.,-1.,0.));
#4631 = DIRECTION('',(0.,0.,1.));
#4632 = ORIENTED_EDGE('',*,*,#4522,.F.);
#4633 = TOROIDAL_SURFACE('',#4634,7.112,0.508);
#4634 = AXIS2_PLACEMENT_3D('',#4635,#4636,#4637);
#4635 = CARTESIAN_POINT('',(-13.2715,10.0076,-15.113));
#4636 = DIRECTION('',(0.,0.,-1.));
#4637 = DIRECTION('',(1.812023097057E-03,0.999998358285,0.));
#4638 = ADVANCED_FACE('',(#4639),#4658,.T.);
#4639 = FACE_BOUND('',#4640,.T.);
#4640 = EDGE_LOOP('',(#4641,#4642,#4650,#4657));
#4641 = ORIENTED_EDGE('',*,*,#4626,.T.);
#4642 = ORIENTED_EDGE('',*,*,#4643,.T.);
#4643 = EDGE_CURVE('',#4618,#4644,#4646,.T.);
#4644 = VERTEX_POINT('',#4645);
#4645 = CARTESIAN_POINT('',(-20.8915,-10.0076,-15.113));
#4646 = LINE('',#4647,#4648);
#4647 = CARTESIAN_POINT('',(-20.8915,10.0076,-15.113));
#4648 = VECTOR('',#4649,1.);
#4649 = DIRECTION('',(0.,-1.,0.));
#4650 = ORIENTED_EDGE('',*,*,#4651,.F.);
#4651 = EDGE_CURVE('',#4576,#4644,#4652,.T.);
#4652 = CIRCLE('',#4653,0.508);
#4653 = AXIS2_PLACEMENT_3D('',#4654,#4655,#4656);
#4654 = CARTESIAN_POINT('',(-20.3835,-10.0076,-15.113));
#4655 = DIRECTION('',(0.,-1.,0.));
#4656 = DIRECTION('',(0.,0.,1.));
#4657 = ORIENTED_EDGE('',*,*,#4584,.F.);
#4658 = CYLINDRICAL_SURFACE('',#4659,0.508);
#4659 = AXIS2_PLACEMENT_3D('',#4660,#4661,#4662);
#4660 = CARTESIAN_POINT('',(-20.3835,10.02140762356,-15.113));
#4661 = DIRECTION('',(0.,-1.,0.));
#4662 = DIRECTION('',(0.,0.,1.));
#4663 = ADVANCED_FACE('',(#4664),#4684,.T.);
#4664 = FACE_BOUND('',#4665,.T.);
#4665 = EDGE_LOOP('',(#4666,#4667,#4676,#4683));
#4666 = ORIENTED_EDGE('',*,*,#4651,.T.);
#4667 = ORIENTED_EDGE('',*,*,#4668,.T.);
#4668 = EDGE_CURVE('',#4644,#4669,#4671,.T.);
#4669 = VERTEX_POINT('',#4670);
#4670 = CARTESIAN_POINT('',(-13.2715,-17.6276,-15.113));
#4671 = CIRCLE('',#4672,7.62);
#4672 = AXIS2_PLACEMENT_3D('',#4673,#4674,#4675);
#4673 = CARTESIAN_POINT('',(-13.2715,-10.0076,-15.113));
#4674 = DIRECTION('',(0.,0.,1.));
#4675 = DIRECTION('',(-1.,0.,0.));
#4676 = ORIENTED_EDGE('',*,*,#4677,.F.);
#4677 = EDGE_CURVE('',#4568,#4669,#4678,.T.);
#4678 = CIRCLE('',#4679,0.508);
#4679 = AXIS2_PLACEMENT_3D('',#4680,#4681,#4682);
#4680 = CARTESIAN_POINT('',(-13.2715,-17.1196,-15.113));
#4681 = DIRECTION('',(1.,0.,-0.));
#4682 = DIRECTION('',(0.,0.,1.));
#4683 = ORIENTED_EDGE('',*,*,#4575,.F.);
#4684 = TOROIDAL_SURFACE('',#4685,7.112,0.508);
#4685 = AXIS2_PLACEMENT_3D('',#4686,#4687,#4688);
#4686 = CARTESIAN_POINT('',(-13.2715,-10.0076,-15.113));
#4687 = DIRECTION('',(0.,0.,-1.));
#4688 = DIRECTION('',(-0.999998358285,1.812023097058E-03,0.));
#4689 = ADVANCED_FACE('',(#4690),#4709,.T.);
#4690 = FACE_BOUND('',#4691,.T.);
#4691 = EDGE_LOOP('',(#4692,#4693,#4701,#4708));
#4692 = ORIENTED_EDGE('',*,*,#4677,.T.);
#4693 = ORIENTED_EDGE('',*,*,#4694,.T.);
#4694 = EDGE_CURVE('',#4669,#4695,#4697,.T.);
#4695 = VERTEX_POINT('',#4696);
#4696 = CARTESIAN_POINT('',(14.2875,-17.6276,-15.113));
#4697 = LINE('',#4698,#4699);
#4698 = CARTESIAN_POINT('',(-13.2715,-17.6276,-15.113));
#4699 = VECTOR('',#4700,1.);
#4700 = DIRECTION('',(1.,0.,0.));
#4701 = ORIENTED_EDGE('',*,*,#4702,.F.);
#4702 = EDGE_CURVE('',#4559,#4695,#4703,.T.);
#4703 = CIRCLE('',#4704,0.508);
#4704 = AXIS2_PLACEMENT_3D('',#4705,#4706,#4707);
#4705 = CARTESIAN_POINT('',(14.2875,-17.1196,-15.113));
#4706 = DIRECTION('',(1.,0.,-0.));
#4707 = DIRECTION('',(0.,0.,1.));
#4708 = ORIENTED_EDGE('',*,*,#4567,.F.);
#4709 = CYLINDRICAL_SURFACE('',#4710,0.508);
#4710 = AXIS2_PLACEMENT_3D('',#4711,#4712,#4713);
#4711 = CARTESIAN_POINT('',(-13.28530762356,-17.1196,-15.113));
#4712 = DIRECTION('',(1.,0.,0.));
#4713 = DIRECTION('',(0.,0.,1.));
#4714 = ADVANCED_FACE('',(#4715),#4735,.T.);
#4715 = FACE_BOUND('',#4716,.T.);
#4716 = EDGE_LOOP('',(#4717,#4718,#4727,#4734));
#4717 = ORIENTED_EDGE('',*,*,#4702,.T.);
#4718 = ORIENTED_EDGE('',*,*,#4719,.T.);
#4719 = EDGE_CURVE('',#4695,#4720,#4722,.T.);
#4720 = VERTEX_POINT('',#4721);
#4721 = CARTESIAN_POINT('',(21.9075,-10.0076,-15.113));
#4722 = CIRCLE('',#4723,7.62);
#4723 = AXIS2_PLACEMENT_3D('',#4724,#4725,#4726);
#4724 = CARTESIAN_POINT('',(14.2875,-10.0076,-15.113));
#4725 = DIRECTION('',(0.,0.,1.));
#4726 = DIRECTION('',(0.,-1.,0.));
#4727 = ORIENTED_EDGE('',*,*,#4728,.F.);
#4728 = EDGE_CURVE('',#4551,#4720,#4729,.T.);
#4729 = CIRCLE('',#4730,0.508);
#4730 = AXIS2_PLACEMENT_3D('',#4731,#4732,#4733);
#4731 = CARTESIAN_POINT('',(21.3995,-10.0076,-15.113));
#4732 = DIRECTION('',(0.,1.,0.));
#4733 = DIRECTION('',(0.,-0.,1.));
#4734 = ORIENTED_EDGE('',*,*,#4558,.F.);
#4735 = TOROIDAL_SURFACE('',#4736,7.112,0.508);
#4736 = AXIS2_PLACEMENT_3D('',#4737,#4738,#4739);
#4737 = CARTESIAN_POINT('',(14.2875,-10.0076,-15.113));
#4738 = DIRECTION('',(0.,0.,-1.));
#4739 = DIRECTION('',(-1.812023097059E-03,-0.999998358285,-0.));
#4740 = ADVANCED_FACE('',(#4741),#4760,.T.);
#4741 = FACE_BOUND('',#4742,.T.);
#4742 = EDGE_LOOP('',(#4743,#4744,#4752,#4759));
#4743 = ORIENTED_EDGE('',*,*,#4728,.T.);
#4744 = ORIENTED_EDGE('',*,*,#4745,.T.);
#4745 = EDGE_CURVE('',#4720,#4746,#4748,.T.);
#4746 = VERTEX_POINT('',#4747);
#4747 = CARTESIAN_POINT('',(21.9075,10.0076,-15.113));
#4748 = LINE('',#4749,#4750);
#4749 = CARTESIAN_POINT('',(21.9075,-10.0076,-15.113));
#4750 = VECTOR('',#4751,1.);
#4751 = DIRECTION('',(0.,1.,0.));
#4752 = ORIENTED_EDGE('',*,*,#4753,.F.);
#4753 = EDGE_CURVE('',#4542,#4746,#4754,.T.);
#4754 = CIRCLE('',#4755,0.508);
#4755 = AXIS2_PLACEMENT_3D('',#4756,#4757,#4758);
#4756 = CARTESIAN_POINT('',(21.3995,10.0076,-15.113));
#4757 = DIRECTION('',(0.,1.,0.));
#4758 = DIRECTION('',(0.,-0.,1.));
#4759 = ORIENTED_EDGE('',*,*,#4550,.F.);
#4760 = CYLINDRICAL_SURFACE('',#4761,0.508);
#4761 = AXIS2_PLACEMENT_3D('',#4762,#4763,#4764);
#4762 = CARTESIAN_POINT('',(21.3995,-10.02140762356,-15.113));
#4763 = DIRECTION('',(0.,1.,0.));
#4764 = DIRECTION('',(0.,-0.,1.));
#4765 = ADVANCED_FACE('',(#4766),#4786,.T.);
#4766 = FACE_BOUND('',#4767,.T.);
#4767 = EDGE_LOOP('',(#4768,#4769,#4778,#4785));
#4768 = ORIENTED_EDGE('',*,*,#4753,.T.);
#4769 = ORIENTED_EDGE('',*,*,#4770,.T.);
#4770 = EDGE_CURVE('',#4746,#4771,#4773,.T.);
#4771 = VERTEX_POINT('',#4772);
#4772 = CARTESIAN_POINT('',(14.2875,17.6276,-15.113));
#4773 = CIRCLE('',#4774,7.62);
#4774 = AXIS2_PLACEMENT_3D('',#4775,#4776,#4777);
#4775 = CARTESIAN_POINT('',(14.2875,10.0076,-15.113));
#4776 = DIRECTION('',(0.,0.,1.));
#4777 = DIRECTION('',(1.,0.,-0.));
#4778 = ORIENTED_EDGE('',*,*,#4779,.F.);
#4779 = EDGE_CURVE('',#4534,#4771,#4780,.T.);
#4780 = CIRCLE('',#4781,0.508);
#4781 = AXIS2_PLACEMENT_3D('',#4782,#4783,#4784);
#4782 = CARTESIAN_POINT('',(14.2875,17.1196,-15.113));
#4783 = DIRECTION('',(-1.,0.,0.));
#4784 = DIRECTION('',(0.,0.,1.));
#4785 = ORIENTED_EDGE('',*,*,#4541,.F.);
#4786 = TOROIDAL_SURFACE('',#4787,7.112,0.508);
#4787 = AXIS2_PLACEMENT_3D('',#4788,#4789,#4790);
#4788 = CARTESIAN_POINT('',(14.2875,10.0076,-15.113));
#4789 = DIRECTION('',(0.,0.,-1.));
#4790 = DIRECTION('',(0.999998358285,-1.812023097058E-03,0.));
#4791 = ADVANCED_FACE('',(#4792),#4803,.T.);
#4792 = FACE_BOUND('',#4793,.T.);
#4793 = EDGE_LOOP('',(#4794,#4795,#4801,#4802));
#4794 = ORIENTED_EDGE('',*,*,#4779,.T.);
#4795 = ORIENTED_EDGE('',*,*,#4796,.T.);
#4796 = EDGE_CURVE('',#4771,#4609,#4797,.T.);
#4797 = LINE('',#4798,#4799);
#4798 = CARTESIAN_POINT('',(14.2875,17.6276,-15.113));
#4799 = VECTOR('',#4800,1.);
#4800 = DIRECTION('',(-1.,0.,0.));
#4801 = ORIENTED_EDGE('',*,*,#4608,.F.);
#4802 = ORIENTED_EDGE('',*,*,#4533,.F.);
#4803 = CYLINDRICAL_SURFACE('',#4804,0.508);
#4804 = AXIS2_PLACEMENT_3D('',#4805,#4806,#4807);
#4805 = CARTESIAN_POINT('',(14.30130762356,17.1196,-15.113));
#4806 = DIRECTION('',(-1.,0.,0.));
#4807 = DIRECTION('',(0.,0.,1.));
#4808 = ADVANCED_FACE('',(#4809),#4834,.T.);
#4809 = FACE_BOUND('',#4810,.F.);
#4810 = EDGE_LOOP('',(#4811,#4821,#4827,#4828));
#4811 = ORIENTED_EDGE('',*,*,#4812,.T.);
#4812 = EDGE_CURVE('',#4813,#4815,#4817,.T.);
#4813 = VERTEX_POINT('',#4814);
#4814 = CARTESIAN_POINT('',(-13.2715,17.6276,-25.654));
#4815 = VERTEX_POINT('',#4816);
#4816 = CARTESIAN_POINT('',(14.2875,17.6276,-25.654));
#4817 = LINE('',#4818,#4819);
#4818 = CARTESIAN_POINT('',(-13.2715,17.6276,-25.654));
#4819 = VECTOR('',#4820,1.);
#4820 = DIRECTION('',(1.,0.,0.));
#4821 = ORIENTED_EDGE('',*,*,#4822,.T.);
#4822 = EDGE_CURVE('',#4815,#4771,#4823,.T.);
#4823 = LINE('',#4824,#4825);
#4824 = CARTESIAN_POINT('',(14.2875,17.6276,-25.654));
#4825 = VECTOR('',#4826,1.);
#4826 = DIRECTION('',(0.,0.,1.));
#4827 = ORIENTED_EDGE('',*,*,#4796,.T.);
#4828 = ORIENTED_EDGE('',*,*,#4829,.F.);
#4829 = EDGE_CURVE('',#4813,#4609,#4830,.T.);
#4830 = LINE('',#4831,#4832);
#4831 = CARTESIAN_POINT('',(-13.2715,17.6276,-25.654));
#4832 = VECTOR('',#4833,1.);
#4833 = DIRECTION('',(0.,0.,1.));
#4834 = PLANE('',#4835);
#4835 = AXIS2_PLACEMENT_3D('',#4836,#4837,#4838);
#4836 = CARTESIAN_POINT('',(-13.2715,17.6276,-14.859));
#4837 = DIRECTION('',(0.,1.,0.));
#4838 = DIRECTION('',(1.,0.,0.));
#4839 = ADVANCED_FACE('',(#4840),#4867,.T.);
#4840 = FACE_BOUND('',#4841,.T.);
#4841 = EDGE_LOOP('',(#4842,#4851,#4852,#4861));
#4842 = ORIENTED_EDGE('',*,*,#4843,.T.);
#4843 = EDGE_CURVE('',#4844,#4813,#4846,.T.);
#4844 = VERTEX_POINT('',#4845);
#4845 = CARTESIAN_POINT('',(-13.2715,17.1196,-26.162));
#4846 = CIRCLE('',#4847,0.508);
#4847 = AXIS2_PLACEMENT_3D('',#4848,#4849,#4850);
#4848 = CARTESIAN_POINT('',(-13.2715,17.1196,-25.654));
#4849 = DIRECTION('',(1.,0.,0.));
#4850 = DIRECTION('',(0.,0.,-1.));
#4851 = ORIENTED_EDGE('',*,*,#4812,.T.);
#4852 = ORIENTED_EDGE('',*,*,#4853,.F.);
#4853 = EDGE_CURVE('',#4854,#4815,#4856,.T.);
#4854 = VERTEX_POINT('',#4855);
#4855 = CARTESIAN_POINT('',(14.2875,17.1196,-26.162));
#4856 = CIRCLE('',#4857,0.508);
#4857 = AXIS2_PLACEMENT_3D('',#4858,#4859,#4860);
#4858 = CARTESIAN_POINT('',(14.2875,17.1196,-25.654));
#4859 = DIRECTION('',(1.,0.,0.));
#4860 = DIRECTION('',(0.,0.,-1.));
#4861 = ORIENTED_EDGE('',*,*,#4862,.F.);
#4862 = EDGE_CURVE('',#4844,#4854,#4863,.T.);
#4863 = LINE('',#4864,#4865);
#4864 = CARTESIAN_POINT('',(-13.2715,17.1196,-26.162));
#4865 = VECTOR('',#4866,1.);
#4866 = DIRECTION('',(1.,0.,0.));
#4867 = CYLINDRICAL_SURFACE('',#4868,0.508);
#4868 = AXIS2_PLACEMENT_3D('',#4869,#4870,#4871);
#4869 = CARTESIAN_POINT('',(-13.28122959865,17.1196,-25.654));
#4870 = DIRECTION('',(1.,0.,0.));
#4871 = DIRECTION('',(0.,0.,-1.));
#4872 = ADVANCED_FACE('',(#4873),#4926,.T.);
#4873 = FACE_BOUND('',#4874,.F.);
#4874 = EDGE_LOOP('',(#4875,#4885,#4894,#4903,#4912,#4920));
#4875 = ORIENTED_EDGE('',*,*,#4876,.F.);
#4876 = EDGE_CURVE('',#4877,#4879,#4881,.T.);
#4877 = VERTEX_POINT('',#4878);
#4878 = CARTESIAN_POINT('',(11.15613637951,-13.462,-26.162));
#4879 = VERTEX_POINT('',#4880);
#4880 = CARTESIAN_POINT('',(5.0927,-13.462,-26.162));
#4881 = LINE('',#4882,#4883);
#4882 = CARTESIAN_POINT('',(11.15613637951,-13.462,-26.162));
#4883 = VECTOR('',#4884,1.);
#4884 = DIRECTION('',(-1.,0.,0.));
#4885 = ORIENTED_EDGE('',*,*,#4886,.T.);
#4886 = EDGE_CURVE('',#4877,#4887,#4889,.T.);
#4887 = VERTEX_POINT('',#4888);
#4888 = CARTESIAN_POINT('',(9.6139,-10.668,-26.162));
#4889 = CIRCLE('',#4890,3.302);
#4890 = AXIS2_PLACEMENT_3D('',#4891,#4892,#4893);
#4891 = CARTESIAN_POINT('',(12.9159,-10.668,-26.162));
#4892 = DIRECTION('',(0.,0.,-1.));
#4893 = DIRECTION('',(-0.532938710021,-0.846153846154,-0.));
#4894 = ORIENTED_EDGE('',*,*,#4895,.T.);
#4895 = EDGE_CURVE('',#4887,#4896,#4898,.T.);
#4896 = VERTEX_POINT('',#4897);
#4897 = CARTESIAN_POINT('',(9.889567011051,-9.3472,-26.162));
#4898 = CIRCLE('',#4899,3.302);
#4899 = AXIS2_PLACEMENT_3D('',#4900,#4901,#4902);
#4900 = CARTESIAN_POINT('',(12.9159,-10.668,-26.162));
#4901 = DIRECTION('',(0.,0.,-1.));
#4902 = DIRECTION('',(-1.,0.,0.));
#4903 = ORIENTED_EDGE('',*,*,#4904,.F.);
#4904 = EDGE_CURVE('',#4905,#4896,#4907,.T.);
#4905 = VERTEX_POINT('',#4906);
#4906 = CARTESIAN_POINT('',(9.423977320444,-8.636,-26.162));
#4907 = CIRCLE('',#4908,0.508);
#4908 = AXIS2_PLACEMENT_3D('',#4909,#4910,#4911);
#4909 = CARTESIAN_POINT('',(9.423977320444,-9.144,-26.162));
#4910 = DIRECTION('',(0.,0.,-1.));
#4911 = DIRECTION('',(0.,1.,0.));
#4912 = ORIENTED_EDGE('',*,*,#4913,.T.);
#4913 = EDGE_CURVE('',#4905,#4914,#4916,.T.);
#4914 = VERTEX_POINT('',#4915);
#4915 = CARTESIAN_POINT('',(5.0927,-8.636,-26.162));
#4916 = LINE('',#4917,#4918);
#4917 = CARTESIAN_POINT('',(9.423977320444,-8.636,-26.162));
#4918 = VECTOR('',#4919,1.);
#4919 = DIRECTION('',(-1.,0.,0.));
#4920 = ORIENTED_EDGE('',*,*,#4921,.F.);
#4921 = EDGE_CURVE('',#4879,#4914,#4922,.T.);
#4922 = LINE('',#4923,#4924);
#4923 = CARTESIAN_POINT('',(5.0927,-13.462,-26.162));
#4924 = VECTOR('',#4925,1.);
#4925 = DIRECTION('',(0.,1.,0.));
#4926 = PLANE('',#4927);
#4927 = AXIS2_PLACEMENT_3D('',#4928,#4929,#4930);
#4928 = CARTESIAN_POINT('',(0.,0.,-26.162));
#4929 = DIRECTION('',(0.,0.,-1.));
#4930 = DIRECTION('',(0.,-1.,0.));
#4931 = ADVANCED_FACE('',(#4932,#5220),#5240,.T.);
#4932 = FACE_BOUND('',#4933,.F.);
#4933 = EDGE_LOOP('',(#4934,#4945,#4953,#4961,#4970,#4978,#4985,#4986,
    #4995,#5003,#5012,#5020,#5028,#5037,#5046,#5055,#5063,#5072,#5081,
    #5090,#5099,#5108,#5116,#5125,#5134,#5143,#5152,#5161,#5169,#5178,
    #5187,#5196,#5204,#5213));
#4934 = ORIENTED_EDGE('',*,*,#4935,.T.);
#4935 = EDGE_CURVE('',#4936,#4938,#4940,.T.);
#4936 = VERTEX_POINT('',#4937);
#4937 = CARTESIAN_POINT('',(16.2179,-10.668,-26.162));
#4938 = VERTEX_POINT('',#4939);
#4939 = CARTESIAN_POINT('',(12.7889,-13.96755678842,-26.162));
#4940 = CIRCLE('',#4941,3.302);
#4941 = AXIS2_PLACEMENT_3D('',#4942,#4943,#4944);
#4942 = CARTESIAN_POINT('',(12.9159,-10.668,-26.162));
#4943 = DIRECTION('',(0.,0.,-1.));
#4944 = DIRECTION('',(1.,0.,0.));
#4945 = ORIENTED_EDGE('',*,*,#4946,.F.);
#4946 = EDGE_CURVE('',#4947,#4938,#4949,.T.);
#4947 = VERTEX_POINT('',#4948);
#4948 = CARTESIAN_POINT('',(12.7889,-17.1196,-26.162));
#4949 = LINE('',#4950,#4951);
#4950 = CARTESIAN_POINT('',(12.7889,-17.1196,-26.162));
#4951 = VECTOR('',#4952,1.);
#4952 = DIRECTION('',(0.,1.,0.));
#4953 = ORIENTED_EDGE('',*,*,#4954,.F.);
#4954 = EDGE_CURVE('',#4955,#4947,#4957,.T.);
#4955 = VERTEX_POINT('',#4956);
#4956 = CARTESIAN_POINT('',(14.2875,-17.1196,-26.162));
#4957 = LINE('',#4958,#4959);
#4958 = CARTESIAN_POINT('',(14.2875,-17.1196,-26.162));
#4959 = VECTOR('',#4960,1.);
#4960 = DIRECTION('',(-1.,0.,0.));
#4961 = ORIENTED_EDGE('',*,*,#4962,.F.);
#4962 = EDGE_CURVE('',#4963,#4955,#4965,.T.);
#4963 = VERTEX_POINT('',#4964);
#4964 = CARTESIAN_POINT('',(21.3995,-10.0076,-26.162));
#4965 = CIRCLE('',#4966,7.112);
#4966 = AXIS2_PLACEMENT_3D('',#4967,#4968,#4969);
#4967 = CARTESIAN_POINT('',(14.2875,-10.0076,-26.162));
#4968 = DIRECTION('',(0.,0.,-1.));
#4969 = DIRECTION('',(1.,0.,0.));
#4970 = ORIENTED_EDGE('',*,*,#4971,.F.);
#4971 = EDGE_CURVE('',#4972,#4963,#4974,.T.);
#4972 = VERTEX_POINT('',#4973);
#4973 = CARTESIAN_POINT('',(21.3995,10.0076,-26.162));
#4974 = LINE('',#4975,#4976);
#4975 = CARTESIAN_POINT('',(21.3995,10.0076,-26.162));
#4976 = VECTOR('',#4977,1.);
#4977 = DIRECTION('',(0.,-1.,0.));
#4978 = ORIENTED_EDGE('',*,*,#4979,.F.);
#4979 = EDGE_CURVE('',#4854,#4972,#4980,.T.);
#4980 = CIRCLE('',#4981,7.112);
#4981 = AXIS2_PLACEMENT_3D('',#4982,#4983,#4984);
#4982 = CARTESIAN_POINT('',(14.2875,10.0076,-26.162));
#4983 = DIRECTION('',(0.,0.,-1.));
#4984 = DIRECTION('',(0.,1.,0.));
#4985 = ORIENTED_EDGE('',*,*,#4862,.F.);
#4986 = ORIENTED_EDGE('',*,*,#4987,.F.);
#4987 = EDGE_CURVE('',#4988,#4844,#4990,.T.);
#4988 = VERTEX_POINT('',#4989);
#4989 = CARTESIAN_POINT('',(-20.3835,10.0076,-26.162));
#4990 = CIRCLE('',#4991,7.112);
#4991 = AXIS2_PLACEMENT_3D('',#4992,#4993,#4994);
#4992 = CARTESIAN_POINT('',(-13.2715,10.0076,-26.162));
#4993 = DIRECTION('',(0.,0.,-1.));
#4994 = DIRECTION('',(-1.,0.,0.));
#4995 = ORIENTED_EDGE('',*,*,#4996,.F.);
#4996 = EDGE_CURVE('',#4997,#4988,#4999,.T.);
#4997 = VERTEX_POINT('',#4998);
#4998 = CARTESIAN_POINT('',(-20.3835,-10.0076,-26.162));
#4999 = LINE('',#5000,#5001);
#5000 = CARTESIAN_POINT('',(-20.3835,-10.0076,-26.162));
#5001 = VECTOR('',#5002,1.);
#5002 = DIRECTION('',(0.,1.,0.));
#5003 = ORIENTED_EDGE('',*,*,#5004,.F.);
#5004 = EDGE_CURVE('',#5005,#4997,#5007,.T.);
#5005 = VERTEX_POINT('',#5006);
#5006 = CARTESIAN_POINT('',(-13.2715,-17.1196,-26.162));
#5007 = CIRCLE('',#5008,7.112);
#5008 = AXIS2_PLACEMENT_3D('',#5009,#5010,#5011);
#5009 = CARTESIAN_POINT('',(-13.2715,-10.0076,-26.162));
#5010 = DIRECTION('',(0.,0.,-1.));
#5011 = DIRECTION('',(0.,-1.,0.));
#5012 = ORIENTED_EDGE('',*,*,#5013,.F.);
#5013 = EDGE_CURVE('',#5014,#5005,#5016,.T.);
#5014 = VERTEX_POINT('',#5015);
#5015 = CARTESIAN_POINT('',(-8.6995,-17.1196,-26.162));
#5016 = LINE('',#5017,#5018);
#5017 = CARTESIAN_POINT('',(-8.6995,-17.1196,-26.162));
#5018 = VECTOR('',#5019,1.);
#5019 = DIRECTION('',(-1.,0.,0.));
#5020 = ORIENTED_EDGE('',*,*,#5021,.F.);
#5021 = EDGE_CURVE('',#5022,#5014,#5024,.T.);
#5022 = VERTEX_POINT('',#5023);
#5023 = CARTESIAN_POINT('',(-8.6995,-13.96755678842,-26.162));
#5024 = LINE('',#5025,#5026);
#5025 = CARTESIAN_POINT('',(-8.6995,-13.96755678842,-26.162));
#5026 = VECTOR('',#5027,1.);
#5027 = DIRECTION('',(0.,-1.,0.));
#5028 = ORIENTED_EDGE('',*,*,#5029,.T.);
#5029 = EDGE_CURVE('',#5022,#5030,#5032,.T.);
#5030 = VERTEX_POINT('',#5031);
#5031 = CARTESIAN_POINT('',(-12.1285,-10.668,-26.162));
#5032 = CIRCLE('',#5033,3.302);
#5033 = AXIS2_PLACEMENT_3D('',#5034,#5035,#5036);
#5034 = CARTESIAN_POINT('',(-8.8265,-10.668,-26.162));
#5035 = DIRECTION('',(0.,0.,-1.));
#5036 = DIRECTION('',(3.846153846154E-02,-0.99926008129,0.));
#5037 = ORIENTED_EDGE('',*,*,#5038,.T.);
#5038 = EDGE_CURVE('',#5030,#5039,#5041,.T.);
#5039 = VERTEX_POINT('',#5040);
#5040 = CARTESIAN_POINT('',(-8.980593333333,-7.369597470802,-26.162));
#5041 = CIRCLE('',#5042,3.302);
#5042 = AXIS2_PLACEMENT_3D('',#5043,#5044,#5045);
#5043 = CARTESIAN_POINT('',(-8.8265,-10.668,-26.162));
#5044 = DIRECTION('',(0.,0.,-1.));
#5045 = DIRECTION('',(-1.,0.,0.));
#5046 = ORIENTED_EDGE('',*,*,#5047,.F.);
#5047 = EDGE_CURVE('',#5048,#5039,#5050,.T.);
#5048 = VERTEX_POINT('',#5049);
#5049 = CARTESIAN_POINT('',(-8.4963,-6.862150927848,-26.162));
#5050 = CIRCLE('',#5051,0.508);
#5051 = AXIS2_PLACEMENT_3D('',#5052,#5053,#5054);
#5052 = CARTESIAN_POINT('',(-9.0043,-6.862150927848,-26.162));
#5053 = DIRECTION('',(0.,0.,-1.));
#5054 = DIRECTION('',(1.,0.,0.));
#5055 = ORIENTED_EDGE('',*,*,#5056,.T.);
#5056 = EDGE_CURVE('',#5048,#5057,#5059,.T.);
#5057 = VERTEX_POINT('',#5058);
#5058 = CARTESIAN_POINT('',(-8.4963,6.862150927848,-26.162));
#5059 = LINE('',#5060,#5061);
#5060 = CARTESIAN_POINT('',(-8.4963,-6.862150927848,-26.162));
#5061 = VECTOR('',#5062,1.);
#5062 = DIRECTION('',(0.,1.,0.));
#5063 = ORIENTED_EDGE('',*,*,#5064,.F.);
#5064 = EDGE_CURVE('',#5065,#5057,#5067,.T.);
#5065 = VERTEX_POINT('',#5066);
#5066 = CARTESIAN_POINT('',(-8.980593333333,7.369597470802,-26.162));
#5067 = CIRCLE('',#5068,0.508);
#5068 = AXIS2_PLACEMENT_3D('',#5069,#5070,#5071);
#5069 = CARTESIAN_POINT('',(-9.0043,6.862150927848,-26.162));
#5070 = DIRECTION('',(0.,0.,-1.));
#5071 = DIRECTION('',(4.666666666666E-02,0.998910517625,0.));
#5072 = ORIENTED_EDGE('',*,*,#5073,.T.);
#5073 = EDGE_CURVE('',#5065,#5074,#5076,.T.);
#5074 = VERTEX_POINT('',#5075);
#5075 = CARTESIAN_POINT('',(-12.1285,10.668,-26.162));
#5076 = CIRCLE('',#5077,3.302);
#5077 = AXIS2_PLACEMENT_3D('',#5078,#5079,#5080);
#5078 = CARTESIAN_POINT('',(-8.8265,10.668,-26.162));
#5079 = DIRECTION('',(0.,0.,-1.));
#5080 = DIRECTION('',(-4.666666666667E-02,-0.998910517625,-0.));
#5081 = ORIENTED_EDGE('',*,*,#5082,.T.);
#5082 = EDGE_CURVE('',#5074,#5083,#5085,.T.);
#5083 = VERTEX_POINT('',#5084);
#5084 = CARTESIAN_POINT('',(-5.5245,10.668,-26.162));
#5085 = CIRCLE('',#5086,3.302);
#5086 = AXIS2_PLACEMENT_3D('',#5087,#5088,#5089);
#5087 = CARTESIAN_POINT('',(-8.8265,10.668,-26.162));
#5088 = DIRECTION('',(0.,0.,-1.));
#5089 = DIRECTION('',(-1.,0.,0.));
#5090 = ORIENTED_EDGE('',*,*,#5091,.T.);
#5091 = EDGE_CURVE('',#5083,#5092,#5094,.T.);
#5092 = VERTEX_POINT('',#5093);
#5093 = CARTESIAN_POINT('',(-5.800167011051,9.3472,-26.162));
#5094 = CIRCLE('',#5095,3.302);
#5095 = AXIS2_PLACEMENT_3D('',#5096,#5097,#5098);
#5096 = CARTESIAN_POINT('',(-8.8265,10.668,-26.162));
#5097 = DIRECTION('',(0.,0.,-1.));
#5098 = DIRECTION('',(1.,0.,0.));
#5099 = ORIENTED_EDGE('',*,*,#5100,.F.);
#5100 = EDGE_CURVE('',#5101,#5092,#5103,.T.);
#5101 = VERTEX_POINT('',#5102);
#5102 = CARTESIAN_POINT('',(-5.334577320444,8.636,-26.162));
#5103 = CIRCLE('',#5104,0.508);
#5104 = AXIS2_PLACEMENT_3D('',#5105,#5106,#5107);
#5105 = CARTESIAN_POINT('',(-5.334577320444,9.144,-26.162));
#5106 = DIRECTION('',(0.,0.,-1.));
#5107 = DIRECTION('',(0.,-1.,0.));
#5108 = ORIENTED_EDGE('',*,*,#5109,.T.);
#5109 = EDGE_CURVE('',#5101,#5110,#5112,.T.);
#5110 = VERTEX_POINT('',#5111);
#5111 = CARTESIAN_POINT('',(9.423977320444,8.636,-26.162));
#5112 = LINE('',#5113,#5114);
#5113 = CARTESIAN_POINT('',(-5.334577320444,8.636,-26.162));
#5114 = VECTOR('',#5115,1.);
#5115 = DIRECTION('',(1.,0.,0.));
#5116 = ORIENTED_EDGE('',*,*,#5117,.F.);
#5117 = EDGE_CURVE('',#5118,#5110,#5120,.T.);
#5118 = VERTEX_POINT('',#5119);
#5119 = CARTESIAN_POINT('',(9.889567011051,9.3472,-26.162));
#5120 = CIRCLE('',#5121,0.508);
#5121 = AXIS2_PLACEMENT_3D('',#5122,#5123,#5124);
#5122 = CARTESIAN_POINT('',(9.423977320444,9.144,-26.162));
#5123 = DIRECTION('',(0.,0.,-1.));
#5124 = DIRECTION('',(0.916515138991,0.4,0.));
#5125 = ORIENTED_EDGE('',*,*,#5126,.T.);
#5126 = EDGE_CURVE('',#5118,#5127,#5129,.T.);
#5127 = VERTEX_POINT('',#5128);
#5128 = CARTESIAN_POINT('',(9.6139,10.668,-26.162));
#5129 = CIRCLE('',#5130,3.302);
#5130 = AXIS2_PLACEMENT_3D('',#5131,#5132,#5133);
#5131 = CARTESIAN_POINT('',(12.9159,10.668,-26.162));
#5132 = DIRECTION('',(0.,0.,-1.));
#5133 = DIRECTION('',(-0.916515138991,-0.4,-0.));
#5134 = ORIENTED_EDGE('',*,*,#5135,.T.);
#5135 = EDGE_CURVE('',#5127,#5136,#5138,.T.);
#5136 = VERTEX_POINT('',#5137);
#5137 = CARTESIAN_POINT('',(16.2179,10.668,-26.162));
#5138 = CIRCLE('',#5139,3.302);
#5139 = AXIS2_PLACEMENT_3D('',#5140,#5141,#5142);
#5140 = CARTESIAN_POINT('',(12.9159,10.668,-26.162));
#5141 = DIRECTION('',(0.,0.,-1.));
#5142 = DIRECTION('',(-1.,0.,0.));
#5143 = ORIENTED_EDGE('',*,*,#5144,.T.);
#5144 = EDGE_CURVE('',#5136,#5145,#5147,.T.);
#5145 = VERTEX_POINT('',#5146);
#5146 = CARTESIAN_POINT('',(13.06999333333,7.369597470802,-26.162));
#5147 = CIRCLE('',#5148,3.302);
#5148 = AXIS2_PLACEMENT_3D('',#5149,#5150,#5151);
#5149 = CARTESIAN_POINT('',(12.9159,10.668,-26.162));
#5150 = DIRECTION('',(0.,0.,-1.));
#5151 = DIRECTION('',(1.,0.,0.));
#5152 = ORIENTED_EDGE('',*,*,#5153,.F.);
#5153 = EDGE_CURVE('',#5154,#5145,#5156,.T.);
#5154 = VERTEX_POINT('',#5155);
#5155 = CARTESIAN_POINT('',(12.5857,6.862150927848,-26.162));
#5156 = CIRCLE('',#5157,0.508);
#5157 = AXIS2_PLACEMENT_3D('',#5158,#5159,#5160);
#5158 = CARTESIAN_POINT('',(13.0937,6.862150927848,-26.162));
#5159 = DIRECTION('',(0.,0.,-1.));
#5160 = DIRECTION('',(-1.,0.,0.));
#5161 = ORIENTED_EDGE('',*,*,#5162,.T.);
#5162 = EDGE_CURVE('',#5154,#5163,#5165,.T.);
#5163 = VERTEX_POINT('',#5164);
#5164 = CARTESIAN_POINT('',(12.5857,2.509437731445,-26.162));
#5165 = LINE('',#5166,#5167);
#5166 = CARTESIAN_POINT('',(12.5857,6.862150927848,-26.162));
#5167 = VECTOR('',#5168,1.);
#5168 = DIRECTION('',(0.,-1.,0.));
#5169 = ORIENTED_EDGE('',*,*,#5170,.F.);
#5170 = EDGE_CURVE('',#5171,#5163,#5173,.T.);
#5171 = VERTEX_POINT('',#5172);
#5172 = CARTESIAN_POINT('',(13.55171527393,2.221970321147,-26.162));
#5173 = CIRCLE('',#5174,0.52578);
#5174 = AXIS2_PLACEMENT_3D('',#5175,#5176,#5177);
#5175 = CARTESIAN_POINT('',(13.11148,2.509437731445,-26.162));
#5176 = DIRECTION('',(0.,0.,-1.));
#5177 = DIRECTION('',(0.837299391256,-0.546744665636,0.));
#5178 = ORIENTED_EDGE('',*,*,#5179,.T.);
#5179 = EDGE_CURVE('',#5171,#5180,#5182,.T.);
#5180 = VERTEX_POINT('',#5181);
#5181 = CARTESIAN_POINT('',(13.53764100219,-2.200266026887,-26.162));
#5182 = CIRCLE('',#5183,4.064);
#5183 = AXIS2_PLACEMENT_3D('',#5184,#5185,#5186);
#5184 = CARTESIAN_POINT('',(16.9545,0.,-26.162));
#5185 = DIRECTION('',(0.,0.,-1.));
#5186 = DIRECTION('',(-0.837299391256,0.546744665637,0.));
#5187 = ORIENTED_EDGE('',*,*,#5188,.F.);
#5188 = EDGE_CURVE('',#5189,#5180,#5191,.T.);
#5189 = VERTEX_POINT('',#5190);
#5190 = CARTESIAN_POINT('',(12.5857,-2.480250377258,-26.162));
#5191 = CIRCLE('',#5192,0.51714492066);
#5192 = AXIS2_PLACEMENT_3D('',#5193,#5194,#5195);
#5193 = CARTESIAN_POINT('',(13.10284492066,-2.480250377258,-26.162));
#5194 = DIRECTION('',(0.,0.,-1.));
#5195 = DIRECTION('',(-1.,0.,0.));
#5196 = ORIENTED_EDGE('',*,*,#5197,.T.);
#5197 = EDGE_CURVE('',#5189,#5198,#5200,.T.);
#5198 = VERTEX_POINT('',#5199);
#5199 = CARTESIAN_POINT('',(12.5857,-6.862150927848,-26.162));
#5200 = LINE('',#5201,#5202);
#5201 = CARTESIAN_POINT('',(12.5857,-2.480250377258,-26.162));
#5202 = VECTOR('',#5203,1.);
#5203 = DIRECTION('',(0.,-1.,0.));
#5204 = ORIENTED_EDGE('',*,*,#5205,.F.);
#5205 = EDGE_CURVE('',#5206,#5198,#5208,.T.);
#5206 = VERTEX_POINT('',#5207);
#5207 = CARTESIAN_POINT('',(13.06999333333,-7.369597470802,-26.162));
#5208 = CIRCLE('',#5209,0.508);
#5209 = AXIS2_PLACEMENT_3D('',#5210,#5211,#5212);
#5210 = CARTESIAN_POINT('',(13.0937,-6.862150927848,-26.162));
#5211 = DIRECTION('',(0.,0.,-1.));
#5212 = DIRECTION('',(-4.666666666675E-02,-0.998910517625,-0.));
#5213 = ORIENTED_EDGE('',*,*,#5214,.T.);
#5214 = EDGE_CURVE('',#5206,#4936,#5215,.T.);
#5215 = CIRCLE('',#5216,3.302);
#5216 = AXIS2_PLACEMENT_3D('',#5217,#5218,#5219);
#5217 = CARTESIAN_POINT('',(12.9159,-10.668,-26.162));
#5218 = DIRECTION('',(0.,0.,-1.));
#5219 = DIRECTION('',(4.666666666665E-02,0.998910517625,0.));
#5220 = FACE_BOUND('',#5221,.F.);
#5221 = EDGE_LOOP('',(#5222,#5233));
#5222 = ORIENTED_EDGE('',*,*,#5223,.T.);
#5223 = EDGE_CURVE('',#5224,#5226,#5228,.T.);
#5224 = VERTEX_POINT('',#5225);
#5225 = CARTESIAN_POINT('',(-20.0025,0.,-26.162));
#5226 = VERTEX_POINT('',#5227);
#5227 = CARTESIAN_POINT('',(-11.8745,0.,-26.162));
#5228 = CIRCLE('',#5229,4.064);
#5229 = AXIS2_PLACEMENT_3D('',#5230,#5231,#5232);
#5230 = CARTESIAN_POINT('',(-15.9385,0.,-26.162));
#5231 = DIRECTION('',(0.,0.,-1.));
#5232 = DIRECTION('',(-1.,0.,0.));
#5233 = ORIENTED_EDGE('',*,*,#5234,.T.);
#5234 = EDGE_CURVE('',#5226,#5224,#5235,.T.);
#5235 = CIRCLE('',#5236,4.064);
#5236 = AXIS2_PLACEMENT_3D('',#5237,#5238,#5239);
#5237 = CARTESIAN_POINT('',(-15.9385,0.,-26.162));
#5238 = DIRECTION('',(0.,0.,-1.));
#5239 = DIRECTION('',(1.,0.,0.));
#5240 = PLANE('',#5241);
#5241 = AXIS2_PLACEMENT_3D('',#5242,#5243,#5244);
#5242 = CARTESIAN_POINT('',(0.,0.,-26.162));
#5243 = DIRECTION('',(0.,0.,-1.));
#5244 = DIRECTION('',(0.,-1.,0.));
#5245 = ADVANCED_FACE('',(#5246),#5299,.T.);
#5246 = FACE_BOUND('',#5247,.F.);
#5247 = EDGE_LOOP('',(#5248,#5258,#5266,#5275,#5284,#5293));
#5248 = ORIENTED_EDGE('',*,*,#5249,.F.);
#5249 = EDGE_CURVE('',#5250,#5252,#5254,.T.);
#5250 = VERTEX_POINT('',#5251);
#5251 = CARTESIAN_POINT('',(-1.0033,-8.636,-26.162));
#5252 = VERTEX_POINT('',#5253);
#5253 = CARTESIAN_POINT('',(-1.0033,-13.462,-26.162));
#5254 = LINE('',#5255,#5256);
#5255 = CARTESIAN_POINT('',(-1.0033,-8.636,-26.162));
#5256 = VECTOR('',#5257,1.);
#5257 = DIRECTION('',(0.,-1.,0.));
#5258 = ORIENTED_EDGE('',*,*,#5259,.T.);
#5259 = EDGE_CURVE('',#5250,#5260,#5262,.T.);
#5260 = VERTEX_POINT('',#5261);
#5261 = CARTESIAN_POINT('',(-5.334577320444,-8.636,-26.162));
#5262 = LINE('',#5263,#5264);
#5263 = CARTESIAN_POINT('',(-1.0033,-8.636,-26.162));
#5264 = VECTOR('',#5265,1.);
#5265 = DIRECTION('',(-1.,0.,0.));
#5266 = ORIENTED_EDGE('',*,*,#5267,.F.);
#5267 = EDGE_CURVE('',#5268,#5260,#5270,.T.);
#5268 = VERTEX_POINT('',#5269);
#5269 = CARTESIAN_POINT('',(-5.800167011051,-9.3472,-26.162));
#5270 = CIRCLE('',#5271,0.508);
#5271 = AXIS2_PLACEMENT_3D('',#5272,#5273,#5274);
#5272 = CARTESIAN_POINT('',(-5.334577320444,-9.144,-26.162));
#5273 = DIRECTION('',(0.,0.,-1.));
#5274 = DIRECTION('',(-0.916515138991,-0.4,-0.));
#5275 = ORIENTED_EDGE('',*,*,#5276,.T.);
#5276 = EDGE_CURVE('',#5268,#5277,#5279,.T.);
#5277 = VERTEX_POINT('',#5278);
#5278 = CARTESIAN_POINT('',(-5.5245,-10.668,-26.162));
#5279 = CIRCLE('',#5280,3.302);
#5280 = AXIS2_PLACEMENT_3D('',#5281,#5282,#5283);
#5281 = CARTESIAN_POINT('',(-8.8265,-10.668,-26.162));
#5282 = DIRECTION('',(0.,0.,-1.));
#5283 = DIRECTION('',(0.916515138991,0.4,0.));
#5284 = ORIENTED_EDGE('',*,*,#5285,.T.);
#5285 = EDGE_CURVE('',#5277,#5286,#5288,.T.);
#5286 = VERTEX_POINT('',#5287);
#5287 = CARTESIAN_POINT('',(-7.06673637951,-13.462,-26.162));
#5288 = CIRCLE('',#5289,3.302);
#5289 = AXIS2_PLACEMENT_3D('',#5290,#5291,#5292);
#5290 = CARTESIAN_POINT('',(-8.8265,-10.668,-26.162));
#5291 = DIRECTION('',(0.,0.,-1.));
#5292 = DIRECTION('',(1.,0.,0.));
#5293 = ORIENTED_EDGE('',*,*,#5294,.F.);
#5294 = EDGE_CURVE('',#5252,#5286,#5295,.T.);
#5295 = LINE('',#5296,#5297);
#5296 = CARTESIAN_POINT('',(-1.0033,-13.462,-26.162));
#5297 = VECTOR('',#5298,1.);
#5298 = DIRECTION('',(-1.,0.,0.));
#5299 = PLANE('',#5300);
#5300 = AXIS2_PLACEMENT_3D('',#5301,#5302,#5303);
#5301 = CARTESIAN_POINT('',(0.,0.,-26.162));
#5302 = DIRECTION('',(0.,0.,-1.));
#5303 = DIRECTION('',(0.,-1.,0.));
#5304 = ADVANCED_FACE('',(#5305),#5331,.T.);
#5305 = FACE_BOUND('',#5306,.T.);
#5306 = EDGE_LOOP('',(#5307,#5315,#5316,#5324));
#5307 = ORIENTED_EDGE('',*,*,#5308,.F.);
#5308 = EDGE_CURVE('',#5224,#5309,#5311,.T.);
#5309 = VERTEX_POINT('',#5310);
#5310 = CARTESIAN_POINT('',(-20.0025,0.,-28.8036));
#5311 = LINE('',#5312,#5313);
#5312 = CARTESIAN_POINT('',(-20.0025,0.,-26.162));
#5313 = VECTOR('',#5314,1.);
#5314 = DIRECTION('',(0.,0.,-1.));
#5315 = ORIENTED_EDGE('',*,*,#5223,.T.);
#5316 = ORIENTED_EDGE('',*,*,#5317,.T.);
#5317 = EDGE_CURVE('',#5226,#5318,#5320,.T.);
#5318 = VERTEX_POINT('',#5319);
#5319 = CARTESIAN_POINT('',(-11.8745,0.,-28.8036));
#5320 = LINE('',#5321,#5322);
#5321 = CARTESIAN_POINT('',(-11.8745,0.,-26.162));
#5322 = VECTOR('',#5323,1.);
#5323 = DIRECTION('',(0.,0.,-1.));
#5324 = ORIENTED_EDGE('',*,*,#5325,.F.);
#5325 = EDGE_CURVE('',#5309,#5318,#5326,.T.);
#5326 = CIRCLE('',#5327,4.064);
#5327 = AXIS2_PLACEMENT_3D('',#5328,#5329,#5330);
#5328 = CARTESIAN_POINT('',(-15.9385,0.,-28.8036));
#5329 = DIRECTION('',(0.,0.,-1.));
#5330 = DIRECTION('',(-1.,0.,0.));
#5331 = CYLINDRICAL_SURFACE('',#5332,4.064);
#5332 = AXIS2_PLACEMENT_3D('',#5333,#5334,#5335);
#5333 = CARTESIAN_POINT('',(-15.9385,0.,-26.162));
#5334 = DIRECTION('',(0.,0.,-1.));
#5335 = DIRECTION('',(-1.,0.,0.));
#5336 = ADVANCED_FACE('',(#5337),#5365,.T.);
#5337 = FACE_BOUND('',#5338,.T.);
#5338 = EDGE_LOOP('',(#5339,#5348,#5349,#5358));
#5339 = ORIENTED_EDGE('',*,*,#5340,.T.);
#5340 = EDGE_CURVE('',#5341,#5309,#5343,.T.);
#5341 = VERTEX_POINT('',#5342);
#5342 = CARTESIAN_POINT('',(-19.4945,0.,-29.3116));
#5343 = CIRCLE('',#5344,0.508);
#5344 = AXIS2_PLACEMENT_3D('',#5345,#5346,#5347);
#5345 = CARTESIAN_POINT('',(-19.4945,0.,-28.8036));
#5346 = DIRECTION('',(0.,1.,0.));
#5347 = DIRECTION('',(0.,0.,-1.));
#5348 = ORIENTED_EDGE('',*,*,#5325,.T.);
#5349 = ORIENTED_EDGE('',*,*,#5350,.F.);
#5350 = EDGE_CURVE('',#5351,#5318,#5353,.T.);
#5351 = VERTEX_POINT('',#5352);
#5352 = CARTESIAN_POINT('',(-12.3825,0.,-29.3116));
#5353 = CIRCLE('',#5354,0.508);
#5354 = AXIS2_PLACEMENT_3D('',#5355,#5356,#5357);
#5355 = CARTESIAN_POINT('',(-12.3825,0.,-28.8036));
#5356 = DIRECTION('',(0.,-1.,0.));
#5357 = DIRECTION('',(0.,0.,-1.));
#5358 = ORIENTED_EDGE('',*,*,#5359,.F.);
#5359 = EDGE_CURVE('',#5341,#5351,#5360,.T.);
#5360 = CIRCLE('',#5361,3.556);
#5361 = AXIS2_PLACEMENT_3D('',#5362,#5363,#5364);
#5362 = CARTESIAN_POINT('',(-15.9385,0.,-29.3116));
#5363 = DIRECTION('',(0.,0.,-1.));
#5364 = DIRECTION('',(-1.,0.,0.));
#5365 = TOROIDAL_SURFACE('',#5366,3.556,0.508);
#5366 = AXIS2_PLACEMENT_3D('',#5367,#5368,#5369);
#5367 = CARTESIAN_POINT('',(-15.9385,0.,-28.8036));
#5368 = DIRECTION('',(0.,0.,-1.));
#5369 = DIRECTION('',(-0.999997134158,-2.394091869228E-03,-0.));
#5370 = ADVANCED_FACE('',(#5371,#5548,#5568,#5588,#5608,#5628,#5648),
  #5668,.T.);
#5371 = FACE_BOUND('',#5372,.F.);
#5372 = EDGE_LOOP('',(#5373,#5384,#5393,#5401,#5410,#5419,#5428,#5436,
    #5445,#5454,#5463,#5471,#5480,#5489,#5498,#5506,#5515,#5524,#5533,
    #5541));
#5373 = ORIENTED_EDGE('',*,*,#5374,.T.);
#5374 = EDGE_CURVE('',#5375,#5377,#5379,.T.);
#5375 = VERTEX_POINT('',#5376);
#5376 = CARTESIAN_POINT('',(-8.163937531274,-7.433156112726,-29.3116));
#5377 = VERTEX_POINT('',#5378);
#5378 = CARTESIAN_POINT('',(-6.218404949173,-8.642896495028,-29.3116));
#5379 = CIRCLE('',#5380,3.302);
#5380 = AXIS2_PLACEMENT_3D('',#5381,#5382,#5383);
#5381 = CARTESIAN_POINT('',(-8.8265,-10.668,-29.3116));
#5382 = DIRECTION('',(0.,0.,-1.));
#5383 = DIRECTION('',(0.200654896646,0.979661988878,0.));
#5384 = ORIENTED_EDGE('',*,*,#5385,.F.);
#5385 = EDGE_CURVE('',#5386,#5377,#5388,.T.);
#5386 = VERTEX_POINT('',#5387);
#5387 = CARTESIAN_POINT('',(-5.334577320444,-8.128,-29.3116));
#5388 = CIRCLE('',#5389,1.016);
#5389 = AXIS2_PLACEMENT_3D('',#5390,#5391,#5392);
#5390 = CARTESIAN_POINT('',(-5.334577320444,-9.144,-29.3116));
#5391 = DIRECTION('',(0.,-0.,1.));
#5392 = DIRECTION('',(0.,1.,0.));
#5393 = ORIENTED_EDGE('',*,*,#5394,.F.);
#5394 = EDGE_CURVE('',#5395,#5386,#5397,.T.);
#5395 = VERTEX_POINT('',#5396);
#5396 = CARTESIAN_POINT('',(9.423977320444,-8.128,-29.3116));
#5397 = LINE('',#5398,#5399);
#5398 = CARTESIAN_POINT('',(9.423977320444,-8.128,-29.3116));
#5399 = VECTOR('',#5400,1.);
#5400 = DIRECTION('',(-1.,0.,0.));
#5401 = ORIENTED_EDGE('',*,*,#5402,.F.);
#5402 = EDGE_CURVE('',#5403,#5395,#5405,.T.);
#5403 = VERTEX_POINT('',#5404);
#5404 = CARTESIAN_POINT('',(10.30780494917,-8.642896495028,-29.3116));
#5405 = CIRCLE('',#5406,1.016);
#5406 = AXIS2_PLACEMENT_3D('',#5407,#5408,#5409);
#5407 = CARTESIAN_POINT('',(9.423977320444,-9.144,-29.3116));
#5408 = DIRECTION('',(0.,0.,1.));
#5409 = DIRECTION('',(0.869909083395,0.493212111193,-0.));
#5410 = ORIENTED_EDGE('',*,*,#5411,.T.);
#5411 = EDGE_CURVE('',#5403,#5412,#5414,.T.);
#5412 = VERTEX_POINT('',#5413);
#5413 = CARTESIAN_POINT('',(12.25333753127,-7.433156112726,-29.3116));
#5414 = CIRCLE('',#5415,3.302);
#5415 = AXIS2_PLACEMENT_3D('',#5416,#5417,#5418);
#5416 = CARTESIAN_POINT('',(12.9159,-10.668,-29.3116));
#5417 = DIRECTION('',(0.,0.,-1.));
#5418 = DIRECTION('',(-0.789853134715,0.613296034213,0.));
#5419 = ORIENTED_EDGE('',*,*,#5420,.T.);
#5420 = EDGE_CURVE('',#5412,#5421,#5423,.T.);
#5421 = VERTEX_POINT('',#5422);
#5422 = CARTESIAN_POINT('',(12.0777,-6.862150927848,-29.3116));
#5423 = CIRCLE('',#5424,1.016);
#5424 = AXIS2_PLACEMENT_3D('',#5425,#5426,#5427);
#5425 = CARTESIAN_POINT('',(13.0937,-6.862150927848,-29.3116));
#5426 = DIRECTION('',(0.,0.,-1.));
#5427 = DIRECTION('',(-0.8271284141,-0.562012977242,-0.));
#5428 = ORIENTED_EDGE('',*,*,#5429,.F.);
#5429 = EDGE_CURVE('',#5430,#5421,#5432,.T.);
#5430 = VERTEX_POINT('',#5431);
#5431 = CARTESIAN_POINT('',(12.0777,-2.480250377259,-29.3116));
#5432 = LINE('',#5433,#5434);
#5433 = CARTESIAN_POINT('',(12.0777,-2.480250377259,-29.3116));
#5434 = VECTOR('',#5435,1.);
#5435 = DIRECTION('',(0.,-1.,0.));
#5436 = ORIENTED_EDGE('',*,*,#5437,.F.);
#5437 = EDGE_CURVE('',#5438,#5430,#5440,.T.);
#5438 = VERTEX_POINT('',#5439);
#5439 = CARTESIAN_POINT('',(13.96474837691,-1.925232773526,-29.3116));
#5440 = CIRCLE('',#5441,1.02514492066);
#5441 = AXIS2_PLACEMENT_3D('',#5442,#5443,#5444);
#5442 = CARTESIAN_POINT('',(13.10284492066,-2.480250377258,-29.3116));
#5443 = DIRECTION('',(0.,0.,1.));
#5444 = DIRECTION('',(0.840762548674,0.541404042049,-0.));
#5445 = ORIENTED_EDGE('',*,*,#5446,.F.);
#5446 = EDGE_CURVE('',#5447,#5438,#5449,.T.);
#5447 = VERTEX_POINT('',#5448);
#5448 = CARTESIAN_POINT('',(13.97706336469,1.944224031003,-29.3116));
#5449 = CIRCLE('',#5450,3.556);
#5450 = AXIS2_PLACEMENT_3D('',#5451,#5452,#5453);
#5451 = CARTESIAN_POINT('',(16.9545,0.,-29.3116));
#5452 = DIRECTION('',(0.,0.,-1.));
#5453 = DIRECTION('',(-0.837299391256,0.546744665637,0.));
#5454 = ORIENTED_EDGE('',*,*,#5455,.F.);
#5455 = EDGE_CURVE('',#5456,#5447,#5458,.T.);
#5456 = VERTEX_POINT('',#5457);
#5457 = CARTESIAN_POINT('',(12.0777,2.509437731445,-29.3116));
#5458 = CIRCLE('',#5459,1.03378);
#5459 = AXIS2_PLACEMENT_3D('',#5460,#5461,#5462);
#5460 = CARTESIAN_POINT('',(13.11148,2.509437731445,-29.3116));
#5461 = DIRECTION('',(0.,0.,1.));
#5462 = DIRECTION('',(-1.,0.,0.));
#5463 = ORIENTED_EDGE('',*,*,#5464,.F.);
#5464 = EDGE_CURVE('',#5465,#5456,#5467,.T.);
#5465 = VERTEX_POINT('',#5466);
#5466 = CARTESIAN_POINT('',(12.0777,6.862150927848,-29.3116));
#5467 = LINE('',#5468,#5469);
#5468 = CARTESIAN_POINT('',(12.0777,6.862150927848,-29.3116));
#5469 = VECTOR('',#5470,1.);
#5470 = DIRECTION('',(0.,-1.,0.));
#5471 = ORIENTED_EDGE('',*,*,#5472,.T.);
#5472 = EDGE_CURVE('',#5465,#5473,#5475,.T.);
#5473 = VERTEX_POINT('',#5474);
#5474 = CARTESIAN_POINT('',(12.25333753127,7.433156112726,-29.3116));
#5475 = CIRCLE('',#5476,1.016);
#5476 = AXIS2_PLACEMENT_3D('',#5477,#5478,#5479);
#5477 = CARTESIAN_POINT('',(13.0937,6.862150927848,-29.3116));
#5478 = DIRECTION('',(0.,0.,-1.));
#5479 = DIRECTION('',(-1.,0.,0.));
#5480 = ORIENTED_EDGE('',*,*,#5481,.T.);
#5481 = EDGE_CURVE('',#5473,#5482,#5484,.T.);
#5482 = VERTEX_POINT('',#5483);
#5483 = CARTESIAN_POINT('',(10.30780494917,8.642896495028,-29.3116));
#5484 = CIRCLE('',#5485,3.302);
#5485 = AXIS2_PLACEMENT_3D('',#5486,#5487,#5488);
#5486 = CARTESIAN_POINT('',(12.9159,10.668,-29.3116));
#5487 = DIRECTION('',(0.,0.,-1.));
#5488 = DIRECTION('',(-0.200654896646,-0.979661988878,-0.));
#5489 = ORIENTED_EDGE('',*,*,#5490,.F.);
#5490 = EDGE_CURVE('',#5491,#5482,#5493,.T.);
#5491 = VERTEX_POINT('',#5492);
#5492 = CARTESIAN_POINT('',(9.423977320444,8.128,-29.3116));
#5493 = CIRCLE('',#5494,1.016);
#5494 = AXIS2_PLACEMENT_3D('',#5495,#5496,#5497);
#5495 = CARTESIAN_POINT('',(9.423977320444,9.144,-29.3116));
#5496 = DIRECTION('',(0.,0.,1.));
#5497 = DIRECTION('',(0.,-1.,0.));
#5498 = ORIENTED_EDGE('',*,*,#5499,.F.);
#5499 = EDGE_CURVE('',#5500,#5491,#5502,.T.);
#5500 = VERTEX_POINT('',#5501);
#5501 = CARTESIAN_POINT('',(-5.334577320444,8.128,-29.3116));
#5502 = LINE('',#5503,#5504);
#5503 = CARTESIAN_POINT('',(-5.334577320444,8.128,-29.3116));
#5504 = VECTOR('',#5505,1.);
#5505 = DIRECTION('',(1.,0.,0.));
#5506 = ORIENTED_EDGE('',*,*,#5507,.F.);
#5507 = EDGE_CURVE('',#5508,#5500,#5510,.T.);
#5508 = VERTEX_POINT('',#5509);
#5509 = CARTESIAN_POINT('',(-6.218404949173,8.642896495028,-29.3116));
#5510 = CIRCLE('',#5511,1.016);
#5511 = AXIS2_PLACEMENT_3D('',#5512,#5513,#5514);
#5512 = CARTESIAN_POINT('',(-5.334577320444,9.144,-29.3116));
#5513 = DIRECTION('',(0.,0.,1.));
#5514 = DIRECTION('',(-0.869909083395,-0.493212111193,0.));
#5515 = ORIENTED_EDGE('',*,*,#5516,.T.);
#5516 = EDGE_CURVE('',#5508,#5517,#5519,.T.);
#5517 = VERTEX_POINT('',#5518);
#5518 = CARTESIAN_POINT('',(-8.163937531274,7.433156112726,-29.3116));
#5519 = CIRCLE('',#5520,3.302);
#5520 = AXIS2_PLACEMENT_3D('',#5521,#5522,#5523);
#5521 = CARTESIAN_POINT('',(-8.8265,10.668,-29.3116));
#5522 = DIRECTION('',(0.,0.,-1.));
#5523 = DIRECTION('',(0.789853134715,-0.613296034213,0.));
#5524 = ORIENTED_EDGE('',*,*,#5525,.T.);
#5525 = EDGE_CURVE('',#5517,#5526,#5528,.T.);
#5526 = VERTEX_POINT('',#5527);
#5527 = CARTESIAN_POINT('',(-7.9883,6.862150927848,-29.3116));
#5528 = CIRCLE('',#5529,1.016);
#5529 = AXIS2_PLACEMENT_3D('',#5530,#5531,#5532);
#5530 = CARTESIAN_POINT('',(-9.0043,6.862150927848,-29.3116));
#5531 = DIRECTION('',(0.,0.,-1.));
#5532 = DIRECTION('',(0.8271284141,0.562012977242,0.));
#5533 = ORIENTED_EDGE('',*,*,#5534,.F.);
#5534 = EDGE_CURVE('',#5535,#5526,#5537,.T.);
#5535 = VERTEX_POINT('',#5536);
#5536 = CARTESIAN_POINT('',(-7.9883,-6.862150927848,-29.3116));
#5537 = LINE('',#5538,#5539);
#5538 = CARTESIAN_POINT('',(-7.9883,-6.862150927848,-29.3116));
#5539 = VECTOR('',#5540,1.);
#5540 = DIRECTION('',(0.,1.,0.));
#5541 = ORIENTED_EDGE('',*,*,#5542,.T.);
#5542 = EDGE_CURVE('',#5535,#5375,#5543,.T.);
#5543 = CIRCLE('',#5544,1.016);
#5544 = AXIS2_PLACEMENT_3D('',#5545,#5546,#5547);
#5545 = CARTESIAN_POINT('',(-9.0043,-6.862150927848,-29.3116));
#5546 = DIRECTION('',(0.,0.,-1.));
#5547 = DIRECTION('',(1.,-2.010640123337E-14,0.));
#5548 = FACE_BOUND('',#5549,.F.);
#5549 = EDGE_LOOP('',(#5550,#5561));
#5550 = ORIENTED_EDGE('',*,*,#5551,.F.);
#5551 = EDGE_CURVE('',#5552,#5554,#5556,.T.);
#5552 = VERTEX_POINT('',#5553);
#5553 = CARTESIAN_POINT('',(-2.4003,5.34289,-29.3116));
#5554 = VERTEX_POINT('',#5555);
#5555 = CARTESIAN_POINT('',(-2.4003,3.77571,-29.3116));
#5556 = CIRCLE('',#5557,0.78359);
#5557 = AXIS2_PLACEMENT_3D('',#5558,#5559,#5560);
#5558 = CARTESIAN_POINT('',(-2.4003,4.5593,-29.3116));
#5559 = DIRECTION('',(0.,-0.,1.));
#5560 = DIRECTION('',(0.,1.,0.));
#5561 = ORIENTED_EDGE('',*,*,#5562,.F.);
#5562 = EDGE_CURVE('',#5554,#5552,#5563,.T.);
#5563 = CIRCLE('',#5564,0.78359);
#5564 = AXIS2_PLACEMENT_3D('',#5565,#5566,#5567);
#5565 = CARTESIAN_POINT('',(-2.4003,4.5593,-29.3116));
#5566 = DIRECTION('',(0.,0.,1.));
#5567 = DIRECTION('',(0.,-1.,0.));
#5568 = FACE_BOUND('',#5569,.F.);
#5569 = EDGE_LOOP('',(#5570,#5581));
#5570 = ORIENTED_EDGE('',*,*,#5571,.F.);
#5571 = EDGE_CURVE('',#5572,#5574,#5576,.T.);
#5572 = VERTEX_POINT('',#5573);
#5573 = CARTESIAN_POINT('',(2.0447,5.34289,-29.3116));
#5574 = VERTEX_POINT('',#5575);
#5575 = CARTESIAN_POINT('',(2.0447,3.77571,-29.3116));
#5576 = CIRCLE('',#5577,0.78359);
#5577 = AXIS2_PLACEMENT_3D('',#5578,#5579,#5580);
#5578 = CARTESIAN_POINT('',(2.0447,4.5593,-29.3116));
#5579 = DIRECTION('',(0.,-0.,1.));
#5580 = DIRECTION('',(0.,1.,0.));
#5581 = ORIENTED_EDGE('',*,*,#5582,.F.);
#5582 = EDGE_CURVE('',#5574,#5572,#5583,.T.);
#5583 = CIRCLE('',#5584,0.78359);
#5584 = AXIS2_PLACEMENT_3D('',#5585,#5586,#5587);
#5585 = CARTESIAN_POINT('',(2.0447,4.5593,-29.3116));
#5586 = DIRECTION('',(0.,0.,1.));
#5587 = DIRECTION('',(0.,-1.,0.));
#5588 = FACE_BOUND('',#5589,.F.);
#5589 = EDGE_LOOP('',(#5590,#5601));
#5590 = ORIENTED_EDGE('',*,*,#5591,.F.);
#5591 = EDGE_CURVE('',#5592,#5594,#5596,.T.);
#5592 = VERTEX_POINT('',#5593);
#5593 = CARTESIAN_POINT('',(6.4897,5.34289,-29.3116));
#5594 = VERTEX_POINT('',#5595);
#5595 = CARTESIAN_POINT('',(6.4897,3.77571,-29.3116));
#5596 = CIRCLE('',#5597,0.78359);
#5597 = AXIS2_PLACEMENT_3D('',#5598,#5599,#5600);
#5598 = CARTESIAN_POINT('',(6.4897,4.5593,-29.3116));
#5599 = DIRECTION('',(0.,-0.,1.));
#5600 = DIRECTION('',(0.,1.,0.));
#5601 = ORIENTED_EDGE('',*,*,#5602,.F.);
#5602 = EDGE_CURVE('',#5594,#5592,#5603,.T.);
#5603 = CIRCLE('',#5604,0.78359);
#5604 = AXIS2_PLACEMENT_3D('',#5605,#5606,#5607);
#5605 = CARTESIAN_POINT('',(6.4897,4.5593,-29.3116));
#5606 = DIRECTION('',(0.,0.,1.));
#5607 = DIRECTION('',(0.,-1.,0.));
#5608 = FACE_BOUND('',#5609,.F.);
#5609 = EDGE_LOOP('',(#5610,#5621));
#5610 = ORIENTED_EDGE('',*,*,#5611,.F.);
#5611 = EDGE_CURVE('',#5612,#5614,#5616,.T.);
#5612 = VERTEX_POINT('',#5613);
#5613 = CARTESIAN_POINT('',(-2.4003,-3.77571,-29.3116));
#5614 = VERTEX_POINT('',#5615);
#5615 = CARTESIAN_POINT('',(-2.4003,-5.34289,-29.3116));
#5616 = CIRCLE('',#5617,0.78359);
#5617 = AXIS2_PLACEMENT_3D('',#5618,#5619,#5620);
#5618 = CARTESIAN_POINT('',(-2.4003,-4.5593,-29.3116));
#5619 = DIRECTION('',(0.,-0.,1.));
#5620 = DIRECTION('',(0.,1.,0.));
#5621 = ORIENTED_EDGE('',*,*,#5622,.F.);
#5622 = EDGE_CURVE('',#5614,#5612,#5623,.T.);
#5623 = CIRCLE('',#5624,0.78359);
#5624 = AXIS2_PLACEMENT_3D('',#5625,#5626,#5627);
#5625 = CARTESIAN_POINT('',(-2.4003,-4.5593,-29.3116));
#5626 = DIRECTION('',(0.,0.,1.));
#5627 = DIRECTION('',(0.,-1.,0.));
#5628 = FACE_BOUND('',#5629,.F.);
#5629 = EDGE_LOOP('',(#5630,#5641));
#5630 = ORIENTED_EDGE('',*,*,#5631,.F.);
#5631 = EDGE_CURVE('',#5632,#5634,#5636,.T.);
#5632 = VERTEX_POINT('',#5633);
#5633 = CARTESIAN_POINT('',(2.0447,-3.77571,-29.3116));
#5634 = VERTEX_POINT('',#5635);
#5635 = CARTESIAN_POINT('',(2.0447,-5.34289,-29.3116));
#5636 = CIRCLE('',#5637,0.78359);
#5637 = AXIS2_PLACEMENT_3D('',#5638,#5639,#5640);
#5638 = CARTESIAN_POINT('',(2.0447,-4.5593,-29.3116));
#5639 = DIRECTION('',(0.,-0.,1.));
#5640 = DIRECTION('',(0.,1.,0.));
#5641 = ORIENTED_EDGE('',*,*,#5642,.F.);
#5642 = EDGE_CURVE('',#5634,#5632,#5643,.T.);
#5643 = CIRCLE('',#5644,0.78359);
#5644 = AXIS2_PLACEMENT_3D('',#5645,#5646,#5647);
#5645 = CARTESIAN_POINT('',(2.0447,-4.5593,-29.3116));
#5646 = DIRECTION('',(0.,0.,1.));
#5647 = DIRECTION('',(0.,-1.,0.));
#5648 = FACE_BOUND('',#5649,.F.);
#5649 = EDGE_LOOP('',(#5650,#5661));
#5650 = ORIENTED_EDGE('',*,*,#5651,.F.);
#5651 = EDGE_CURVE('',#5652,#5654,#5656,.T.);
#5652 = VERTEX_POINT('',#5653);
#5653 = CARTESIAN_POINT('',(6.4897,-3.77571,-29.3116));
#5654 = VERTEX_POINT('',#5655);
#5655 = CARTESIAN_POINT('',(6.4897,-5.34289,-29.3116));
#5656 = CIRCLE('',#5657,0.78359);
#5657 = AXIS2_PLACEMENT_3D('',#5658,#5659,#5660);
#5658 = CARTESIAN_POINT('',(6.4897,-4.5593,-29.3116));
#5659 = DIRECTION('',(0.,-0.,1.));
#5660 = DIRECTION('',(0.,1.,0.));
#5661 = ORIENTED_EDGE('',*,*,#5662,.F.);
#5662 = EDGE_CURVE('',#5654,#5652,#5663,.T.);
#5663 = CIRCLE('',#5664,0.78359);
#5664 = AXIS2_PLACEMENT_3D('',#5665,#5666,#5667);
#5665 = CARTESIAN_POINT('',(6.4897,-4.5593,-29.3116));
#5666 = DIRECTION('',(0.,0.,1.));
#5667 = DIRECTION('',(0.,-1.,0.));
#5668 = PLANE('',#5669);
#5669 = AXIS2_PLACEMENT_3D('',#5670,#5671,#5672);
#5670 = CARTESIAN_POINT('',(0.,0.,-29.3116));
#5671 = DIRECTION('',(0.,0.,-1.));
#5672 = DIRECTION('',(-1.,0.,0.));
#5673 = ADVANCED_FACE('',(#5674),#5684,.T.);
#5674 = FACE_BOUND('',#5675,.F.);
#5675 = EDGE_LOOP('',(#5676,#5677));
#5676 = ORIENTED_EDGE('',*,*,#5359,.F.);
#5677 = ORIENTED_EDGE('',*,*,#5678,.F.);
#5678 = EDGE_CURVE('',#5351,#5341,#5679,.T.);
#5679 = CIRCLE('',#5680,3.556);
#5680 = AXIS2_PLACEMENT_3D('',#5681,#5682,#5683);
#5681 = CARTESIAN_POINT('',(-15.9385,0.,-29.3116));
#5682 = DIRECTION('',(0.,0.,-1.));
#5683 = DIRECTION('',(1.,0.,0.));
#5684 = PLANE('',#5685);
#5685 = AXIS2_PLACEMENT_3D('',#5686,#5687,#5688);
#5686 = CARTESIAN_POINT('',(0.,0.,-29.3116));
#5687 = DIRECTION('',(0.,0.,-1.));
#5688 = DIRECTION('',(-1.,0.,0.));
#5689 = ADVANCED_FACE('',(#5690),#5767,.T.);
#5690 = FACE_BOUND('',#5691,.T.);
#5691 = EDGE_LOOP('',(#5692,#5700,#5701,#5709,#5725,#5726,#5745,#5751,
    #5752,#5760));
#5692 = ORIENTED_EDGE('',*,*,#5693,.F.);
#5693 = EDGE_CURVE('',#5030,#5694,#5696,.T.);
#5694 = VERTEX_POINT('',#5695);
#5695 = CARTESIAN_POINT('',(-12.1285,-10.668,-29.845));
#5696 = LINE('',#5697,#5698);
#5697 = CARTESIAN_POINT('',(-12.1285,-10.668,-26.162));
#5698 = VECTOR('',#5699,1.);
#5699 = DIRECTION('',(0.,0.,-1.));
#5700 = ORIENTED_EDGE('',*,*,#5038,.T.);
#5701 = ORIENTED_EDGE('',*,*,#5702,.T.);
#5702 = EDGE_CURVE('',#5039,#5703,#5705,.T.);
#5703 = VERTEX_POINT('',#5704);
#5704 = CARTESIAN_POINT('',(-8.980593333333,-7.369597470802,-28.8036));
#5705 = LINE('',#5706,#5707);
#5706 = CARTESIAN_POINT('',(-8.980593333333,-7.369597470802,-26.162));
#5707 = VECTOR('',#5708,1.);
#5708 = DIRECTION('',(0.,0.,-1.));
#5709 = ORIENTED_EDGE('',*,*,#5710,.F.);
#5710 = EDGE_CURVE('',#5375,#5703,#5711,.T.);
#5711 = B_SPLINE_CURVE_WITH_KNOTS('',3,(#5712,#5713,#5714,#5715,#5716,
    #5717,#5718,#5719,#5720,#5721,#5722,#5723,#5724),.UNSPECIFIED.,.F.,
  .F.,(4,1,1,1,1,1,1,1,1,1,4),(0.,0.1,0.2,0.3,0.4,0.5,0.6,0.7,0.8,0.9,1.
    ),.QUASI_UNIFORM_KNOTS.);
#5712 = CARTESIAN_POINT('',(-8.163937531274,-7.433156112726,-29.3116));
#5713 = CARTESIAN_POINT('',(-8.184506878141,-7.428943088013,-29.3116));
#5714 = CARTESIAN_POINT('',(-8.226543374027,-7.420742053814,
    -29.30938399755));
#5715 = CARTESIAN_POINT('',(-8.292246479498,-7.409270774152,
    -29.29892970862));
#5716 = CARTESIAN_POINT('',(-8.36074668573,-7.398757948561,
    -29.28070319251));
#5717 = CARTESIAN_POINT('',(-8.432378094447,-7.389327872026,
    -29.25379880566));
#5718 = CARTESIAN_POINT('',(-8.507748499024,-7.381113124542,
    -29.21690943912));
#5719 = CARTESIAN_POINT('',(-8.58824023775,-7.37424964327,
    -29.16787359719));
#5720 = CARTESIAN_POINT('',(-8.67574482148,-7.369025273393,
    -29.10333820218));
#5721 = CARTESIAN_POINT('',(-8.769911867907,-7.366005168693,
    -29.02141434502));
#5722 = CARTESIAN_POINT('',(-8.870740547277,-7.365750548059,
    -28.9215066755));
#5723 = CARTESIAN_POINT('',(-8.942740129503,-7.367829061305,
    -28.84430521105));
#5724 = CARTESIAN_POINT('',(-8.980593333333,-7.369597470802,-28.8036));
#5725 = ORIENTED_EDGE('',*,*,#5374,.T.);
#5726 = ORIENTED_EDGE('',*,*,#5727,.F.);
#5727 = EDGE_CURVE('',#5728,#5377,#5730,.T.);
#5728 = VERTEX_POINT('',#5729);
#5729 = CARTESIAN_POINT('',(-5.800167011051,-9.3472,-28.8036));
#5730 = B_SPLINE_CURVE_WITH_KNOTS('',3,(#5731,#5732,#5733,#5734,#5735,
    #5736,#5737,#5738,#5739,#5740,#5741,#5742,#5743,#5744),
  .UNSPECIFIED.,.F.,.F.,(4,1,1,1,1,1,1,1,1,1,1,4),(0.,9.090909090909E-02
    ,0.181818181818,0.272727272727,0.363636363636,0.454545454545,
    0.545454545455,0.636363636364,0.727272727273,0.818181818182,
    0.909090909091,1.),.UNSPECIFIED.);
#5731 = CARTESIAN_POINT('',(-5.800167011051,-9.3472,-28.8036));
#5732 = CARTESIAN_POINT('',(-5.813592319964,-9.31643875284,
    -28.83965273775));
#5733 = CARTESIAN_POINT('',(-5.840204060897,-9.257975286292,
    -28.90856290015));
#5734 = CARTESIAN_POINT('',(-5.880418154381,-9.175886109166,
    -29.00062346531));
#5735 = CARTESIAN_POINT('',(-5.919836246282,-9.100594873266,
    -29.07749812644));
#5736 = CARTESIAN_POINT('',(-5.958791958617,-9.030467105863,
    -29.14082263631));
#5737 = CARTESIAN_POINT('',(-5.997768350072,-8.964076687699,
    -29.19242665457));
#5738 = CARTESIAN_POINT('',(-6.035986157152,-8.902245052154,
    -29.23269172726));
#5739 = CARTESIAN_POINT('',(-6.073249210759,-8.844733389121,
    -29.26317768498));
#5740 = CARTESIAN_POINT('',(-6.109947905242,-8.790521234975,
    -29.28555279984));
#5741 = CARTESIAN_POINT('',(-6.146432178579,-8.73882117629,
    -29.30087683307));
#5742 = CARTESIAN_POINT('',(-6.182636262588,-8.689517367857,
    -29.30971670836));
#5743 = CARTESIAN_POINT('',(-6.20653387966,-8.658185035869,-29.3116));
#5744 = CARTESIAN_POINT('',(-6.218404949173,-8.642896495028,-29.3116));
#5745 = ORIENTED_EDGE('',*,*,#5746,.T.);
#5746 = EDGE_CURVE('',#5728,#5268,#5747,.T.);
#5747 = LINE('',#5748,#5749);
#5748 = CARTESIAN_POINT('',(-5.800167011051,-9.3472,-28.8036));
#5749 = VECTOR('',#5750,1.);
#5750 = DIRECTION('',(0.,0.,1.));
#5751 = ORIENTED_EDGE('',*,*,#5276,.T.);
#5752 = ORIENTED_EDGE('',*,*,#5753,.T.);
#5753 = EDGE_CURVE('',#5277,#5754,#5756,.T.);
#5754 = VERTEX_POINT('',#5755);
#5755 = CARTESIAN_POINT('',(-5.5245,-10.668,-29.845));
#5756 = LINE('',#5757,#5758);
#5757 = CARTESIAN_POINT('',(-5.5245,-10.668,-26.162));
#5758 = VECTOR('',#5759,1.);
#5759 = DIRECTION('',(0.,0.,-1.));
#5760 = ORIENTED_EDGE('',*,*,#5761,.F.);
#5761 = EDGE_CURVE('',#5694,#5754,#5762,.T.);
#5762 = CIRCLE('',#5763,3.302);
#5763 = AXIS2_PLACEMENT_3D('',#5764,#5765,#5766);
#5764 = CARTESIAN_POINT('',(-8.8265,-10.668,-29.845));
#5765 = DIRECTION('',(0.,0.,-1.));
#5766 = DIRECTION('',(-1.,0.,0.));
#5767 = CYLINDRICAL_SURFACE('',#5768,3.302);
#5768 = AXIS2_PLACEMENT_3D('',#5769,#5770,#5771);
#5769 = CARTESIAN_POINT('',(-8.8265,-10.668,-26.162));
#5770 = DIRECTION('',(0.,0.,-1.));
#5771 = DIRECTION('',(-1.,0.,0.));
#5772 = ADVANCED_FACE('',(#5773),#5801,.T.);
#5773 = FACE_BOUND('',#5774,.T.);
#5774 = EDGE_LOOP('',(#5775,#5784,#5785,#5794));
#5775 = ORIENTED_EDGE('',*,*,#5776,.T.);
#5776 = EDGE_CURVE('',#5777,#5694,#5779,.T.);
#5777 = VERTEX_POINT('',#5778);
#5778 = CARTESIAN_POINT('',(-11.6205,-10.668,-30.353));
#5779 = CIRCLE('',#5780,0.508);
#5780 = AXIS2_PLACEMENT_3D('',#5781,#5782,#5783);
#5781 = CARTESIAN_POINT('',(-11.6205,-10.668,-29.845));
#5782 = DIRECTION('',(0.,1.,0.));
#5783 = DIRECTION('',(0.,0.,-1.));
#5784 = ORIENTED_EDGE('',*,*,#5761,.T.);
#5785 = ORIENTED_EDGE('',*,*,#5786,.F.);
#5786 = EDGE_CURVE('',#5787,#5754,#5789,.T.);
#5787 = VERTEX_POINT('',#5788);
#5788 = CARTESIAN_POINT('',(-6.0325,-10.668,-30.353));
#5789 = CIRCLE('',#5790,0.508);
#5790 = AXIS2_PLACEMENT_3D('',#5791,#5792,#5793);
#5791 = CARTESIAN_POINT('',(-6.0325,-10.668,-29.845));
#5792 = DIRECTION('',(0.,-1.,0.));
#5793 = DIRECTION('',(0.,0.,-1.));
#5794 = ORIENTED_EDGE('',*,*,#5795,.F.);
#5795 = EDGE_CURVE('',#5777,#5787,#5796,.T.);
#5796 = CIRCLE('',#5797,2.794);
#5797 = AXIS2_PLACEMENT_3D('',#5798,#5799,#5800);
#5798 = CARTESIAN_POINT('',(-8.8265,-10.668,-30.353));
#5799 = DIRECTION('',(0.,0.,-1.));
#5800 = DIRECTION('',(-1.,0.,0.));
#5801 = TOROIDAL_SURFACE('',#5802,2.794,0.508);
#5802 = AXIS2_PLACEMENT_3D('',#5803,#5804,#5805);
#5803 = CARTESIAN_POINT('',(-8.8265,-10.668,-29.845));
#5804 = DIRECTION('',(0.,0.,-1.));
#5805 = DIRECTION('',(-0.999995658844,-2.946573159237E-03,-0.));
#5806 = ADVANCED_FACE('',(#5807,#5817),#5837,.T.);
#5807 = FACE_BOUND('',#5808,.F.);
#5808 = EDGE_LOOP('',(#5809,#5810));
#5809 = ORIENTED_EDGE('',*,*,#5795,.F.);
#5810 = ORIENTED_EDGE('',*,*,#5811,.F.);
#5811 = EDGE_CURVE('',#5787,#5777,#5812,.T.);
#5812 = CIRCLE('',#5813,2.794);
#5813 = AXIS2_PLACEMENT_3D('',#5814,#5815,#5816);
#5814 = CARTESIAN_POINT('',(-8.8265,-10.668,-30.353));
#5815 = DIRECTION('',(0.,0.,-1.));
#5816 = DIRECTION('',(1.,0.,0.));
#5817 = FACE_BOUND('',#5818,.F.);
#5818 = EDGE_LOOP('',(#5819,#5830));
#5819 = ORIENTED_EDGE('',*,*,#5820,.T.);
#5820 = EDGE_CURVE('',#5821,#5823,#5825,.T.);
#5821 = VERTEX_POINT('',#5822);
#5822 = CARTESIAN_POINT('',(-10.414,-10.668,-30.353));
#5823 = VERTEX_POINT('',#5824);
#5824 = CARTESIAN_POINT('',(-7.239,-10.668,-30.353));
#5825 = CIRCLE('',#5826,1.5875);
#5826 = AXIS2_PLACEMENT_3D('',#5827,#5828,#5829);
#5827 = CARTESIAN_POINT('',(-8.8265,-10.668,-30.353));
#5828 = DIRECTION('',(0.,0.,-1.));
#5829 = DIRECTION('',(-1.,0.,0.));
#5830 = ORIENTED_EDGE('',*,*,#5831,.T.);
#5831 = EDGE_CURVE('',#5823,#5821,#5832,.T.);
#5832 = CIRCLE('',#5833,1.5875);
#5833 = AXIS2_PLACEMENT_3D('',#5834,#5835,#5836);
#5834 = CARTESIAN_POINT('',(-8.8265,-10.668,-30.353));
#5835 = DIRECTION('',(0.,0.,-1.));
#5836 = DIRECTION('',(1.,0.,0.));
#5837 = PLANE('',#5838);
#5838 = AXIS2_PLACEMENT_3D('',#5839,#5840,#5841);
#5839 = CARTESIAN_POINT('',(0.,0.,-30.353));
#5840 = DIRECTION('',(0.,0.,-1.));
#5841 = DIRECTION('',(-1.,0.,0.));
#5842 = ADVANCED_FACE('',(#5843,#5863),#5883,.T.);
#5843 = FACE_BOUND('',#5844,.F.);
#5844 = EDGE_LOOP('',(#5845,#5856));
#5845 = ORIENTED_EDGE('',*,*,#5846,.F.);
#5846 = EDGE_CURVE('',#5847,#5849,#5851,.T.);
#5847 = VERTEX_POINT('',#5848);
#5848 = CARTESIAN_POINT('',(10.1219,-10.668,-30.353));
#5849 = VERTEX_POINT('',#5850);
#5850 = CARTESIAN_POINT('',(15.7099,-10.668,-30.353));
#5851 = CIRCLE('',#5852,2.794);
#5852 = AXIS2_PLACEMENT_3D('',#5853,#5854,#5855);
#5853 = CARTESIAN_POINT('',(12.9159,-10.668,-30.353));
#5854 = DIRECTION('',(0.,0.,-1.));
#5855 = DIRECTION('',(-1.,0.,0.));
#5856 = ORIENTED_EDGE('',*,*,#5857,.F.);
#5857 = EDGE_CURVE('',#5849,#5847,#5858,.T.);
#5858 = CIRCLE('',#5859,2.794);
#5859 = AXIS2_PLACEMENT_3D('',#5860,#5861,#5862);
#5860 = CARTESIAN_POINT('',(12.9159,-10.668,-30.353));
#5861 = DIRECTION('',(0.,0.,-1.));
#5862 = DIRECTION('',(1.,0.,0.));
#5863 = FACE_BOUND('',#5864,.F.);
#5864 = EDGE_LOOP('',(#5865,#5876));
#5865 = ORIENTED_EDGE('',*,*,#5866,.T.);
#5866 = EDGE_CURVE('',#5867,#5869,#5871,.T.);
#5867 = VERTEX_POINT('',#5868);
#5868 = CARTESIAN_POINT('',(11.3284,-10.668,-30.353));
#5869 = VERTEX_POINT('',#5870);
#5870 = CARTESIAN_POINT('',(14.5034,-10.668,-30.353));
#5871 = CIRCLE('',#5872,1.5875);
#5872 = AXIS2_PLACEMENT_3D('',#5873,#5874,#5875);
#5873 = CARTESIAN_POINT('',(12.9159,-10.668,-30.353));
#5874 = DIRECTION('',(0.,0.,-1.));
#5875 = DIRECTION('',(-1.,0.,0.));
#5876 = ORIENTED_EDGE('',*,*,#5877,.T.);
#5877 = EDGE_CURVE('',#5869,#5867,#5878,.T.);
#5878 = CIRCLE('',#5879,1.5875);
#5879 = AXIS2_PLACEMENT_3D('',#5880,#5881,#5882);
#5880 = CARTESIAN_POINT('',(12.9159,-10.668,-30.353));
#5881 = DIRECTION('',(0.,0.,-1.));
#5882 = DIRECTION('',(1.,0.,0.));
#5883 = PLANE('',#5884);
#5884 = AXIS2_PLACEMENT_3D('',#5885,#5886,#5887);
#5885 = CARTESIAN_POINT('',(0.,0.,-30.353));
#5886 = DIRECTION('',(0.,0.,-1.));
#5887 = DIRECTION('',(-1.,0.,0.));
#5888 = ADVANCED_FACE('',(#5889,#5909),#5929,.T.);
#5889 = FACE_BOUND('',#5890,.F.);
#5890 = EDGE_LOOP('',(#5891,#5902));
#5891 = ORIENTED_EDGE('',*,*,#5892,.F.);
#5892 = EDGE_CURVE('',#5893,#5895,#5897,.T.);
#5893 = VERTEX_POINT('',#5894);
#5894 = CARTESIAN_POINT('',(-11.6205,10.668,-30.353));
#5895 = VERTEX_POINT('',#5896);
#5896 = CARTESIAN_POINT('',(-6.0325,10.668,-30.353));
#5897 = CIRCLE('',#5898,2.794);
#5898 = AXIS2_PLACEMENT_3D('',#5899,#5900,#5901);
#5899 = CARTESIAN_POINT('',(-8.8265,10.668,-30.353));
#5900 = DIRECTION('',(0.,0.,-1.));
#5901 = DIRECTION('',(-1.,0.,0.));
#5902 = ORIENTED_EDGE('',*,*,#5903,.F.);
#5903 = EDGE_CURVE('',#5895,#5893,#5904,.T.);
#5904 = CIRCLE('',#5905,2.794);
#5905 = AXIS2_PLACEMENT_3D('',#5906,#5907,#5908);
#5906 = CARTESIAN_POINT('',(-8.8265,10.668,-30.353));
#5907 = DIRECTION('',(0.,0.,-1.));
#5908 = DIRECTION('',(1.,0.,0.));
#5909 = FACE_BOUND('',#5910,.F.);
#5910 = EDGE_LOOP('',(#5911,#5922));
#5911 = ORIENTED_EDGE('',*,*,#5912,.T.);
#5912 = EDGE_CURVE('',#5913,#5915,#5917,.T.);
#5913 = VERTEX_POINT('',#5914);
#5914 = CARTESIAN_POINT('',(-10.414,10.668,-30.353));
#5915 = VERTEX_POINT('',#5916);
#5916 = CARTESIAN_POINT('',(-7.239,10.668,-30.353));
#5917 = CIRCLE('',#5918,1.5875);
#5918 = AXIS2_PLACEMENT_3D('',#5919,#5920,#5921);
#5919 = CARTESIAN_POINT('',(-8.8265,10.668,-30.353));
#5920 = DIRECTION('',(0.,0.,-1.));
#5921 = DIRECTION('',(-1.,0.,0.));
#5922 = ORIENTED_EDGE('',*,*,#5923,.T.);
#5923 = EDGE_CURVE('',#5915,#5913,#5924,.T.);
#5924 = CIRCLE('',#5925,1.5875);
#5925 = AXIS2_PLACEMENT_3D('',#5926,#5927,#5928);
#5926 = CARTESIAN_POINT('',(-8.8265,10.668,-30.353));
#5927 = DIRECTION('',(0.,0.,-1.));
#5928 = DIRECTION('',(1.,0.,0.));
#5929 = PLANE('',#5930);
#5930 = AXIS2_PLACEMENT_3D('',#5931,#5932,#5933);
#5931 = CARTESIAN_POINT('',(0.,0.,-30.353));
#5932 = DIRECTION('',(0.,0.,-1.));
#5933 = DIRECTION('',(-1.,0.,0.));
#5934 = ADVANCED_FACE('',(#5935,#5955),#5975,.T.);
#5935 = FACE_BOUND('',#5936,.F.);
#5936 = EDGE_LOOP('',(#5937,#5948));
#5937 = ORIENTED_EDGE('',*,*,#5938,.F.);
#5938 = EDGE_CURVE('',#5939,#5941,#5943,.T.);
#5939 = VERTEX_POINT('',#5940);
#5940 = CARTESIAN_POINT('',(10.1219,10.668,-30.353));
#5941 = VERTEX_POINT('',#5942);
#5942 = CARTESIAN_POINT('',(15.7099,10.668,-30.353));
#5943 = CIRCLE('',#5944,2.794);
#5944 = AXIS2_PLACEMENT_3D('',#5945,#5946,#5947);
#5945 = CARTESIAN_POINT('',(12.9159,10.668,-30.353));
#5946 = DIRECTION('',(0.,0.,-1.));
#5947 = DIRECTION('',(-1.,0.,0.));
#5948 = ORIENTED_EDGE('',*,*,#5949,.F.);
#5949 = EDGE_CURVE('',#5941,#5939,#5950,.T.);
#5950 = CIRCLE('',#5951,2.794);
#5951 = AXIS2_PLACEMENT_3D('',#5952,#5953,#5954);
#5952 = CARTESIAN_POINT('',(12.9159,10.668,-30.353));
#5953 = DIRECTION('',(0.,0.,-1.));
#5954 = DIRECTION('',(1.,0.,0.));
#5955 = FACE_BOUND('',#5956,.F.);
#5956 = EDGE_LOOP('',(#5957,#5968));
#5957 = ORIENTED_EDGE('',*,*,#5958,.T.);
#5958 = EDGE_CURVE('',#5959,#5961,#5963,.T.);
#5959 = VERTEX_POINT('',#5960);
#5960 = CARTESIAN_POINT('',(11.3284,10.668,-30.353));
#5961 = VERTEX_POINT('',#5962);
#5962 = CARTESIAN_POINT('',(14.5034,10.668,-30.353));
#5963 = CIRCLE('',#5964,1.5875);
#5964 = AXIS2_PLACEMENT_3D('',#5965,#5966,#5967);
#5965 = CARTESIAN_POINT('',(12.9159,10.668,-30.353));
#5966 = DIRECTION('',(0.,0.,-1.));
#5967 = DIRECTION('',(-1.,0.,0.));
#5968 = ORIENTED_EDGE('',*,*,#5969,.T.);
#5969 = EDGE_CURVE('',#5961,#5959,#5970,.T.);
#5970 = CIRCLE('',#5971,1.5875);
#5971 = AXIS2_PLACEMENT_3D('',#5972,#5973,#5974);
#5972 = CARTESIAN_POINT('',(12.9159,10.668,-30.353));
#5973 = DIRECTION('',(0.,0.,-1.));
#5974 = DIRECTION('',(1.,0.,0.));
#5975 = PLANE('',#5976);
#5976 = AXIS2_PLACEMENT_3D('',#5977,#5978,#5979);
#5977 = CARTESIAN_POINT('',(0.,0.,-30.353));
#5978 = DIRECTION('',(0.,0.,-1.));
#5979 = DIRECTION('',(-1.,0.,0.));
#5980 = ADVANCED_FACE('',(#5981),#6007,.F.);
#5981 = FACE_BOUND('',#5982,.F.);
#5982 = EDGE_LOOP('',(#5983,#5984,#5992,#6001));
#5983 = ORIENTED_EDGE('',*,*,#5912,.F.);
#5984 = ORIENTED_EDGE('',*,*,#5985,.T.);
#5985 = EDGE_CURVE('',#5913,#5986,#5988,.T.);
#5986 = VERTEX_POINT('',#5987);
#5987 = CARTESIAN_POINT('',(-10.414,10.668,-29.353002));
#5988 = LINE('',#5989,#5990);
#5989 = CARTESIAN_POINT('',(-10.414,10.668,-30.353));
#5990 = VECTOR('',#5991,1.);
#5991 = DIRECTION('',(0.,0.,1.));
#5992 = ORIENTED_EDGE('',*,*,#5993,.T.);
#5993 = EDGE_CURVE('',#5986,#5994,#5996,.T.);
#5994 = VERTEX_POINT('',#5995);
#5995 = CARTESIAN_POINT('',(-7.239,10.668,-29.353002));
#5996 = CIRCLE('',#5997,1.5875);
#5997 = AXIS2_PLACEMENT_3D('',#5998,#5999,#6000);
#5998 = CARTESIAN_POINT('',(-8.8265,10.668,-29.353002));
#5999 = DIRECTION('',(0.,0.,-1.));
#6000 = DIRECTION('',(-1.,0.,0.));
#6001 = ORIENTED_EDGE('',*,*,#6002,.F.);
#6002 = EDGE_CURVE('',#5915,#5994,#6003,.T.);
#6003 = LINE('',#6004,#6005);
#6004 = CARTESIAN_POINT('',(-7.239,10.668,-30.353));
#6005 = VECTOR('',#6006,1.);
#6006 = DIRECTION('',(0.,0.,1.));
#6007 = CYLINDRICAL_SURFACE('',#6008,1.5875);
#6008 = AXIS2_PLACEMENT_3D('',#6009,#6010,#6011);
#6009 = CARTESIAN_POINT('',(-8.8265,10.668,-30.353));
#6010 = DIRECTION('',(0.,0.,-1.));
#6011 = DIRECTION('',(-1.,0.,0.));
#6012 = ADVANCED_FACE('',(#6013),#6025,.F.);
#6013 = FACE_BOUND('',#6014,.F.);
#6014 = EDGE_LOOP('',(#6015,#6016,#6017,#6024));
#6015 = ORIENTED_EDGE('',*,*,#5923,.F.);
#6016 = ORIENTED_EDGE('',*,*,#6002,.T.);
#6017 = ORIENTED_EDGE('',*,*,#6018,.T.);
#6018 = EDGE_CURVE('',#5994,#5986,#6019,.T.);
#6019 = CIRCLE('',#6020,1.5875);
#6020 = AXIS2_PLACEMENT_3D('',#6021,#6022,#6023);
#6021 = CARTESIAN_POINT('',(-8.8265,10.668,-29.353002));
#6022 = DIRECTION('',(0.,0.,-1.));
#6023 = DIRECTION('',(1.,0.,0.));
#6024 = ORIENTED_EDGE('',*,*,#5985,.F.);
#6025 = CYLINDRICAL_SURFACE('',#6026,1.5875);
#6026 = AXIS2_PLACEMENT_3D('',#6027,#6028,#6029);
#6027 = CARTESIAN_POINT('',(-8.8265,10.668,-30.353));
#6028 = DIRECTION('',(0.,0.,-1.));
#6029 = DIRECTION('',(-1.,0.,0.));
#6030 = ADVANCED_FACE('',(#6031),#6035,.T.);
#6031 = FACE_BOUND('',#6032,.F.);
#6032 = EDGE_LOOP('',(#6033,#6034));
#6033 = ORIENTED_EDGE('',*,*,#5993,.F.);
#6034 = ORIENTED_EDGE('',*,*,#6018,.F.);
#6035 = PLANE('',#6036);
#6036 = AXIS2_PLACEMENT_3D('',#6037,#6038,#6039);
#6037 = CARTESIAN_POINT('',(0.,0.,-29.353002));
#6038 = DIRECTION('',(0.,0.,-1.));
#6039 = DIRECTION('',(-1.,0.,0.));
#6040 = ADVANCED_FACE('',(#6041),#6061,.T.);
#6041 = FACE_BOUND('',#6042,.F.);
#6042 = EDGE_LOOP('',(#6043,#6054));
#6043 = ORIENTED_EDGE('',*,*,#6044,.F.);
#6044 = EDGE_CURVE('',#6045,#6047,#6049,.T.);
#6045 = VERTEX_POINT('',#6046);
#6046 = CARTESIAN_POINT('',(11.3284,10.668,-29.353002));
#6047 = VERTEX_POINT('',#6048);
#6048 = CARTESIAN_POINT('',(14.5034,10.668,-29.353002));
#6049 = CIRCLE('',#6050,1.5875);
#6050 = AXIS2_PLACEMENT_3D('',#6051,#6052,#6053);
#6051 = CARTESIAN_POINT('',(12.9159,10.668,-29.353002));
#6052 = DIRECTION('',(0.,0.,-1.));
#6053 = DIRECTION('',(-1.,0.,0.));
#6054 = ORIENTED_EDGE('',*,*,#6055,.F.);
#6055 = EDGE_CURVE('',#6047,#6045,#6056,.T.);
#6056 = CIRCLE('',#6057,1.5875);
#6057 = AXIS2_PLACEMENT_3D('',#6058,#6059,#6060);
#6058 = CARTESIAN_POINT('',(12.9159,10.668,-29.353002));
#6059 = DIRECTION('',(0.,0.,-1.));
#6060 = DIRECTION('',(1.,0.,0.));
#6061 = PLANE('',#6062);
#6062 = AXIS2_PLACEMENT_3D('',#6063,#6064,#6065);
#6063 = CARTESIAN_POINT('',(0.,0.,-29.353002));
#6064 = DIRECTION('',(0.,0.,-1.));
#6065 = DIRECTION('',(-1.,0.,0.));
#6066 = ADVANCED_FACE('',(#6067),#6087,.T.);
#6067 = FACE_BOUND('',#6068,.F.);
#6068 = EDGE_LOOP('',(#6069,#6080));
#6069 = ORIENTED_EDGE('',*,*,#6070,.F.);
#6070 = EDGE_CURVE('',#6071,#6073,#6075,.T.);
#6071 = VERTEX_POINT('',#6072);
#6072 = CARTESIAN_POINT('',(11.3284,-10.668,-29.353002));
#6073 = VERTEX_POINT('',#6074);
#6074 = CARTESIAN_POINT('',(14.5034,-10.668,-29.353002));
#6075 = CIRCLE('',#6076,1.5875);
#6076 = AXIS2_PLACEMENT_3D('',#6077,#6078,#6079);
#6077 = CARTESIAN_POINT('',(12.9159,-10.668,-29.353002));
#6078 = DIRECTION('',(0.,0.,-1.));
#6079 = DIRECTION('',(-1.,0.,0.));
#6080 = ORIENTED_EDGE('',*,*,#6081,.F.);
#6081 = EDGE_CURVE('',#6073,#6071,#6082,.T.);
#6082 = CIRCLE('',#6083,1.5875);
#6083 = AXIS2_PLACEMENT_3D('',#6084,#6085,#6086);
#6084 = CARTESIAN_POINT('',(12.9159,-10.668,-29.353002));
#6085 = DIRECTION('',(0.,0.,-1.));
#6086 = DIRECTION('',(1.,0.,0.));
#6087 = PLANE('',#6088);
#6088 = AXIS2_PLACEMENT_3D('',#6089,#6090,#6091);
#6089 = CARTESIAN_POINT('',(0.,0.,-29.353002));
#6090 = DIRECTION('',(0.,0.,-1.));
#6091 = DIRECTION('',(-1.,0.,0.));
#6092 = ADVANCED_FACE('',(#6093),#6113,.T.);
#6093 = FACE_BOUND('',#6094,.F.);
#6094 = EDGE_LOOP('',(#6095,#6106));
#6095 = ORIENTED_EDGE('',*,*,#6096,.F.);
#6096 = EDGE_CURVE('',#6097,#6099,#6101,.T.);
#6097 = VERTEX_POINT('',#6098);
#6098 = CARTESIAN_POINT('',(-10.414,-10.668,-29.353002));
#6099 = VERTEX_POINT('',#6100);
#6100 = CARTESIAN_POINT('',(-7.239,-10.668,-29.353002));
#6101 = CIRCLE('',#6102,1.5875);
#6102 = AXIS2_PLACEMENT_3D('',#6103,#6104,#6105);
#6103 = CARTESIAN_POINT('',(-8.8265,-10.668,-29.353002));
#6104 = DIRECTION('',(0.,0.,-1.));
#6105 = DIRECTION('',(-1.,0.,0.));
#6106 = ORIENTED_EDGE('',*,*,#6107,.F.);
#6107 = EDGE_CURVE('',#6099,#6097,#6108,.T.);
#6108 = CIRCLE('',#6109,1.5875);
#6109 = AXIS2_PLACEMENT_3D('',#6110,#6111,#6112);
#6110 = CARTESIAN_POINT('',(-8.8265,-10.668,-29.353002));
#6111 = DIRECTION('',(0.,0.,-1.));
#6112 = DIRECTION('',(1.,0.,0.));
#6113 = PLANE('',#6114);
#6114 = AXIS2_PLACEMENT_3D('',#6115,#6116,#6117);
#6115 = CARTESIAN_POINT('',(0.,0.,-29.353002));
#6116 = DIRECTION('',(0.,0.,-1.));
#6117 = DIRECTION('',(-1.,0.,0.));
#6118 = ADVANCED_FACE('',(#6119),#6135,.F.);
#6119 = FACE_BOUND('',#6120,.F.);
#6120 = EDGE_LOOP('',(#6121,#6122,#6128,#6129));
#6121 = ORIENTED_EDGE('',*,*,#5958,.F.);
#6122 = ORIENTED_EDGE('',*,*,#6123,.T.);
#6123 = EDGE_CURVE('',#5959,#6045,#6124,.T.);
#6124 = LINE('',#6125,#6126);
#6125 = CARTESIAN_POINT('',(11.3284,10.668,-30.353));
#6126 = VECTOR('',#6127,1.);
#6127 = DIRECTION('',(0.,0.,1.));
#6128 = ORIENTED_EDGE('',*,*,#6044,.T.);
#6129 = ORIENTED_EDGE('',*,*,#6130,.F.);
#6130 = EDGE_CURVE('',#5961,#6047,#6131,.T.);
#6131 = LINE('',#6132,#6133);
#6132 = CARTESIAN_POINT('',(14.5034,10.668,-30.353));
#6133 = VECTOR('',#6134,1.);
#6134 = DIRECTION('',(0.,0.,1.));
#6135 = CYLINDRICAL_SURFACE('',#6136,1.5875);
#6136 = AXIS2_PLACEMENT_3D('',#6137,#6138,#6139);
#6137 = CARTESIAN_POINT('',(12.9159,10.668,-30.353));
#6138 = DIRECTION('',(0.,0.,-1.));
#6139 = DIRECTION('',(-1.,0.,0.));
#6140 = ADVANCED_FACE('',(#6141),#6147,.F.);
#6141 = FACE_BOUND('',#6142,.F.);
#6142 = EDGE_LOOP('',(#6143,#6144,#6145,#6146));
#6143 = ORIENTED_EDGE('',*,*,#5969,.F.);
#6144 = ORIENTED_EDGE('',*,*,#6130,.T.);
#6145 = ORIENTED_EDGE('',*,*,#6055,.T.);
#6146 = ORIENTED_EDGE('',*,*,#6123,.F.);
#6147 = CYLINDRICAL_SURFACE('',#6148,1.5875);
#6148 = AXIS2_PLACEMENT_3D('',#6149,#6150,#6151);
#6149 = CARTESIAN_POINT('',(12.9159,10.668,-30.353));
#6150 = DIRECTION('',(0.,0.,-1.));
#6151 = DIRECTION('',(-1.,0.,0.));
#6152 = ADVANCED_FACE('',(#6153),#6169,.F.);
#6153 = FACE_BOUND('',#6154,.F.);
#6154 = EDGE_LOOP('',(#6155,#6156,#6162,#6163));
#6155 = ORIENTED_EDGE('',*,*,#5866,.F.);
#6156 = ORIENTED_EDGE('',*,*,#6157,.T.);
#6157 = EDGE_CURVE('',#5867,#6071,#6158,.T.);
#6158 = LINE('',#6159,#6160);
#6159 = CARTESIAN_POINT('',(11.3284,-10.668,-30.353));
#6160 = VECTOR('',#6161,1.);
#6161 = DIRECTION('',(0.,0.,1.));
#6162 = ORIENTED_EDGE('',*,*,#6070,.T.);
#6163 = ORIENTED_EDGE('',*,*,#6164,.F.);
#6164 = EDGE_CURVE('',#5869,#6073,#6165,.T.);
#6165 = LINE('',#6166,#6167);
#6166 = CARTESIAN_POINT('',(14.5034,-10.668,-30.353));
#6167 = VECTOR('',#6168,1.);
#6168 = DIRECTION('',(0.,0.,1.));
#6169 = CYLINDRICAL_SURFACE('',#6170,1.5875);
#6170 = AXIS2_PLACEMENT_3D('',#6171,#6172,#6173);
#6171 = CARTESIAN_POINT('',(12.9159,-10.668,-30.353));
#6172 = DIRECTION('',(0.,0.,-1.));
#6173 = DIRECTION('',(-1.,0.,0.));
#6174 = ADVANCED_FACE('',(#6175),#6181,.F.);
#6175 = FACE_BOUND('',#6176,.F.);
#6176 = EDGE_LOOP('',(#6177,#6178,#6179,#6180));
#6177 = ORIENTED_EDGE('',*,*,#5877,.F.);
#6178 = ORIENTED_EDGE('',*,*,#6164,.T.);
#6179 = ORIENTED_EDGE('',*,*,#6081,.T.);
#6180 = ORIENTED_EDGE('',*,*,#6157,.F.);
#6181 = CYLINDRICAL_SURFACE('',#6182,1.5875);
#6182 = AXIS2_PLACEMENT_3D('',#6183,#6184,#6185);
#6183 = CARTESIAN_POINT('',(12.9159,-10.668,-30.353));
#6184 = DIRECTION('',(0.,0.,-1.));
#6185 = DIRECTION('',(-1.,0.,0.));
#6186 = ADVANCED_FACE('',(#6187),#6203,.F.);
#6187 = FACE_BOUND('',#6188,.F.);
#6188 = EDGE_LOOP('',(#6189,#6190,#6196,#6197));
#6189 = ORIENTED_EDGE('',*,*,#5820,.F.);
#6190 = ORIENTED_EDGE('',*,*,#6191,.T.);
#6191 = EDGE_CURVE('',#5821,#6097,#6192,.T.);
#6192 = LINE('',#6193,#6194);
#6193 = CARTESIAN_POINT('',(-10.414,-10.668,-30.353));
#6194 = VECTOR('',#6195,1.);
#6195 = DIRECTION('',(0.,0.,1.));
#6196 = ORIENTED_EDGE('',*,*,#6096,.T.);
#6197 = ORIENTED_EDGE('',*,*,#6198,.F.);
#6198 = EDGE_CURVE('',#5823,#6099,#6199,.T.);
#6199 = LINE('',#6200,#6201);
#6200 = CARTESIAN_POINT('',(-7.239,-10.668,-30.353));
#6201 = VECTOR('',#6202,1.);
#6202 = DIRECTION('',(0.,0.,1.));
#6203 = CYLINDRICAL_SURFACE('',#6204,1.5875);
#6204 = AXIS2_PLACEMENT_3D('',#6205,#6206,#6207);
#6205 = CARTESIAN_POINT('',(-8.8265,-10.668,-30.353));
#6206 = DIRECTION('',(0.,0.,-1.));
#6207 = DIRECTION('',(-1.,0.,0.));
#6208 = ADVANCED_FACE('',(#6209),#6215,.F.);
#6209 = FACE_BOUND('',#6210,.F.);
#6210 = EDGE_LOOP('',(#6211,#6212,#6213,#6214));
#6211 = ORIENTED_EDGE('',*,*,#5831,.F.);
#6212 = ORIENTED_EDGE('',*,*,#6198,.T.);
#6213 = ORIENTED_EDGE('',*,*,#6107,.T.);
#6214 = ORIENTED_EDGE('',*,*,#6191,.F.);
#6215 = CYLINDRICAL_SURFACE('',#6216,1.5875);
#6216 = AXIS2_PLACEMENT_3D('',#6217,#6218,#6219);
#6217 = CARTESIAN_POINT('',(-8.8265,-10.668,-30.353));
#6218 = DIRECTION('',(0.,0.,-1.));
#6219 = DIRECTION('',(-1.,0.,0.));
#6220 = ADVANCED_FACE('',(#6221),#6233,.T.);
#6221 = FACE_BOUND('',#6222,.T.);
#6222 = EDGE_LOOP('',(#6223,#6224,#6231,#6232));
#6223 = ORIENTED_EDGE('',*,*,#5786,.T.);
#6224 = ORIENTED_EDGE('',*,*,#6225,.T.);
#6225 = EDGE_CURVE('',#5754,#5694,#6226,.T.);
#6226 = CIRCLE('',#6227,3.302);
#6227 = AXIS2_PLACEMENT_3D('',#6228,#6229,#6230);
#6228 = CARTESIAN_POINT('',(-8.8265,-10.668,-29.845));
#6229 = DIRECTION('',(0.,0.,-1.));
#6230 = DIRECTION('',(1.,0.,0.));
#6231 = ORIENTED_EDGE('',*,*,#5776,.F.);
#6232 = ORIENTED_EDGE('',*,*,#5811,.F.);
#6233 = TOROIDAL_SURFACE('',#6234,2.794,0.508);
#6234 = AXIS2_PLACEMENT_3D('',#6235,#6236,#6237);
#6235 = CARTESIAN_POINT('',(-8.8265,-10.668,-29.845));
#6236 = DIRECTION('',(0.,0.,-1.));
#6237 = DIRECTION('',(0.999995658844,2.946573159238E-03,0.));
#6238 = ADVANCED_FACE('',(#6239),#6289,.T.);
#6239 = FACE_BOUND('',#6240,.T.);
#6240 = EDGE_LOOP('',(#6241,#6242,#6243,#6244,#6245,#6259,#6277,#6288));
#6241 = ORIENTED_EDGE('',*,*,#5693,.T.);
#6242 = ORIENTED_EDGE('',*,*,#6225,.F.);
#6243 = ORIENTED_EDGE('',*,*,#5753,.F.);
#6244 = ORIENTED_EDGE('',*,*,#5285,.T.);
#6245 = ORIENTED_EDGE('',*,*,#6246,.F.);
#6246 = EDGE_CURVE('',#6247,#5286,#6249,.T.);
#6247 = VERTEX_POINT('',#6248);
#6248 = CARTESIAN_POINT('',(-7.930998442578,-13.84625110893,
    -25.9862881944));
#6249 = B_SPLINE_CURVE_WITH_KNOTS('',3,(#6250,#6251,#6252,#6253,#6254,
    #6255,#6256,#6257,#6258),.UNSPECIFIED.,.F.,.F.,(4,1,1,1,1,1,4),(0.,
    0.166666666667,0.333333333333,0.5,0.666666666667,0.833333333333,1.),
  .UNSPECIFIED.);
#6250 = CARTESIAN_POINT('',(-7.930998442578,-13.84625110893,
    -25.9862881944));
#6251 = CARTESIAN_POINT('',(-7.868949047655,-13.82876812054,
    -26.00650515582));
#6252 = CARTESIAN_POINT('',(-7.749504164984,-13.79119379655,
    -26.04350166894));
#6253 = CARTESIAN_POINT('',(-7.584337203385,-13.72903460385,
    -26.08833661593));
#6254 = CARTESIAN_POINT('',(-7.43333868669,-13.66311518914,
    -26.12239172253));
#6255 = CARTESIAN_POINT('',(-7.29615110081,-13.59519127763,
    -26.14592400725));
#6256 = CARTESIAN_POINT('',(-7.172854595533,-13.52713226426,
    -26.15932057148));
#6257 = CARTESIAN_POINT('',(-7.100539483525,-13.48329043404,-26.162));
#6258 = CARTESIAN_POINT('',(-7.06673637951,-13.462,-26.162));
#6259 = ORIENTED_EDGE('',*,*,#6260,.F.);
#6260 = EDGE_CURVE('',#6261,#6247,#6263,.T.);
#6261 = VERTEX_POINT('',#6262);
#6262 = CARTESIAN_POINT('',(-8.455930839395,-13.94914042835,
    -26.09980039014));
#6263 = B_SPLINE_CURVE_WITH_KNOTS('',3,(#6264,#6265,#6266,#6267,#6268,
    #6269,#6270,#6271,#6272,#6273,#6274,#6275,#6276),.UNSPECIFIED.,.F.,
  .F.,(4,1,1,1,1,1,1,1,1,1,4),(0.,0.1,0.2,0.3,0.4,0.5,0.6,0.7,0.8,0.9,1.
    ),.QUASI_UNIFORM_KNOTS.);
#6264 = CARTESIAN_POINT('',(-8.455930839395,-13.94914042835,
    -26.09980039014));
#6265 = CARTESIAN_POINT('',(-8.429067766111,-13.94610653624,
    -26.08512338142));
#6266 = CARTESIAN_POINT('',(-8.377457532027,-13.9396025551,
    -26.05915282617));
#6267 = CARTESIAN_POINT('',(-8.308161666203,-13.92929187803,
    -26.02928480074));
#6268 = CARTESIAN_POINT('',(-8.244501428518,-13.91850055408,
    -26.00622317712));
#6269 = CARTESIAN_POINT('',(-8.186498529925,-13.90754720157,
    -25.98931669958));
#6270 = CARTESIAN_POINT('',(-8.133596451531,-13.89661561305,
    -25.97786875752));
#6271 = CARTESIAN_POINT('',(-8.086474326784,-13.88611511889,
    -25.97144262252));
#6272 = CARTESIAN_POINT('',(-8.043522341493,-13.87592157675,
    -25.96921211641));
#6273 = CARTESIAN_POINT('',(-8.003107469853,-13.86577585305,
    -25.97091954973));
#6274 = CARTESIAN_POINT('',(-7.965511821795,-13.85584767624,
    -25.97647936648));
#6275 = CARTESIAN_POINT('',(-7.942214157577,-13.84941123991,
    -25.98263388509));
#6276 = CARTESIAN_POINT('',(-7.930998442578,-13.84625110893,
    -25.9862881944));
#6277 = ORIENTED_EDGE('',*,*,#6278,.F.);
#6278 = EDGE_CURVE('',#5022,#6261,#6279,.T.);
#6279 = B_SPLINE_CURVE_WITH_KNOTS('',3,(#6280,#6281,#6282,#6283,#6284,
    #6285,#6286,#6287),.UNSPECIFIED.,.F.,.F.,(4,1,1,1,1,4),(0.,0.2,0.4,
    0.6,0.8,1.),.QUASI_UNIFORM_KNOTS.);
#6280 = CARTESIAN_POINT('',(-8.6995,-13.96755678842,-26.162));
#6281 = CARTESIAN_POINT('',(-8.682698920714,-13.96691011458,-26.162));
#6282 = CARTESIAN_POINT('',(-8.648996279782,-13.96535538815,
    -26.16033393524));
#6283 = CARTESIAN_POINT('',(-8.598537040496,-13.96224946125,
    -26.1527405345));
#6284 = CARTESIAN_POINT('',(-8.54901789378,-13.95844119529,
    -26.14008997475));
#6285 = CARTESIAN_POINT('',(-8.501308373735,-13.95406008882,
    -26.12266078746));
#6286 = CARTESIAN_POINT('',(-8.470781211775,-13.95081761647,
    -26.10791409487));
#6287 = CARTESIAN_POINT('',(-8.455930839395,-13.94914042835,
    -26.09980039014));
#6288 = ORIENTED_EDGE('',*,*,#5029,.T.);
#6289 = CYLINDRICAL_SURFACE('',#6290,3.302);
#6290 = AXIS2_PLACEMENT_3D('',#6291,#6292,#6293);
#6291 = CARTESIAN_POINT('',(-8.8265,-10.668,-26.162));
#6292 = DIRECTION('',(0.,0.,-1.));
#6293 = DIRECTION('',(-1.,0.,0.));
#6294 = ADVANCED_FACE('',(#6295),#6335,.T.);
#6295 = FACE_BOUND('',#6296,.T.);
#6296 = EDGE_LOOP('',(#6297,#6307,#6314,#6315,#6316));
#6297 = ORIENTED_EDGE('',*,*,#6298,.T.);
#6298 = EDGE_CURVE('',#6299,#6301,#6303,.T.);
#6299 = VERTEX_POINT('',#6300);
#6300 = CARTESIAN_POINT('',(-8.191499901423,-14.47799947176,
    -25.6540071011));
#6301 = VERTEX_POINT('',#6302);
#6302 = CARTESIAN_POINT('',(-8.1915,-17.1196,-25.654));
#6303 = LINE('',#6304,#6305);
#6304 = CARTESIAN_POINT('',(-8.191499901423,-14.47799947176,
    -25.6540071011));
#6305 = VECTOR('',#6306,1.);
#6306 = DIRECTION('',(-3.731721971122E-08,-0.999999999996,
    2.688180594469E-06));
#6307 = ORIENTED_EDGE('',*,*,#6308,.F.);
#6308 = EDGE_CURVE('',#5014,#6301,#6309,.T.);
#6309 = CIRCLE('',#6310,0.508);
#6310 = AXIS2_PLACEMENT_3D('',#6311,#6312,#6313);
#6311 = CARTESIAN_POINT('',(-8.6995,-17.1196,-25.654));
#6312 = DIRECTION('',(0.,-1.,0.));
#6313 = DIRECTION('',(0.,0.,-1.));
#6314 = ORIENTED_EDGE('',*,*,#5021,.F.);
#6315 = ORIENTED_EDGE('',*,*,#6278,.T.);
#6316 = ORIENTED_EDGE('',*,*,#6317,.F.);
#6317 = EDGE_CURVE('',#6299,#6261,#6318,.T.);
#6318 = B_SPLINE_CURVE_WITH_KNOTS('',3,(#6319,#6320,#6321,#6322,#6323,
    #6324,#6325,#6326,#6327,#6328,#6329,#6330,#6331,#6332,#6333,#6334),
  .UNSPECIFIED.,.F.,.F.,(4,1,1,1,1,1,1,1,1,1,1,1,1,4),(0.,
    7.692307692308E-02,0.153846153846,0.230769230769,0.307692307692,
    0.384615384615,0.461538461538,0.538461538462,0.615384615385,
    0.692307692308,0.769230769231,0.846153846154,0.923076923077,1.),
  .UNSPECIFIED.);
#6319 = CARTESIAN_POINT('',(-8.191499901423,-14.47799947176,
    -25.6540071011));
#6320 = CARTESIAN_POINT('',(-8.191499900885,-14.47799899178,
    -25.66426521284));
#6321 = CARTESIAN_POINT('',(-8.192129460876,-14.47673988859,
    -25.68480360761));
#6322 = CARTESIAN_POINT('',(-8.194869625054,-14.47125767354,
    -25.715016185));
#6323 = CARTESIAN_POINT('',(-8.199526455793,-14.46194524615,
    -25.74579426698));
#6324 = CARTESIAN_POINT('',(-8.206390245887,-14.44821924651,
    -25.77761519952));
#6325 = CARTESIAN_POINT('',(-8.215951161501,-14.42910109648,
    -25.81111308513));
#6326 = CARTESIAN_POINT('',(-8.228882885377,-14.40323815159,
    -25.84657566826));
#6327 = CARTESIAN_POINT('',(-8.245358000672,-14.37028406606,
    -25.88287380044));
#6328 = CARTESIAN_POINT('',(-8.266139684693,-14.32871559192,
    -25.9203150213));
#6329 = CARTESIAN_POINT('',(-8.29196380106,-14.27706329812,
    -25.95850897346));
#6330 = CARTESIAN_POINT('',(-8.322921910745,-14.2151483201,
    -25.99620266347));
#6331 = CARTESIAN_POINT('',(-8.360037792893,-14.14091989619,
    -26.03321407642));
#6332 = CARTESIAN_POINT('',(-8.40361589453,-14.05376655847,
    -26.06829563347));
#6333 = CARTESIAN_POINT('',(-8.437691447436,-13.98562260406,
    -26.08983498746));
#6334 = CARTESIAN_POINT('',(-8.455930839395,-13.94914042835,
    -26.09980039014));
#6335 = CYLINDRICAL_SURFACE('',#6336,0.508);
#6336 = AXIS2_PLACEMENT_3D('',#6337,#6338,#6339);
#6337 = CARTESIAN_POINT('',(-8.6995,63.58627872,-25.654));
#6338 = DIRECTION('',(0.,-1.,0.));
#6339 = DIRECTION('',(0.,0.,-1.));
#6340 = ADVANCED_FACE('',(#6341),#6370,.F.);
#6341 = FACE_BOUND('',#6342,.F.);
#6342 = EDGE_LOOP('',(#6343,#6344,#6353,#6369));
#6343 = ORIENTED_EDGE('',*,*,#6317,.F.);
#6344 = ORIENTED_EDGE('',*,*,#6345,.F.);
#6345 = EDGE_CURVE('',#6346,#6299,#6348,.T.);
#6346 = VERTEX_POINT('',#6347);
#6347 = CARTESIAN_POINT('',(-7.683499922482,-13.96999995085,
    -25.65399701709));
#6348 = CIRCLE('',#6349,0.508);
#6349 = AXIS2_PLACEMENT_3D('',#6350,#6351,#6352);
#6350 = CARTESIAN_POINT('',(-7.6835,-14.478,-25.65400000243));
#6351 = DIRECTION('',(0.,0.,1.));
#6352 = DIRECTION('',(-7.722975207728E-07,1.,0.));
#6353 = ORIENTED_EDGE('',*,*,#6354,.F.);
#6354 = EDGE_CURVE('',#6247,#6346,#6355,.T.);
#6355 = B_SPLINE_CURVE_WITH_KNOTS('',3,(#6356,#6357,#6358,#6359,#6360,
    #6361,#6362,#6363,#6364,#6365,#6366,#6367,#6368),.UNSPECIFIED.,.F.,
  .F.,(4,1,1,1,1,1,1,1,1,1,4),(0.,0.1,0.2,0.3,0.4,0.5,0.6,0.7,0.8,0.9,1.
    ),.QUASI_UNIFORM_KNOTS.);
#6356 = CARTESIAN_POINT('',(-7.930998442578,-13.84625110893,
    -25.9862881944));
#6357 = CARTESIAN_POINT('',(-7.90998557955,-13.85676043268,
    -25.97413559031));
#6358 = CARTESIAN_POINT('',(-7.871329755686,-13.87608140792,
    -25.94945488162));
#6359 = CARTESIAN_POINT('',(-7.823376212685,-13.90006136559,
    -25.91239979393));
#6360 = CARTESIAN_POINT('',(-7.784646168838,-13.91942638807,
    -25.87614639372));
#6361 = CARTESIAN_POINT('',(-7.753780617511,-13.93486019219,
    -25.84090632229));
#6362 = CARTESIAN_POINT('',(-7.72960034383,-13.94695051776,
    -25.80662815102));
#6363 = CARTESIAN_POINT('',(-7.711648743016,-13.95592575085,
    -25.77421396125));
#6364 = CARTESIAN_POINT('',(-7.698704832402,-13.96239742207,
    -25.74334469156));
#6365 = CARTESIAN_POINT('',(-7.689890774075,-13.96680410442,
    -25.71342369364));
#6366 = CARTESIAN_POINT('',(-7.684693258266,-13.96940318889,
    -25.68399261682));
#6367 = CARTESIAN_POINT('',(-7.683500392668,-13.96999995097,
    -25.66400867849));
#6368 = CARTESIAN_POINT('',(-7.683499922482,-13.96999995085,
    -25.65399701709));
#6369 = ORIENTED_EDGE('',*,*,#6260,.F.);
#6370 = ( BOUNDED_SURFACE() B_SPLINE_SURFACE(3,3,(
    (#6371,#6372,#6373,#6374,#6375,#6376,#6377,#6378,#6379,#6380,#6381
      ,#6382,#6383,#6384,#6385,#6386)
    ,(#6387,#6388,#6389,#6390,#6391,#6392,#6393,#6394,#6395,#6396,#6397
      ,#6398,#6399,#6400,#6401,#6402)
    ,(#6403,#6404,#6405,#6406,#6407,#6408,#6409,#6410,#6411,#6412,#6413
      ,#6414,#6415,#6416,#6417,#6418)
    ,(#6419,#6420,#6421,#6422,#6423,#6424,#6425,#6426,#6427,#6428,#6429
      ,#6430,#6431,#6432,#6433,#6434
)),.UNSPECIFIED.,.F.,.F.,.F.) B_SPLINE_SURFACE_WITH_KNOTS((4,4),(4,1,1,1
    ,1,1,1,1,1,1,1,1,1,4),(0.,1.),(0.376865959935,0.444085181703,
    0.524696378922,0.595980622248,0.65874215739,0.714509399025,
    0.763647305993,0.807135551629,0.846212436871,0.881041266384,
    0.912685479841,0.942342876317,0.971089836005,0.996970917796),
.UNSPECIFIED.) GEOMETRIC_REPRESENTATION_ITEM() RATIONAL_B_SPLINE_SURFACE
((
    (1.187263891283,1.187263891283,1.187263891283,1.187263891283
      ,1.187263891283,1.187263891283,1.187263891283,1.187263891283
      ,1.187263891283,1.187263891283,1.187263891283,1.187263891283
      ,1.187263891283,1.187263891283,1.187263891283,1.187263891283)
    ,(0.937578702906,0.937578702906,0.937578702906,0.937578702906
      ,0.937578702906,0.937578702906,0.937578702906,0.937578702906
      ,0.937578702906,0.937578702906,0.937578702906,0.937578702906
      ,0.937578702906,0.937578702906,0.937578702906,0.937578702906)
    ,(0.937578702906,0.937578702906,0.937578702906,0.937578702906
      ,0.937578702906,0.937578702906,0.937578702906,0.937578702906
      ,0.937578702906,0.937578702906,0.937578702906,0.937578702906
      ,0.937578702906,0.937578702906,0.937578702906,0.937578702906)
    ,(1.187263891283,1.187263891283,1.187263891283,1.187263891283
      ,1.187263891283,1.187263891283,1.187263891283,1.187263891283
      ,1.187263891283,1.187263891283,1.187263891283,1.187263891283
      ,1.187263891283,1.187263891283,1.187263891283,1.187263891283
))) REPRESENTATION_ITEM('') SURFACE() );
#6371 = CARTESIAN_POINT('',(-8.20738766605,-13.69288950201,
    -26.10690255275));
#6372 = CARTESIAN_POINT('',(-8.179644338635,-13.70696527033,
    -26.0997252228));
#6373 = CARTESIAN_POINT('',(-8.119202263402,-13.73767551156,
    -26.08224618144));
#6374 = CARTESIAN_POINT('',(-8.032092737604,-13.78208511295,
    -26.0503554033));
#6375 = CARTESIAN_POINT('',(-7.950339189036,-13.82392490035,
    -26.01233471841));
#6376 = CARTESIAN_POINT('',(-7.881962546842,-13.85904991616,
    -25.97276286801));
#6377 = CARTESIAN_POINT('',(-7.82574114361,-13.8880349697,
    -25.93262895378));
#6378 = CARTESIAN_POINT('',(-7.780358630037,-13.9115111921,
    -25.89267689342));
#6379 = CARTESIAN_POINT('',(-7.744538207243,-13.93009764426,
    -25.85354383039));
#6380 = CARTESIAN_POINT('',(-7.717065629634,-13.94439061196,
    -25.81570471024));
#6381 = CARTESIAN_POINT('',(-7.696725347752,-13.95499621552,
    -25.7794094695));
#6382 = CARTESIAN_POINT('',(-7.682370976375,-13.96249346704,
    -25.7447015057));
#6383 = CARTESIAN_POINT('',(-7.672970713568,-13.9674092542,
    -25.71104449766));
#6384 = CARTESIAN_POINT('',(-7.668078271771,-13.96996968995,
    -25.6788545067));
#6385 = CARTESIAN_POINT('',(-7.667382920656,-13.97033374921,
    -25.65780138485));
#6386 = CARTESIAN_POINT('',(-7.667612770288,-13.97021341482,
    -25.64784275967));
#6387 = CARTESIAN_POINT('',(-8.441813589424,-13.87032010451,
    -26.0006142762));
#6388 = CARTESIAN_POINT('',(-8.415768636246,-13.87941659818,
    -25.98886627207));
#6389 = CARTESIAN_POINT('',(-8.359463620923,-13.8981884833,
    -25.96210060694));
#6390 = CARTESIAN_POINT('',(-8.279957222398,-13.92163946728,
    -25.91975441317));
#6391 = CARTESIAN_POINT('',(-8.207285163049,-13.93968964457,
    -25.87622062136));
#6392 = CARTESIAN_POINT('',(-8.148264119787,-13.95146804776,
    -25.83682475734));
#6393 = CARTESIAN_POINT('',(-8.101260069433,-13.95845501755,
    -25.80202411797));
#6394 = CARTESIAN_POINT('',(-8.064568616079,-13.96199876325,
    -25.77187709715));
#6395 = CARTESIAN_POINT('',(-8.036561200044,-13.96326661725,
    -25.74616383328));
#6396 = CARTESIAN_POINT('',(-8.015753761665,-13.96319602579,
    -25.72443837088));
#6397 = CARTESIAN_POINT('',(-8.000777241554,-13.96249634321,
    -25.70605412103));
#6398 = CARTESIAN_POINT('',(-7.990449975578,-13.96164472427,
    -25.69027623398));
#6399 = CARTESIAN_POINT('',(-7.983803887563,-13.96091610059,
    -25.67623108369));
#6400 = CARTESIAN_POINT('',(-7.980384382894,-13.96048044248,
    -25.66355613426));
#6401 = CARTESIAN_POINT('',(-7.97989976644,-13.96041503039,
    -25.6554661468));
#6402 = CARTESIAN_POINT('',(-7.980060406271,-13.96043631508,
    -25.65162781874));
#6403 = CARTESIAN_POINT('',(-8.607659834946,-14.10359523421,
    -26.12635909327));
#6404 = CARTESIAN_POINT('',(-8.582816408404,-14.11537566297,
    -26.10804971486));
#6405 = CARTESIAN_POINT('',(-8.52943818481,-14.13921837664,
    -26.06665218338));
#6406 = CARTESIAN_POINT('',(-8.45531067141,-14.16730359691,
    -26.00234882808));
#6407 = CARTESIAN_POINT('',(-8.3890633746,-14.1867662985,-25.93771504558
    ));
#6408 = CARTESIAN_POINT('',(-8.336661014695,-14.19726550541,
    -25.88067789962));
#6409 = CARTESIAN_POINT('',(-8.296177844569,-14.20120106964,
    -25.83175041972));
#6410 = CARTESIAN_POINT('',(-8.26563494205,-14.20072835873,
    -25.79082435714));
#6411 = CARTESIAN_POINT('',(-8.243154891839,-14.19769314822,
    -25.75734001202));
#6412 = CARTESIAN_POINT('',(-8.227062752439,-14.19354982826,
    -25.73039208627));
#6413 = CARTESIAN_POINT('',(-8.215880862799,-14.18935533396,
    -25.70879141133));
#6414 = CARTESIAN_POINT('',(-8.208402600471,-14.18577243099,
    -25.69125420036));
#6415 = CARTESIAN_POINT('',(-8.203704972516,-14.18312862449,
    -25.67641962674));
#6416 = CARTESIAN_POINT('',(-8.201327507434,-14.18165441518,
    -25.66354330732));
#6417 = CARTESIAN_POINT('',(-8.200991976679,-14.18143880262,
    -25.65546752952));
#6418 = CARTESIAN_POINT('',(-8.201103653556,-14.18150948822,
    -25.65162747056));
#6419 = CARTESIAN_POINT('',(-8.600292501025,-14.24553949448,
    -26.40480345755));
#6420 = CARTESIAN_POINT('',(-8.575395699455,-14.26597374905,
    -26.38208163535));
#6421 = CARTESIAN_POINT('',(-8.521887459942,-14.30869724417,
    -26.32993837222));
#6422 = CARTESIAN_POINT('',(-8.447521002075,-14.36408577269,
    -26.24602908202));
#6423 = CARTESIAN_POINT('',(-8.380988300125,-14.4092719586,
    -26.15802060068));
#6424 = CARTESIAN_POINT('',(-8.328291920598,-14.44136644211,
    -26.07665494935));
#6425 = CARTESIAN_POINT('',(-8.287519075526,-14.46312243843,
    -26.00305326546));
#6426 = CARTESIAN_POINT('',(-8.25670303793,-14.47708330993,
    -25.93756467509));
#6427 = CARTESIAN_POINT('',(-8.233977447341,-14.48547541103,
    -25.880021214));
#6428 = CARTESIAN_POINT('',(-8.217675841746,-14.4901197146,
    -25.82980960333));
#6429 = CARTESIAN_POINT('',(-8.206325384468,-14.49244579145,
    -25.78589435912));
#6430 = CARTESIAN_POINT('',(-8.198720561776,-14.49347238275,
    -25.74701839699));
#6431 = CARTESIAN_POINT('',(-8.193936378013,-14.49385092768,
    -25.7114911733));
#6432 = CARTESIAN_POINT('',(-8.191512622744,-14.49395094121,
    -25.67882411852));
#6433 = CARTESIAN_POINT('',(-8.191170469203,-14.4939591619,
    -25.65780466064));
#6434 = CARTESIAN_POINT('',(-8.191284321146,-14.49395586275,
    -25.64784193482));
#6435 = ADVANCED_FACE('',(#6436),#6462,.F.);
#6436 = FACE_BOUND('',#6437,.F.);
#6437 = EDGE_LOOP('',(#6438,#6439,#6447,#6456));
#6438 = ORIENTED_EDGE('',*,*,#6345,.T.);
#6439 = ORIENTED_EDGE('',*,*,#6440,.T.);
#6440 = EDGE_CURVE('',#6299,#6441,#6443,.T.);
#6441 = VERTEX_POINT('',#6442);
#6442 = CARTESIAN_POINT('',(-8.1915,-14.478,-19.558));
#6443 = LINE('',#6444,#6445);
#6444 = CARTESIAN_POINT('',(-8.191499901423,-14.47799947176,
    -25.6540071011));
#6445 = VECTOR('',#6446,1.);
#6446 = DIRECTION('',(-1.617077960492E-08,-8.665319689508E-08,1.));
#6447 = ORIENTED_EDGE('',*,*,#6448,.T.);
#6448 = EDGE_CURVE('',#6441,#6449,#6451,.T.);
#6449 = VERTEX_POINT('',#6450);
#6450 = CARTESIAN_POINT('',(-7.6835,-13.97,-19.558));
#6451 = CIRCLE('',#6452,0.508);
#6452 = AXIS2_PLACEMENT_3D('',#6453,#6454,#6455);
#6453 = CARTESIAN_POINT('',(-7.6835,-14.478,-19.558));
#6454 = DIRECTION('',(0.,0.,-1.));
#6455 = DIRECTION('',(-1.,0.,0.));
#6456 = ORIENTED_EDGE('',*,*,#6457,.F.);
#6457 = EDGE_CURVE('',#6346,#6449,#6458,.T.);
#6458 = LINE('',#6459,#6460);
#6459 = CARTESIAN_POINT('',(-7.683499922482,-13.96999995085,
    -25.65399701709));
#6460 = VECTOR('',#6461,1.);
#6461 = DIRECTION('',(-1.271596996641E-08,-8.06197935412E-09,1.));
#6462 = CYLINDRICAL_SURFACE('',#6463,0.508);
#6463 = AXIS2_PLACEMENT_3D('',#6464,#6465,#6466);
#6464 = CARTESIAN_POINT('',(-7.6835,-14.478,-70.09256822566));
#6465 = DIRECTION('',(0.,0.,1.));
#6466 = DIRECTION('',(0.,1.,0.));
#6467 = ADVANCED_FACE('',(#6468),#6486,.F.);
#6468 = FACE_BOUND('',#6469,.F.);
#6469 = EDGE_LOOP('',(#6470,#6478,#6479,#6480));
#6470 = ORIENTED_EDGE('',*,*,#6471,.F.);
#6471 = EDGE_CURVE('',#6441,#6472,#6474,.T.);
#6472 = VERTEX_POINT('',#6473);
#6473 = CARTESIAN_POINT('',(-8.191500000047,-17.11960000128,
    -19.55799999248));
#6474 = LINE('',#6475,#6476);
#6475 = CARTESIAN_POINT('',(-8.1915,-14.478,-19.558));
#6476 = VECTOR('',#6477,1.);
#6477 = DIRECTION('',(-1.764656123444E-11,-1.,2.847954053717E-09));
#6478 = ORIENTED_EDGE('',*,*,#6440,.F.);
#6479 = ORIENTED_EDGE('',*,*,#6298,.T.);
#6480 = ORIENTED_EDGE('',*,*,#6481,.T.);
#6481 = EDGE_CURVE('',#6301,#6472,#6482,.T.);
#6482 = LINE('',#6483,#6484);
#6483 = CARTESIAN_POINT('',(-8.1915,-17.1196,-25.654));
#6484 = VECTOR('',#6485,1.);
#6485 = DIRECTION('',(-7.646551798749E-12,-2.106935212789E-10,1.));
#6486 = PLANE('',#6487);
#6487 = AXIS2_PLACEMENT_3D('',#6488,#6489,#6490);
#6488 = CARTESIAN_POINT('',(-8.1915,-17.6276,-26.162));
#6489 = DIRECTION('',(-1.,0.,0.));
#6490 = DIRECTION('',(0.,1.,0.));
#6491 = ADVANCED_FACE('',(#6492),#6574,.F.);
#6492 = FACE_BOUND('',#6493,.F.);
#6493 = EDGE_LOOP('',(#6494,#6558,#6566,#6573));
#6494 = ORIENTED_EDGE('',*,*,#6495,.T.);
#6495 = EDGE_CURVE('',#6472,#6496,#6498,.T.);
#6496 = VERTEX_POINT('',#6497);
#6497 = CARTESIAN_POINT('',(-7.810500043939,-17.24659999934,
    -19.17700000004));
#6498 = B_SPLINE_CURVE_WITH_KNOTS('',3,(#6499,#6500,#6501,#6502,#6503,
    #6504,#6505,#6506,#6507,#6508,#6509,#6510,#6511,#6512,#6513,#6514,
    #6515,#6516,#6517,#6518,#6519,#6520,#6521,#6522,#6523,#6524,#6525,
    #6526,#6527,#6528,#6529,#6530,#6531,#6532,#6533,#6534,#6535,#6536,
    #6537,#6538,#6539,#6540,#6541,#6542,#6543,#6544,#6545,#6546,#6547,
    #6548,#6549,#6550,#6551,#6552,#6553,#6554,#6555,#6556,#6557),
  .UNSPECIFIED.,.F.,.F.,(4,1,1,1,1,1,1,1,1,1,1,1,1,1,1,1,1,1,1,1,1,1,1,1
    ,1,1,1,1,1,1,1,1,1,1,1,1,1,1,1,1,1,1,1,1,1,1,1,1,1,1,1,1,1,1,1,1,4),
  (0.,1.785714285714E-02,3.571428571429E-02,5.357142857143E-02,
    7.142857142857E-02,8.928571428571E-02,0.107142857143,0.125,
    0.142857142857,0.160714285714,0.178571428571,0.196428571429,
    0.214285714286,0.232142857143,0.25,0.267857142857,0.285714285714,
    0.303571428571,0.321428571429,0.339285714286,0.357142857143,0.375,
    0.392857142857,0.410714285714,0.428571428571,0.446428571429,
    0.464285714286,0.482142857143,0.5,0.517857142857,0.535714285714,
    0.553571428571,0.571428571429,0.589285714286,0.607142857143,0.625,
    0.642857142857,0.660714285714,0.678571428571,0.696428571429,
    0.714285714286,0.732142857143,0.75,0.767857142857,0.785714285714,
    0.803571428571,0.821428571429,0.839285714286,0.857142857143,0.875,
    0.892857142857,0.910714285714,0.928571428571,0.946428571429,
    0.964285714286,0.982142857143,1.),.UNSPECIFIED.);
#6499 = CARTESIAN_POINT('',(-8.191500000047,-17.11960000128,
    -19.55799999248));
#6500 = CARTESIAN_POINT('',(-8.191500000047,-17.11960001432,
    -19.55529971915));
#6501 = CARTESIAN_POINT('',(-8.191442533398,-17.11966317934,
    -19.54987037916));
#6502 = CARTESIAN_POINT('',(-8.191179105386,-17.11994614411,
    -19.54165291298));
#6503 = CARTESIAN_POINT('',(-8.190731778358,-17.12041643908,
    -19.53333895719));
#6504 = CARTESIAN_POINT('',(-8.190094820476,-17.12107099425,
    -19.52494458209));
#6505 = CARTESIAN_POINT('',(-8.189262028939,-17.12190610958,
    -19.51646947753));
#6506 = CARTESIAN_POINT('',(-8.188226545494,-17.12291782449,
    -19.50791271179));
#6507 = CARTESIAN_POINT('',(-8.186980276525,-17.12410253795,
    -19.49926857627));
#6508 = CARTESIAN_POINT('',(-8.185514507253,-17.12545645546,
    -19.49053425727));
#6509 = CARTESIAN_POINT('',(-8.183821814523,-17.12697398469,
    -19.48171732668));
#6510 = CARTESIAN_POINT('',(-8.181895461798,-17.1286485949,
    -19.47282757434));
#6511 = CARTESIAN_POINT('',(-8.179728833444,-17.13047350222,
    -19.46387396665));
#6512 = CARTESIAN_POINT('',(-8.177315105135,-17.13244204771,
    -19.45486398485));
#6513 = CARTESIAN_POINT('',(-8.174647844425,-17.13454727865,
    -19.44580632778));
#6514 = CARTESIAN_POINT('',(-8.171721387337,-17.13678177771,
    -19.43671157386));
#6515 = CARTESIAN_POINT('',(-8.168530906259,-17.13913774628,
    -19.42759170384));
#6516 = CARTESIAN_POINT('',(-8.16507214527,-17.14160731095,
    -19.4184589063));
#6517 = CARTESIAN_POINT('',(-8.161340596817,-17.14418313783,
    -19.40932361818));
#6518 = CARTESIAN_POINT('',(-8.157332149828,-17.14685794979,
    -19.40019661522));
#6519 = CARTESIAN_POINT('',(-8.153043888132,-17.14962404267,
    -19.39109054356));
#6520 = CARTESIAN_POINT('',(-8.148474038151,-17.15247341967,
    -19.38201919849));
#6521 = CARTESIAN_POINT('',(-8.143620802346,-17.15539855271,
    -19.37299506721));
#6522 = CARTESIAN_POINT('',(-8.138482175575,-17.15839242399,
    -19.36402941946));
#6523 = CARTESIAN_POINT('',(-8.133056225866,-17.1614482947,
    -19.35513311885));
#6524 = CARTESIAN_POINT('',(-8.127341578207,-17.16455940962,
    -19.34631744797));
#6525 = CARTESIAN_POINT('',(-8.121336526806,-17.16771945519,
    -19.33759276842));
#6526 = CARTESIAN_POINT('',(-8.115039856069,-17.17092206361,
    -19.32896992034));
#6527 = CARTESIAN_POINT('',(-8.10845124806,-17.17416061552,
    -19.32046061896));
#6528 = CARTESIAN_POINT('',(-8.101571333153,-17.17742824361,
    -19.31207729431));
#6529 = CARTESIAN_POINT('',(-8.094400864314,-17.18071823767,
    -19.30383194462));
#6530 = CARTESIAN_POINT('',(-8.086939177964,-17.18402465831,
    -19.29573466781));
#6531 = CARTESIAN_POINT('',(-8.07918600014,-17.18734141383,-19.28779601)
  );
#6532 = CARTESIAN_POINT('',(-8.071141012858,-17.19066242832,
    -19.28002645781));
#6533 = CARTESIAN_POINT('',(-8.062803389671,-17.19398176129,
    -19.27243613172));
#6534 = CARTESIAN_POINT('',(-8.054172778407,-17.19729314134,
    -19.26503580935));
#6535 = CARTESIAN_POINT('',(-8.045250624936,-17.20058946634,
    -19.25783786468));
#6536 = CARTESIAN_POINT('',(-8.036038596632,-17.20386343826,
    -19.25085464634));
#6537 = CARTESIAN_POINT('',(-8.026534296938,-17.20710890699,
    -19.24409566504));
#6538 = CARTESIAN_POINT('',(-8.016737252813,-17.21031856926,
    -19.23757247472));
#6539 = CARTESIAN_POINT('',(-8.006647455136,-17.21348450802,
    -19.23129722123));
#6540 = CARTESIAN_POINT('',(-7.996259906169,-17.2165996634,
    -19.2252796919));
#6541 = CARTESIAN_POINT('',(-7.985569195319,-17.2196561083,
    -19.21953066684));
#6542 = CARTESIAN_POINT('',(-7.974572304119,-17.22264388228,
    -19.21406394097));
#6543 = CARTESIAN_POINT('',(-7.96328065911,-17.22554867411,
    -19.20889917514));
#6544 = CARTESIAN_POINT('',(-7.951616047244,-17.22837592524,
    -19.20402081212));
#6545 = CARTESIAN_POINT('',(-7.939671400409,-17.23108666546,
    -19.19948854803));
#6546 = CARTESIAN_POINT('',(-7.927536535076,-17.23364703553,
    -19.19534561737));
#6547 = CARTESIAN_POINT('',(-7.915318206071,-17.23602329143,
    -19.19162871976));
#6548 = CARTESIAN_POINT('',(-7.903139545023,-17.238184439,
    -19.18836351963));
#6549 = CARTESIAN_POINT('',(-7.891032493472,-17.24012021137,
    -19.18554007604));
#6550 = CARTESIAN_POINT('',(-7.878998626872,-17.24182413383,
    -19.18314229353));
#6551 = CARTESIAN_POINT('',(-7.86710457498,-17.24328101545,
    -19.18116514912));
#6552 = CARTESIAN_POINT('',(-7.855369820053,-17.24448409308,
    -19.17959078276));
#6553 = CARTESIAN_POINT('',(-7.843820251245,-17.24542636166,
    -19.17840180299));
#6554 = CARTESIAN_POINT('',(-7.832475406443,-17.24610269425,
    -19.17757880774));
#6555 = CARTESIAN_POINT('',(-7.82135450877,-17.24650950874,
    -19.17710159108));
#6556 = CARTESIAN_POINT('',(-7.814091627084,-17.24660000338,
    -19.17700000004));
#6557 = CARTESIAN_POINT('',(-7.810500043939,-17.24659999934,
    -19.17700000004));
#6558 = ORIENTED_EDGE('',*,*,#6559,.F.);
#6559 = EDGE_CURVE('',#6560,#6496,#6562,.T.);
#6560 = VERTEX_POINT('',#6561);
#6561 = CARTESIAN_POINT('',(-7.8105,-14.478,-19.177));
#6562 = LINE('',#6563,#6564);
#6563 = CARTESIAN_POINT('',(-7.8105,-14.478,-19.177));
#6564 = VECTOR('',#6565,1.);
#6565 = DIRECTION('',(-1.587030057463E-08,-1.,-1.415901276503E-11));
#6566 = ORIENTED_EDGE('',*,*,#6567,.T.);
#6567 = EDGE_CURVE('',#6560,#6441,#6568,.T.);
#6568 = CIRCLE('',#6569,0.381);
#6569 = AXIS2_PLACEMENT_3D('',#6570,#6571,#6572);
#6570 = CARTESIAN_POINT('',(-7.8105,-14.478,-19.558));
#6571 = DIRECTION('',(0.,-1.,0.));
#6572 = DIRECTION('',(0.,0.,1.));
#6573 = ORIENTED_EDGE('',*,*,#6471,.T.);
#6574 = CYLINDRICAL_SURFACE('',#6575,0.381);
#6575 = AXIS2_PLACEMENT_3D('',#6576,#6577,#6578);
#6576 = CARTESIAN_POINT('',(-7.8105,63.58627872,-19.558));
#6577 = DIRECTION('',(0.,-1.,0.));
#6578 = DIRECTION('',(0.,0.,1.));
#6579 = ADVANCED_FACE('',(#6580),#6663,.T.);
#6580 = FACE_BOUND('',#6581,.T.);
#6581 = EDGE_LOOP('',(#6582,#6648,#6655,#6656));
#6582 = ORIENTED_EDGE('',*,*,#6583,.T.);
#6583 = EDGE_CURVE('',#6584,#6586,#6588,.T.);
#6584 = VERTEX_POINT('',#6585);
#6585 = CARTESIAN_POINT('',(-7.8105,-17.62760000001,-18.79600003888));
#6586 = VERTEX_POINT('',#6587);
#6587 = CARTESIAN_POINT('',(-8.6995,-17.62759999439,-19.558));
#6588 = B_SPLINE_CURVE_WITH_KNOTS('',3,(#6589,#6590,#6591,#6592,#6593,
    #6594,#6595,#6596,#6597,#6598,#6599,#6600,#6601,#6602,#6603,#6604,
    #6605,#6606,#6607,#6608,#6609,#6610,#6611,#6612,#6613,#6614,#6615,
    #6616,#6617,#6618,#6619,#6620,#6621,#6622,#6623,#6624,#6625,#6626,
    #6627,#6628,#6629,#6630,#6631,#6632,#6633,#6634,#6635,#6636,#6637,
    #6638,#6639,#6640,#6641,#6642,#6643,#6644,#6645,#6646,#6647),
  .UNSPECIFIED.,.F.,.F.,(4,1,1,1,1,1,1,1,1,1,1,1,1,1,1,1,1,1,1,1,1,1,1,1
    ,1,1,1,1,1,1,1,1,1,1,1,1,1,1,1,1,1,1,1,1,1,1,1,1,1,1,1,1,1,1,1,1,4),
  (0.,1.785714285714E-02,3.571428571429E-02,5.357142857143E-02,
    7.142857142857E-02,8.928571428571E-02,0.107142857143,0.125,
    0.142857142857,0.160714285714,0.178571428571,0.196428571429,
    0.214285714286,0.232142857143,0.25,0.267857142857,0.285714285714,
    0.303571428571,0.321428571429,0.339285714286,0.357142857143,0.375,
    0.392857142857,0.410714285714,0.428571428571,0.446428571429,
    0.464285714286,0.482142857143,0.5,0.517857142857,0.535714285714,
    0.553571428571,0.571428571429,0.589285714286,0.607142857143,0.625,
    0.642857142857,0.660714285714,0.678571428571,0.696428571429,
    0.714285714286,0.732142857143,0.75,0.767857142857,0.785714285714,
    0.803571428571,0.821428571429,0.839285714286,0.857142857143,0.875,
    0.892857142857,0.910714285714,0.928571428571,0.946428571429,
    0.964285714286,0.982142857143,1.),.UNSPECIFIED.);
#6589 = CARTESIAN_POINT('',(-7.8105,-17.62760000001,-18.79600003888));
#6590 = CARTESIAN_POINT('',(-7.817682819402,-17.62759999922,
    -18.7960000412));
#6591 = CARTESIAN_POINT('',(-7.832209198339,-17.62760000036,
    -18.79611263599));
#6592 = CARTESIAN_POINT('',(-7.854474124267,-17.6275999999,
    -18.79666078114));
#6593 = CARTESIAN_POINT('',(-7.877235051613,-17.62760000003,
    -18.79763359213));
#6594 = CARTESIAN_POINT('',(-7.900477890444,-17.62759999999,
    -18.79907877269));
#6595 = CARTESIAN_POINT('',(-7.92418849818,-17.6276,-18.80104555596));
#6596 = CARTESIAN_POINT('',(-7.948339326041,-17.6276,-18.80358271282));
#6597 = CARTESIAN_POINT('',(-7.972915396582,-17.6276,-18.80674147431));
#6598 = CARTESIAN_POINT('',(-7.997803575053,-17.6276,-18.81055705225));
#6599 = CARTESIAN_POINT('',(-8.023021957823,-17.6276,-18.81507991706));
#6600 = CARTESIAN_POINT('',(-8.048525631572,-17.6276,-18.82035348378));
#6601 = CARTESIAN_POINT('',(-8.074074532433,-17.6276,-18.82636943735));
#6602 = CARTESIAN_POINT('',(-8.099453337027,-17.6276,-18.83309859712));
#6603 = CARTESIAN_POINT('',(-8.124474159698,-17.6276,-18.84049697657));
#6604 = CARTESIAN_POINT('',(-8.148932344153,-17.6276,-18.84848857206));
#6605 = CARTESIAN_POINT('',(-8.172990456445,-17.6276,-18.85711035465));
#6606 = CARTESIAN_POINT('',(-8.196618357645,-17.6276,-18.86634479036));
#6607 = CARTESIAN_POINT('',(-8.21981545122,-17.6276,-18.8761814644));
#6608 = CARTESIAN_POINT('',(-8.24258616181,-17.6276,-18.88661383208));
#6609 = CARTESIAN_POINT('',(-8.26493360888,-17.6276,-18.89763606199));
#6610 = CARTESIAN_POINT('',(-8.286849107866,-17.6276,-18.90923740798));
#6611 = CARTESIAN_POINT('',(-8.308324333553,-17.6276,-18.92140704047));
#6612 = CARTESIAN_POINT('',(-8.329354991605,-17.6276,-18.93413679248));
#6613 = CARTESIAN_POINT('',(-8.349926739137,-17.6276,-18.94741258692));
#6614 = CARTESIAN_POINT('',(-8.370025017624,-17.6276,-18.96121918895));
#6615 = CARTESIAN_POINT('',(-8.389639015216,-17.6276,-18.97554325116));
#6616 = CARTESIAN_POINT('',(-8.408758660721,-17.6276,-18.99037175176));
#6617 = CARTESIAN_POINT('',(-8.427372234462,-17.6276,-19.00569011236));
#6618 = CARTESIAN_POINT('',(-8.445467476362,-17.6276,-19.02148272697));
#6619 = CARTESIAN_POINT('',(-8.463032723785,-17.6276,-19.03773395972));
#6620 = CARTESIAN_POINT('',(-8.480052271088,-17.6276,-19.05442354812));
#6621 = CARTESIAN_POINT('',(-8.49651017874,-17.6276,-19.07152929401));
#6622 = CARTESIAN_POINT('',(-8.512392493277,-17.6276,-19.08902934092));
#6623 = CARTESIAN_POINT('',(-8.527687249936,-17.6276,-19.10690258231));
#6624 = CARTESIAN_POINT('',(-8.542383501972,-17.6276,-19.1251279468));
#6625 = CARTESIAN_POINT('',(-8.556469110949,-17.6276,-19.14368152031));
#6626 = CARTESIAN_POINT('',(-8.56993315295,-17.6276,-19.16253926135));
#6627 = CARTESIAN_POINT('',(-8.582764636654,-17.6276,-19.18167530373));
#6628 = CARTESIAN_POINT('',(-8.594951688478,-17.6276,-19.20106017674));
#6629 = CARTESIAN_POINT('',(-8.606482016292,-17.6276,-19.22066048421));
#6630 = CARTESIAN_POINT('',(-8.617346302234,-17.6276,-19.24044414));
#6631 = CARTESIAN_POINT('',(-8.627538558764,-17.6276,-19.26038208464));
#6632 = CARTESIAN_POINT('',(-8.637053946555,-17.6276,-19.28044508394));
#6633 = CARTESIAN_POINT('',(-8.645886869349,-17.6276,-19.30059909655));
#6634 = CARTESIAN_POINT('',(-8.654033470071,-17.6276,-19.32080953211));
#6635 = CARTESIAN_POINT('',(-8.661492597946,-17.6276,-19.34104399641));
#6636 = CARTESIAN_POINT('',(-8.668265800177,-17.6276,-19.3612735063));
#6637 = CARTESIAN_POINT('',(-8.67435634087,-17.6276,-19.38147114418));
#6638 = CARTESIAN_POINT('',(-8.67976742788,-17.6276,-19.40160596112));
#6639 = CARTESIAN_POINT('',(-8.68450335874,-17.6276,-19.42164445103));
#6640 = CARTESIAN_POINT('',(-8.688571534017,-17.62759999998,
    -19.44155758387));
#6641 = CARTESIAN_POINT('',(-8.691984756854,-17.62760000006,
    -19.46133996302));
#6642 = CARTESIAN_POINT('',(-8.694755205607,-17.62759999976,
    -19.48099281102));
#6643 = CARTESIAN_POINT('',(-8.696892428796,-17.62760000088,
    -19.50050639393));
#6644 = CARTESIAN_POINT('',(-8.698405278499,-17.62759999671,
    -19.5198686448));
#6645 = CARTESIAN_POINT('',(-8.699302715668,-17.62760001228,
    -19.53903198797));
#6646 = CARTESIAN_POINT('',(-8.69949998763,-17.62759997353,
    -19.55169698152));
#6647 = CARTESIAN_POINT('',(-8.6995,-17.62759999439,-19.558));
#6648 = ORIENTED_EDGE('',*,*,#6649,.T.);
#6649 = EDGE_CURVE('',#6586,#6472,#6650,.T.);
#6650 = CIRCLE('',#6651,0.508);
#6651 = AXIS2_PLACEMENT_3D('',#6652,#6653,#6654);
#6652 = CARTESIAN_POINT('',(-8.6995,-17.1196,-19.55799993488));
#6653 = DIRECTION('',(0.,0.,1.));
#6654 = DIRECTION('',(0.,-1.,0.));
#6655 = ORIENTED_EDGE('',*,*,#6495,.T.);
#6656 = ORIENTED_EDGE('',*,*,#6657,.T.);
#6657 = EDGE_CURVE('',#6496,#6584,#6658,.T.);
#6658 = CIRCLE('',#6659,0.381000000363);
#6659 = AXIS2_PLACEMENT_3D('',#6660,#6661,#6662);
#6660 = CARTESIAN_POINT('',(-7.810500071016,-17.24659999954,
    -18.79599999979));
#6661 = DIRECTION('',(-1.,-1.785330929969E-07,-2.05935121731E-07));
#6662 = DIRECTION('',(2.059351217311E-07,-4.19611851227E-13,-1.));
#6663 = ( BOUNDED_SURFACE() B_SPLINE_SURFACE(3,3,(
    (#6664,#6665,#6666,#6667,#6668,#6669,#6670,#6671,#6672,#6673,#6674
      ,#6675,#6676,#6677,#6678,#6679,#6680,#6681,#6682,#6683,#6684,#6685
      ,#6686,#6687,#6688,#6689,#6690,#6691,#6692,#6693,#6694,#6695,#6696
      ,#6697,#6698,#6699,#6700,#6701,#6702,#6703,#6704,#6705,#6706,#6707
      ,#6708,#6709,#6710,#6711,#6712,#6713,#6714,#6715,#6716,#6717,#6718
      ,#6719,#6720,#6721,#6722,#6723,#6724)
    ,(#6725,#6726,#6727,#6728,#6729,#6730,#6731,#6732,#6733,#6734,#6735
      ,#6736,#6737,#6738,#6739,#6740,#6741,#6742,#6743,#6744,#6745,#6746
      ,#6747,#6748,#6749,#6750,#6751,#6752,#6753,#6754,#6755,#6756,#6757
      ,#6758,#6759,#6760,#6761,#6762,#6763,#6764,#6765,#6766,#6767,#6768
      ,#6769,#6770,#6771,#6772,#6773,#6774,#6775,#6776,#6777,#6778,#6779
      ,#6780,#6781,#6782,#6783,#6784,#6785)
    ,(#6786,#6787,#6788,#6789,#6790,#6791,#6792,#6793,#6794,#6795,#6796
      ,#6797,#6798,#6799,#6800,#6801,#6802,#6803,#6804,#6805,#6806,#6807
      ,#6808,#6809,#6810,#6811,#6812,#6813,#6814,#6815,#6816,#6817,#6818
      ,#6819,#6820,#6821,#6822,#6823,#6824,#6825,#6826,#6827,#6828,#6829
      ,#6830,#6831,#6832,#6833,#6834,#6835,#6836,#6837,#6838,#6839,#6840
      ,#6841,#6842,#6843,#6844,#6845,#6846)
    ,(#6847,#6848,#6849,#6850,#6851,#6852,#6853,#6854,#6855,#6856,#6857
      ,#6858,#6859,#6860,#6861,#6862,#6863,#6864,#6865,#6866,#6867,#6868
      ,#6869,#6870,#6871,#6872,#6873,#6874,#6875,#6876,#6877,#6878,#6879
      ,#6880,#6881,#6882,#6883,#6884,#6885,#6886,#6887,#6888,#6889,#6890
      ,#6891,#6892,#6893,#6894,#6895,#6896,#6897,#6898,#6899,#6900,#6901
      ,#6902,#6903,#6904,#6905,#6906,#6907
)),.UNSPECIFIED.,.F.,.F.,.F.) B_SPLINE_SURFACE_WITH_KNOTS((4,4),(4,1,1,1
    ,1,1,1,1,1,1,1,1,1,1,1,1,1,1,1,1,1,1,1,1,1,1,1,1,1,1,1,1,1,1,1,1,1,1
    ,1,1,1,1,1,1,1,1,1,1,1,1,1,1,1,1,1,1,1,1,4),(0.,1.),(
    2.333147076484E-03,1.598715055329E-02,3.23227281183E-02,
    4.902522378226E-02,6.61090006668E-02,8.357578965037E-02,
    0.101423044656,0.119644653884,0.138227855415,0.157131406032,
    0.176361927798,0.195882421586,0.215551835668,0.235222324508,
    0.254759272662,0.274071869079,0.29323174087,0.312253678436,
    0.33114635703,0.349925160782,0.368603404018,0.387187783946,
    0.405684383102,0.424099970608,0.442435691353,0.460691644844,
    0.478870004683,0.496973292864,0.515002692287,0.532958566189,
    0.55084039883,0.568644330736,0.586365344315,0.603999325559,
    0.621543241579,0.638994011864,0.656347084612,0.673597598251,
    0.690739318624,0.707763478345,0.724659543966,0.741418545768,
    0.758033753498,0.774498067837,0.790801932051,0.806935851725,
    0.822892381245,0.838666551363,0.854254139152,0.869648652403,
    0.884843001997,0.899836143957,0.914640297628,0.929270583353,
    0.943735956701,0.958038313843,0.972173664827,0.986167472387,
0.991493774293),.UNSPECIFIED.) GEOMETRIC_REPRESENTATION_ITEM() 
RATIONAL_B_SPLINE_SURFACE((
    (1.192332971716,1.192332971716,1.192332971716,1.192332971716
      ,1.192332971716,1.192332971716,1.192332971716,1.192332971716
      ,1.192332971716,1.192332971716,1.192332971716,1.192332971716
      ,1.192332971716,1.192332971716,1.192332971716,1.192332971716
      ,1.192332971716,1.192332971716,1.192332971716,1.192332971716
      ,1.192332971716,1.192332971716,1.192332971716,1.192332971716
      ,1.192332971716,1.192332971716,1.192332971716,1.192332971716
      ,1.192332971716,1.192332971716,1.192332971716,1.192332971716
      ,1.192332971716,1.192332971716,1.192332971716,1.192332971716
      ,1.192332971716,1.192332971716,1.192332971716,1.192332971716
      ,1.192332971716,1.192332971716,1.192332971716,1.192332971716
      ,1.192332971716,1.192332971716,1.192332971716,1.192332971716
      ,1.192332971716,1.192332971716,1.192332971716,1.192332971716
      ,1.192332971716,1.192332971716,1.192332971716,1.192332971716
      ,1.192332971716,1.192332971716,1.192332971716,1.192332971716
      ,1.192332971716)
    ,(0.935889009428,0.935889009428,0.935889009428,0.935889009428
      ,0.935889009428,0.935889009428,0.935889009428,0.935889009428
      ,0.935889009428,0.935889009428,0.935889009428,0.935889009428
      ,0.935889009428,0.935889009428,0.935889009428,0.935889009428
      ,0.935889009428,0.935889009428,0.935889009428,0.935889009428
      ,0.935889009428,0.935889009428,0.935889009428,0.935889009428
      ,0.935889009428,0.935889009428,0.935889009428,0.935889009428
      ,0.935889009428,0.935889009428,0.935889009428,0.935889009428
      ,0.935889009428,0.935889009428,0.935889009428,0.935889009428
      ,0.935889009428,0.935889009428,0.935889009428,0.935889009428
      ,0.935889009428,0.935889009428,0.935889009428,0.935889009428
      ,0.935889009428,0.935889009428,0.935889009428,0.935889009428
      ,0.935889009428,0.935889009428,0.935889009428,0.935889009428
      ,0.935889009428,0.935889009428,0.935889009428,0.935889009428
      ,0.935889009428,0.935889009428,0.935889009428,0.935889009428
      ,0.935889009428)
    ,(0.935889009428,0.935889009428,0.935889009428,0.935889009428
      ,0.935889009428,0.935889009428,0.935889009428,0.935889009428
      ,0.935889009428,0.935889009428,0.935889009428,0.935889009428
      ,0.935889009428,0.935889009428,0.935889009428,0.935889009428
      ,0.935889009428,0.935889009428,0.935889009428,0.935889009428
      ,0.935889009428,0.935889009428,0.935889009428,0.935889009428
      ,0.935889009428,0.935889009428,0.935889009428,0.935889009428
      ,0.935889009428,0.935889009428,0.935889009428,0.935889009428
      ,0.935889009428,0.935889009428,0.935889009428,0.935889009428
      ,0.935889009428,0.935889009428,0.935889009428,0.935889009428
      ,0.935889009428,0.935889009428,0.935889009428,0.935889009428
      ,0.935889009428,0.935889009428,0.935889009428,0.935889009428
      ,0.935889009428,0.935889009428,0.935889009428,0.935889009428
      ,0.935889009428,0.935889009428,0.935889009428,0.935889009428
      ,0.935889009428,0.935889009428,0.935889009428,0.935889009428
      ,0.935889009428)
    ,(1.192332971716,1.192332971716,1.192332971716,1.192332971716
      ,1.192332971716,1.192332971716,1.192332971716,1.192332971716
      ,1.192332971716,1.192332971716,1.192332971716,1.192332971716
      ,1.192332971716,1.192332971716,1.192332971716,1.192332971716
      ,1.192332971716,1.192332971716,1.192332971716,1.192332971716
      ,1.192332971716,1.192332971716,1.192332971716,1.192332971716
      ,1.192332971716,1.192332971716,1.192332971716,1.192332971716
      ,1.192332971716,1.192332971716,1.192332971716,1.192332971716
      ,1.192332971716,1.192332971716,1.192332971716,1.192332971716
      ,1.192332971716,1.192332971716,1.192332971716,1.192332971716
      ,1.192332971716,1.192332971716,1.192332971716,1.192332971716
      ,1.192332971716,1.192332971716,1.192332971716,1.192332971716
      ,1.192332971716,1.192332971716,1.192332971716,1.192332971716
      ,1.192332971716,1.192332971716,1.192332971716,1.192332971716
      ,1.192332971716,1.192332971716,1.192332971716,1.192332971716
,1.192332971716))) REPRESENTATION_ITEM('') SURFACE() );
#6664 = CARTESIAN_POINT('',(-7.801985234918,-17.23439909015,
    -19.17690253489));
#6665 = CARTESIAN_POINT('',(-7.804984278354,-17.23446311469,
    -19.17683556279));
#6666 = CARTESIAN_POINT('',(-7.811577144777,-17.23452767369,
    -19.17676609704));
#6667 = CARTESIAN_POINT('',(-7.821849864685,-17.23438053342,
    -19.17692438846));
#6668 = CARTESIAN_POINT('',(-7.83287155409,-17.2339485025,
    -19.17740974499));
#6669 = CARTESIAN_POINT('',(-7.84412021639,-17.23324049643,
    -19.17823528834));
#6670 = CARTESIAN_POINT('',(-7.855581210351,-17.23225978046,
    -19.17942179052));
#6671 = CARTESIAN_POINT('',(-7.86723409925,-17.23101141995,
    -19.18098898147));
#6672 = CARTESIAN_POINT('',(-7.879054193314,-17.22950213251,
    -19.18295504941));
#6673 = CARTESIAN_POINT('',(-7.891007591192,-17.22774098545,
    -19.1853350279));
#6674 = CARTESIAN_POINT('',(-7.903062681396,-17.22573802478,
    -19.18814185916));
#6675 = CARTESIAN_POINT('',(-7.915182467475,-17.22350505054,
    -19.19138480797));
#6676 = CARTESIAN_POINT('',(-7.927309288039,-17.22105885894,
    -19.19506405594));
#6677 = CARTESIAN_POINT('',(-7.939355678289,-17.2184252552,
    -19.1991627574));
#6678 = CARTESIAN_POINT('',(-7.951218961653,-17.21563783709,
    -19.20364644675));
#6679 = CARTESIAN_POINT('',(-7.9628127141,-17.21273069274,
    -19.20847337696));
#6680 = CARTESIAN_POINT('',(-7.974099458926,-17.20972817231,
    -19.21361213043));
#6681 = CARTESIAN_POINT('',(-7.985073381521,-17.20664585112,
    -19.21904282581));
#6682 = CARTESIAN_POINT('',(-7.995748051222,-17.20349211836,
    -19.22475663345));
#6683 = CARTESIAN_POINT('',(-8.006126552625,-17.20027684579,
    -19.23074094813));
#6684 = CARTESIAN_POINT('',(-8.0162120252,-17.19700878596,
    -19.23698417421));
#6685 = CARTESIAN_POINT('',(-8.02600744945,-17.19369579578,
    -19.24347562534));
#6686 = CARTESIAN_POINT('',(-8.035514380913,-17.19034546507,
    -19.25020448732));
#6687 = CARTESIAN_POINT('',(-8.044733530965,-17.18696512398,
    -19.25715989977));
#6688 = CARTESIAN_POINT('',(-8.053664972645,-17.18356190676,
    -19.26433094334));
#6689 = CARTESIAN_POINT('',(-8.062308145668,-17.18014288505,
    -19.27170643436));
#6690 = CARTESIAN_POINT('',(-8.070662174167,-17.17671506697,
    -19.27927496827));
#6691 = CARTESIAN_POINT('',(-8.078726786341,-17.17328508289,
    -19.28702570365));
#6692 = CARTESIAN_POINT('',(-8.086502190986,-17.16985925169,
    -19.29494835595));
#6693 = CARTESIAN_POINT('',(-8.093988626791,-17.16644381171,
    -19.30303277262));
#6694 = CARTESIAN_POINT('',(-8.101186214741,-17.16304504319,
    -19.31126870611));
#6695 = CARTESIAN_POINT('',(-8.108094740079,-17.15966943325,
    -19.31964545224));
#6696 = CARTESIAN_POINT('',(-8.114713710712,-17.15632372699,
    -19.32815171666));
#6697 = CARTESIAN_POINT('',(-8.121042682062,-17.15301483544,
    -19.33677583137));
#6698 = CARTESIAN_POINT('',(-8.127081810772,-17.14974957883,
    -19.34550646157));
#6699 = CARTESIAN_POINT('',(-8.132831921659,-17.14653464497,
    -19.35433282773));
#6700 = CARTESIAN_POINT('',(-8.138294190463,-17.14337676467,
    -19.3632443397));
#6701 = CARTESIAN_POINT('',(-8.143470001612,-17.14028281873,
    -19.37223035788));
#6702 = CARTESIAN_POINT('',(-8.148360848675,-17.13725993214,
    -19.3812799501));
#6703 = CARTESIAN_POINT('',(-8.152968289894,-17.13431554243,
    -19.39038168289));
#6704 = CARTESIAN_POINT('',(-8.15729391216,-17.13145747234,
    -19.39952332776));
#6705 = CARTESIAN_POINT('',(-8.161339682917,-17.12869373976,
    -19.40869235281));
#6706 = CARTESIAN_POINT('',(-8.165108336544,-17.12603228697,
    -19.41787679287));
#6707 = CARTESIAN_POINT('',(-8.168603378188,-17.12348092548,
    -19.42706554416));
#6708 = CARTESIAN_POINT('',(-8.171828715026,-17.12104755608,
    -19.43624764681));
#6709 = CARTESIAN_POINT('',(-8.17478853097,-17.11874024279,
    -19.4454118623));
#6710 = CARTESIAN_POINT('',(-8.177487466926,-17.11656703843,
    -19.45454710091));
#6711 = CARTESIAN_POINT('',(-8.17993084086,-17.11453572509,
    -19.46364334785));
#6712 = CARTESIAN_POINT('',(-8.182124541272,-17.11265378105,
    -19.47269180139));
#6713 = CARTESIAN_POINT('',(-8.184074711567,-17.11092852874,
    -19.48168403667));
#6714 = CARTESIAN_POINT('',(-8.185787620297,-17.10936714105,
    -19.49061136918));
#6715 = CARTESIAN_POINT('',(-8.187269888635,-17.10797630431,
    -19.49946582579));
#6716 = CARTESIAN_POINT('',(-8.188528832073,-17.10676170297,
    -19.50824314821));
#6717 = CARTESIAN_POINT('',(-8.189572085857,-17.10572814102,
    -19.51694350899));
#6718 = CARTESIAN_POINT('',(-8.19040689248,-17.10488006578,
    -19.52556912661));
#6719 = CARTESIAN_POINT('',(-8.191039686285,-17.10422188598,
    -19.53412020658));
#6720 = CARTESIAN_POINT('',(-8.191476315727,-17.10375764895,
    -19.54259312785));
#6721 = CARTESIAN_POINT('',(-8.191722706706,-17.10349019531,
    -19.55098742105));
#6722 = CARTESIAN_POINT('',(-8.19177189696,-17.10343540678,
    -19.55761352633));
#6723 = CARTESIAN_POINT('',(-8.191742628492,-17.10346792006,
    -19.56144147881));
#6724 = CARTESIAN_POINT('',(-8.191730174295,-17.10348181133,
    -19.56249685063));
#6725 = CARTESIAN_POINT('',(-7.799618226914,-17.47235681673,
    -19.18452592613));
#6726 = CARTESIAN_POINT('',(-7.803472826211,-17.47240047567,
    -19.18441859148));
#6727 = CARTESIAN_POINT('',(-7.811896168979,-17.47244347501,
    -19.18430902962));
#6728 = CARTESIAN_POINT('',(-7.824843469934,-17.47234543429,
    -19.18455873949));
#6729 = CARTESIAN_POINT('',(-7.838518323457,-17.472067656,
    -19.18530596684));
#6730 = CARTESIAN_POINT('',(-7.852252042221,-17.471626166,
    -19.18655102905));
#6731 = CARTESIAN_POINT('',(-7.866020801829,-17.47103252918,
    -19.1883052516));
#6732 = CARTESIAN_POINT('',(-7.879798913086,-17.47029837196,
    -19.19057801841));
#6733 = CARTESIAN_POINT('',(-7.893559443781,-17.46943503435,
    -19.19337663142));
#6734 = CARTESIAN_POINT('',(-7.907267689231,-17.46845386387,
    -19.19670447698));
#6735 = CARTESIAN_POINT('',(-7.92089384412,-17.46736543111,
    -19.20056292667));
#6736 = CARTESIAN_POINT('',(-7.934403294084,-17.46618007556,
    -19.20494931678));
#6737 = CARTESIAN_POINT('',(-7.947739473752,-17.46490971671,
    -19.2098498775));
#6738 = CARTESIAN_POINT('',(-7.960815325342,-17.46356978553,
    -19.21523007202));
#6739 = CARTESIAN_POINT('',(-7.973530551803,-17.46217840742,
    -19.22103503572));
#6740 = CARTESIAN_POINT('',(-7.985805266899,-17.46075278902,
    -19.22720360653));
#6741 = CARTESIAN_POINT('',(-7.997612903699,-17.45930453112,
    -19.23369047038));
#6742 = CARTESIAN_POINT('',(-8.008959247453,-17.45784065447,
    -19.24046628152));
#6743 = CARTESIAN_POINT('',(-8.019868294345,-17.4563647249,
    -19.24751592963));
#6744 = CARTESIAN_POINT('',(-8.030351728399,-17.45488101687,
    -19.25481986429));
#6745 = CARTESIAN_POINT('',(-8.040420182516,-17.45339329384,
    -19.26235999503));
#6746 = CARTESIAN_POINT('',(-8.050083222562,-17.45190493423,
    -19.2701194549));
#6747 = CARTESIAN_POINT('',(-8.059348312751,-17.45041922116,
    -19.2780813037));
#6748 = CARTESIAN_POINT('',(-8.068221598428,-17.44893934114,
    -19.28622861546));
#6749 = CARTESIAN_POINT('',(-8.076708250266,-17.44746841071,
    -19.29454444161));
#6750 = CARTESIAN_POINT('',(-8.0848126047,-17.44600952889,
    -19.30301156889));
#6751 = CARTESIAN_POINT('',(-8.0925385845,-17.44456576876,
    -19.31161258122));
#6752 = CARTESIAN_POINT('',(-8.099890613677,-17.44314004335,
    -19.32033073613));
#6753 = CARTESIAN_POINT('',(-8.106873521728,-17.44173513774,
    -19.32914991222));
#6754 = CARTESIAN_POINT('',(-8.113492167992,-17.44035380469,
    -19.33805410274));
#6755 = CARTESIAN_POINT('',(-8.119751358051,-17.43899881065,
    -19.34702715146));
#6756 = CARTESIAN_POINT('',(-8.12565570588,-17.43767299527,
    -19.35605235441));
#6757 = CARTESIAN_POINT('',(-8.131209750842,-17.4363792805,
    -19.3651123321));
#6758 = CARTESIAN_POINT('',(-8.136418291497,-17.43512062223,
    -19.37418928149));
#6759 = CARTESIAN_POINT('',(-8.14128686676,-17.43389990436,
    -19.38326571242));
#6760 = CARTESIAN_POINT('',(-8.145821800477,-17.43271991995,
    -19.39232463276));
#6761 = CARTESIAN_POINT('',(-8.150029946156,-17.43158342991,
    -19.4013491236));
#6762 = CARTESIAN_POINT('',(-8.153918600412,-17.43049318706,
    -19.41032207451));
#6763 = CARTESIAN_POINT('',(-8.157495465225,-17.42945194748,
    -19.4192259373));
#6764 = CARTESIAN_POINT('',(-8.160768664192,-17.42846246377,
    -19.4280425394));
#6765 = CARTESIAN_POINT('',(-8.163746782191,-17.42752746768,
    -19.43675285722));
#6766 = CARTESIAN_POINT('',(-8.166439174905,-17.42664955598,
    -19.44533757617));
#6767 = CARTESIAN_POINT('',(-8.168856252611,-17.42583105299,
    -19.45377797284));
#6768 = CARTESIAN_POINT('',(-8.171009470034,-17.42507394421,
    -19.46205621582));
#6769 = CARTESIAN_POINT('',(-8.172911096862,-17.42437988091,
    -19.47015478876));
#6770 = CARTESIAN_POINT('',(-8.174574179283,-17.42375011816,
    -19.47805630721));
#6771 = CARTESIAN_POINT('',(-8.176012668972,-17.42318537456,
    -19.48574415698));
#6772 = CARTESIAN_POINT('',(-8.177241516161,-17.42268568019,
    -19.49320354258));
#6773 = CARTESIAN_POINT('',(-8.178276542362,-17.42225029819,
    -19.50042185753));
#6774 = CARTESIAN_POINT('',(-8.179134204794,-17.42187769528,
    -19.50738835235));
#6775 = CARTESIAN_POINT('',(-8.179831451816,-17.42156548632,
    -19.51409413929));
#6776 = CARTESIAN_POINT('',(-8.180385677869,-17.42131034398,
    -19.52053350497));
#6777 = CARTESIAN_POINT('',(-8.180814598048,-17.42110795856,
    -19.52670648872));
#6778 = CARTESIAN_POINT('',(-8.181135768896,-17.42095319945,
    -19.53261944571));
#6779 = CARTESIAN_POINT('',(-8.181366041078,-17.42084037538,
    -19.53828341399));
#6780 = CARTESIAN_POINT('',(-8.181521183512,-17.42076346988,
    -19.54371194152));
#6781 = CARTESIAN_POINT('',(-8.181615639658,-17.42071636634,
    -19.54892019113));
#6782 = CARTESIAN_POINT('',(-8.1816623066,-17.4206930988,-19.55393040676
    ));
#6783 = CARTESIAN_POINT('',(-8.181670048352,-17.42068927274,
    -19.55778466909));
#6784 = CARTESIAN_POINT('',(-8.181665331145,-17.42069160813,
    -19.55998065299));
#6785 = CARTESIAN_POINT('',(-8.181663381804,-17.42069256812,
    -19.56058396457));
#6786 = CARTESIAN_POINT('',(-7.795798489132,-17.63913132147,
    -19.01464575513));
#6787 = CARTESIAN_POINT('',(-7.800999186161,-17.63914718016,
    -19.01452312163));
#6788 = CARTESIAN_POINT('',(-7.812379395764,-17.63916217703,
    -19.01439800963));
#6789 = CARTESIAN_POINT('',(-7.829932800584,-17.63912795509,
    -19.01468317953));
#6790 = CARTESIAN_POINT('',(-7.848555954677,-17.63903717642,
    -19.01553695241));
#6791 = CARTESIAN_POINT('',(-7.867354647006,-17.63890159148,
    -19.01696143192));
#6792 = CARTESIAN_POINT('',(-7.886307407964,-17.63873095328,
    -19.01897287926));
#6793 = CARTESIAN_POINT('',(-7.905388666666,-17.63853434103,
    -19.02158700928));
#6794 = CARTESIAN_POINT('',(-7.924569862264,-17.63831989317,
    -19.02481878943));
#6795 = CARTESIAN_POINT('',(-7.943810421127,-17.63809480956,
    -19.02868016588));
#6796 = CARTESIAN_POINT('',(-7.963075429257,-17.63786515732,
    -19.03318200695));
#6797 = CARTESIAN_POINT('',(-7.982322182698,-17.63763607825,
    -19.03833148152));
#6798 = CARTESIAN_POINT('',(-8.001475448585,-17.63741220603,
    -19.04412340915));
#6799 = CARTESIAN_POINT('',(-8.020413423963,-17.63719788435,
    -19.05052805092));
#6800 = CARTESIAN_POINT('',(-8.038990733916,-17.63699687364,
    -19.05749047123));
#6801 = CARTESIAN_POINT('',(-8.057087016695,-17.6368118508,
    -19.06494642537));
#6802 = CARTESIAN_POINT('',(-8.074656884482,-17.6366440715,
    -19.07284891497));
#6803 = CARTESIAN_POINT('',(-8.091702043048,-17.63649396348,
    -19.08116912599));
#6804 = CARTESIAN_POINT('',(-8.108252104184,-17.63636156154,
    -19.08989510972));
#6805 = CARTESIAN_POINT('',(-8.124318638029,-17.6362469746,-19.099008969
    ));
#6806 = CARTESIAN_POINT('',(-8.139911887374,-17.63615027437,
    -19.10849412946));
#6807 = CARTESIAN_POINT('',(-8.155040704265,-17.63607152531,
    -19.11833513614));
#6808 = CARTESIAN_POINT('',(-8.169710813539,-17.63601080685,
    -19.12851605298));
#6809 = CARTESIAN_POINT('',(-8.1839258899,-17.63596820891,
    -19.13902057568));
#6810 = CARTESIAN_POINT('',(-8.197688016419,-17.6359438315,
    -19.14983200034));
#6811 = CARTESIAN_POINT('',(-8.210997808382,-17.63593778064,
    -19.16093290699));
#6812 = CARTESIAN_POINT('',(-8.223854998482,-17.63595016047,
    -19.17230522216));
#6813 = CARTESIAN_POINT('',(-8.23625992871,-17.63598107271,
    -19.18393138784));
#6814 = CARTESIAN_POINT('',(-8.248213422636,-17.63603062044,
    -19.19579433549));
#6815 = CARTESIAN_POINT('',(-8.259716146119,-17.63609890572,
    -19.20787683386));
#6816 = CARTESIAN_POINT('',(-8.270768427425,-17.63618602368,
    -19.220161136));
#6817 = CARTESIAN_POINT('',(-8.281369963594,-17.63629205219,
    -19.23262842668));
#6818 = CARTESIAN_POINT('',(-8.291519947543,-17.63641703948,
    -19.24525861435));
#6819 = CARTESIAN_POINT('',(-8.301217600365,-17.6365609952,
    -19.25803064576));
#6820 = CARTESIAN_POINT('',(-8.310463048911,-17.63672389348,
    -19.27092353793));
#6821 = CARTESIAN_POINT('',(-8.31925745267,-17.63690567187,
    -19.28391667889));
#6822 = CARTESIAN_POINT('',(-8.327602541334,-17.63710621597,
    -19.29698925897));
#6823 = CARTESIAN_POINT('',(-8.335500421357,-17.63732533862,
    -19.31011990011));
#6824 = CARTESIAN_POINT('',(-8.342953448477,-17.63756275212,
    -19.32328629108));
#6825 = CARTESIAN_POINT('',(-8.349964184816,-17.63781803359,
    -19.33646488917));
#6826 = CARTESIAN_POINT('',(-8.356535369934,-17.63809057838,
    -19.34963052763));
#6827 = CARTESIAN_POINT('',(-8.362670480237,-17.63837956814,
    -19.36275718636));
#6828 = CARTESIAN_POINT('',(-8.368374332533,-17.63868394981,
    -19.37581930368));
#6829 = CARTESIAN_POINT('',(-8.373653098479,-17.63900239489,
    -19.38879225374));
#6830 = CARTESIAN_POINT('',(-8.378513751924,-17.63933321406,
    -19.40165142389));
#6831 = CARTESIAN_POINT('',(-8.382963882276,-17.63967426814,
    -19.41437179862));
#6832 = CARTESIAN_POINT('',(-8.387011958592,-17.64002290578,
    -19.42692879706));
#6833 = CARTESIAN_POINT('',(-8.390667636689,-17.64037592541,
    -19.4392998068));
#6834 = CARTESIAN_POINT('',(-8.393941560821,-17.64072951522,
    -19.45146463405));
#6835 = CARTESIAN_POINT('',(-8.396844843077,-17.64107916632,
    -19.46340470002));
#6836 = CARTESIAN_POINT('',(-8.399388813055,-17.64141961905,
    -19.47510263666));
#6837 = CARTESIAN_POINT('',(-8.401585288346,-17.64174491662,
    -19.48654406978));
#6838 = CARTESIAN_POINT('',(-8.403447001875,-17.6420485794,
    -19.49772186614));
#6839 = CARTESIAN_POINT('',(-8.404986968847,-17.64232371074,
    -19.50863714178));
#6840 = CARTESIAN_POINT('',(-8.406217372133,-17.64256303136,
    -19.5192962689));
#6841 = CARTESIAN_POINT('',(-8.407148914115,-17.64275897268,
    -19.52970628648));
#6842 = CARTESIAN_POINT('',(-8.407791120122,-17.6429040211,
    -19.53987287187));
#6843 = CARTESIAN_POINT('',(-8.408153320457,-17.64299129945,
    -19.5498098714));
#6844 = CARTESIAN_POINT('',(-8.408225615009,-17.64301008367,
    -19.55755790603));
#6845 = CARTESIAN_POINT('',(-8.40818259461,-17.64299899889,
    -19.5620022585));
#6846 = CARTESIAN_POINT('',(-8.408164287478,-17.64299422503,
    -19.56322528711));
#6847 = CARTESIAN_POINT('',(-7.792990640218,-17.62711428736,
    -18.77687421546));
#6848 = CARTESIAN_POINT('',(-7.799159430956,-17.62711284876,
    -18.77677121812));
#6849 = CARTESIAN_POINT('',(-7.812715031544,-17.62711146845,
    -18.77666513542));
#6850 = CARTESIAN_POINT('',(-7.83383405551,-17.62711460658,
    -18.77690692695));
#6851 = CARTESIAN_POINT('',(-7.856507842682,-17.62712291631,
    -18.77764317344));
#6852 = CARTESIAN_POINT('',(-7.879683340537,-17.62713524556,
    -18.77889120285));
#6853 = CARTESIAN_POINT('',(-7.903351452817,-17.62715059302,
    -18.78068340962));
#6854 = CARTESIAN_POINT('',(-7.927492021401,-17.62716802599,
    -18.78305443159));
#6855 = CARTESIAN_POINT('',(-7.95207652145,-17.6271867231,
    -18.78604050746));
#6856 = CARTESIAN_POINT('',(-7.977057231603,-17.62720598487,
    -18.78967682721));
#6857 = CARTESIAN_POINT('',(-8.002390510618,-17.62722525272,
    -18.7939986956));
#6858 = CARTESIAN_POINT('',(-8.02802031293,-17.62724408734,
    -18.79903853098));
#6859 = CARTESIAN_POINT('',(-8.053845019542,-17.62726212852,
    -18.80481674084));
#6860 = CARTESIAN_POINT('',(-8.079695348848,-17.62727907356,
    -18.81132777748));
#6861 = CARTESIAN_POINT('',(-8.105362476379,-17.62729469401,
    -18.81853700813));
#6862 = CARTESIAN_POINT('',(-8.130664667682,-17.62730886387,
    -18.82639542687));
#6863 = CARTESIAN_POINT('',(-8.155520127231,-17.62732157295,
    -18.83486764997));
#6864 = CARTESIAN_POINT('',(-8.1799134342,-17.62733287151,
    -18.84393504811));
#6865 = CARTESIAN_POINT('',(-8.203871381371,-17.62734283407,
    -18.85359623655));
#6866 = CARTESIAN_POINT('',(-8.227396785166,-17.62735152347,
    -18.86384250305));
#6867 = CARTESIAN_POINT('',(-8.25049186644,-17.62735899901,
    -18.87466582204));
#6868 = CARTESIAN_POINT('',(-8.273157924811,-17.62736531408,
    -18.88605883214));
#6869 = CARTESIAN_POINT('',(-8.295392419995,-17.62737051448,
    -18.89801308357));
#6870 = CARTESIAN_POINT('',(-8.317190245576,-17.62737463863,
    -18.91051917992));
#6871 = CARTESIAN_POINT('',(-8.338544204014,-17.62737771756,
    -18.92356677798));
#6872 = CARTESIAN_POINT('',(-8.359444972577,-17.62737977509,
    -18.93714420728));
#6873 = CARTESIAN_POINT('',(-8.379881808744,-17.6273808282,
    -18.95123851529));
#6874 = CARTESIAN_POINT('',(-8.399844828507,-17.62738088723,
    -18.96583694013));
#6875 = CARTESIAN_POINT('',(-8.419324807633,-17.62737995561,
    -18.98092696703));
#6876 = CARTESIAN_POINT('',(-8.438312110139,-17.62737802988,-18.99649556
    ));
#6877 = CARTESIAN_POINT('',(-8.456796313973,-17.62737509995,
    -19.01252872569));
#6878 = CARTESIAN_POINT('',(-8.47476562614,-17.62737114956,
    -19.02901078845));
#6879 = CARTESIAN_POINT('',(-8.492206964907,-17.62736615693,
    -19.04592406757));
#6880 = CARTESIAN_POINT('',(-8.509106752057,-17.62736009533,
    -19.06324924162));
#6881 = CARTESIAN_POINT('',(-8.525452400083,-17.62735293317,
    -19.08096675104));
#6882 = CARTESIAN_POINT('',(-8.54123257294,-17.62734463422,
    -19.09905729236));
#6883 = CARTESIAN_POINT('',(-8.556436380972,-17.62733515857,
    -19.11750111364));
#6884 = CARTESIAN_POINT('',(-8.571052986982,-17.62732446406,
    -19.13627752601));
#6885 = CARTESIAN_POINT('',(-8.585071295387,-17.62731250829,
    -19.15536438139));
#6886 = CARTESIAN_POINT('',(-8.598479768447,-17.62729925128,
    -19.17473760092));
#6887 = CARTESIAN_POINT('',(-8.611266228681,-17.6272846593,
    -19.1943704904));
#6888 = CARTESIAN_POINT('',(-8.623418799209,-17.62726870844,
    -19.21423472799));
#6889 = CARTESIAN_POINT('',(-8.634927043089,-17.62725138807,
    -19.23430224602));
#6890 = CARTESIAN_POINT('',(-8.645782025069,-17.62723270593,
    -19.25454594133));
#6891 = CARTESIAN_POINT('',(-8.655975181858,-17.62721269655,
    -19.274938144));
#6892 = CARTESIAN_POINT('',(-8.665497847919,-17.62719143123,
    -19.29544964603));
#6893 = CARTESIAN_POINT('',(-8.674341753867,-17.62716902742,
    -19.31605059807));
#6894 = CARTESIAN_POINT('',(-8.682499750548,-17.62714565737,
    -19.33671257831));
#6895 = CARTESIAN_POINT('',(-8.689965535226,-17.62712155858,
    -19.35740891865));
#6896 = CARTESIAN_POINT('',(-8.696732664769,-17.62709704658,
    -19.37811275803));
#6897 = CARTESIAN_POINT('',(-8.702794176847,-17.62707252548,
    -19.39879544284));
#6898 = CARTESIAN_POINT('',(-8.708143560453,-17.62704848983,
    -19.41942860568));
#6899 = CARTESIAN_POINT('',(-8.712776399221,-17.62702551439,
    -19.43999109861));
#6900 = CARTESIAN_POINT('',(-8.716689634605,-17.62700424453,
    -19.46047075716));
#6901 = CARTESIAN_POINT('',(-8.719879517532,-17.6269853882,
    -19.4808588129));
#6902 = CARTESIAN_POINT('',(-8.722340551821,-17.62696969923,
    -19.50114014412));
#6903 = CARTESIAN_POINT('',(-8.724067004878,-17.62695793542,
    -19.52128879374));
#6904 = CARTESIAN_POINT('',(-8.725056403664,-17.62695079165,
    -19.54128451798));
#6905 = CARTESIAN_POINT('',(-8.725257600759,-17.62694924506,
    -19.55707955204));
#6906 = CARTESIAN_POINT('',(-8.725138137175,-17.62695015696,
    -19.56620188995));
#6907 = CARTESIAN_POINT('',(-8.725087164183,-17.62695054637,
    -19.56871655134));
#6908 = ADVANCED_FACE('',(#6909),#6935,.T.);
#6909 = FACE_BOUND('',#6910,.T.);
#6910 = EDGE_LOOP('',(#6911,#6912,#6920,#6929));
#6911 = ORIENTED_EDGE('',*,*,#6657,.F.);
#6912 = ORIENTED_EDGE('',*,*,#6913,.T.);
#6913 = EDGE_CURVE('',#6496,#6914,#6916,.T.);
#6914 = VERTEX_POINT('',#6915);
#6915 = CARTESIAN_POINT('',(11.89990004391,-17.24659999934,
    -19.17700000004));
#6916 = LINE('',#6917,#6918);
#6917 = CARTESIAN_POINT('',(-7.810500043939,-17.24659999934,
    -19.17700000004));
#6918 = VECTOR('',#6919,1.);
#6919 = DIRECTION('',(1.,-3.172323264278E-14,0.));
#6920 = ORIENTED_EDGE('',*,*,#6921,.F.);
#6921 = EDGE_CURVE('',#6922,#6914,#6924,.T.);
#6922 = VERTEX_POINT('',#6923);
#6923 = CARTESIAN_POINT('',(11.8999,-17.62760000001,-18.79600003897));
#6924 = CIRCLE('',#6925,0.381);
#6925 = AXIS2_PLACEMENT_3D('',#6926,#6927,#6928);
#6926 = CARTESIAN_POINT('',(11.89989997993,-17.2466,-18.796));
#6927 = DIRECTION('',(1.,0.,0.));
#6928 = DIRECTION('',(0.,-1.,-3.068362525273E-07));
#6929 = ORIENTED_EDGE('',*,*,#6930,.F.);
#6930 = EDGE_CURVE('',#6584,#6922,#6931,.T.);
#6931 = LINE('',#6932,#6933);
#6932 = CARTESIAN_POINT('',(-7.8105,-17.62760000001,-18.79600003888));
#6933 = VECTOR('',#6934,1.);
#6934 = DIRECTION('',(1.,0.,-4.43854890517E-12));
#6935 = CYLINDRICAL_SURFACE('',#6936,0.381);
#6936 = AXIS2_PLACEMENT_3D('',#6937,#6938,#6939);
#6937 = CARTESIAN_POINT('',(-76.6842764,-17.2466,-18.796));
#6938 = DIRECTION('',(1.,0.,0.));
#6939 = DIRECTION('',(0.,-1.,0.));
#6940 = ADVANCED_FACE('',(#6941),#7054,.T.);
#6941 = FACE_BOUND('',#6942,.F.);
#6942 = EDGE_LOOP('',(#6943,#6953,#6959,#6960,#6968,#6976,#6984,#7046,
    #7047,#7048));
#6943 = ORIENTED_EDGE('',*,*,#6944,.T.);
#6944 = EDGE_CURVE('',#6945,#6947,#6949,.T.);
#6945 = VERTEX_POINT('',#6946);
#6946 = CARTESIAN_POINT('',(-8.6995,-17.6276,-25.654));
#6947 = VERTEX_POINT('',#6948);
#6948 = CARTESIAN_POINT('',(-13.2715,-17.6276,-25.654));
#6949 = LINE('',#6950,#6951);
#6950 = CARTESIAN_POINT('',(-8.6995,-17.6276,-25.654));
#6951 = VECTOR('',#6952,1.);
#6952 = DIRECTION('',(-1.,0.,0.));
#6953 = ORIENTED_EDGE('',*,*,#6954,.T.);
#6954 = EDGE_CURVE('',#6947,#4669,#6955,.T.);
#6955 = LINE('',#6956,#6957);
#6956 = CARTESIAN_POINT('',(-13.2715,-17.6276,-25.654));
#6957 = VECTOR('',#6958,1.);
#6958 = DIRECTION('',(0.,0.,1.));
#6959 = ORIENTED_EDGE('',*,*,#4694,.T.);
#6960 = ORIENTED_EDGE('',*,*,#6961,.F.);
#6961 = EDGE_CURVE('',#6962,#4695,#6964,.T.);
#6962 = VERTEX_POINT('',#6963);
#6963 = CARTESIAN_POINT('',(14.2875,-17.6276,-25.654));
#6964 = LINE('',#6965,#6966);
#6965 = CARTESIAN_POINT('',(14.2875,-17.6276,-25.654));
#6966 = VECTOR('',#6967,1.);
#6967 = DIRECTION('',(0.,0.,1.));
#6968 = ORIENTED_EDGE('',*,*,#6969,.T.);
#6969 = EDGE_CURVE('',#6962,#6970,#6972,.T.);
#6970 = VERTEX_POINT('',#6971);
#6971 = CARTESIAN_POINT('',(12.7889,-17.6276,-25.654));
#6972 = LINE('',#6973,#6974);
#6973 = CARTESIAN_POINT('',(14.2875,-17.6276,-25.654));
#6974 = VECTOR('',#6975,1.);
#6975 = DIRECTION('',(-1.,0.,0.));
#6976 = ORIENTED_EDGE('',*,*,#6977,.F.);
#6977 = EDGE_CURVE('',#6978,#6970,#6980,.T.);
#6978 = VERTEX_POINT('',#6979);
#6979 = CARTESIAN_POINT('',(12.7889,-17.6275999934,-19.55800001336));
#6980 = LINE('',#6981,#6982);
#6981 = CARTESIAN_POINT('',(12.7889,-17.62759999438,-19.558));
#6982 = VECTOR('',#6983,1.);
#6983 = DIRECTION('',(0.,-9.213854526241E-10,-1.));
#6984 = ORIENTED_EDGE('',*,*,#6985,.T.);
#6985 = EDGE_CURVE('',#6978,#6922,#6986,.T.);
#6986 = B_SPLINE_CURVE_WITH_KNOTS('',3,(#6987,#6988,#6989,#6990,#6991,
    #6992,#6993,#6994,#6995,#6996,#6997,#6998,#6999,#7000,#7001,#7002,
    #7003,#7004,#7005,#7006,#7007,#7008,#7009,#7010,#7011,#7012,#7013,
    #7014,#7015,#7016,#7017,#7018,#7019,#7020,#7021,#7022,#7023,#7024,
    #7025,#7026,#7027,#7028,#7029,#7030,#7031,#7032,#7033,#7034,#7035,
    #7036,#7037,#7038,#7039,#7040,#7041,#7042,#7043,#7044,#7045),
  .UNSPECIFIED.,.F.,.F.,(4,1,1,1,1,1,1,1,1,1,1,1,1,1,1,1,1,1,1,1,1,1,1,1
    ,1,1,1,1,1,1,1,1,1,1,1,1,1,1,1,1,1,1,1,1,1,1,1,1,1,1,1,1,1,1,1,1,4),
  (0.,1.785714285714E-02,3.571428571429E-02,5.357142857143E-02,
    7.142857142857E-02,8.928571428571E-02,0.107142857143,0.125,
    0.142857142857,0.160714285714,0.178571428571,0.196428571429,
    0.214285714286,0.232142857143,0.25,0.267857142857,0.285714285714,
    0.303571428571,0.321428571429,0.339285714286,0.357142857143,0.375,
    0.392857142857,0.410714285714,0.428571428571,0.446428571429,
    0.464285714286,0.482142857143,0.5,0.517857142857,0.535714285714,
    0.553571428571,0.571428571429,0.589285714286,0.607142857143,0.625,
    0.642857142857,0.660714285714,0.678571428571,0.696428571429,
    0.714285714286,0.732142857143,0.75,0.767857142857,0.785714285714,
    0.803571428571,0.821428571429,0.839285714286,0.857142857143,0.875,
    0.892857142857,0.910714285714,0.928571428571,0.946428571429,
    0.964285714286,0.982142857143,1.),.UNSPECIFIED.);
#6987 = CARTESIAN_POINT('',(12.7889,-17.62759999438,-19.558));
#6988 = CARTESIAN_POINT('',(12.78889998762,-17.6275999735,
    -19.55169698152));
#6989 = CARTESIAN_POINT('',(12.78870271569,-17.6276000123,
    -19.53903198797));
#6990 = CARTESIAN_POINT('',(12.78780527848,-17.6275999967,-19.5198686448
    ));
#6991 = CARTESIAN_POINT('',(12.7862924288,-17.62760000088,
    -19.50050639393));
#6992 = CARTESIAN_POINT('',(12.7841552056,-17.62759999976,
    -19.48099281102));
#6993 = CARTESIAN_POINT('',(12.78138475685,-17.62760000006,
    -19.46133996301));
#6994 = CARTESIAN_POINT('',(12.77797153402,-17.62759999998,
    -19.44155758386));
#6995 = CARTESIAN_POINT('',(12.77390335874,-17.6276,-19.42164445103));
#6996 = CARTESIAN_POINT('',(12.76916742788,-17.6276,-19.40160596111));
#6997 = CARTESIAN_POINT('',(12.76375634087,-17.6276,-19.38147114417));
#6998 = CARTESIAN_POINT('',(12.75766580017,-17.6276,-19.36127350629));
#6999 = CARTESIAN_POINT('',(12.75089259794,-17.6276,-19.3410439964));
#7000 = CARTESIAN_POINT('',(12.74343347007,-17.6276,-19.3208095321));
#7001 = CARTESIAN_POINT('',(12.73528686934,-17.6276,-19.30059909654));
#7002 = CARTESIAN_POINT('',(12.72645394655,-17.6276,-19.28044508393));
#7003 = CARTESIAN_POINT('',(12.71693855876,-17.6276,-19.26038208463));
#7004 = CARTESIAN_POINT('',(12.70674630223,-17.6276,-19.24044413999));
#7005 = CARTESIAN_POINT('',(12.69588201629,-17.6276,-19.22066048419));
#7006 = CARTESIAN_POINT('',(12.68435168847,-17.6276,-19.20106017673));
#7007 = CARTESIAN_POINT('',(12.67216463664,-17.6276,-19.18167530371));
#7008 = CARTESIAN_POINT('',(12.65933315294,-17.6276,-19.16253926134));
#7009 = CARTESIAN_POINT('',(12.64586911094,-17.6276,-19.14368152029));
#7010 = CARTESIAN_POINT('',(12.63178350196,-17.6276,-19.12512794678));
#7011 = CARTESIAN_POINT('',(12.61708724992,-17.6276,-19.10690258229));
#7012 = CARTESIAN_POINT('',(12.60179249326,-17.6276,-19.0890293409));
#7013 = CARTESIAN_POINT('',(12.58591017872,-17.6276,-19.07152929399));
#7014 = CARTESIAN_POINT('',(12.56945227107,-17.6276,-19.0544235481));
#7015 = CARTESIAN_POINT('',(12.55243272377,-17.6276,-19.0377339597));
#7016 = CARTESIAN_POINT('',(12.53486747634,-17.6276,-19.02148272696));
#7017 = CARTESIAN_POINT('',(12.51677223444,-17.6276,-19.00569011234));
#7018 = CARTESIAN_POINT('',(12.4981586607,-17.6276,-18.99037175174));
#7019 = CARTESIAN_POINT('',(12.47903901519,-17.6276,-18.97554325114));
#7020 = CARTESIAN_POINT('',(12.4594250176,-17.6276,-18.96121918893));
#7021 = CARTESIAN_POINT('',(12.43932673911,-17.6276,-18.9474125869));
#7022 = CARTESIAN_POINT('',(12.41875499157,-17.6276,-18.93413679246));
#7023 = CARTESIAN_POINT('',(12.39772433352,-17.6276,-18.92140704045));
#7024 = CARTESIAN_POINT('',(12.37624910783,-17.6276,-18.90923740796));
#7025 = CARTESIAN_POINT('',(12.35433360884,-17.6276,-18.89763606197));
#7026 = CARTESIAN_POINT('',(12.33198616177,-17.6276,-18.88661383206));
#7027 = CARTESIAN_POINT('',(12.30921545118,-17.6276,-18.87618146439));
#7028 = CARTESIAN_POINT('',(12.2860183576,-17.6276,-18.86634479034));
#7029 = CARTESIAN_POINT('',(12.2623904564,-17.6276,-18.85711035463));
#7030 = CARTESIAN_POINT('',(12.23833234411,-17.6276,-18.84848857205));
#7031 = CARTESIAN_POINT('',(12.21387415965,-17.6276,-18.84049697655));
#7032 = CARTESIAN_POINT('',(12.18885333698,-17.6276,-18.83309859711));
#7033 = CARTESIAN_POINT('',(12.16347453238,-17.6276,-18.82636943734));
#7034 = CARTESIAN_POINT('',(12.13792563152,-17.6276,-18.82035348377));
#7035 = CARTESIAN_POINT('',(12.11242195777,-17.6276,-18.81507991705));
#7036 = CARTESIAN_POINT('',(12.087203575,-17.6276,-18.81055705224));
#7037 = CARTESIAN_POINT('',(12.06231539654,-17.6276,-18.80674147431));
#7038 = CARTESIAN_POINT('',(12.03773932603,-17.6276,-18.80358271282));
#7039 = CARTESIAN_POINT('',(12.01358849818,-17.6276,-18.80104555596));
#7040 = CARTESIAN_POINT('',(11.98987789045,-17.62759999999,
    -18.79907877269));
#7041 = CARTESIAN_POINT('',(11.96663505162,-17.62760000003,
    -18.79763359212));
#7042 = CARTESIAN_POINT('',(11.94387412427,-17.6275999999,
    -18.79666078115));
#7043 = CARTESIAN_POINT('',(11.92160919834,-17.62760000036,
    -18.79611263595));
#7044 = CARTESIAN_POINT('',(11.9070828194,-17.62759999922,
    -18.79600004129));
#7045 = CARTESIAN_POINT('',(11.8999,-17.62760000001,-18.79600003897));
#7046 = ORIENTED_EDGE('',*,*,#6930,.F.);
#7047 = ORIENTED_EDGE('',*,*,#6583,.T.);
#7048 = ORIENTED_EDGE('',*,*,#7049,.F.);
#7049 = EDGE_CURVE('',#6945,#6586,#7050,.T.);
#7050 = LINE('',#7051,#7052);
#7051 = CARTESIAN_POINT('',(-8.6995,-17.6276,-25.654));
#7052 = VECTOR('',#7053,1.);
#7053 = DIRECTION('',(0.,9.199535271797E-10,1.));
#7054 = PLANE('',#7055);
#7055 = AXIS2_PLACEMENT_3D('',#7056,#7057,#7058);
#7056 = CARTESIAN_POINT('',(14.2875,-17.6276,-14.859));
#7057 = DIRECTION('',(0.,-1.,0.));
#7058 = DIRECTION('',(-1.,0.,0.));
#7059 = ADVANCED_FACE('',(#7060),#7078,.T.);
#7060 = FACE_BOUND('',#7061,.T.);
#7061 = EDGE_LOOP('',(#7062,#7069,#7070,#7077));
#7062 = ORIENTED_EDGE('',*,*,#7063,.F.);
#7063 = EDGE_CURVE('',#6945,#5014,#7064,.T.);
#7064 = CIRCLE('',#7065,0.508);
#7065 = AXIS2_PLACEMENT_3D('',#7066,#7067,#7068);
#7066 = CARTESIAN_POINT('',(-8.6995,-17.1196,-25.654));
#7067 = DIRECTION('',(1.,0.,0.));
#7068 = DIRECTION('',(0.,-1.,0.));
#7069 = ORIENTED_EDGE('',*,*,#6944,.T.);
#7070 = ORIENTED_EDGE('',*,*,#7071,.F.);
#7071 = EDGE_CURVE('',#5005,#6947,#7072,.T.);
#7072 = CIRCLE('',#7073,0.508);
#7073 = AXIS2_PLACEMENT_3D('',#7074,#7075,#7076);
#7074 = CARTESIAN_POINT('',(-13.2715,-17.1196,-25.654));
#7075 = DIRECTION('',(-1.,0.,0.));
#7076 = DIRECTION('',(0.,0.,-1.));
#7077 = ORIENTED_EDGE('',*,*,#5013,.F.);
#7078 = CYLINDRICAL_SURFACE('',#7079,0.508);
#7079 = AXIS2_PLACEMENT_3D('',#7080,#7081,#7082);
#7080 = CARTESIAN_POINT('',(77.7002764,-17.1196,-25.654));
#7081 = DIRECTION('',(-1.,0.,0.));
#7082 = DIRECTION('',(0.,0.,-1.));
#7083 = ADVANCED_FACE('',(#7084),#7104,.T.);
#7084 = FACE_BOUND('',#7085,.T.);
#7085 = EDGE_LOOP('',(#7086,#7087,#7096,#7103));
#7086 = ORIENTED_EDGE('',*,*,#7071,.T.);
#7087 = ORIENTED_EDGE('',*,*,#7088,.T.);
#7088 = EDGE_CURVE('',#6947,#7089,#7091,.T.);
#7089 = VERTEX_POINT('',#7090);
#7090 = CARTESIAN_POINT('',(-20.8915,-10.0076,-25.654));
#7091 = CIRCLE('',#7092,7.62);
#7092 = AXIS2_PLACEMENT_3D('',#7093,#7094,#7095);
#7093 = CARTESIAN_POINT('',(-13.2715,-10.0076,-25.654));
#7094 = DIRECTION('',(0.,0.,-1.));
#7095 = DIRECTION('',(0.,-1.,0.));
#7096 = ORIENTED_EDGE('',*,*,#7097,.F.);
#7097 = EDGE_CURVE('',#4997,#7089,#7098,.T.);
#7098 = CIRCLE('',#7099,0.508);
#7099 = AXIS2_PLACEMENT_3D('',#7100,#7101,#7102);
#7100 = CARTESIAN_POINT('',(-20.3835,-10.0076,-25.654));
#7101 = DIRECTION('',(0.,1.,0.));
#7102 = DIRECTION('',(0.,0.,-1.));
#7103 = ORIENTED_EDGE('',*,*,#5004,.F.);
#7104 = TOROIDAL_SURFACE('',#7105,7.112,0.508);
#7105 = AXIS2_PLACEMENT_3D('',#7106,#7107,#7108);
#7106 = CARTESIAN_POINT('',(-13.2715,-10.0076,-25.654));
#7107 = DIRECTION('',(0.,0.,-1.));
#7108 = DIRECTION('',(1.276849869721E-03,-0.999999184827,0.));
#7109 = ADVANCED_FACE('',(#7110),#7129,.T.);
#7110 = FACE_BOUND('',#7111,.T.);
#7111 = EDGE_LOOP('',(#7112,#7113,#7121,#7128));
#7112 = ORIENTED_EDGE('',*,*,#7097,.T.);
#7113 = ORIENTED_EDGE('',*,*,#7114,.T.);
#7114 = EDGE_CURVE('',#7089,#7115,#7117,.T.);
#7115 = VERTEX_POINT('',#7116);
#7116 = CARTESIAN_POINT('',(-20.8915,10.0076,-25.654));
#7117 = LINE('',#7118,#7119);
#7118 = CARTESIAN_POINT('',(-20.8915,-10.0076,-25.654));
#7119 = VECTOR('',#7120,1.);
#7120 = DIRECTION('',(0.,1.,0.));
#7121 = ORIENTED_EDGE('',*,*,#7122,.F.);
#7122 = EDGE_CURVE('',#4988,#7115,#7123,.T.);
#7123 = CIRCLE('',#7124,0.508);
#7124 = AXIS2_PLACEMENT_3D('',#7125,#7126,#7127);
#7125 = CARTESIAN_POINT('',(-20.3835,10.0076,-25.654));
#7126 = DIRECTION('',(0.,1.,0.));
#7127 = DIRECTION('',(0.,0.,-1.));
#7128 = ORIENTED_EDGE('',*,*,#4996,.F.);
#7129 = CYLINDRICAL_SURFACE('',#7130,0.508);
#7130 = AXIS2_PLACEMENT_3D('',#7131,#7132,#7133);
#7131 = CARTESIAN_POINT('',(-20.3835,-10.01732959865,-25.654));
#7132 = DIRECTION('',(0.,1.,0.));
#7133 = DIRECTION('',(0.,0.,-1.));
#7134 = ADVANCED_FACE('',(#7135),#7147,.T.);
#7135 = FACE_BOUND('',#7136,.T.);
#7136 = EDGE_LOOP('',(#7137,#7138,#7145,#7146));
#7137 = ORIENTED_EDGE('',*,*,#7122,.T.);
#7138 = ORIENTED_EDGE('',*,*,#7139,.T.);
#7139 = EDGE_CURVE('',#7115,#4813,#7140,.T.);
#7140 = CIRCLE('',#7141,7.62);
#7141 = AXIS2_PLACEMENT_3D('',#7142,#7143,#7144);
#7142 = CARTESIAN_POINT('',(-13.2715,10.0076,-25.654));
#7143 = DIRECTION('',(0.,0.,-1.));
#7144 = DIRECTION('',(-1.,0.,0.));
#7145 = ORIENTED_EDGE('',*,*,#4843,.F.);
#7146 = ORIENTED_EDGE('',*,*,#4987,.F.);
#7147 = TOROIDAL_SURFACE('',#7148,7.112,0.508);
#7148 = AXIS2_PLACEMENT_3D('',#7149,#7150,#7151);
#7149 = CARTESIAN_POINT('',(-13.2715,10.0076,-25.654));
#7150 = DIRECTION('',(0.,0.,-1.));
#7151 = DIRECTION('',(-0.999999184827,-1.276849869721E-03,-0.));
#7152 = ADVANCED_FACE('',(#7153),#7164,.T.);
#7153 = FACE_BOUND('',#7154,.T.);
#7154 = EDGE_LOOP('',(#7155,#7161,#7162,#7163));
#7155 = ORIENTED_EDGE('',*,*,#7156,.T.);
#7156 = EDGE_CURVE('',#7115,#4618,#7157,.T.);
#7157 = LINE('',#7158,#7159);
#7158 = CARTESIAN_POINT('',(-20.8915,10.0076,-25.654));
#7159 = VECTOR('',#7160,1.);
#7160 = DIRECTION('',(0.,0.,1.));
#7161 = ORIENTED_EDGE('',*,*,#4617,.F.);
#7162 = ORIENTED_EDGE('',*,*,#4829,.F.);
#7163 = ORIENTED_EDGE('',*,*,#7139,.F.);
#7164 = CYLINDRICAL_SURFACE('',#7165,7.62);
#7165 = AXIS2_PLACEMENT_3D('',#7166,#7167,#7168);
#7166 = CARTESIAN_POINT('',(-13.2715,10.0076,-14.859));
#7167 = DIRECTION('',(0.,0.,-1.));
#7168 = DIRECTION('',(0.,-1.,0.));
#7169 = ADVANCED_FACE('',(#7170),#7181,.T.);
#7170 = FACE_BOUND('',#7171,.F.);
#7171 = EDGE_LOOP('',(#7172,#7173,#7174,#7175));
#7172 = ORIENTED_EDGE('',*,*,#7114,.T.);
#7173 = ORIENTED_EDGE('',*,*,#7156,.T.);
#7174 = ORIENTED_EDGE('',*,*,#4643,.T.);
#7175 = ORIENTED_EDGE('',*,*,#7176,.F.);
#7176 = EDGE_CURVE('',#7089,#4644,#7177,.T.);
#7177 = LINE('',#7178,#7179);
#7178 = CARTESIAN_POINT('',(-20.8915,-10.0076,-25.654));
#7179 = VECTOR('',#7180,1.);
#7180 = DIRECTION('',(0.,0.,1.));
#7181 = PLANE('',#7182);
#7182 = AXIS2_PLACEMENT_3D('',#7183,#7184,#7185);
#7183 = CARTESIAN_POINT('',(-20.8915,-10.0076,-14.859));
#7184 = DIRECTION('',(-1.,0.,0.));
#7185 = DIRECTION('',(0.,1.,0.));
#7186 = ADVANCED_FACE('',(#7187),#7193,.T.);
#7187 = FACE_BOUND('',#7188,.T.);
#7188 = EDGE_LOOP('',(#7189,#7190,#7191,#7192));
#7189 = ORIENTED_EDGE('',*,*,#6954,.T.);
#7190 = ORIENTED_EDGE('',*,*,#4668,.F.);
#7191 = ORIENTED_EDGE('',*,*,#7176,.F.);
#7192 = ORIENTED_EDGE('',*,*,#7088,.F.);
#7193 = CYLINDRICAL_SURFACE('',#7194,7.62);
#7194 = AXIS2_PLACEMENT_3D('',#7195,#7196,#7197);
#7195 = CARTESIAN_POINT('',(-13.2715,-10.0076,-14.859));
#7196 = DIRECTION('',(0.,0.,-1.));
#7197 = DIRECTION('',(0.,-1.,0.));
#7198 = ADVANCED_FACE('',(#7199),#7210,.T.);
#7199 = FACE_BOUND('',#7200,.T.);
#7200 = EDGE_LOOP('',(#7201,#7202,#7203));
#7201 = ORIENTED_EDGE('',*,*,#7063,.T.);
#7202 = ORIENTED_EDGE('',*,*,#6308,.T.);
#7203 = ORIENTED_EDGE('',*,*,#7204,.T.);
#7204 = EDGE_CURVE('',#6301,#6945,#7205,.T.);
#7205 = CIRCLE('',#7206,0.508);
#7206 = AXIS2_PLACEMENT_3D('',#7207,#7208,#7209);
#7207 = CARTESIAN_POINT('',(-8.6995,-17.1196,-25.654));
#7208 = DIRECTION('',(0.,0.,-1.));
#7209 = DIRECTION('',(1.,0.,0.));
#7210 = SPHERICAL_SURFACE('',#7211,0.508);
#7211 = AXIS2_PLACEMENT_3D('',#7212,#7213,#7214);
#7212 = CARTESIAN_POINT('',(-8.6995,-17.1196,-25.654));
#7213 = DIRECTION('',(0.707106781187,0.707106781187,0.));
#7214 = DIRECTION('',(0.707106781187,-0.707106781187,0.));
#7215 = ADVANCED_FACE('',(#7216),#7222,.T.);
#7216 = FACE_BOUND('',#7217,.T.);
#7217 = EDGE_LOOP('',(#7218,#7219,#7220,#7221));
#7218 = ORIENTED_EDGE('',*,*,#6481,.T.);
#7219 = ORIENTED_EDGE('',*,*,#6649,.F.);
#7220 = ORIENTED_EDGE('',*,*,#7049,.F.);
#7221 = ORIENTED_EDGE('',*,*,#7204,.F.);
#7222 = CYLINDRICAL_SURFACE('',#7223,0.508);
#7223 = AXIS2_PLACEMENT_3D('',#7224,#7225,#7226);
#7224 = CARTESIAN_POINT('',(-8.6995,-17.1196,-70.09256822566));
#7225 = DIRECTION('',(0.,0.,1.));
#7226 = DIRECTION('',(0.,-1.,0.));
#7227 = ADVANCED_FACE('',(#7228),#7247,.T.);
#7228 = FACE_BOUND('',#7229,.T.);
#7229 = EDGE_LOOP('',(#7230,#7238,#7239,#7240));
#7230 = ORIENTED_EDGE('',*,*,#7231,.F.);
#7231 = EDGE_CURVE('',#4720,#7232,#7234,.T.);
#7232 = VERTEX_POINT('',#7233);
#7233 = CARTESIAN_POINT('',(21.9075,-10.0076,-25.654));
#7234 = LINE('',#7235,#7236);
#7235 = CARTESIAN_POINT('',(21.9075,-10.0076,-15.113));
#7236 = VECTOR('',#7237,1.);
#7237 = DIRECTION('',(0.,0.,-1.));
#7238 = ORIENTED_EDGE('',*,*,#4719,.F.);
#7239 = ORIENTED_EDGE('',*,*,#6961,.F.);
#7240 = ORIENTED_EDGE('',*,*,#7241,.F.);
#7241 = EDGE_CURVE('',#7232,#6962,#7242,.T.);
#7242 = CIRCLE('',#7243,7.62);
#7243 = AXIS2_PLACEMENT_3D('',#7244,#7245,#7246);
#7244 = CARTESIAN_POINT('',(14.2875,-10.0076,-25.654));
#7245 = DIRECTION('',(0.,0.,-1.));
#7246 = DIRECTION('',(1.,0.,0.));
#7247 = CYLINDRICAL_SURFACE('',#7248,7.62);
#7248 = AXIS2_PLACEMENT_3D('',#7249,#7250,#7251);
#7249 = CARTESIAN_POINT('',(14.2875,-10.0076,-14.859));
#7250 = DIRECTION('',(0.,0.,-1.));
#7251 = DIRECTION('',(0.,-1.,0.));
#7252 = ADVANCED_FACE('',(#7253),#7271,.T.);
#7253 = FACE_BOUND('',#7254,.T.);
#7254 = EDGE_LOOP('',(#7255,#7262,#7263,#7270));
#7255 = ORIENTED_EDGE('',*,*,#7256,.T.);
#7256 = EDGE_CURVE('',#4963,#7232,#7257,.T.);
#7257 = CIRCLE('',#7258,0.508);
#7258 = AXIS2_PLACEMENT_3D('',#7259,#7260,#7261);
#7259 = CARTESIAN_POINT('',(21.3995,-10.0076,-25.654));
#7260 = DIRECTION('',(0.,-1.,0.));
#7261 = DIRECTION('',(1.398706172756E-14,0.,-1.));
#7262 = ORIENTED_EDGE('',*,*,#7241,.T.);
#7263 = ORIENTED_EDGE('',*,*,#7264,.F.);
#7264 = EDGE_CURVE('',#4955,#6962,#7265,.T.);
#7265 = CIRCLE('',#7266,0.508);
#7266 = AXIS2_PLACEMENT_3D('',#7267,#7268,#7269);
#7267 = CARTESIAN_POINT('',(14.2875,-17.1196,-25.654));
#7268 = DIRECTION('',(-1.,0.,0.));
#7269 = DIRECTION('',(0.,0.,-1.));
#7270 = ORIENTED_EDGE('',*,*,#4962,.F.);
#7271 = TOROIDAL_SURFACE('',#7272,7.112,0.508);
#7272 = AXIS2_PLACEMENT_3D('',#7273,#7274,#7275);
#7273 = CARTESIAN_POINT('',(14.2875,-10.0076,-25.654));
#7274 = DIRECTION('',(0.,0.,-1.));
#7275 = DIRECTION('',(0.999999184827,1.276849869721E-03,0.));
#7276 = ADVANCED_FACE('',(#7277),#7289,.T.);
#7277 = FACE_BOUND('',#7278,.T.);
#7278 = EDGE_LOOP('',(#7279,#7286,#7287,#7288));
#7279 = ORIENTED_EDGE('',*,*,#7280,.F.);
#7280 = EDGE_CURVE('',#4947,#6970,#7281,.T.);
#7281 = CIRCLE('',#7282,0.508);
#7282 = AXIS2_PLACEMENT_3D('',#7283,#7284,#7285);
#7283 = CARTESIAN_POINT('',(12.7889,-17.1196,-25.654));
#7284 = DIRECTION('',(-1.,0.,0.));
#7285 = DIRECTION('',(0.,0.,-1.));
#7286 = ORIENTED_EDGE('',*,*,#4954,.F.);
#7287 = ORIENTED_EDGE('',*,*,#7264,.T.);
#7288 = ORIENTED_EDGE('',*,*,#6969,.T.);
#7289 = CYLINDRICAL_SURFACE('',#7290,0.508);
#7290 = AXIS2_PLACEMENT_3D('',#7291,#7292,#7293);
#7291 = CARTESIAN_POINT('',(14.29722959865,-17.1196,-25.654));
#7292 = DIRECTION('',(-1.,0.,0.));
#7293 = DIRECTION('',(0.,0.,-1.));
#7294 = ADVANCED_FACE('',(#7295),#7314,.T.);
#7295 = FACE_BOUND('',#7296,.T.);
#7296 = EDGE_LOOP('',(#7297,#7298,#7307));
#7297 = ORIENTED_EDGE('',*,*,#7280,.T.);
#7298 = ORIENTED_EDGE('',*,*,#7299,.T.);
#7299 = EDGE_CURVE('',#6970,#7300,#7302,.T.);
#7300 = VERTEX_POINT('',#7301);
#7301 = CARTESIAN_POINT('',(12.2809,-17.1196,-25.654));
#7302 = CIRCLE('',#7303,0.508);
#7303 = AXIS2_PLACEMENT_3D('',#7304,#7305,#7306);
#7304 = CARTESIAN_POINT('',(12.7889,-17.1196,-25.654));
#7305 = DIRECTION('',(0.,0.,-1.));
#7306 = DIRECTION('',(0.,-1.,0.));
#7307 = ORIENTED_EDGE('',*,*,#7308,.T.);
#7308 = EDGE_CURVE('',#7300,#4947,#7309,.T.);
#7309 = CIRCLE('',#7310,0.508);
#7310 = AXIS2_PLACEMENT_3D('',#7311,#7312,#7313);
#7311 = CARTESIAN_POINT('',(12.7889,-17.1196,-25.654));
#7312 = DIRECTION('',(0.,-1.,0.));
#7313 = DIRECTION('',(-1.,0.,0.));
#7314 = SPHERICAL_SURFACE('',#7315,0.508);
#7315 = AXIS2_PLACEMENT_3D('',#7316,#7317,#7318);
#7316 = CARTESIAN_POINT('',(12.7889,-17.1196,-25.654));
#7317 = DIRECTION('',(-0.707106781187,0.,0.707106781187));
#7318 = DIRECTION('',(-0.707106781187,0.,-0.707106781187));
#7319 = ADVANCED_FACE('',(#7320),#7364,.T.);
#7320 = FACE_BOUND('',#7321,.T.);
#7321 = EDGE_LOOP('',(#7322,#7330,#7351,#7362,#7363));
#7322 = ORIENTED_EDGE('',*,*,#7323,.T.);
#7323 = EDGE_CURVE('',#7300,#7324,#7326,.T.);
#7324 = VERTEX_POINT('',#7325);
#7325 = CARTESIAN_POINT('',(12.28090004915,-14.47800008224,
    -25.65399701709));
#7326 = LINE('',#7327,#7328);
#7327 = CARTESIAN_POINT('',(12.2809,-17.1196,-25.654));
#7328 = VECTOR('',#7329,1.);
#7329 = DIRECTION('',(1.860455854337E-08,0.999999999999,
    1.12920429066E-06));
#7330 = ORIENTED_EDGE('',*,*,#7331,.F.);
#7331 = EDGE_CURVE('',#7332,#7324,#7334,.T.);
#7332 = VERTEX_POINT('',#7333);
#7333 = CARTESIAN_POINT('',(12.54533442148,-13.94914081809,
    -26.09980297059));
#7334 = B_SPLINE_CURVE_WITH_KNOTS('',3,(#7335,#7336,#7337,#7338,#7339,
    #7340,#7341,#7342,#7343,#7344,#7345,#7346,#7347,#7348,#7349,#7350),
  .UNSPECIFIED.,.F.,.F.,(4,1,1,1,1,1,1,1,1,1,1,1,1,4),(0.,
    7.692307692308E-02,0.153846153846,0.230769230769,0.307692307692,
    0.384615384615,0.461538461538,0.538461538462,0.615384615385,
    0.692307692308,0.769230769231,0.846153846154,0.923076923077,1.),
  .UNSPECIFIED.);
#7335 = CARTESIAN_POINT('',(12.54533442148,-13.94914081809,
    -26.09980297059));
#7336 = CARTESIAN_POINT('',(12.52709188016,-13.98562130096,
    -26.08983655875));
#7337 = CARTESIAN_POINT('',(12.49301926225,-14.0537670965,
    -26.06829724621));
#7338 = CARTESIAN_POINT('',(12.44944165752,-14.14092195264,
    -26.0332176801));
#7339 = CARTESIAN_POINT('',(12.4123262038,-14.21515181113,
    -25.99620728342));
#7340 = CARTESIAN_POINT('',(12.38136757398,-14.27706767205,
    -25.9585141263));
#7341 = CARTESIAN_POINT('',(12.35554127309,-14.3287180387,
    -25.92031780757));
#7342 = CARTESIAN_POINT('',(12.33475789729,-14.37028354752,
    -25.88287377323));
#7343 = CARTESIAN_POINT('',(12.318282004,-14.40323474953,-25.84657357179
    ));
#7344 = CARTESIAN_POINT('',(12.30535075806,-14.42909814055,
    -25.81111166347));
#7345 = CARTESIAN_POINT('',(12.29579042182,-14.44821982226,
    -25.77761586793));
#7346 = CARTESIAN_POINT('',(12.28892663174,-14.46194747771,
    -25.74579490878));
#7347 = CARTESIAN_POINT('',(12.28426975161,-14.47126146872,
    -25.71501841583));
#7348 = CARTESIAN_POINT('',(12.28152938688,-14.47674160666,
    -25.6847990614));
#7349 = CARTESIAN_POINT('',(12.28090004903,-14.47799959953,
    -25.66427532195));
#7350 = CARTESIAN_POINT('',(12.28090004915,-14.47800008224,
    -25.65399701709));
#7351 = ORIENTED_EDGE('',*,*,#7352,.T.);
#7352 = EDGE_CURVE('',#7332,#4938,#7353,.T.);
#7353 = B_SPLINE_CURVE_WITH_KNOTS('',3,(#7354,#7355,#7356,#7357,#7358,
    #7359,#7360,#7361),.UNSPECIFIED.,.F.,.F.,(4,1,1,1,1,4),(0.,0.2,0.4,
    0.6,0.8,1.),.QUASI_UNIFORM_KNOTS.);
#7354 = CARTESIAN_POINT('',(12.54533442148,-13.94914081809,
    -26.09980297059));
#7355 = CARTESIAN_POINT('',(12.56018462394,-13.95081797121,
    -26.10791641619));
#7356 = CARTESIAN_POINT('',(12.59071177315,-13.95406042937,
    -26.12266191622));
#7357 = CARTESIAN_POINT('',(12.63842030762,-13.95844139222,
    -26.14009075924));
#7358 = CARTESIAN_POINT('',(12.68793873172,-13.96224957517,
    -26.1527408311));
#7359 = CARTESIAN_POINT('',(12.73839714229,-13.96535542994,
    -26.16033399732));
#7360 = CARTESIAN_POINT('',(12.77209921064,-13.96691012573,-26.162));
#7361 = CARTESIAN_POINT('',(12.7889,-13.96755678842,-26.162));
#7362 = ORIENTED_EDGE('',*,*,#4946,.F.);
#7363 = ORIENTED_EDGE('',*,*,#7308,.F.);
#7364 = CYLINDRICAL_SURFACE('',#7365,0.508);
#7365 = AXIS2_PLACEMENT_3D('',#7366,#7367,#7368);
#7366 = CARTESIAN_POINT('',(12.7889,-63.58627872,-25.654));
#7367 = DIRECTION('',(0.,1.,0.));
#7368 = DIRECTION('',(0.,0.,-1.));
#7369 = ADVANCED_FACE('',(#7370),#7427,.T.);
#7370 = FACE_BOUND('',#7371,.T.);
#7371 = EDGE_LOOP('',(#7372,#7380,#7389,#7395,#7396,#7397,#7414,#7426));
#7372 = ORIENTED_EDGE('',*,*,#7373,.T.);
#7373 = EDGE_CURVE('',#4887,#7374,#7376,.T.);
#7374 = VERTEX_POINT('',#7375);
#7375 = CARTESIAN_POINT('',(9.6139,-10.668,-29.845));
#7376 = LINE('',#7377,#7378);
#7377 = CARTESIAN_POINT('',(9.6139,-10.668,-26.162));
#7378 = VECTOR('',#7379,1.);
#7379 = DIRECTION('',(0.,0.,-1.));
#7380 = ORIENTED_EDGE('',*,*,#7381,.F.);
#7381 = EDGE_CURVE('',#7382,#7374,#7384,.T.);
#7382 = VERTEX_POINT('',#7383);
#7383 = CARTESIAN_POINT('',(16.2179,-10.668,-29.845));
#7384 = CIRCLE('',#7385,3.302);
#7385 = AXIS2_PLACEMENT_3D('',#7386,#7387,#7388);
#7386 = CARTESIAN_POINT('',(12.9159,-10.668,-29.845));
#7387 = DIRECTION('',(0.,0.,-1.));
#7388 = DIRECTION('',(1.,0.,0.));
#7389 = ORIENTED_EDGE('',*,*,#7390,.F.);
#7390 = EDGE_CURVE('',#4936,#7382,#7391,.T.);
#7391 = LINE('',#7392,#7393);
#7392 = CARTESIAN_POINT('',(16.2179,-10.668,-26.162));
#7393 = VECTOR('',#7394,1.);
#7394 = DIRECTION('',(0.,0.,-1.));
#7395 = ORIENTED_EDGE('',*,*,#4935,.T.);
#7396 = ORIENTED_EDGE('',*,*,#7352,.F.);
#7397 = ORIENTED_EDGE('',*,*,#7398,.F.);
#7398 = EDGE_CURVE('',#7399,#7332,#7401,.T.);
#7399 = VERTEX_POINT('',#7400);
#7400 = CARTESIAN_POINT('',(12.02039381873,-13.84625023744,
    -25.9862874585));
#7401 = B_SPLINE_CURVE_WITH_KNOTS('',3,(#7402,#7403,#7404,#7405,#7406,
    #7407,#7408,#7409,#7410,#7411,#7412,#7413),.UNSPECIFIED.,.F.,.F.,(4,
    1,1,1,1,1,1,1,1,4),(0.,0.111111111111,0.222222222222,0.333333333333,
    0.444444444444,0.555555555556,0.666666666667,0.777777777778,
    0.888888888889,1.),.UNSPECIFIED.);
#7402 = CARTESIAN_POINT('',(12.02039381873,-13.84625023744,
    -25.9862874585));
#7403 = CARTESIAN_POINT('',(12.03159339611,-13.84940583914,
    -25.98263838731));
#7404 = CARTESIAN_POINT('',(12.05540676645,-13.85598722506,
    -25.97631753406));
#7405 = CARTESIAN_POINT('',(12.09537251,-13.86652755948,-25.97054279915)
  );
#7406 = CARTESIAN_POINT('',(12.14062671069,-13.87782362117,
    -25.96913008017));
#7407 = CARTESIAN_POINT('',(12.19155883415,-13.88973098368,
    -25.97292109569));
#7408 = CARTESIAN_POINT('',(12.24869651677,-13.90208585375,
    -25.98270264063));
#7409 = CARTESIAN_POINT('',(12.31244469297,-13.91462733218,
    -25.9992771659));
#7410 = CARTESIAN_POINT('',(12.38247633535,-13.92690960941,
    -26.02322537819));
#7411 = CARTESIAN_POINT('',(12.45923656041,-13.93860869743,
    -26.05542357141));
#7412 = CARTESIAN_POINT('',(12.51589484857,-13.94581596972,
    -26.0837185856));
#7413 = CARTESIAN_POINT('',(12.54533442148,-13.94914081809,
    -26.09980297059));
#7414 = ORIENTED_EDGE('',*,*,#7415,.F.);
#7415 = EDGE_CURVE('',#4877,#7399,#7416,.T.);
#7416 = B_SPLINE_CURVE_WITH_KNOTS('',3,(#7417,#7418,#7419,#7420,#7421,
    #7422,#7423,#7424,#7425),.UNSPECIFIED.,.F.,.F.,(4,1,1,1,1,1,4),(0.,
    0.166666666667,0.333333333333,0.5,0.666666666667,0.833333333333,1.),
  .UNSPECIFIED.);
#7417 = CARTESIAN_POINT('',(11.15613637951,-13.462,-26.162));
#7418 = CARTESIAN_POINT('',(11.18995081985,-13.48329757407,-26.162));
#7419 = CARTESIAN_POINT('',(11.26228118166,-13.52714765874,
    -26.1593185752));
#7420 = CARTESIAN_POINT('',(11.38556375497,-13.59519754304,
    -26.14592177835));
#7421 = CARTESIAN_POINT('',(11.52273668918,-13.66311399128,
    -26.12239196989));
#7422 = CARTESIAN_POINT('',(11.67372402795,-13.72902917699,
    -26.08833955618));
#7423 = CARTESIAN_POINT('',(11.83888961179,-13.79118864686,
    -26.04350693985));
#7424 = CARTESIAN_POINT('',(11.95833961839,-13.82876579738,
    -26.00650609814));
#7425 = CARTESIAN_POINT('',(12.02039381873,-13.84625023744,
    -25.9862874585));
#7426 = ORIENTED_EDGE('',*,*,#4886,.T.);
#7427 = CYLINDRICAL_SURFACE('',#7428,3.302);
#7428 = AXIS2_PLACEMENT_3D('',#7429,#7430,#7431);
#7429 = CARTESIAN_POINT('',(12.9159,-10.668,-26.162));
#7430 = DIRECTION('',(0.,0.,-1.));
#7431 = DIRECTION('',(-1.,0.,0.));
#7432 = ADVANCED_FACE('',(#7433),#7470,.T.);
#7433 = FACE_BOUND('',#7434,.T.);
#7434 = EDGE_LOOP('',(#7435,#7436,#7454,#7462,#7469));
#7435 = ORIENTED_EDGE('',*,*,#7415,.T.);
#7436 = ORIENTED_EDGE('',*,*,#7437,.F.);
#7437 = EDGE_CURVE('',#7438,#7399,#7440,.T.);
#7438 = VERTEX_POINT('',#7439);
#7439 = CARTESIAN_POINT('',(11.772900517,-13.97000009858,-25.6540071011)
  );
#7440 = B_SPLINE_CURVE_WITH_KNOTS('',3,(#7441,#7442,#7443,#7444,#7445,
    #7446,#7447,#7448,#7449,#7450,#7451,#7452,#7453),.UNSPECIFIED.,.F.,
  .F.,(4,1,1,1,1,1,1,1,1,1,4),(0.,0.1,0.2,0.3,0.4,0.5,0.6,0.7,0.8,0.9,1.
    ),.QUASI_UNIFORM_KNOTS.);
#7441 = CARTESIAN_POINT('',(11.772900517,-13.97000009858,-25.6540071011)
  );
#7442 = CARTESIAN_POINT('',(11.7729009845,-13.9700000991,-25.6639985368)
  );
#7443 = CARTESIAN_POINT('',(11.77409495137,-13.96940311719,
    -25.68399710929));
#7444 = CARTESIAN_POINT('',(11.77929428621,-13.96680423947,
    -25.71342138022));
#7445 = CARTESIAN_POINT('',(11.78810553334,-13.96239755815,
    -25.74334432702));
#7446 = CARTESIAN_POINT('',(11.80104667759,-13.95592570592,
    -25.77421418812));
#7447 = CARTESIAN_POINT('',(11.81899660958,-13.94695006493,
    -25.80662964191));
#7448 = CARTESIAN_POINT('',(11.84318029082,-13.93486029688,
    -25.84090567992));
#7449 = CARTESIAN_POINT('',(11.87404965145,-13.91942848572,
    -25.87614226226));
#7450 = CARTESIAN_POINT('',(11.91277878172,-13.90006329061,
    -25.91239555225));
#7451 = CARTESIAN_POINT('',(11.96073696624,-13.87608942645,
    -25.94944584438));
#7452 = CARTESIAN_POINT('',(11.99937428862,-13.8567528146,
    -25.97414219553));
#7453 = CARTESIAN_POINT('',(12.02039381873,-13.84625023744,
    -25.9862874585));
#7454 = ORIENTED_EDGE('',*,*,#7455,.T.);
#7455 = EDGE_CURVE('',#7438,#7456,#7458,.T.);
#7456 = VERTEX_POINT('',#7457);
#7457 = CARTESIAN_POINT('',(5.0927,-13.97,-25.654));
#7458 = LINE('',#7459,#7460);
#7459 = CARTESIAN_POINT('',(11.772900517,-13.97000009858,-25.6540071011)
  );
#7460 = VECTOR('',#7461,1.);
#7461 = DIRECTION('',(-0.999999999999,1.475662101025E-08,
    1.063006579823E-06));
#7462 = ORIENTED_EDGE('',*,*,#7463,.F.);
#7463 = EDGE_CURVE('',#4879,#7456,#7464,.T.);
#7464 = CIRCLE('',#7465,0.508);
#7465 = AXIS2_PLACEMENT_3D('',#7466,#7467,#7468);
#7466 = CARTESIAN_POINT('',(5.0927,-13.462,-25.654));
#7467 = DIRECTION('',(-1.,0.,0.));
#7468 = DIRECTION('',(0.,0.,-1.));
#7469 = ORIENTED_EDGE('',*,*,#4876,.F.);
#7470 = CYLINDRICAL_SURFACE('',#7471,0.508);
#7471 = AXIS2_PLACEMENT_3D('',#7472,#7473,#7474);
#7472 = CARTESIAN_POINT('',(77.7002764,-13.462,-25.654));
#7473 = DIRECTION('',(-1.,0.,0.));
#7474 = DIRECTION('',(0.,0.,-1.));
#7475 = ADVANCED_FACE('',(#7476),#7495,.T.);
#7476 = FACE_BOUND('',#7477,.T.);
#7477 = EDGE_LOOP('',(#7478,#7479,#7488));
#7478 = ORIENTED_EDGE('',*,*,#7463,.T.);
#7479 = ORIENTED_EDGE('',*,*,#7480,.T.);
#7480 = EDGE_CURVE('',#7456,#7481,#7483,.T.);
#7481 = VERTEX_POINT('',#7482);
#7482 = CARTESIAN_POINT('',(4.5847,-13.462,-25.654));
#7483 = CIRCLE('',#7484,0.508);
#7484 = AXIS2_PLACEMENT_3D('',#7485,#7486,#7487);
#7485 = CARTESIAN_POINT('',(5.0927,-13.462,-25.654));
#7486 = DIRECTION('',(0.,0.,-1.));
#7487 = DIRECTION('',(0.,-1.,0.));
#7488 = ORIENTED_EDGE('',*,*,#7489,.T.);
#7489 = EDGE_CURVE('',#7481,#4879,#7490,.T.);
#7490 = CIRCLE('',#7491,0.508);
#7491 = AXIS2_PLACEMENT_3D('',#7492,#7493,#7494);
#7492 = CARTESIAN_POINT('',(5.0927,-13.462,-25.654));
#7493 = DIRECTION('',(0.,-1.,0.));
#7494 = DIRECTION('',(-1.,0.,0.));
#7495 = SPHERICAL_SURFACE('',#7496,0.508);
#7496 = AXIS2_PLACEMENT_3D('',#7497,#7498,#7499);
#7497 = CARTESIAN_POINT('',(5.0927,-13.462,-25.654));
#7498 = DIRECTION('',(0.707106781187,-0.707106781187,0.));
#7499 = DIRECTION('',(-0.707106781187,-0.707106781187,0.));
#7500 = ADVANCED_FACE('',(#7501),#7520,.T.);
#7501 = FACE_BOUND('',#7502,.T.);
#7502 = EDGE_LOOP('',(#7503,#7512,#7513,#7514));
#7503 = ORIENTED_EDGE('',*,*,#7504,.F.);
#7504 = EDGE_CURVE('',#4914,#7505,#7507,.T.);
#7505 = VERTEX_POINT('',#7506);
#7506 = CARTESIAN_POINT('',(4.5847,-8.636,-25.654));
#7507 = CIRCLE('',#7508,0.508);
#7508 = AXIS2_PLACEMENT_3D('',#7509,#7510,#7511);
#7509 = CARTESIAN_POINT('',(5.0927,-8.636,-25.654));
#7510 = DIRECTION('',(0.,1.,0.));
#7511 = DIRECTION('',(0.,0.,-1.));
#7512 = ORIENTED_EDGE('',*,*,#4921,.F.);
#7513 = ORIENTED_EDGE('',*,*,#7489,.F.);
#7514 = ORIENTED_EDGE('',*,*,#7515,.T.);
#7515 = EDGE_CURVE('',#7481,#7505,#7516,.T.);
#7516 = LINE('',#7517,#7518);
#7517 = CARTESIAN_POINT('',(4.5847,-13.462,-25.654));
#7518 = VECTOR('',#7519,1.);
#7519 = DIRECTION('',(0.,1.,0.));
#7520 = CYLINDRICAL_SURFACE('',#7521,0.508);
#7521 = AXIS2_PLACEMENT_3D('',#7522,#7523,#7524);
#7522 = CARTESIAN_POINT('',(5.0927,-63.58627872,-25.654));
#7523 = DIRECTION('',(0.,1.,0.));
#7524 = DIRECTION('',(0.,0.,-1.));
#7525 = ADVANCED_FACE('',(#7526),#7567,.F.);
#7526 = FACE_BOUND('',#7527,.F.);
#7527 = EDGE_LOOP('',(#7528,#7538,#7544,#7545,#7553,#7561));
#7528 = ORIENTED_EDGE('',*,*,#7529,.F.);
#7529 = EDGE_CURVE('',#7530,#7532,#7534,.T.);
#7530 = VERTEX_POINT('',#7531);
#7531 = CARTESIAN_POINT('',(4.584700000086,-13.46200003231,
    -19.68499999962));
#7532 = VERTEX_POINT('',#7533);
#7533 = CARTESIAN_POINT('',(4.5847,-11.43,-19.685));
#7534 = LINE('',#7535,#7536);
#7535 = CARTESIAN_POINT('',(4.584700000086,-13.46200003231,
    -19.68499999962));
#7536 = VECTOR('',#7537,1.);
#7537 = DIRECTION('',(-4.217011624667E-11,1.,-1.858670668111E-10));
#7538 = ORIENTED_EDGE('',*,*,#7539,.T.);
#7539 = EDGE_CURVE('',#7530,#7481,#7540,.T.);
#7540 = LINE('',#7541,#7542);
#7541 = CARTESIAN_POINT('',(4.584700000086,-13.46200003231,
    -19.68499999962));
#7542 = VECTOR('',#7543,1.);
#7543 = DIRECTION('',(-1.435578448156E-11,5.413292270864E-09,-1.));
#7544 = ORIENTED_EDGE('',*,*,#7515,.T.);
#7545 = ORIENTED_EDGE('',*,*,#7546,.T.);
#7546 = EDGE_CURVE('',#7505,#7547,#7549,.T.);
#7547 = VERTEX_POINT('',#7548);
#7548 = CARTESIAN_POINT('',(4.5847,-8.636,-22.86));
#7549 = LINE('',#7550,#7551);
#7550 = CARTESIAN_POINT('',(4.5847,-8.636,-25.654));
#7551 = VECTOR('',#7552,1.);
#7552 = DIRECTION('',(0.,0.,1.));
#7553 = ORIENTED_EDGE('',*,*,#7554,.T.);
#7554 = EDGE_CURVE('',#7547,#7555,#7557,.T.);
#7555 = VERTEX_POINT('',#7556);
#7556 = CARTESIAN_POINT('',(4.5847,-11.43,-22.86));
#7557 = LINE('',#7558,#7559);
#7558 = CARTESIAN_POINT('',(4.5847,-8.636,-22.86));
#7559 = VECTOR('',#7560,1.);
#7560 = DIRECTION('',(0.,-1.,0.));
#7561 = ORIENTED_EDGE('',*,*,#7562,.F.);
#7562 = EDGE_CURVE('',#7532,#7555,#7563,.T.);
#7563 = LINE('',#7564,#7565);
#7564 = CARTESIAN_POINT('',(4.5847,-11.43,-19.685));
#7565 = VECTOR('',#7566,1.);
#7566 = DIRECTION('',(0.,0.,-1.));
#7567 = PLANE('',#7568);
#7568 = AXIS2_PLACEMENT_3D('',#7569,#7570,#7571);
#7569 = CARTESIAN_POINT('',(4.5847,-8.636,-26.162));
#7570 = DIRECTION('',(1.,0.,0.));
#7571 = DIRECTION('',(0.,-1.,0.));
#7572 = ADVANCED_FACE('',(#7573),#7600,.F.);
#7573 = FACE_BOUND('',#7574,.F.);
#7574 = EDGE_LOOP('',(#7575,#7585,#7592,#7593));
#7575 = ORIENTED_EDGE('',*,*,#7576,.F.);
#7576 = EDGE_CURVE('',#7577,#7579,#7581,.T.);
#7577 = VERTEX_POINT('',#7578);
#7578 = CARTESIAN_POINT('',(4.076700033109,-13.462,-19.17699999919));
#7579 = VERTEX_POINT('',#7580);
#7580 = CARTESIAN_POINT('',(4.0767,-11.43,-19.177));
#7581 = LINE('',#7582,#7583);
#7582 = CARTESIAN_POINT('',(4.076700033109,-13.462,-19.17699999919));
#7583 = VECTOR('',#7584,1.);
#7584 = DIRECTION('',(-1.629364928194E-08,1.,-3.972238111492E-10));
#7585 = ORIENTED_EDGE('',*,*,#7586,.T.);
#7586 = EDGE_CURVE('',#7577,#7530,#7587,.T.);
#7587 = CIRCLE('',#7588,0.507999999861);
#7588 = AXIS2_PLACEMENT_3D('',#7589,#7590,#7591);
#7589 = CARTESIAN_POINT('',(4.076700000482,-13.46199997772,
    -19.68499999959));
#7590 = DIRECTION('',(-2.318694412237E-08,1.,6.958515776113E-08));
#7591 = DIRECTION('',(1.945747290856E-07,-6.958515324954E-08,1.));
#7592 = ORIENTED_EDGE('',*,*,#7529,.T.);
#7593 = ORIENTED_EDGE('',*,*,#7594,.T.);
#7594 = EDGE_CURVE('',#7532,#7579,#7595,.T.);
#7595 = CIRCLE('',#7596,0.508);
#7596 = AXIS2_PLACEMENT_3D('',#7597,#7598,#7599);
#7597 = CARTESIAN_POINT('',(4.0767,-11.43,-19.685));
#7598 = DIRECTION('',(0.,-1.,0.));
#7599 = DIRECTION('',(1.,0.,0.));
#7600 = CYLINDRICAL_SURFACE('',#7601,0.508);
#7601 = AXIS2_PLACEMENT_3D('',#7602,#7603,#7604);
#7602 = CARTESIAN_POINT('',(4.0767,-63.58627872,-19.685));
#7603 = DIRECTION('',(0.,1.,0.));
#7604 = DIRECTION('',(0.,-0.,1.));
#7605 = ADVANCED_FACE('',(#7606),#7797,.T.);
#7606 = FACE_BOUND('',#7607,.F.);
#7607 = EDGE_LOOP('',(#7608,#7609,#7617,#7625,#7691,#7699,#7706,#7707,
    #7708,#7716,#7725,#7733));
#7608 = ORIENTED_EDGE('',*,*,#7576,.T.);
#7609 = ORIENTED_EDGE('',*,*,#7610,.T.);
#7610 = EDGE_CURVE('',#7579,#7611,#7613,.T.);
#7611 = VERTEX_POINT('',#7612);
#7612 = CARTESIAN_POINT('',(1.27E-02,-11.43,-19.177));
#7613 = LINE('',#7614,#7615);
#7614 = CARTESIAN_POINT('',(4.0767,-11.43,-19.177));
#7615 = VECTOR('',#7616,1.);
#7616 = DIRECTION('',(-1.,0.,0.));
#7617 = ORIENTED_EDGE('',*,*,#7618,.T.);
#7618 = EDGE_CURVE('',#7611,#7619,#7621,.T.);
#7619 = VERTEX_POINT('',#7620);
#7620 = CARTESIAN_POINT('',(1.27E-02,-13.46200002651,-19.177));
#7621 = LINE('',#7622,#7623);
#7622 = CARTESIAN_POINT('',(1.27E-02,-11.43,-19.177));
#7623 = VECTOR('',#7624,1.);
#7624 = DIRECTION('',(0.,-1.,3.097434819568E-10));
#7625 = ORIENTED_EDGE('',*,*,#7626,.F.);
#7626 = EDGE_CURVE('',#7627,#7619,#7629,.T.);
#7627 = VERTEX_POINT('',#7628);
#7628 = CARTESIAN_POINT('',(-1.003299977161,-14.351,-19.17699999814));
#7629 = B_SPLINE_CURVE_WITH_KNOTS('',3,(#7630,#7631,#7632,#7633,#7634,
    #7635,#7636,#7637,#7638,#7639,#7640,#7641,#7642,#7643,#7644,#7645,
    #7646,#7647,#7648,#7649,#7650,#7651,#7652,#7653,#7654,#7655,#7656,
    #7657,#7658,#7659,#7660,#7661,#7662,#7663,#7664,#7665,#7666,#7667,
    #7668,#7669,#7670,#7671,#7672,#7673,#7674,#7675,#7676,#7677,#7678,
    #7679,#7680,#7681,#7682,#7683,#7684,#7685,#7686,#7687,#7688,#7689,
    #7690),.UNSPECIFIED.,.F.,.F.,(4,1,1,1,1,1,1,1,1,1,1,1,1,1,1,1,1,1,1,
    1,1,1,1,1,1,1,1,1,1,1,1,1,1,1,1,1,1,1,1,1,1,1,1,1,1,1,1,1,1,1,1,1,1,
    1,1,1,1,1,4),(0.,1.724137931034E-02,3.448275862069E-02,
    5.172413793103E-02,6.896551724138E-02,8.620689655172E-02,
    0.103448275862,0.120689655172,0.137931034483,0.155172413793,
    0.172413793103,0.189655172414,0.206896551724,0.224137931034,
    0.241379310345,0.258620689655,0.275862068965,0.293103448276,
    0.310344827586,0.327586206897,0.344827586207,0.362068965517,
    0.379310344828,0.396551724138,0.413793103448,0.431034482759,
    0.448275862069,0.465517241379,0.48275862069,0.5,0.51724137931,
    0.534482758621,0.551724137931,0.568965517241,0.586206896552,
    0.603448275862,0.620689655172,0.637931034483,0.655172413793,
    0.672413793103,0.689655172414,0.706896551724,0.724137931034,
    0.741379310345,0.758620689655,0.775862068966,0.793103448276,
    0.810344827586,0.827586206897,0.844827586207,0.862068965517,
    0.879310344828,0.896551724138,0.913793103448,0.931034482759,
    0.948275862069,0.965517241379,0.98275862069,1.),.UNSPECIFIED.);
#7630 = CARTESIAN_POINT('',(-1.0033,-14.351,-19.17699999863));
#7631 = CARTESIAN_POINT('',(-0.994944374781,-14.35099999757,
    -19.17700000026));
#7632 = CARTESIAN_POINT('',(-0.978105688403,-14.3508563506,
    -19.17699999988));
#7633 = CARTESIAN_POINT('',(-0.952464452793,-14.3501716716,
    -19.17700000003));
#7634 = CARTESIAN_POINT('',(-0.926442665649,-14.34897711191,
    -19.17699999999));
#7635 = CARTESIAN_POINT('',(-0.90005636937,-14.34723096191,-19.177));
#7636 = CARTESIAN_POINT('',(-0.873328494314,-14.34489172215,-19.177));
#7637 = CARTESIAN_POINT('',(-0.846283743751,-14.34191832724,-19.177));
#7638 = CARTESIAN_POINT('',(-0.818971530504,-14.33827383499,-19.177));
#7639 = CARTESIAN_POINT('',(-0.791451104824,-14.33392668179,-19.177));
#7640 = CARTESIAN_POINT('',(-0.763735370482,-14.3288407662,-19.177));
#7641 = CARTESIAN_POINT('',(-0.73586336762,-14.32298459999,-19.177));
#7642 = CARTESIAN_POINT('',(-0.707959624241,-14.31635101573,-19.177));
#7643 = CARTESIAN_POINT('',(-0.680170589093,-14.30895053628,-19.177));
#7644 = CARTESIAN_POINT('',(-0.652778590123,-14.30085232436,-19.177));
#7645 = CARTESIAN_POINT('',(-0.625898357002,-14.29210422543,-19.177));
#7646 = CARTESIAN_POINT('',(-0.599448382737,-14.28269285898,-19.177));
#7647 = CARTESIAN_POINT('',(-0.573427836651,-14.27262571416,-19.177));
#7648 = CARTESIAN_POINT('',(-0.54784336605,-14.26191380223,-19.177));
#7649 = CARTESIAN_POINT('',(-0.522695444136,-14.25056514192,-19.177));
#7650 = CARTESIAN_POINT('',(-0.497984748496,-14.2385870137,-19.177));
#7651 = CARTESIAN_POINT('',(-0.473713675723,-14.22598659828,-19.177));
#7652 = CARTESIAN_POINT('',(-0.449892957132,-14.21277496589,-19.177));
#7653 = CARTESIAN_POINT('',(-0.426536600653,-14.19896554894,-19.177));
#7654 = CARTESIAN_POINT('',(-0.40365464381,-14.18456997813,-19.177));
#7655 = CARTESIAN_POINT('',(-0.381255368466,-14.16959875832,-19.177));
#7656 = CARTESIAN_POINT('',(-0.359349201667,-14.15406370283,-19.177));
#7657 = CARTESIAN_POINT('',(-0.337951742421,-14.1379807875,-19.177));
#7658 = CARTESIAN_POINT('',(-0.317075794614,-14.12136487139,-19.177));
#7659 = CARTESIAN_POINT('',(-0.296730302527,-14.10422797357,-19.177));
#7660 = CARTESIAN_POINT('',(-0.276930089423,-14.08658735566,-19.177));
#7661 = CARTESIAN_POINT('',(-0.257689326209,-14.06846083523,-19.177));
#7662 = CARTESIAN_POINT('',(-0.239020766789,-14.04986583483,-19.177));
#7663 = CARTESIAN_POINT('',(-0.220936262113,-14.03081966395,-19.177));
#7664 = CARTESIAN_POINT('',(-0.203448268845,-14.01134101394,-19.177));
#7665 = CARTESIAN_POINT('',(-0.18657218796,-13.99145316276,-19.177));
#7666 = CARTESIAN_POINT('',(-0.17032276111,-13.97118058873,-19.177));
#7667 = CARTESIAN_POINT('',(-0.15471352997,-13.95054830349,-19.177));
#7668 = CARTESIAN_POINT('',(-0.139755303889,-13.92957951353,-19.177));
#7669 = CARTESIAN_POINT('',(-0.125458234163,-13.90829793881,-19.177));
#7670 = CARTESIAN_POINT('',(-0.11183238294,-13.88672878645,-19.177));
#7671 = CARTESIAN_POINT('',(-9.88872752352E-02,-13.86489833443,-19.177)
  );
#7672 = CARTESIAN_POINT('',(-8.663149646727E-02,-13.84283321489,-19.177)
  );
#7673 = CARTESIAN_POINT('',(-7.507572380498E-02,-13.82056646833,-19.177)
  );
#7674 = CARTESIAN_POINT('',(-6.42297290821E-02,-13.79813347506,-19.177)
  );
#7675 = CARTESIAN_POINT('',(-5.410109281528E-02,-13.77556962105,-19.177)
  );
#7676 = CARTESIAN_POINT('',(-4.469324962027E-02,-13.75290496135,-19.177)
  );
#7677 = CARTESIAN_POINT('',(-3.600848564988E-02,-13.730169681,-19.177));
#7678 = CARTESIAN_POINT('',(-2.804797374196E-02,-13.70739437353,-19.177)
  );
#7679 = CARTESIAN_POINT('',(-2.081173318672E-02,-13.6846101357,-19.177)
  );
#7680 = CARTESIAN_POINT('',(-1.429806024229E-02,-13.66184679096,-19.177)
  );
#7681 = CARTESIAN_POINT('',(-8.503810460398E-03,-13.63913352257,-19.177)
  );
#7682 = CARTESIAN_POINT('',(-3.425143667808E-03,-13.61650136393,-19.177)
  );
#7683 = CARTESIAN_POINT('',(9.415897645643E-04,-13.59399318522,-19.177)
  );
#7684 = CARTESIAN_POINT('',(4.609074140003E-03,-13.57161293541,
    -19.17699999999));
#7685 = CARTESIAN_POINT('',(7.588416826265E-03,-13.54936350734,
    -19.17700000003));
#7686 = CARTESIAN_POINT('',(9.888943813451E-03,-13.52725263309,
    -19.1769999999));
#7687 = CARTESIAN_POINT('',(1.15186675273E-02,-13.5053041491,
    -19.17700000036));
#7688 = CARTESIAN_POINT('',(1.248744323967E-02,-13.48353436894,
    -19.17699999866));
#7689 = CARTESIAN_POINT('',(1.270000289426E-02,-13.46915647225,
    -19.17700000288));
#7690 = CARTESIAN_POINT('',(1.27E-02,-13.462,-19.17699999937));
#7691 = ORIENTED_EDGE('',*,*,#7692,.T.);
#7692 = EDGE_CURVE('',#7627,#7693,#7695,.T.);
#7693 = VERTEX_POINT('',#7694);
#7694 = CARTESIAN_POINT('',(-7.6835,-14.351,-19.177));
#7695 = LINE('',#7696,#7697);
#7696 = CARTESIAN_POINT('',(-1.0033,-14.351,-19.17699999863));
#7697 = VECTOR('',#7698,1.);
#7698 = DIRECTION('',(-1.,0.,-2.055677930272E-10));
#7699 = ORIENTED_EDGE('',*,*,#7700,.F.);
#7700 = EDGE_CURVE('',#6560,#7693,#7701,.T.);
#7701 = CIRCLE('',#7702,0.127);
#7702 = AXIS2_PLACEMENT_3D('',#7703,#7704,#7705);
#7703 = CARTESIAN_POINT('',(-7.6835,-14.478,-19.177));
#7704 = DIRECTION('',(0.,0.,-1.));
#7705 = DIRECTION('',(-1.,8.392237036537E-14,0.));
#7706 = ORIENTED_EDGE('',*,*,#6559,.T.);
#7707 = ORIENTED_EDGE('',*,*,#6913,.T.);
#7708 = ORIENTED_EDGE('',*,*,#7709,.T.);
#7709 = EDGE_CURVE('',#6914,#7710,#7712,.T.);
#7710 = VERTEX_POINT('',#7711);
#7711 = CARTESIAN_POINT('',(11.8999,-14.478,-19.177));
#7712 = LINE('',#7713,#7714);
#7713 = CARTESIAN_POINT('',(11.89990004391,-17.24659999934,
    -19.17700000004));
#7714 = VECTOR('',#7715,1.);
#7715 = DIRECTION('',(-1.585837211324E-08,1.,1.414233094828E-11));
#7716 = ORIENTED_EDGE('',*,*,#7717,.F.);
#7717 = EDGE_CURVE('',#7718,#7710,#7720,.T.);
#7718 = VERTEX_POINT('',#7719);
#7719 = CARTESIAN_POINT('',(11.7729,-14.351,-19.177));
#7720 = CIRCLE('',#7721,0.127);
#7721 = AXIS2_PLACEMENT_3D('',#7722,#7723,#7724);
#7722 = CARTESIAN_POINT('',(11.7729,-14.478,-19.177));
#7723 = DIRECTION('',(0.,0.,-1.));
#7724 = DIRECTION('',(0.,1.,0.));
#7725 = ORIENTED_EDGE('',*,*,#7726,.T.);
#7726 = EDGE_CURVE('',#7718,#7727,#7729,.T.);
#7727 = VERTEX_POINT('',#7728);
#7728 = CARTESIAN_POINT('',(5.092699979044,-14.351,-19.177));
#7729 = LINE('',#7730,#7731);
#7730 = CARTESIAN_POINT('',(11.7729,-14.351,-19.177));
#7731 = VECTOR('',#7732,1.);
#7732 = DIRECTION('',(-1.,0.,1.694035269636E-10));
#7733 = ORIENTED_EDGE('',*,*,#7734,.F.);
#7734 = EDGE_CURVE('',#7577,#7727,#7735,.T.);
#7735 = B_SPLINE_CURVE_WITH_KNOTS('',3,(#7736,#7737,#7738,#7739,#7740,
    #7741,#7742,#7743,#7744,#7745,#7746,#7747,#7748,#7749,#7750,#7751,
    #7752,#7753,#7754,#7755,#7756,#7757,#7758,#7759,#7760,#7761,#7762,
    #7763,#7764,#7765,#7766,#7767,#7768,#7769,#7770,#7771,#7772,#7773,
    #7774,#7775,#7776,#7777,#7778,#7779,#7780,#7781,#7782,#7783,#7784,
    #7785,#7786,#7787,#7788,#7789,#7790,#7791,#7792,#7793,#7794,#7795,
    #7796),.UNSPECIFIED.,.F.,.F.,(4,1,1,1,1,1,1,1,1,1,1,1,1,1,1,1,1,1,1,
    1,1,1,1,1,1,1,1,1,1,1,1,1,1,1,1,1,1,1,1,1,1,1,1,1,1,1,1,1,1,1,1,1,1,
    1,1,1,1,1,4),(0.,1.724137931034E-02,3.448275862069E-02,
    5.172413793103E-02,6.896551724138E-02,8.620689655172E-02,
    0.103448275862,0.120689655172,0.137931034483,0.155172413793,
    0.172413793103,0.189655172414,0.206896551724,0.224137931034,
    0.241379310345,0.258620689655,0.275862068965,0.293103448276,
    0.310344827586,0.327586206897,0.344827586207,0.362068965517,
    0.379310344828,0.396551724138,0.413793103448,0.431034482759,
    0.448275862069,0.465517241379,0.48275862069,0.5,0.51724137931,
    0.534482758621,0.551724137931,0.568965517241,0.586206896552,
    0.603448275862,0.620689655172,0.637931034483,0.655172413793,
    0.672413793103,0.689655172414,0.706896551724,0.724137931034,
    0.741379310345,0.758620689655,0.775862068966,0.793103448276,
    0.810344827586,0.827586206897,0.844827586207,0.862068965517,
    0.879310344828,0.896551724138,0.913793103448,0.931034482759,
    0.948275862069,0.965517241379,0.98275862069,1.),.UNSPECIFIED.);
#7736 = CARTESIAN_POINT('',(4.076700033109,-13.462,-19.17699999919));
#7737 = CARTESIAN_POINT('',(4.076700026283,-13.46915573624,
    -19.17699999844));
#7738 = CARTESIAN_POINT('',(4.076912506154,-13.48353240902,
    -19.17700000072));
#7739 = CARTESIAN_POINT('',(4.077881172535,-13.50530129613,
    -19.17699999981));
#7740 = CARTESIAN_POINT('',(4.079510760173,-13.52724923447,
    -19.17700000005));
#7741 = CARTESIAN_POINT('',(4.081811138517,-13.54935975045,
    -19.17699999999));
#7742 = CARTESIAN_POINT('',(4.084790369377,-13.57160920202,-19.177));
#7743 = CARTESIAN_POINT('',(4.088457789631,-13.59398975135,-19.177));
#7744 = CARTESIAN_POINT('',(4.092824522248,-13.61649838293,-19.177));
#7745 = CARTESIAN_POINT('',(4.097902935491,-13.63912986693,-19.177));
#7746 = CARTESIAN_POINT('',(4.103697201822,-13.6618436482,-19.177));
#7747 = CARTESIAN_POINT('',(4.11021088902,-13.68460734803,-19.177));
#7748 = CARTESIAN_POINT('',(4.117447056376,-13.70739162476,-19.177));
#7749 = CARTESIAN_POINT('',(4.125407441214,-13.73016682543,-19.177));
#7750 = CARTESIAN_POINT('',(4.134092090701,-13.75290205567,-19.177));
#7751 = CARTESIAN_POINT('',(4.143499856009,-13.77556676282,-19.177));
#7752 = CARTESIAN_POINT('',(4.15362843058,-13.79813068885,-19.177));
#7753 = CARTESIAN_POINT('',(4.164474242385,-13.82056351219,-19.177));
#7754 = CARTESIAN_POINT('',(4.176029976677,-13.84283039065,-19.177));
#7755 = CARTESIAN_POINT('',(4.188285754551,-13.86489569037,-19.177));
#7756 = CARTESIAN_POINT('',(4.201230859576,-13.88672629938,-19.177));
#7757 = CARTESIAN_POINT('',(4.214856570599,-13.9082953839,-19.177));
#7758 = CARTESIAN_POINT('',(4.229153501686,-13.92957691015,-19.177));
#7759 = CARTESIAN_POINT('',(4.244111631253,-13.95054572017,-19.177));
#7760 = CARTESIAN_POINT('',(4.259720835032,-13.97117811784,-19.177));
#7761 = CARTESIAN_POINT('',(4.275970319779,-13.99145090317,-19.177));
#7762 = CARTESIAN_POINT('',(4.29284661557,-14.0113391253,-19.177));
#7763 = CARTESIAN_POINT('',(4.310334732719,-14.03081801096,-19.177));
#7764 = CARTESIAN_POINT('',(4.328419336488,-14.04986437099,-19.177));
#7765 = CARTESIAN_POINT('',(4.347087798604,-14.0684593533,-19.177));
#7766 = CARTESIAN_POINT('',(4.366328385627,-14.08658579217,-19.177));
#7767 = CARTESIAN_POINT('',(4.386128410506,-14.10422633252,-19.177));
#7768 = CARTESIAN_POINT('',(4.40647396953,-14.12136338542,-19.177));
#7769 = CARTESIAN_POINT('',(4.427350729355,-14.13798001545,-19.177));
#7770 = CARTESIAN_POINT('',(4.448748712007,-14.15406335138,-19.177));
#7771 = CARTESIAN_POINT('',(4.470655320843,-14.16959873092,-19.177));
#7772 = CARTESIAN_POINT('',(4.493054872213,-14.18457012744,-19.177));
#7773 = CARTESIAN_POINT('',(4.51593678038,-14.19896565662,-19.177));
#7774 = CARTESIAN_POINT('',(4.539292950359,-14.21277495893,-19.177));
#7775 = CARTESIAN_POINT('',(4.563113387868,-14.22598644038,-19.177));
#7776 = CARTESIAN_POINT('',(4.587384159892,-14.23858671418,-19.177));
#7777 = CARTESIAN_POINT('',(4.612094496049,-14.25056469589,-19.177));
#7778 = CARTESIAN_POINT('',(4.637242344882,-14.26191335815,-19.177));
#7779 = CARTESIAN_POINT('',(4.662826827317,-14.27262530899,-19.177));
#7780 = CARTESIAN_POINT('',(4.688847266227,-14.28269243739,-19.177));
#7781 = CARTESIAN_POINT('',(4.715297192039,-14.29210385221,-19.177));
#7782 = CARTESIAN_POINT('',(4.742178815403,-14.30085234936,-19.177));
#7783 = CARTESIAN_POINT('',(4.769564068907,-14.30894870475,-19.177));
#7784 = CARTESIAN_POINT('',(4.797359821593,-14.31635111175,-19.177));
#7785 = CARTESIAN_POINT('',(4.825262507672,-14.32298438921,-19.177));
#7786 = CARTESIAN_POINT('',(4.853134785343,-14.32884065946,-19.177));
#7787 = CARTESIAN_POINT('',(4.880850542458,-14.33392658273,-19.177));
#7788 = CARTESIAN_POINT('',(4.908370527898,-14.33827368703,-19.177));
#7789 = CARTESIAN_POINT('',(4.935682643908,-14.3419181961,-19.177));
#7790 = CARTESIAN_POINT('',(4.962727897914,-14.34489166928,-19.177));
#7791 = CARTESIAN_POINT('',(4.989456315821,-14.34723095948,
    -19.17700000001));
#7792 = CARTESIAN_POINT('',(5.015842421153,-14.34897709725,
    -19.17699999996));
#7793 = CARTESIAN_POINT('',(5.041864186561,-14.3501716623,
    -19.17700000014));
#7794 = CARTESIAN_POINT('',(5.067505423926,-14.35085634624,
    -19.17699999948));
#7795 = CARTESIAN_POINT('',(5.084344268325,-14.35099999664,
    -19.17700000113));
#7796 = CARTESIAN_POINT('',(5.0927,-14.351,-19.17699999887));
#7797 = PLANE('',#7798);
#7798 = AXIS2_PLACEMENT_3D('',#7799,#7800,#7801);
#7799 = CARTESIAN_POINT('',(0.,0.,-19.177));
#7800 = DIRECTION('',(0.,0.,-1.));
#7801 = DIRECTION('',(-1.,0.,0.));
#7802 = ADVANCED_FACE('',(#7803),#7849,.T.);
#7803 = FACE_BOUND('',#7804,.F.);
#7804 = EDGE_LOOP('',(#7805,#7815,#7822,#7823,#7824,#7825,#7834,#7842));
#7805 = ORIENTED_EDGE('',*,*,#7806,.T.);
#7806 = EDGE_CURVE('',#7807,#7809,#7811,.T.);
#7807 = VERTEX_POINT('',#7808);
#7808 = CARTESIAN_POINT('',(-0.4953,-11.43,-22.86));
#7809 = VERTEX_POINT('',#7810);
#7810 = CARTESIAN_POINT('',(-0.4953,-11.43,-19.685));
#7811 = LINE('',#7812,#7813);
#7812 = CARTESIAN_POINT('',(-0.4953,-11.43,-22.86));
#7813 = VECTOR('',#7814,1.);
#7814 = DIRECTION('',(0.,0.,1.));
#7815 = ORIENTED_EDGE('',*,*,#7816,.F.);
#7816 = EDGE_CURVE('',#7611,#7809,#7817,.T.);
#7817 = CIRCLE('',#7818,0.508);
#7818 = AXIS2_PLACEMENT_3D('',#7819,#7820,#7821);
#7819 = CARTESIAN_POINT('',(1.27E-02,-11.43,-19.685));
#7820 = DIRECTION('',(0.,-1.,0.));
#7821 = DIRECTION('',(1.507638611503E-14,0.,1.));
#7822 = ORIENTED_EDGE('',*,*,#7610,.F.);
#7823 = ORIENTED_EDGE('',*,*,#7594,.F.);
#7824 = ORIENTED_EDGE('',*,*,#7562,.T.);
#7825 = ORIENTED_EDGE('',*,*,#7826,.F.);
#7826 = EDGE_CURVE('',#7827,#7555,#7829,.T.);
#7827 = VERTEX_POINT('',#7828);
#7828 = CARTESIAN_POINT('',(4.0767,-11.43,-22.352));
#7829 = CIRCLE('',#7830,0.508);
#7830 = AXIS2_PLACEMENT_3D('',#7831,#7832,#7833);
#7831 = CARTESIAN_POINT('',(4.0767,-11.43,-22.86));
#7832 = DIRECTION('',(0.,1.,0.));
#7833 = DIRECTION('',(0.,-0.,1.));
#7834 = ORIENTED_EDGE('',*,*,#7835,.T.);
#7835 = EDGE_CURVE('',#7827,#7836,#7838,.T.);
#7836 = VERTEX_POINT('',#7837);
#7837 = CARTESIAN_POINT('',(1.27E-02,-11.43,-22.352));
#7838 = LINE('',#7839,#7840);
#7839 = CARTESIAN_POINT('',(4.0767,-11.43,-22.352));
#7840 = VECTOR('',#7841,1.);
#7841 = DIRECTION('',(-1.,0.,0.));
#7842 = ORIENTED_EDGE('',*,*,#7843,.F.);
#7843 = EDGE_CURVE('',#7807,#7836,#7844,.T.);
#7844 = CIRCLE('',#7845,0.508);
#7845 = AXIS2_PLACEMENT_3D('',#7846,#7847,#7848);
#7846 = CARTESIAN_POINT('',(1.27E-02,-11.43,-22.86));
#7847 = DIRECTION('',(0.,1.,0.));
#7848 = DIRECTION('',(-1.,0.,0.));
#7849 = PLANE('',#7850);
#7850 = AXIS2_PLACEMENT_3D('',#7851,#7852,#7853);
#7851 = CARTESIAN_POINT('',(4.5847,-11.43,-19.177));
#7852 = DIRECTION('',(0.,-1.,0.));
#7853 = DIRECTION('',(-1.,0.,0.));
#7854 = ADVANCED_FACE('',(#7855),#7896,.F.);
#7855 = FACE_BOUND('',#7856,.F.);
#7856 = EDGE_LOOP('',(#7857,#7867,#7875,#7881,#7882,#7890));
#7857 = ORIENTED_EDGE('',*,*,#7858,.T.);
#7858 = EDGE_CURVE('',#7859,#7861,#7863,.T.);
#7859 = VERTEX_POINT('',#7860);
#7860 = CARTESIAN_POINT('',(-0.4953,-8.636,-25.654));
#7861 = VERTEX_POINT('',#7862);
#7862 = CARTESIAN_POINT('',(-0.4953,-13.462,-25.654));
#7863 = LINE('',#7864,#7865);
#7864 = CARTESIAN_POINT('',(-0.4953,-8.636,-25.654));
#7865 = VECTOR('',#7866,1.);
#7866 = DIRECTION('',(0.,-1.,0.));
#7867 = ORIENTED_EDGE('',*,*,#7868,.F.);
#7868 = EDGE_CURVE('',#7869,#7861,#7871,.T.);
#7869 = VERTEX_POINT('',#7870);
#7870 = CARTESIAN_POINT('',(-0.4953,-13.46200002651,-19.68500000014));
#7871 = LINE('',#7872,#7873);
#7872 = CARTESIAN_POINT('',(-0.495300000033,-13.46200003011,
    -19.68499999978));
#7873 = VECTOR('',#7874,1.);
#7874 = DIRECTION('',(5.493539392101E-12,5.044657009652E-09,-1.));
#7875 = ORIENTED_EDGE('',*,*,#7876,.F.);
#7876 = EDGE_CURVE('',#7809,#7869,#7877,.T.);
#7877 = LINE('',#7878,#7879);
#7878 = CARTESIAN_POINT('',(-0.4953,-11.43,-19.685));
#7879 = VECTOR('',#7880,1.);
#7880 = DIRECTION('',(-1.613718977032E-11,-1.,1.086427519762E-10));
#7881 = ORIENTED_EDGE('',*,*,#7806,.F.);
#7882 = ORIENTED_EDGE('',*,*,#7883,.T.);
#7883 = EDGE_CURVE('',#7807,#7884,#7886,.T.);
#7884 = VERTEX_POINT('',#7885);
#7885 = CARTESIAN_POINT('',(-0.4953,-8.636,-22.86));
#7886 = LINE('',#7887,#7888);
#7887 = CARTESIAN_POINT('',(-0.4953,-11.43,-22.86));
#7888 = VECTOR('',#7889,1.);
#7889 = DIRECTION('',(0.,1.,0.));
#7890 = ORIENTED_EDGE('',*,*,#7891,.F.);
#7891 = EDGE_CURVE('',#7859,#7884,#7892,.T.);
#7892 = LINE('',#7893,#7894);
#7893 = CARTESIAN_POINT('',(-0.4953,-8.636,-25.654));
#7894 = VECTOR('',#7895,1.);
#7895 = DIRECTION('',(0.,0.,1.));
#7896 = PLANE('',#7897);
#7897 = AXIS2_PLACEMENT_3D('',#7898,#7899,#7900);
#7898 = CARTESIAN_POINT('',(-0.4953,-13.97,-26.162));
#7899 = DIRECTION('',(-1.,0.,0.));
#7900 = DIRECTION('',(0.,1.,0.));
#7901 = ADVANCED_FACE('',(#7902),#7920,.T.);
#7902 = FACE_BOUND('',#7903,.T.);
#7903 = EDGE_LOOP('',(#7904,#7905,#7912,#7913));
#7904 = ORIENTED_EDGE('',*,*,#5249,.F.);
#7905 = ORIENTED_EDGE('',*,*,#7906,.F.);
#7906 = EDGE_CURVE('',#7859,#5250,#7907,.T.);
#7907 = CIRCLE('',#7908,0.508);
#7908 = AXIS2_PLACEMENT_3D('',#7909,#7910,#7911);
#7909 = CARTESIAN_POINT('',(-1.0033,-8.636,-25.654));
#7910 = DIRECTION('',(-0.,1.,0.));
#7911 = DIRECTION('',(1.,0.,0.));
#7912 = ORIENTED_EDGE('',*,*,#7858,.T.);
#7913 = ORIENTED_EDGE('',*,*,#7914,.F.);
#7914 = EDGE_CURVE('',#5252,#7861,#7915,.T.);
#7915 = CIRCLE('',#7916,0.508);
#7916 = AXIS2_PLACEMENT_3D('',#7917,#7918,#7919);
#7917 = CARTESIAN_POINT('',(-1.0033,-13.462,-25.654));
#7918 = DIRECTION('',(0.,-1.,0.));
#7919 = DIRECTION('',(0.,0.,-1.));
#7920 = CYLINDRICAL_SURFACE('',#7921,0.508);
#7921 = AXIS2_PLACEMENT_3D('',#7922,#7923,#7924);
#7922 = CARTESIAN_POINT('',(-1.0033,63.58627872,-25.654));
#7923 = DIRECTION('',(0.,-1.,0.));
#7924 = DIRECTION('',(0.,0.,-1.));
#7925 = ADVANCED_FACE('',(#7926),#7945,.T.);
#7926 = FACE_BOUND('',#7927,.T.);
#7927 = EDGE_LOOP('',(#7928,#7929,#7938));
#7928 = ORIENTED_EDGE('',*,*,#7914,.T.);
#7929 = ORIENTED_EDGE('',*,*,#7930,.T.);
#7930 = EDGE_CURVE('',#7861,#7931,#7933,.T.);
#7931 = VERTEX_POINT('',#7932);
#7932 = CARTESIAN_POINT('',(-1.0033,-13.97,-25.654));
#7933 = CIRCLE('',#7934,0.508);
#7934 = AXIS2_PLACEMENT_3D('',#7935,#7936,#7937);
#7935 = CARTESIAN_POINT('',(-1.0033,-13.462,-25.654));
#7936 = DIRECTION('',(0.,0.,-1.));
#7937 = DIRECTION('',(1.,0.,0.));
#7938 = ORIENTED_EDGE('',*,*,#7939,.T.);
#7939 = EDGE_CURVE('',#7931,#5252,#7940,.T.);
#7940 = CIRCLE('',#7941,0.508);
#7941 = AXIS2_PLACEMENT_3D('',#7942,#7943,#7944);
#7942 = CARTESIAN_POINT('',(-1.0033,-13.462,-25.654));
#7943 = DIRECTION('',(1.,0.,0.));
#7944 = DIRECTION('',(0.,-1.,0.));
#7945 = SPHERICAL_SURFACE('',#7946,0.508);
#7946 = AXIS2_PLACEMENT_3D('',#7947,#7948,#7949);
#7947 = CARTESIAN_POINT('',(-1.0033,-13.462,-25.654));
#7948 = DIRECTION('',(0.707106781187,0.707106781187,0.));
#7949 = DIRECTION('',(0.707106781187,-0.707106781187,0.));
#7950 = ADVANCED_FACE('',(#7951),#7963,.T.);
#7951 = FACE_BOUND('',#7952,.T.);
#7952 = EDGE_LOOP('',(#7953,#7954,#7955,#7961,#7962));
#7953 = ORIENTED_EDGE('',*,*,#5294,.F.);
#7954 = ORIENTED_EDGE('',*,*,#7939,.F.);
#7955 = ORIENTED_EDGE('',*,*,#7956,.T.);
#7956 = EDGE_CURVE('',#7931,#6346,#7957,.T.);
#7957 = LINE('',#7958,#7959);
#7958 = CARTESIAN_POINT('',(-1.0033,-13.97,-25.654));
#7959 = VECTOR('',#7960,1.);
#7960 = DIRECTION('',(-1.,7.356935554102E-09,4.465295541778E-07));
#7961 = ORIENTED_EDGE('',*,*,#6354,.F.);
#7962 = ORIENTED_EDGE('',*,*,#6246,.T.);
#7963 = CYLINDRICAL_SURFACE('',#7964,0.508);
#7964 = AXIS2_PLACEMENT_3D('',#7965,#7966,#7967);
#7965 = CARTESIAN_POINT('',(77.7002764,-13.462,-25.654));
#7966 = DIRECTION('',(-1.,0.,0.));
#7967 = DIRECTION('',(0.,0.,-1.));
#7968 = ADVANCED_FACE('',(#7969),#7987,.F.);
#7969 = FACE_BOUND('',#7970,.F.);
#7970 = EDGE_LOOP('',(#7971,#7972,#7973,#7981));
#7971 = ORIENTED_EDGE('',*,*,#7956,.T.);
#7972 = ORIENTED_EDGE('',*,*,#6457,.T.);
#7973 = ORIENTED_EDGE('',*,*,#7974,.F.);
#7974 = EDGE_CURVE('',#7975,#6449,#7977,.T.);
#7975 = VERTEX_POINT('',#7976);
#7976 = CARTESIAN_POINT('',(-1.003300055449,-13.96999999687,
    -19.55800000513));
#7977 = LINE('',#7978,#7979);
#7978 = CARTESIAN_POINT('',(-1.003299936201,-13.96999999922,
    -19.55800000189));
#7979 = VECTOR('',#7980,1.);
#7980 = DIRECTION('',(-1.,-1.171089334622E-10,2.824450425695E-10));
#7981 = ORIENTED_EDGE('',*,*,#7982,.T.);
#7982 = EDGE_CURVE('',#7975,#7931,#7983,.T.);
#7983 = LINE('',#7984,#7985);
#7984 = CARTESIAN_POINT('',(-1.003299936201,-13.96999999922,
    -19.55800000189));
#7985 = VECTOR('',#7986,1.);
#7986 = DIRECTION('',(-1.046577107891E-08,-1.283321655815E-10,-1.));
#7987 = PLANE('',#7988);
#7988 = AXIS2_PLACEMENT_3D('',#7989,#7990,#7991);
#7989 = CARTESIAN_POINT('',(-8.1915,-13.97,-26.162));
#7990 = DIRECTION('',(0.,1.,0.));
#7991 = DIRECTION('',(1.,0.,0.));
#7992 = ADVANCED_FACE('',(#7993),#8011,.F.);
#7993 = FACE_BOUND('',#7994,.F.);
#7994 = EDGE_LOOP('',(#7995,#8002,#8003,#8010));
#7995 = ORIENTED_EDGE('',*,*,#7996,.T.);
#7996 = EDGE_CURVE('',#6449,#7693,#7997,.T.);
#7997 = CIRCLE('',#7998,0.381);
#7998 = AXIS2_PLACEMENT_3D('',#7999,#8000,#8001);
#7999 = CARTESIAN_POINT('',(-7.6835,-14.351,-19.558));
#8000 = DIRECTION('',(1.,0.,0.));
#8001 = DIRECTION('',(-0.,1.,0.));
#8002 = ORIENTED_EDGE('',*,*,#7692,.F.);
#8003 = ORIENTED_EDGE('',*,*,#8004,.T.);
#8004 = EDGE_CURVE('',#7627,#7975,#8005,.T.);
#8005 = CIRCLE('',#8006,0.381000006987);
#8006 = AXIS2_PLACEMENT_3D('',#8007,#8008,#8009);
#8007 = CARTESIAN_POINT('',(-1.003300082205,-14.35100000386,
    -19.55800000513));
#8008 = DIRECTION('',(-1.,7.022527501452E-08,2.757058476774E-07));
#8009 = DIRECTION('',(2.757058483885E-07,1.012574199546E-08,1.));
#8010 = ORIENTED_EDGE('',*,*,#7974,.T.);
#8011 = CYLINDRICAL_SURFACE('',#8012,0.381);
#8012 = AXIS2_PLACEMENT_3D('',#8013,#8014,#8015);
#8013 = CARTESIAN_POINT('',(77.7002764,-14.351,-19.558));
#8014 = DIRECTION('',(-1.,0.,0.));
#8015 = DIRECTION('',(0.,0.,1.));
#8016 = ADVANCED_FACE('',(#8017),#8023,.F.);
#8017 = FACE_BOUND('',#8018,.F.);
#8018 = EDGE_LOOP('',(#8019,#8020,#8021,#8022));
#8019 = ORIENTED_EDGE('',*,*,#7996,.F.);
#8020 = ORIENTED_EDGE('',*,*,#6448,.F.);
#8021 = ORIENTED_EDGE('',*,*,#6567,.F.);
#8022 = ORIENTED_EDGE('',*,*,#7700,.T.);
#8023 = ( BOUNDED_SURFACE() B_SPLINE_SURFACE(3,3,(
    (#8024,#8025,#8026,#8027)
    ,(#8028,#8029,#8030,#8031)
    ,(#8032,#8033,#8034,#8035)
    ,(#8036,#8037,#8038,#8039
)),.UNSPECIFIED.,.F.,.F.,.F.) B_SPLINE_SURFACE_WITH_KNOTS((4,4),(4,4),(
    0.,1.),(0.,1.),.PIECEWISE_BEZIER_KNOTS.) 
GEOMETRIC_REPRESENTATION_ITEM() RATIONAL_B_SPLINE_SURFACE((
    (1.428290443899,1.127918207831,1.127918207831,1.428290443899)
    ,(1.106920162026,0.874132716281,0.874132716281,1.106920162026)
    ,(1.106920162026,0.874132716281,0.874132716281,1.106920162026)
    ,(1.428290443899,1.127918207831,1.127918207831,1.428290443899
))) REPRESENTATION_ITEM('') SURFACE() );
#8024 = CARTESIAN_POINT('',(-7.652414076326,-13.97114036244,
    -19.56996749921));
#8025 = CARTESIAN_POINT('',(-7.651963238106,-13.96378939229,
    -19.33561632888));
#8026 = CARTESIAN_POINT('',(-7.662112332627,-14.12927157081,
    -19.16982321827));
#8027 = CARTESIAN_POINT('',(-7.676458237412,-14.36318323372,
    -19.1771880005));
#8028 = CARTESIAN_POINT('',(-7.979014733101,-13.95110980105,
    -19.56996749921));
#8029 = CARTESIAN_POINT('',(-7.983300574428,-13.94346832827,
    -19.33561632888));
#8030 = CARTESIAN_POINT('',(-7.886819382806,-14.11549018895,
    -19.16982321827));
#8031 = CARTESIAN_POINT('',(-7.750441700477,-14.35864579552,
    -19.1771880005));
#8032 = CARTESIAN_POINT('',(-8.210390198951,-14.1824852669,
    -19.56996749921));
#8033 = CARTESIAN_POINT('',(-8.218031671733,-14.17819942557,
    -19.33561632888));
#8034 = CARTESIAN_POINT('',(-8.046009811046,-14.27468061719,
    -19.16982321827));
#8035 = CARTESIAN_POINT('',(-7.802854204484,-14.41105829952,
    -19.1771880005));
#8036 = CARTESIAN_POINT('',(-8.190359637557,-14.50908592367,
    -19.56996749921));
#8037 = CARTESIAN_POINT('',(-8.197710607707,-14.50953676189,
    -19.33561632888));
#8038 = CARTESIAN_POINT('',(-8.032228429193,-14.49938766737,
    -19.16982321827));
#8039 = CARTESIAN_POINT('',(-7.798316766275,-14.48504176259,
    -19.1771880005));
#8040 = ADVANCED_FACE('',(#8041),#8116,.F.);
#8041 = FACE_BOUND('',#8042,.F.);
#8042 = EDGE_LOOP('',(#8043,#8050,#8114,#8115));
#8043 = ORIENTED_EDGE('',*,*,#8044,.F.);
#8044 = EDGE_CURVE('',#7869,#7619,#8045,.T.);
#8045 = CIRCLE('',#8046,0.508);
#8046 = AXIS2_PLACEMENT_3D('',#8047,#8048,#8049);
#8047 = CARTESIAN_POINT('',(1.27E-02,-13.46200002651,-19.685));
#8048 = DIRECTION('',(0.,1.,0.));
#8049 = DIRECTION('',(-1.,0.,-2.819372032424E-10));
#8050 = ORIENTED_EDGE('',*,*,#8051,.F.);
#8051 = EDGE_CURVE('',#7975,#7869,#8052,.T.);
#8052 = B_SPLINE_CURVE_WITH_KNOTS('',3,(#8053,#8054,#8055,#8056,#8057,
    #8058,#8059,#8060,#8061,#8062,#8063,#8064,#8065,#8066,#8067,#8068,
    #8069,#8070,#8071,#8072,#8073,#8074,#8075,#8076,#8077,#8078,#8079,
    #8080,#8081,#8082,#8083,#8084,#8085,#8086,#8087,#8088,#8089,#8090,
    #8091,#8092,#8093,#8094,#8095,#8096,#8097,#8098,#8099,#8100,#8101,
    #8102,#8103,#8104,#8105,#8106,#8107,#8108,#8109,#8110,#8111,#8112,
    #8113),.UNSPECIFIED.,.F.,.F.,(4,1,1,1,1,1,1,1,1,1,1,1,1,1,1,1,1,1,1,
    1,1,1,1,1,1,1,1,1,1,1,1,1,1,1,1,1,1,1,1,1,1,1,1,1,1,1,1,1,1,1,1,1,1,
    1,1,1,1,1,4),(0.,1.724137931034E-02,3.448275862069E-02,
    5.172413793103E-02,6.896551724138E-02,8.620689655172E-02,
    0.103448275862,0.120689655172,0.137931034483,0.155172413793,
    0.172413793103,0.189655172414,0.206896551724,0.224137931034,
    0.241379310345,0.258620689655,0.275862068965,0.293103448276,
    0.310344827586,0.327586206897,0.344827586207,0.362068965517,
    0.379310344828,0.396551724138,0.413793103448,0.431034482759,
    0.448275862069,0.465517241379,0.48275862069,0.5,0.51724137931,
    0.534482758621,0.551724137931,0.568965517241,0.586206896552,
    0.603448275862,0.620689655172,0.637931034483,0.655172413793,
    0.672413793103,0.689655172414,0.706896551724,0.724137931034,
    0.741379310345,0.758620689655,0.775862068966,0.793103448276,
    0.810344827586,0.827586206897,0.844827586207,0.862068965517,
    0.879310344828,0.896551724138,0.913793103448,0.931034482759,
    0.948275862069,0.965517241379,0.98275862069,1.),.UNSPECIFIED.);
#8053 = CARTESIAN_POINT('',(-1.003299936201,-13.96999999922,
    -19.55800000189));
#8054 = CARTESIAN_POINT('',(-0.99852533815,-13.96999999922,
    -19.55799999808));
#8055 = CARTESIAN_POINT('',(-0.988903395245,-13.96986536927,
    -19.55809191483));
#8056 = CARTESIAN_POINT('',(-0.97426456089,-13.96924112829,
    -19.55850017442));
#8057 = CARTESIAN_POINT('',(-0.959434997176,-13.96817643806,
    -19.55917190377));
#8058 = CARTESIAN_POINT('',(-0.944436797644,-13.96665421607,
    -19.56009873624));
#8059 = CARTESIAN_POINT('',(-0.929295645617,-13.96465900058,
    -19.56127101382));
#8060 = CARTESIAN_POINT('',(-0.914037600753,-13.96217674024,
    -19.5626784116));
#8061 = CARTESIAN_POINT('',(-0.89870188835,-13.95919746346,
    -19.56430881229));
#8062 = CARTESIAN_POINT('',(-0.883332093558,-13.95571570225,
    -19.56614864448));
#8063 = CARTESIAN_POINT('',(-0.86794485763,-13.95172232294,
    -19.56818736022));
#8064 = CARTESIAN_POINT('',(-0.852570607244,-13.94721197908,
    -19.57041333221));
#8065 = CARTESIAN_POINT('',(-0.837285330582,-13.94219741366,
    -19.57280750237));
#8066 = CARTESIAN_POINT('',(-0.822174563279,-13.93670319083,
    -19.57534733528));
#8067 = CARTESIAN_POINT('',(-0.807393680802,-13.93079417722,
    -19.57799496823));
#8068 = CARTESIAN_POINT('',(-0.793003069261,-13.92451534879,
    -19.58072544777));
#8069 = CARTESIAN_POINT('',(-0.778956843728,-13.91786607033,
    -19.58353511651));
#8070 = CARTESIAN_POINT('',(-0.765252587014,-13.91086037251,
    -19.5864143216));
#8071 = CARTESIAN_POINT('',(-0.751891254726,-13.9035138076,
    -19.5893535871));
#8072 = CARTESIAN_POINT('',(-0.738870203515,-13.89583912726,
    -19.59234513885));
#8073 = CARTESIAN_POINT('',(-0.726186636942,-13.88784798475,
    -19.59538205387));
#8074 = CARTESIAN_POINT('',(-0.713838425872,-13.87955144699,
    -19.59845795017));
#8075 = CARTESIAN_POINT('',(-0.701827431946,-13.87096261822,
    -19.60156597255));
#8076 = CARTESIAN_POINT('',(-0.690156827413,-13.8620955361,
    -19.60469922998));
#8077 = CARTESIAN_POINT('',(-0.678827484017,-13.8529625034,
    -19.60785169159));
#8078 = CARTESIAN_POINT('',(-0.66783918476,-13.84357462851,
    -19.61101789016));
#8079 = CARTESIAN_POINT('',(-0.657192574157,-13.83394339739,
    -19.61419233059));
#8080 = CARTESIAN_POINT('',(-0.646890571161,-13.82408238317,
    -19.61736894104));
#8081 = CARTESIAN_POINT('',(-0.636934483303,-13.81400394328,
    -19.62054215768));
#8082 = CARTESIAN_POINT('',(-0.627323598537,-13.80371827067,
    -19.62370712603));
#8083 = CARTESIAN_POINT('',(-0.618059822795,-13.79323828217,
    -19.6268581563));
#8084 = CARTESIAN_POINT('',(-0.609144529272,-13.78257671852,
    -19.62998965012));
#8085 = CARTESIAN_POINT('',(-0.600578245165,-13.77174561274,
    -19.633096216));
#8086 = CARTESIAN_POINT('',(-0.592360923602,-13.76075648467,
    -19.63617257246));
#8087 = CARTESIAN_POINT('',(-0.584492647112,-13.7496212155,
    -19.63921327127));
#8088 = CARTESIAN_POINT('',(-0.57697465258,-13.73835383389,
    -19.6422122269));
#8089 = CARTESIAN_POINT('',(-0.569807682626,-13.72696852074,
    -19.64516328531));
#8090 = CARTESIAN_POINT('',(-0.562991771545,-13.71547923877,
    -19.64806030294));
#8091 = CARTESIAN_POINT('',(-0.556525613332,-13.7038984565,
    -19.65089742956));
#8092 = CARTESIAN_POINT('',(-0.550407507555,-13.69223847893,
    -19.65366872376));
#8093 = CARTESIAN_POINT('',(-0.544635608325,-13.68051197602,
    -19.65636801471));
#8094 = CARTESIAN_POINT('',(-0.539207735816,-13.66873174212,
    -19.65898895806));
#8095 = CARTESIAN_POINT('',(-0.534121222066,-13.65691031223,
    -19.66152510246));
#8096 = CARTESIAN_POINT('',(-0.529374166638,-13.64506318106,
    -19.66396922487));
#8097 = CARTESIAN_POINT('',(-0.524964173098,-13.63320655319,
    -19.6663139003));
#8098 = CARTESIAN_POINT('',(-0.520887855835,-13.62135610838,
    -19.66855178008));
#8099 = CARTESIAN_POINT('',(-0.517140115761,-13.60952425245,
    -19.67067607079));
#8100 = CARTESIAN_POINT('',(-0.513715408718,-13.59772305326,
    -19.67267992319));
#8101 = CARTESIAN_POINT('',(-0.510607785539,-13.58596439087,
    -19.67455644268));
#8102 = CARTESIAN_POINT('',(-0.507810910835,-13.57426001729,
    -19.67629873175));
#8103 = CARTESIAN_POINT('',(-0.505317885346,-13.5626206627,
    -19.67790007732));
#8104 = CARTESIAN_POINT('',(-0.503121407819,-13.5510563916,
    -19.67935395298));
#8105 = CARTESIAN_POINT('',(-0.501214110796,-13.53957790249,
    -19.68065391222));
#8106 = CARTESIAN_POINT('',(-0.499588925968,-13.52820155296,
    -19.68179341338));
#8107 = CARTESIAN_POINT('',(-0.498235739457,-13.51692378781,
    -19.68276837731));
#8108 = CARTESIAN_POINT('',(-0.49714545386,-13.50574044655,
    -19.68357460277));
#8109 = CARTESIAN_POINT('',(-0.496310061503,-13.494649823,
    -19.68420774628));
#8110 = CARTESIAN_POINT('',(-0.495722504964,-13.48365776969,
    -19.68466350381));
#8111 = CARTESIAN_POINT('',(-0.495375568171,-13.47276776341,
    -19.68493859752));
#8112 = CARTESIAN_POINT('',(-0.495300000033,-13.46557699919,
    -19.6850000005));
#8113 = CARTESIAN_POINT('',(-0.495300000033,-13.46200003011,
    -19.68499999978));
#8114 = ORIENTED_EDGE('',*,*,#8004,.F.);
#8115 = ORIENTED_EDGE('',*,*,#7626,.T.);
#8116 = ( BOUNDED_SURFACE() B_SPLINE_SURFACE(3,3,(
    (#8117,#8118,#8119,#8120,#8121,#8122,#8123,#8124,#8125,#8126,#8127
      ,#8128,#8129,#8130,#8131,#8132,#8133,#8134,#8135,#8136,#8137,#8138
      ,#8139,#8140,#8141,#8142,#8143,#8144,#8145,#8146,#8147,#8148,#8149
      ,#8150,#8151,#8152,#8153,#8154,#8155,#8156,#8157,#8158,#8159,#8160
      ,#8161,#8162,#8163,#8164,#8165,#8166,#8167,#8168,#8169,#8170,#8171
      ,#8172,#8173,#8174,#8175,#8176,#8177,#8178)
    ,(#8179,#8180,#8181,#8182,#8183,#8184,#8185,#8186,#8187,#8188,#8189
      ,#8190,#8191,#8192,#8193,#8194,#8195,#8196,#8197,#8198,#8199,#8200
      ,#8201,#8202,#8203,#8204,#8205,#8206,#8207,#8208,#8209,#8210,#8211
      ,#8212,#8213,#8214,#8215,#8216,#8217,#8218,#8219,#8220,#8221,#8222
      ,#8223,#8224,#8225,#8226,#8227,#8228,#8229,#8230,#8231,#8232,#8233
      ,#8234,#8235,#8236,#8237,#8238,#8239,#8240)
    ,(#8241,#8242,#8243,#8244,#8245,#8246,#8247,#8248,#8249,#8250,#8251
      ,#8252,#8253,#8254,#8255,#8256,#8257,#8258,#8259,#8260,#8261,#8262
      ,#8263,#8264,#8265,#8266,#8267,#8268,#8269,#8270,#8271,#8272,#8273
      ,#8274,#8275,#8276,#8277,#8278,#8279,#8280,#8281,#8282,#8283,#8284
      ,#8285,#8286,#8287,#8288,#8289,#8290,#8291,#8292,#8293,#8294,#8295
      ,#8296,#8297,#8298,#8299,#8300,#8301,#8302)
    ,(#8303,#8304,#8305,#8306,#8307,#8308,#8309,#8310,#8311,#8312,#8313
      ,#8314,#8315,#8316,#8317,#8318,#8319,#8320,#8321,#8322,#8323,#8324
      ,#8325,#8326,#8327,#8328,#8329,#8330,#8331,#8332,#8333,#8334,#8335
      ,#8336,#8337,#8338,#8339,#8340,#8341,#8342,#8343,#8344,#8345,#8346
      ,#8347,#8348,#8349,#8350,#8351,#8352,#8353,#8354,#8355,#8356,#8357
      ,#8358,#8359,#8360,#8361,#8362,#8363,#8364
)),.UNSPECIFIED.,.F.,.F.,.F.) B_SPLINE_SURFACE_WITH_KNOTS((4,4),(4,1,1,1
    ,1,1,1,1,1,1,1,1,1,1,1,1,1,1,1,1,1,1,1,1,1,1,1,1,1,1,1,1,1,1,1,1,1,1
    ,1,1,1,1,1,1,1,1,1,1,1,1,1,1,1,1,1,1,1,1,1,4),(0.,1.),(
    1.444746853144E-03,1.654111056149E-02,3.333949451007E-02,
    5.040193572565E-02,6.773082983974E-02,8.53223786381E-02,
    0.103170419489,0.121264068108,0.139579741653,0.158102105234,
    0.176832534846,0.195733180637,0.214723633073,0.23369049157,
    0.252481671006,0.271115266866,0.289622067071,0.308011654188,
    0.326294202541,0.344480498532,0.362581257375,0.380603247624,
    0.398548448047,0.416419704349,0.434221446634,0.451957862045,
    0.469629693739,0.48723653936,0.504781552544,0.522264878177,
    0.539685145989,0.557041449719,0.574333265552,0.591559702666,
    0.608716918188,0.62579984455,0.642803267643,0.659723406276,
    0.676556893448,0.693299749008,0.709947357661,0.726494852462,
    0.74293414006,0.759255227644,0.775448329387,0.791506696967,
    0.80742459423,0.823196245811,0.838815779718,0.854277986864,
    0.869578188872,0.884709993703,0.899664310313,0.914448229432,
    0.929074009362,0.943550439038,0.957879017551,0.972061461369,
    0.986100136776,0.994914517512),.UNSPECIFIED.) 
GEOMETRIC_REPRESENTATION_ITEM() RATIONAL_B_SPLINE_SURFACE((
    (1.191069701532,1.191069701532,1.191069701532,1.191069701532
      ,1.191069701532,1.191069701532,1.191069701532,1.191069701532
      ,1.191069701532,1.191069701532,1.191069701532,1.191069701532
      ,1.191069701532,1.191069701532,1.191069701532,1.191069701532
      ,1.191069701532,1.191069701532,1.191069701532,1.191069701532
      ,1.191069701532,1.191069701532,1.191069701532,1.191069701532
      ,1.191069701532,1.191069701532,1.191069701532,1.191069701532
      ,1.191069701532,1.191069701532,1.191069701532,1.191069701532
      ,1.191069701532,1.191069701532,1.191069701532,1.191069701532
      ,1.191069701532,1.191069701532,1.191069701532,1.191069701532
      ,1.191069701532,1.191069701532,1.191069701532,1.191069701532
      ,1.191069701532,1.191069701532,1.191069701532,1.191069701532
      ,1.191069701532,1.191069701532,1.191069701532,1.191069701532
      ,1.191069701532,1.191069701532,1.191069701532,1.191069701532
      ,1.191069701532,1.191069701532,1.191069701532,1.191069701532
      ,1.191069701532,1.191069701532)
    ,(0.936310099489,0.936310099489,0.936310099489,0.936310099489
      ,0.936310099489,0.936310099489,0.936310099489,0.936310099489
      ,0.936310099489,0.936310099489,0.936310099489,0.936310099489
      ,0.936310099489,0.936310099489,0.936310099489,0.936310099489
      ,0.936310099489,0.936310099489,0.936310099489,0.936310099489
      ,0.936310099489,0.936310099489,0.936310099489,0.936310099489
      ,0.936310099489,0.936310099489,0.936310099489,0.936310099489
      ,0.936310099489,0.936310099489,0.936310099489,0.936310099489
      ,0.936310099489,0.936310099489,0.936310099489,0.936310099489
      ,0.936310099489,0.936310099489,0.936310099489,0.936310099489
      ,0.936310099489,0.936310099489,0.936310099489,0.936310099489
      ,0.936310099489,0.936310099489,0.936310099489,0.936310099489
      ,0.936310099489,0.936310099489,0.936310099489,0.936310099489
      ,0.936310099489,0.936310099489,0.936310099489,0.936310099489
      ,0.936310099489,0.936310099489,0.936310099489,0.936310099489
      ,0.936310099489,0.936310099489)
    ,(0.936310099489,0.936310099489,0.936310099489,0.936310099489
      ,0.936310099489,0.936310099489,0.936310099489,0.936310099489
      ,0.936310099489,0.936310099489,0.936310099489,0.936310099489
      ,0.936310099489,0.936310099489,0.936310099489,0.936310099489
      ,0.936310099489,0.936310099489,0.936310099489,0.936310099489
      ,0.936310099489,0.936310099489,0.936310099489,0.936310099489
      ,0.936310099489,0.936310099489,0.936310099489,0.936310099489
      ,0.936310099489,0.936310099489,0.936310099489,0.936310099489
      ,0.936310099489,0.936310099489,0.936310099489,0.936310099489
      ,0.936310099489,0.936310099489,0.936310099489,0.936310099489
      ,0.936310099489,0.936310099489,0.936310099489,0.936310099489
      ,0.936310099489,0.936310099489,0.936310099489,0.936310099489
      ,0.936310099489,0.936310099489,0.936310099489,0.936310099489
      ,0.936310099489,0.936310099489,0.936310099489,0.936310099489
      ,0.936310099489,0.936310099489,0.936310099489,0.936310099489
      ,0.936310099489,0.936310099489)
    ,(1.191069701532,1.191069701532,1.191069701532,1.191069701532
      ,1.191069701532,1.191069701532,1.191069701532,1.191069701532
      ,1.191069701532,1.191069701532,1.191069701532,1.191069701532
      ,1.191069701532,1.191069701532,1.191069701532,1.191069701532
      ,1.191069701532,1.191069701532,1.191069701532,1.191069701532
      ,1.191069701532,1.191069701532,1.191069701532,1.191069701532
      ,1.191069701532,1.191069701532,1.191069701532,1.191069701532
      ,1.191069701532,1.191069701532,1.191069701532,1.191069701532
      ,1.191069701532,1.191069701532,1.191069701532,1.191069701532
      ,1.191069701532,1.191069701532,1.191069701532,1.191069701532
      ,1.191069701532,1.191069701532,1.191069701532,1.191069701532
      ,1.191069701532,1.191069701532,1.191069701532,1.191069701532
      ,1.191069701532,1.191069701532,1.191069701532,1.191069701532
      ,1.191069701532,1.191069701532,1.191069701532,1.191069701532
      ,1.191069701532,1.191069701532,1.191069701532,1.191069701532
,1.191069701532,1.191069701532))) REPRESENTATION_ITEM('') SURFACE() );
#8117 = CARTESIAN_POINT('',(-1.011319406864,-13.97012814608,
    -19.57012074689));
#8118 = CARTESIAN_POINT('',(-1.006968712623,-13.97019678487,
    -19.57007117179));
#8119 = CARTESIAN_POINT('',(-0.997771126331,-13.97022383154,
    -19.5700531045));
#8120 = CARTESIAN_POINT('',(-0.983651400899,-13.96988198591,
    -19.57029150606));
#8121 = CARTESIAN_POINT('',(-0.968904357684,-13.96909919258,
    -19.57081671049));
#8122 = CARTESIAN_POINT('',(-0.953965082925,-13.96786686098,
    -19.57161405011));
#8123 = CARTESIAN_POINT('',(-0.938856550046,-13.96616750414,
    -19.57267444839));
#8124 = CARTESIAN_POINT('',(-0.923606330802,-13.96398543709,
    -19.5739875658));
#8125 = CARTESIAN_POINT('',(-0.908248158598,-13.96130768747,
    -19.57554175646));
#8126 = CARTESIAN_POINT('',(-0.892818583465,-13.95812431677,
    -19.57732435452));
#8127 = CARTESIAN_POINT('',(-0.877350682536,-13.95442737741,
    -19.57932261041));
#8128 = CARTESIAN_POINT('',(-0.861881406225,-13.95021215316,
    -19.58152317371));
#8129 = CARTESIAN_POINT('',(-0.846465005959,-13.9454821617,
    -19.58390978929));
#8130 = CARTESIAN_POINT('',(-0.831184829191,-13.94025687626,
    -19.5864601684));
#8131 = CARTESIAN_POINT('',(-0.8161505257,-13.93457617927,
    -19.58914491243));
#8132 = CARTESIAN_POINT('',(-0.801439556907,-13.92848139986,
    -19.5919373108));
#8133 = CARTESIAN_POINT('',(-0.787087157728,-13.92200455865,
    -19.59481756001));
#8134 = CARTESIAN_POINT('',(-0.773085434813,-13.91515927968,
    -19.59777543583));
#8135 = CARTESIAN_POINT('',(-0.759428327632,-13.90795820383,
    -19.60080186777));
#8136 = CARTESIAN_POINT('',(-0.74611442129,-13.90041517365,
    -19.60388791607));
#8137 = CARTESIAN_POINT('',(-0.733141676213,-13.89254277141,
    -19.60702569278));
#8138 = CARTESIAN_POINT('',(-0.720508621305,-13.88435300464,
    -19.61020794931));
#8139 = CARTESIAN_POINT('',(-0.708215579414,-13.87585832068,
    -19.61342760277));
#8140 = CARTESIAN_POINT('',(-0.696264282878,-13.86707178126,
    -19.61667764356));
#8141 = CARTESIAN_POINT('',(-0.684656533589,-13.85800635889,
    -19.61995136443));
#8142 = CARTESIAN_POINT('',(-0.673393263784,-13.84867417587,
    -19.62324257147));
#8143 = CARTESIAN_POINT('',(-0.662475530317,-13.83908722591,
    -19.62654526228));
#8144 = CARTESIAN_POINT('',(-0.651905024343,-13.82925796306,
    -19.62985339541));
#8145 = CARTESIAN_POINT('',(-0.641683221087,-13.81919871294,
    -19.63316107604));
#8146 = CARTESIAN_POINT('',(-0.631811327333,-13.80892158352,
    -19.63646254587));
#8147 = CARTESIAN_POINT('',(-0.622290371737,-13.79843854476,
    -19.63975212287));
#8148 = CARTESIAN_POINT('',(-0.613121711835,-13.78776210449,
    -19.64302397458));
#8149 = CARTESIAN_POINT('',(-0.604306376908,-13.77690466886,
    -19.64627230351));
#8150 = CARTESIAN_POINT('',(-0.595844896275,-13.76587829213,
    -19.64949139185));
#8151 = CARTESIAN_POINT('',(-0.58773787102,-13.75469539792,
    -19.65267536285));
#8152 = CARTESIAN_POINT('',(-0.579986134642,-13.74336918522,
    -19.65581806375));
#8153 = CARTESIAN_POINT('',(-0.57259058869,-13.73191364851,
    -19.65891307096));
#8154 = CARTESIAN_POINT('',(-0.565551495733,-13.72034262386,
    -19.66195394681));
#8155 = CARTESIAN_POINT('',(-0.558868297727,-13.70866937808,
    -19.66493431713));
#8156 = CARTESIAN_POINT('',(-0.552539756774,-13.69690666609,
    -19.66784781579));
#8157 = CARTESIAN_POINT('',(-0.546564252892,-13.68506718783,
    -19.67068794073));
#8158 = CARTESIAN_POINT('',(-0.540939848549,-13.67316374598,
    -19.67344800115));
#8159 = CARTESIAN_POINT('',(-0.53566454283,-13.66120987924,
    -19.67612096641));
#8160 = CARTESIAN_POINT('',(-0.530736284178,-13.64922020698,
    -19.67869941603));
#8161 = CARTESIAN_POINT('',(-0.526152767275,-13.63721036294,
    -19.68117560523));
#8162 = CARTESIAN_POINT('',(-0.521910772228,-13.62519546958,
    -19.68354181853));
#8163 = CARTESIAN_POINT('',(-0.518006020469,-13.61318937208,
    -19.6857905059));
#8164 = CARTESIAN_POINT('',(-0.514433364786,-13.60120465013,
    -19.68791424733));
#8165 = CARTESIAN_POINT('',(-0.511187138185,-13.58925338424,
    -19.68990561072));
#8166 = CARTESIAN_POINT('',(-0.508261218621,-13.57734725277,
    -19.69175717188));
#8167 = CARTESIAN_POINT('',(-0.505649034926,-13.56549740229,
    -19.69346158789));
#8168 = CARTESIAN_POINT('',(-0.503343702051,-13.55371488201,
    -19.69501160595));
#8169 = CARTESIAN_POINT('',(-0.501338158254,-13.54201154851,
    -19.69640007733));
#8170 = CARTESIAN_POINT('',(-0.499624442327,-13.53039607181,
    -19.69762059343));
#8171 = CARTESIAN_POINT('',(-0.498193875811,-13.51887211556,
    -19.6986675812));
#8172 = CARTESIAN_POINT('',(-0.49703770405,-13.50743850273,
    -19.69953604484));
#8173 = CARTESIAN_POINT('',(-0.496147986866,-13.49609536724,
    -19.70022103942));
#8174 = CARTESIAN_POINT('',(-0.495517412788,-13.48484553627,
    -19.70071792023));
#8175 = CARTESIAN_POINT('',(-0.495138926479,-13.47369350844,
    -19.70102278393));
#8176 = CARTESIAN_POINT('',(-0.495021630154,-13.4639771308,
    -19.70111952802));
#8177 = CARTESIAN_POINT('',(-0.495055438278,-13.45797919076,
    -19.70109164612));
#8178 = CARTESIAN_POINT('',(-0.495084283653,-13.4556657354,
    -19.70106760414));
#8179 = CARTESIAN_POINT('',(-1.012744999658,-13.96258743498,
    -19.33306279747));
#8180 = CARTESIAN_POINT('',(-1.007606509985,-13.96268262062,
    -19.33303266136));
#8181 = CARTESIAN_POINT('',(-0.996792520905,-13.96271891892,
    -19.33302228332));
#8182 = CARTESIAN_POINT('',(-0.980355401,-13.96225182974,-19.333163741)
  );
#8183 = CARTESIAN_POINT('',(-0.963374864503,-13.9611993152,
    -19.33346724336));
#8184 = CARTESIAN_POINT('',(-0.94636241888,-13.95956656022,
    -19.33391689322));
#8185 = CARTESIAN_POINT('',(-0.92934524183,-13.95734673251,
    -19.33450094705));
#8186 = CARTESIAN_POINT('',(-0.912351715298,-13.95453502403,
    -19.3352079761));
#8187 = CARTESIAN_POINT('',(-0.895414317956,-13.95112941699,
    -19.33602693905));
#8188 = CARTESIAN_POINT('',(-0.878566622005,-13.9471307956,
    -19.33694732872));
#8189 = CARTESIAN_POINT('',(-0.861837214003,-13.94254148167,
    -19.33795956856));
#8190 = CARTESIAN_POINT('',(-0.845258425869,-13.93736679347,
    -19.33905459811));
#8191 = CARTESIAN_POINT('',(-0.82888075901,-13.93162109421,
    -19.34022262729));
#8192 = CARTESIAN_POINT('',(-0.812784661991,-13.92533673565,
    -19.34145161965));
#8193 = CARTESIAN_POINT('',(-0.797076578248,-13.91856871839,
    -19.34272685256));
#8194 = CARTESIAN_POINT('',(-0.781827447938,-13.91137157135,
    -19.34403558213));
#8195 = CARTESIAN_POINT('',(-0.767063957376,-13.90378717527,
    -19.34536874908));
#8196 = CARTESIAN_POINT('',(-0.752769405713,-13.89583512449,
    -19.34672188204));
#8197 = CARTESIAN_POINT('',(-0.738930306761,-13.8875335964,
    -19.34809106255));
#8198 = CARTESIAN_POINT('',(-0.725538894279,-13.87890192947,
    -19.34947244406));
#8199 = CARTESIAN_POINT('',(-0.712587549735,-13.86995784564,
    -19.35086265455));
#8200 = CARTESIAN_POINT('',(-0.700069862027,-13.86071831035,
    -19.35225859688));
#8201 = CARTESIAN_POINT('',(-0.687981687425,-13.85120071361,
    -19.3536572362));
#8202 = CARTESIAN_POINT('',(-0.676320601502,-13.8414230604,
    -19.35505556422));
#8203 = CARTESIAN_POINT('',(-0.665084469107,-13.83140318601,
    -19.35645070088));
#8204 = CARTESIAN_POINT('',(-0.654270479542,-13.82115794321,
    -19.3578399814));
#8205 = CARTESIAN_POINT('',(-0.64387606717,-13.81070403015,
    -19.35922081674));
#8206 = CARTESIAN_POINT('',(-0.63389933138,-13.80005863648,
    -19.36059059992));
#8207 = CARTESIAN_POINT('',(-0.624338167779,-13.78923879744,
    -19.36194678761));
#8208 = CARTESIAN_POINT('',(-0.615190196683,-13.77826131681,
    -19.36328689573));
#8209 = CARTESIAN_POINT('',(-0.606452825152,-13.76714287133,
    -19.36460847505));
#8210 = CARTESIAN_POINT('',(-0.598123674037,-13.75590072859,
    -19.36590902393));
#8211 = CARTESIAN_POINT('',(-0.590199945856,-13.7445520727,
    -19.36718606633));
#8212 = CARTESIAN_POINT('',(-0.582678261043,-13.73311376464,
    -19.36843717046));
#8213 = CARTESIAN_POINT('',(-0.57555515513,-13.72160311295,
    -19.36965985817));
#8214 = CARTESIAN_POINT('',(-0.568827181319,-13.71003828666,
    -19.37085156776));
#8215 = CARTESIAN_POINT('',(-0.562490721343,-13.69843831632,
    -19.37200966732));
#8216 = CARTESIAN_POINT('',(-0.556541350442,-13.68682212133,
    -19.37313156134));
#8217 = CARTESIAN_POINT('',(-0.550973685044,-13.67520812473,
    -19.3742147264));
#8218 = CARTESIAN_POINT('',(-0.545781506318,-13.66361434964,
    -19.37525669887));
#8219 = CARTESIAN_POINT('',(-0.54095799518,-13.65205889481,
    -19.37625503681));
#8220 = CARTESIAN_POINT('',(-0.536495757451,-13.6405600893,
    -19.37720732212));
#8221 = CARTESIAN_POINT('',(-0.532386989178,-13.62913708337,
    -19.37811113592));
#8222 = CARTESIAN_POINT('',(-0.528623428065,-13.61781010583,
    -19.37896408052));
#8223 = CARTESIAN_POINT('',(-0.525196134208,-13.60660028213,
    -19.37976384957));
#8224 = CARTESIAN_POINT('',(-0.522094958392,-13.59552808689,
    -19.38050839279));
#8225 = CARTESIAN_POINT('',(-0.519308448485,-13.58461256002,
    -19.38119600401));
#8226 = CARTESIAN_POINT('',(-0.516824010831,-13.5738712358,
    -19.38182535707));
#8227 = CARTESIAN_POINT('',(-0.514628168197,-13.56332068071,
    -19.3823955188));
#8228 = CARTESIAN_POINT('',(-0.51270661365,-13.55297633982,
    -19.38290601642));
#8229 = CARTESIAN_POINT('',(-0.511044245839,-13.54285212577,
    -19.38335691613));
#8230 = CARTESIAN_POINT('',(-0.509625316207,-13.53296043629,
    -19.38374887314));
#8231 = CARTESIAN_POINT('',(-0.508433599014,-13.52331245731,
    -19.38408316912));
#8232 = CARTESIAN_POINT('',(-0.507452101774,-13.51391438317,
    -19.38436186701));
#8233 = CARTESIAN_POINT('',(-0.506663433591,-13.50476574483,
    -19.38458776493));
#8234 = CARTESIAN_POINT('',(-0.50605044685,-13.49585954367,
    -19.38476422795));
#8235 = CARTESIAN_POINT('',(-0.505596949529,-13.48718670814,
    -19.38489495749));
#8236 = CARTESIAN_POINT('',(-0.505287859615,-13.47873693199,
    -19.38498387195));
#8237 = CARTESIAN_POINT('',(-0.505109321225,-13.4704967757,
    -19.38503497295));
#8238 = CARTESIAN_POINT('',(-0.505056261593,-13.46342130049,
    -19.38505003148));
#8239 = CARTESIAN_POINT('',(-0.505071567103,-13.4590953863,
    -19.38504568916));
#8240 = CARTESIAN_POINT('',(-0.505084386316,-13.45743232271,
    -19.3850420631));
#8241 = CARTESIAN_POINT('',(-1.015420963553,-14.13145875944,
    -19.16653748116));
#8242 = CARTESIAN_POINT('',(-1.008830292976,-14.13156286827,
    -19.16652867779));
#8243 = CARTESIAN_POINT('',(-0.994948212377,-14.13160266496,
    -19.16652605631));
#8244 = CARTESIAN_POINT('',(-0.973799260657,-14.13109118975,
    -19.16656503301));
#8245 = CARTESIAN_POINT('',(-0.95188720758,-14.12993621527,
    -19.16664304885));
#8246 = CARTESIAN_POINT('',(-0.929859911809,-14.1281397899,
    -19.16675077462));
#8247 = CARTESIAN_POINT('',(-0.907743399313,-14.12568946285,
    -19.16688060657));
#8248 = CARTESIAN_POINT('',(-0.885566517594,-14.12257373574,
    -19.16702575891));
#8249 = CARTESIAN_POINT('',(-0.86336455764,-14.11878306852,
    -19.16718034856));
#8250 = CARTESIAN_POINT('',(-0.841175305948,-14.11431023312,
    -19.16733941839));
#8251 = CARTESIAN_POINT('',(-0.819030942742,-14.10914892163,
    -19.16749893717));
#8252 = CARTESIAN_POINT('',(-0.796969384607,-14.10329569906,
    -19.16765561203));
#8253 = CARTESIAN_POINT('',(-0.775053722753,-14.09675712114,
    -19.16780662996));
#8254 = CARTESIAN_POINT('',(-0.753388925705,-14.08956045663,
    -19.16794947516));
#8255 = CARTESIAN_POINT('',(-0.732117832918,-14.08175984329,
    -19.16808194662));
#8256 = CARTESIAN_POINT('',(-0.711338672368,-14.07341042609,
    -19.1682026541));
#8257 = CARTESIAN_POINT('',(-0.691091585217,-14.06455410698,
    -19.1683109394));
#8258 = CARTESIAN_POINT('',(-0.671357677793,-14.0552075759,
    -19.16840665455));
#8259 = CARTESIAN_POINT('',(-0.652122234926,-14.04538629703,
    -19.16848971428));
#8260 = CARTESIAN_POINT('',(-0.633378383939,-14.03510754412,
    -19.16856005047));
#8261 = CARTESIAN_POINT('',(-0.615119437061,-14.0243870819,
    -19.1686176238));
#8262 = CARTESIAN_POINT('',(-0.597340385009,-14.0132401302,
    -19.16866239985));
#8263 = CARTESIAN_POINT('',(-0.580039467298,-14.00168276238,
    -19.16869433773));
#8264 = CARTESIAN_POINT('',(-0.563217506899,-13.98973215346,
    -19.16871339346));
#8265 = CARTESIAN_POINT('',(-0.546875923542,-13.97740563164,
    -19.16871952449));
#8266 = CARTESIAN_POINT('',(-0.531015326666,-13.96471965172,
    -19.16871268719));
#8267 = CARTESIAN_POINT('',(-0.515636843064,-13.95169078329,
    -19.168692834));
#8268 = CARTESIAN_POINT('',(-0.500742775773,-13.93833651706,
    -19.16865991743));
#8269 = CARTESIAN_POINT('',(-0.486335357056,-13.92467447084,
    -19.16861389286));
#8270 = CARTESIAN_POINT('',(-0.472416630391,-13.91072227614,
    -19.16855471839));
#8271 = CARTESIAN_POINT('',(-0.458988540813,-13.8964976969,
    -19.16848235603));
#8272 = CARTESIAN_POINT('',(-0.446053618304,-13.88201955658,
    -19.16839678035));
#8273 = CARTESIAN_POINT('',(-0.43361402306,-13.86730688226,
    -19.1682979779));
#8274 = CARTESIAN_POINT('',(-0.421671277452,-13.85237858109,
    -19.16818594687));
#8275 = CARTESIAN_POINT('',(-0.410227049793,-13.83725443469,
    -19.16806070747));
#8276 = CARTESIAN_POINT('',(-0.399283360341,-13.82195566301,
    -19.16792231409));
#8277 = CARTESIAN_POINT('',(-0.388842328745,-13.80650496152,
    -19.16777086618));
#8278 = CARTESIAN_POINT('',(-0.378905155328,-13.7909252252,
    -19.1676065059));
#8279 = CARTESIAN_POINT('',(-0.369471844322,-13.77523901264,
    -19.16742942075));
#8280 = CARTESIAN_POINT('',(-0.360541383072,-13.75946864379,
    -19.16723985443));
#8281 = CARTESIAN_POINT('',(-0.352112142829,-13.74363682792,
    -19.16703812917));
#8282 = CARTESIAN_POINT('',(-0.344181949922,-13.72776687761,
    -19.16682466945));
#8283 = CARTESIAN_POINT('',(-0.336748423698,-13.71188354076,
    -19.16660004029));
#8284 = CARTESIAN_POINT('',(-0.329808972984,-13.69601341438,
    -19.16636498894));
#8285 = CARTESIAN_POINT('',(-0.32336048842,-13.68018477417,
    -19.16612048563));
#8286 = CARTESIAN_POINT('',(-0.317398394682,-13.66442546017,
    -19.16586773722));
#8287 = CARTESIAN_POINT('',(-0.311916437462,-13.64876177619,
    -19.16560821586));
#8288 = CARTESIAN_POINT('',(-0.306906946622,-13.63321839702,
    -19.16534370766));
#8289 = CARTESIAN_POINT('',(-0.302361327233,-13.6178192046,
    -19.16507638287));
#8290 = CARTESIAN_POINT('',(-0.298270158779,-13.60258718667,
    -19.16480885191));
#8291 = CARTESIAN_POINT('',(-0.294623221946,-13.58754399256,
    -19.16454421008));
#8292 = CARTESIAN_POINT('',(-0.291409717152,-13.57271015742,
    -19.16428608116));
#8293 = CARTESIAN_POINT('',(-0.288618495196,-13.55810583069,
    -19.16403864671));
#8294 = CARTESIAN_POINT('',(-0.286237102564,-13.54374535138,
    -19.16380653347));
#8295 = CARTESIAN_POINT('',(-0.28425210004,-13.5296347664,
    -19.16359472924));
#8296 = CARTESIAN_POINT('',(-0.282650019293,-13.51577199246,
    -19.16340852687));
#8297 = CARTESIAN_POINT('',(-0.281418649781,-13.50215395575,
    -19.16325351885));
#8298 = CARTESIAN_POINT('',(-0.280546832387,-13.4887780887,
    -19.16313538136));
#8299 = CARTESIAN_POINT('',(-0.280023977203,-13.47564002137,
    -19.16305956898));
#8300 = CARTESIAN_POINT('',(-0.279862041904,-13.46429077231,
    -19.1630343903));
#8301 = CARTESIAN_POINT('',(-0.279908724046,-13.45732705337,
    -19.16304164788));
#8302 = CARTESIAN_POINT('',(-0.279948538677,-13.45464693111,
    -19.16304801577));
#8303 = CARTESIAN_POINT('',(-1.017630201316,-14.36838173209,
    -19.17739981222));
#8304 = CARTESIAN_POINT('',(-1.009854791512,-14.36847141467,
    -19.17740054667));
#8305 = CARTESIAN_POINT('',(-0.993421646112,-14.36850671167,
    -19.17740077187));
#8306 = CARTESIAN_POINT('',(-0.968189886575,-14.36806018935,
    -19.17739748991));
#8307 = CARTESIAN_POINT('',(-0.941812721025,-14.36703576208,
    -19.17739092369));
#8308 = CARTESIAN_POINT('',(-0.915046796236,-14.3654174424,
    -19.17738189493));
#8309 = CARTESIAN_POINT('',(-0.887912369474,-14.36317449304,
    -19.17737109006));
#8310 = CARTESIAN_POINT('',(-0.860438110433,-14.36027545104,
    -19.17735911918));
#8311 = CARTESIAN_POINT('',(-0.832664384872,-14.35668960411,
    -19.17734650122));
#8312 = CARTESIAN_POINT('',(-0.804637681508,-14.3523878823,
    -19.17733365913));
#8313 = CARTESIAN_POINT('',(-0.77639955251,-14.3473419864,
    -19.17732092099));
#8314 = CARTESIAN_POINT('',(-0.748000118751,-14.34152655708,
    -19.17730853833));
#8315 = CARTESIAN_POINT('',(-0.719523322509,-14.3349266995,
    -19.17729671014));
#8316 = CARTESIAN_POINT('',(-0.691110337298,-14.32754989948,
    -19.17728560046));
#8317 = CARTESIAN_POINT('',(-0.662956646556,-14.31943400462,
    -19.17727534078));
#8318 = CARTESIAN_POINT('',(-0.635204065274,-14.31062179688,
    -19.1772659961));
#8319 = CARTESIAN_POINT('',(-0.607919559282,-14.30114534689,
    -19.17725757544));
#8320 = CARTESIAN_POINT('',(-0.581090063837,-14.29101142917,
    -19.17725005052));
#8321 = CARTESIAN_POINT('',(-0.554706620066,-14.28022628598,
    -19.17724339076));
#8322 = CARTESIAN_POINT('',(-0.52876992039,-14.26879889061,
    -19.17723756716));
#8323 = CARTESIAN_POINT('',(-0.503280120274,-14.25673720952,
    -19.17723255141));
#8324 = CARTESIAN_POINT('',(-0.478239054571,-14.2440491336,
    -19.17722831777));
#8325 = CARTESIAN_POINT('',(-0.453652666589,-14.23074400506,
    -19.17722484405));
#8326 = CARTESIAN_POINT('',(-0.429530347096,-14.21683292832,
    -19.17722211157));
#8327 = CARTESIAN_POINT('',(-0.405882281544,-14.20232768002,
    -19.17722010474));
#8328 = CARTESIAN_POINT('',(-0.382717467976,-14.1872394439,
    -19.17721881123));
#8329 = CARTESIAN_POINT('',(-0.360045671191,-14.1715799105,
    -19.17721822226));
#8330 = CARTESIAN_POINT('',(-0.337878495919,-14.15536224384,
    -19.17721833252));
#8331 = CARTESIAN_POINT('',(-0.31622764463,-14.13860014347,
    -19.17721913993));
#8332 = CARTESIAN_POINT('',(-0.295104755365,-14.12130766938,
    -19.17722064567));
#8333 = CARTESIAN_POINT('',(-0.274521558804,-14.10349935549,
    -19.17722285416));
#8334 = CARTESIAN_POINT('',(-0.254490989813,-14.08519137894,
    -19.17722577268));
#8335 = CARTESIAN_POINT('',(-0.235025769493,-14.06640049216,
    -19.17722941133));
#8336 = CARTESIAN_POINT('',(-0.216137987525,-14.04714357495,
    -19.17723378297));
#8337 = CARTESIAN_POINT('',(-0.197840349764,-14.02743888328,
    -19.1772389028));
#8338 = CARTESIAN_POINT('',(-0.180146582808,-14.00730681116,
    -19.17724478768));
#8339 = CARTESIAN_POINT('',(-0.163071120081,-13.98676999617,
    -19.17725145543));
#8340 = CARTESIAN_POINT('',(-0.146627489928,-13.96585165011,
    -19.1772589247));
#8341 = CARTESIAN_POINT('',(-0.130827840502,-13.94457479274,
    -19.17726721454));
#8342 = CARTESIAN_POINT('',(-0.115683211764,-13.92296231231,
    -19.17727634362));
#8343 = CARTESIAN_POINT('',(-0.101204224234,-13.90103778188,
    -19.17728632866));
#8344 = CARTESIAN_POINT('',(-8.740125203571E-02,-13.87882575686,
    -19.17729718261));
#8345 = CARTESIAN_POINT('',(-7.428508416446E-02,-13.85635297705,
    -19.17730891181));
#8346 = CARTESIAN_POINT('',(-6.186704341833E-02,-13.83364908007,
    -19.17732151261));
#8347 = CARTESIAN_POINT('',(-5.015857479676E-02,-13.8107465623,
    -19.17733496747));
#8348 = CARTESIAN_POINT('',(-3.916960346403E-02,-13.78767791627,
    -19.17734924229));
#8349 = CARTESIAN_POINT('',(-2.89081090098E-02,-13.76447411778,
    -19.17736428254));
#8350 = CARTESIAN_POINT('',(-1.938055548278E-02,-13.7411645862,
    -19.17738000797));
#8351 = CARTESIAN_POINT('',(-1.059278994824E-02,-13.71777865422,
    -19.17739630537));
#8352 = CARTESIAN_POINT('',(-2.550214128339E-03,-13.69434578835,
    -19.17741302172));
#8353 = CARTESIAN_POINT('',(4.742229712036E-03,-13.67089538073,
    -19.17742995773));
#8354 = CARTESIAN_POINT('',(1.127975532985E-02,-13.64745767128,
    -19.17744686143));
#8355 = CARTESIAN_POINT('',(1.705745233205E-02,-13.62406565546,
    -19.17746342298));
#8356 = CARTESIAN_POINT('',(2.20725775502E-02,-13.60074721106,
    -19.17747928004));
#8357 = CARTESIAN_POINT('',(2.632449010045E-02,-13.57752136849,
    -19.1774940236));
#8358 = CARTESIAN_POINT('',(2.981326768375E-02,-13.55439854266,
    -19.1775072041));
#8359 = CARTESIAN_POINT('',(3.253746085575E-02,-13.53139301208,
    -19.17751833648));
#8360 = CARTESIAN_POINT('',(3.449512961458E-02,-13.50852585431,
    -19.17752692137));
#8361 = CARTESIAN_POINT('',(3.568562707231E-02,-13.48582295693,
    -19.17753248197));
#8362 = CARTESIAN_POINT('',(3.605968768161E-02,-13.46602762855,
    -19.17753433359));
#8363 = CARTESIAN_POINT('',(3.595188324007E-02,-13.45380888576,
    -19.17753380804));
#8364 = CARTESIAN_POINT('',(3.585937387635E-02,-13.44909687479,
    -19.17753333505));
#8365 = ADVANCED_FACE('',(#8366),#8372,.F.);
#8366 = FACE_BOUND('',#8367,.F.);
#8367 = EDGE_LOOP('',(#8368,#8369,#8370,#8371));
#8368 = ORIENTED_EDGE('',*,*,#8044,.T.);
#8369 = ORIENTED_EDGE('',*,*,#7618,.F.);
#8370 = ORIENTED_EDGE('',*,*,#7816,.T.);
#8371 = ORIENTED_EDGE('',*,*,#7876,.T.);
#8372 = CYLINDRICAL_SURFACE('',#8373,0.508);
#8373 = AXIS2_PLACEMENT_3D('',#8374,#8375,#8376);
#8374 = CARTESIAN_POINT('',(1.27E-02,63.58627872,-19.685));
#8375 = DIRECTION('',(0.,-1.,0.));
#8376 = DIRECTION('',(0.,0.,1.));
#8377 = ADVANCED_FACE('',(#8378),#8384,.T.);
#8378 = FACE_BOUND('',#8379,.T.);
#8379 = EDGE_LOOP('',(#8380,#8381,#8382,#8383));
#8380 = ORIENTED_EDGE('',*,*,#7868,.F.);
#8381 = ORIENTED_EDGE('',*,*,#8051,.F.);
#8382 = ORIENTED_EDGE('',*,*,#7982,.T.);
#8383 = ORIENTED_EDGE('',*,*,#7930,.F.);
#8384 = CYLINDRICAL_SURFACE('',#8385,0.508);
#8385 = AXIS2_PLACEMENT_3D('',#8386,#8387,#8388);
#8386 = CARTESIAN_POINT('',(-1.0033,-13.462,39.87104830057));
#8387 = DIRECTION('',(0.,0.,-1.));
#8388 = DIRECTION('',(1.,0.,0.));
#8389 = ADVANCED_FACE('',(#8390),#8444,.F.);
#8390 = FACE_BOUND('',#8391,.F.);
#8391 = EDGE_LOOP('',(#8392,#8393,#8394,#8395,#8404,#8412,#8419,#8420,
    #8421,#8422,#8430,#8438));
#8392 = ORIENTED_EDGE('',*,*,#5259,.F.);
#8393 = ORIENTED_EDGE('',*,*,#7906,.F.);
#8394 = ORIENTED_EDGE('',*,*,#7891,.T.);
#8395 = ORIENTED_EDGE('',*,*,#8396,.F.);
#8396 = EDGE_CURVE('',#8397,#7884,#8399,.T.);
#8397 = VERTEX_POINT('',#8398);
#8398 = CARTESIAN_POINT('',(1.27E-02,-8.636,-22.352));
#8399 = CIRCLE('',#8400,0.508);
#8400 = AXIS2_PLACEMENT_3D('',#8401,#8402,#8403);
#8401 = CARTESIAN_POINT('',(1.27E-02,-8.636,-22.86));
#8402 = DIRECTION('',(0.,-1.,0.));
#8403 = DIRECTION('',(1.551689660401E-14,0.,1.));
#8404 = ORIENTED_EDGE('',*,*,#8405,.T.);
#8405 = EDGE_CURVE('',#8397,#8406,#8408,.T.);
#8406 = VERTEX_POINT('',#8407);
#8407 = CARTESIAN_POINT('',(4.0767,-8.636,-22.352));
#8408 = LINE('',#8409,#8410);
#8409 = CARTESIAN_POINT('',(1.27E-02,-8.636,-22.352));
#8410 = VECTOR('',#8411,1.);
#8411 = DIRECTION('',(1.,0.,0.));
#8412 = ORIENTED_EDGE('',*,*,#8413,.F.);
#8413 = EDGE_CURVE('',#7547,#8406,#8414,.T.);
#8414 = CIRCLE('',#8415,0.508);
#8415 = AXIS2_PLACEMENT_3D('',#8416,#8417,#8418);
#8416 = CARTESIAN_POINT('',(4.0767,-8.636,-22.86));
#8417 = DIRECTION('',(0.,-1.,0.));
#8418 = DIRECTION('',(1.,0.,0.));
#8419 = ORIENTED_EDGE('',*,*,#7546,.F.);
#8420 = ORIENTED_EDGE('',*,*,#7504,.F.);
#8421 = ORIENTED_EDGE('',*,*,#4913,.F.);
#8422 = ORIENTED_EDGE('',*,*,#8423,.T.);
#8423 = EDGE_CURVE('',#4905,#8424,#8426,.T.);
#8424 = VERTEX_POINT('',#8425);
#8425 = CARTESIAN_POINT('',(9.423977320444,-8.636,-28.8036));
#8426 = LINE('',#8427,#8428);
#8427 = CARTESIAN_POINT('',(9.423977320444,-8.636,-26.162));
#8428 = VECTOR('',#8429,1.);
#8429 = DIRECTION('',(0.,0.,-1.));
#8430 = ORIENTED_EDGE('',*,*,#8431,.T.);
#8431 = EDGE_CURVE('',#8424,#8432,#8434,.T.);
#8432 = VERTEX_POINT('',#8433);
#8433 = CARTESIAN_POINT('',(-5.334577320444,-8.636,-28.8036));
#8434 = LINE('',#8435,#8436);
#8435 = CARTESIAN_POINT('',(9.423977320444,-8.636,-28.8036));
#8436 = VECTOR('',#8437,1.);
#8437 = DIRECTION('',(-1.,0.,0.));
#8438 = ORIENTED_EDGE('',*,*,#8439,.T.);
#8439 = EDGE_CURVE('',#8432,#5260,#8440,.T.);
#8440 = LINE('',#8441,#8442);
#8441 = CARTESIAN_POINT('',(-5.334577320444,-8.636,-28.8036));
#8442 = VECTOR('',#8443,1.);
#8443 = DIRECTION('',(0.,0.,1.));
#8444 = PLANE('',#8445);
#8445 = AXIS2_PLACEMENT_3D('',#8446,#8447,#8448);
#8446 = CARTESIAN_POINT('',(-0.4953,-8.636,-26.162));
#8447 = DIRECTION('',(0.,1.,0.));
#8448 = DIRECTION('',(1.,0.,0.));
#8449 = ADVANCED_FACE('',(#8450),#8461,.F.);
#8450 = FACE_BOUND('',#8451,.F.);
#8451 = EDGE_LOOP('',(#8452,#8453,#8454,#8460));
#8452 = ORIENTED_EDGE('',*,*,#7883,.F.);
#8453 = ORIENTED_EDGE('',*,*,#7843,.T.);
#8454 = ORIENTED_EDGE('',*,*,#8455,.T.);
#8455 = EDGE_CURVE('',#7836,#8397,#8456,.T.);
#8456 = LINE('',#8457,#8458);
#8457 = CARTESIAN_POINT('',(1.27E-02,-11.43,-22.352));
#8458 = VECTOR('',#8459,1.);
#8459 = DIRECTION('',(0.,1.,0.));
#8460 = ORIENTED_EDGE('',*,*,#8396,.T.);
#8461 = CYLINDRICAL_SURFACE('',#8462,0.508);
#8462 = AXIS2_PLACEMENT_3D('',#8463,#8464,#8465);
#8463 = CARTESIAN_POINT('',(1.27E-02,-63.58627872,-22.86));
#8464 = DIRECTION('',(0.,1.,0.));
#8465 = DIRECTION('',(-1.,0.,0.));
#8466 = ADVANCED_FACE('',(#8467),#8478,.T.);
#8467 = FACE_BOUND('',#8468,.F.);
#8468 = EDGE_LOOP('',(#8469,#8475,#8476,#8477));
#8469 = ORIENTED_EDGE('',*,*,#8470,.F.);
#8470 = EDGE_CURVE('',#8406,#7827,#8471,.T.);
#8471 = LINE('',#8472,#8473);
#8472 = CARTESIAN_POINT('',(4.0767,-8.636,-22.352));
#8473 = VECTOR('',#8474,1.);
#8474 = DIRECTION('',(0.,-1.,0.));
#8475 = ORIENTED_EDGE('',*,*,#8405,.F.);
#8476 = ORIENTED_EDGE('',*,*,#8455,.F.);
#8477 = ORIENTED_EDGE('',*,*,#7835,.F.);
#8478 = PLANE('',#8479);
#8479 = AXIS2_PLACEMENT_3D('',#8480,#8481,#8482);
#8480 = CARTESIAN_POINT('',(0.,0.,-22.352));
#8481 = DIRECTION('',(0.,0.,-1.));
#8482 = DIRECTION('',(-1.,0.,0.));
#8483 = ADVANCED_FACE('',(#8484),#8490,.F.);
#8484 = FACE_BOUND('',#8485,.F.);
#8485 = EDGE_LOOP('',(#8486,#8487,#8488,#8489));
#8486 = ORIENTED_EDGE('',*,*,#7554,.F.);
#8487 = ORIENTED_EDGE('',*,*,#8413,.T.);
#8488 = ORIENTED_EDGE('',*,*,#8470,.T.);
#8489 = ORIENTED_EDGE('',*,*,#7826,.T.);
#8490 = CYLINDRICAL_SURFACE('',#8491,0.508);
#8491 = AXIS2_PLACEMENT_3D('',#8492,#8493,#8494);
#8492 = CARTESIAN_POINT('',(4.0767,63.58627872,-22.86));
#8493 = DIRECTION('',(0.,-1.,0.));
#8494 = DIRECTION('',(1.,0.,0.));
#8495 = ADVANCED_FACE('',(#8496),#8515,.F.);
#8496 = FACE_BOUND('',#8497,.F.);
#8497 = EDGE_LOOP('',(#8498,#8507,#8508,#8509));
#8498 = ORIENTED_EDGE('',*,*,#8499,.F.);
#8499 = EDGE_CURVE('',#8424,#8500,#8502,.T.);
#8500 = VERTEX_POINT('',#8501);
#8501 = CARTESIAN_POINT('',(9.889567011051,-9.3472,-28.8036));
#8502 = CIRCLE('',#8503,0.508);
#8503 = AXIS2_PLACEMENT_3D('',#8504,#8505,#8506);
#8504 = CARTESIAN_POINT('',(9.423977320444,-9.144,-28.8036));
#8505 = DIRECTION('',(0.,0.,-1.));
#8506 = DIRECTION('',(0.,1.,0.));
#8507 = ORIENTED_EDGE('',*,*,#8423,.F.);
#8508 = ORIENTED_EDGE('',*,*,#4904,.T.);
#8509 = ORIENTED_EDGE('',*,*,#8510,.T.);
#8510 = EDGE_CURVE('',#4896,#8500,#8511,.T.);
#8511 = LINE('',#8512,#8513);
#8512 = CARTESIAN_POINT('',(9.889567011051,-9.3472,-26.162));
#8513 = VECTOR('',#8514,1.);
#8514 = DIRECTION('',(0.,0.,-1.));
#8515 = CYLINDRICAL_SURFACE('',#8516,0.508);
#8516 = AXIS2_PLACEMENT_3D('',#8517,#8518,#8519);
#8517 = CARTESIAN_POINT('',(9.423977320444,-9.144,39.87104830057));
#8518 = DIRECTION('',(0.,0.,-1.));
#8519 = DIRECTION('',(0.,1.,0.));
#8520 = ADVANCED_FACE('',(#8521),#8549,.T.);
#8521 = FACE_BOUND('',#8522,.T.);
#8522 = EDGE_LOOP('',(#8523,#8540,#8541,#8548));
#8523 = ORIENTED_EDGE('',*,*,#8524,.T.);
#8524 = EDGE_CURVE('',#5403,#8500,#8525,.T.);
#8525 = B_SPLINE_CURVE_WITH_KNOTS('',3,(#8526,#8527,#8528,#8529,#8530,
    #8531,#8532,#8533,#8534,#8535,#8536,#8537,#8538,#8539),
  .UNSPECIFIED.,.F.,.F.,(4,1,1,1,1,1,1,1,1,1,1,4),(0.,9.090909090909E-02
    ,0.181818181818,0.272727272727,0.363636363636,0.454545454545,
    0.545454545455,0.636363636364,0.727272727273,0.818181818182,
    0.909090909091,1.),.UNSPECIFIED.);
#8526 = CARTESIAN_POINT('',(10.30780494917,-8.642896495028,-29.3116));
#8527 = CARTESIAN_POINT('',(10.29594554241,-8.658170015623,-29.3116));
#8528 = CARTESIAN_POINT('',(10.27206700511,-8.689476977116,
    -29.30971944755));
#8529 = CARTESIAN_POINT('',(10.23589817611,-8.738729667306,
    -29.30089817148));
#8530 = CARTESIAN_POINT('',(10.19939857509,-8.790447726505,
    -29.28557947315));
#8531 = CARTESIAN_POINT('',(10.16271960185,-8.84462822935,
    -29.26322430282));
#8532 = CARTESIAN_POINT('',(10.12552276082,-8.902031019309,
    -29.23281357371));
#8533 = CARTESIAN_POINT('',(10.08734049032,-8.96379068979,-29.1926317752
    ));
#8534 = CARTESIAN_POINT('',(10.04830123252,-9.03027324141,
    -29.14099157777));
#8535 = CARTESIAN_POINT('',(10.00927634705,-9.100518842732,
    -29.07757482899));
#8536 = CARTESIAN_POINT('',(9.969833460263,-9.175855326106,
    -29.00065742593));
#8537 = CARTESIAN_POINT('',(9.929608558926,-9.257965344647,
    -28.90857474789));
#8538 = CARTESIAN_POINT('',(9.902993180728,-9.316436780581,
    -28.83965504928));
#8539 = CARTESIAN_POINT('',(9.889567011051,-9.3472,-28.8036));
#8540 = ORIENTED_EDGE('',*,*,#8499,.F.);
#8541 = ORIENTED_EDGE('',*,*,#8542,.T.);
#8542 = EDGE_CURVE('',#8424,#5395,#8543,.T.);
#8543 = CIRCLE('',#8544,0.508);
#8544 = AXIS2_PLACEMENT_3D('',#8545,#8546,#8547);
#8545 = CARTESIAN_POINT('',(9.423977320444,-8.128,-28.8036));
#8546 = DIRECTION('',(1.,0.,0.));
#8547 = DIRECTION('',(0.,-1.,0.));
#8548 = ORIENTED_EDGE('',*,*,#5402,.F.);
#8549 = TOROIDAL_SURFACE('',#8550,1.016,0.508);
#8550 = AXIS2_PLACEMENT_3D('',#8551,#8552,#8553);
#8551 = CARTESIAN_POINT('',(9.423977320444,-9.144,-28.8036));
#8552 = DIRECTION('',(0.,0.,-1.));
#8553 = DIRECTION('',(0.857565799077,0.514374280319,0.));
#8554 = ADVANCED_FACE('',(#8555),#8567,.T.);
#8555 = FACE_BOUND('',#8556,.T.);
#8556 = EDGE_LOOP('',(#8557,#8564,#8565,#8566));
#8557 = ORIENTED_EDGE('',*,*,#8558,.F.);
#8558 = EDGE_CURVE('',#5386,#8432,#8559,.T.);
#8559 = CIRCLE('',#8560,0.508);
#8560 = AXIS2_PLACEMENT_3D('',#8561,#8562,#8563);
#8561 = CARTESIAN_POINT('',(-5.334577320444,-8.128,-28.8036));
#8562 = DIRECTION('',(-1.,0.,0.));
#8563 = DIRECTION('',(0.,0.,-1.));
#8564 = ORIENTED_EDGE('',*,*,#5394,.F.);
#8565 = ORIENTED_EDGE('',*,*,#8542,.F.);
#8566 = ORIENTED_EDGE('',*,*,#8431,.T.);
#8567 = CYLINDRICAL_SURFACE('',#8568,0.508);
#8568 = AXIS2_PLACEMENT_3D('',#8569,#8570,#8571);
#8569 = CARTESIAN_POINT('',(77.7002764,-8.128,-28.8036));
#8570 = DIRECTION('',(-1.,0.,0.));
#8571 = DIRECTION('',(0.,0.,-1.));
#8572 = ADVANCED_FACE('',(#8573),#8585,.T.);
#8573 = FACE_BOUND('',#8574,.T.);
#8574 = EDGE_LOOP('',(#8575,#8576,#8577,#8578));
#8575 = ORIENTED_EDGE('',*,*,#5727,.T.);
#8576 = ORIENTED_EDGE('',*,*,#5385,.F.);
#8577 = ORIENTED_EDGE('',*,*,#8558,.T.);
#8578 = ORIENTED_EDGE('',*,*,#8579,.F.);
#8579 = EDGE_CURVE('',#5728,#8432,#8580,.T.);
#8580 = CIRCLE('',#8581,0.508);
#8581 = AXIS2_PLACEMENT_3D('',#8582,#8583,#8584);
#8582 = CARTESIAN_POINT('',(-5.334577320444,-9.144,-28.8036));
#8583 = DIRECTION('',(0.,0.,-1.));
#8584 = DIRECTION('',(-0.916515138991,-0.4,-0.));
#8585 = TOROIDAL_SURFACE('',#8586,1.016,0.508);
#8586 = AXIS2_PLACEMENT_3D('',#8587,#8588,#8589);
#8587 = CARTESIAN_POINT('',(-5.334577320444,-9.144,-28.8036));
#8588 = DIRECTION('',(0.,0.,1.));
#8589 = DIRECTION('',(0.83606375701,-0.548632294178,0.));
#8590 = ADVANCED_FACE('',(#8591),#8597,.F.);
#8591 = FACE_BOUND('',#8592,.F.);
#8592 = EDGE_LOOP('',(#8593,#8594,#8595,#8596));
#8593 = ORIENTED_EDGE('',*,*,#8579,.F.);
#8594 = ORIENTED_EDGE('',*,*,#5746,.T.);
#8595 = ORIENTED_EDGE('',*,*,#5267,.T.);
#8596 = ORIENTED_EDGE('',*,*,#8439,.F.);
#8597 = CYLINDRICAL_SURFACE('',#8598,0.508);
#8598 = AXIS2_PLACEMENT_3D('',#8599,#8600,#8601);
#8599 = CARTESIAN_POINT('',(-5.334577320444,-9.144,-70.09256822566));
#8600 = DIRECTION('',(0.,0.,1.));
#8601 = DIRECTION('',(0.,1.,0.));
#8602 = ADVANCED_FACE('',(#8603),#8643,.T.);
#8603 = FACE_BOUND('',#8604,.T.);
#8604 = EDGE_LOOP('',(#8605,#8606,#8607,#8608,#8609,#8610,#8628,#8634,
    #8635,#8636));
#8605 = ORIENTED_EDGE('',*,*,#7373,.F.);
#8606 = ORIENTED_EDGE('',*,*,#4895,.T.);
#8607 = ORIENTED_EDGE('',*,*,#8510,.T.);
#8608 = ORIENTED_EDGE('',*,*,#8524,.F.);
#8609 = ORIENTED_EDGE('',*,*,#5411,.T.);
#8610 = ORIENTED_EDGE('',*,*,#8611,.F.);
#8611 = EDGE_CURVE('',#8612,#5412,#8614,.T.);
#8612 = VERTEX_POINT('',#8613);
#8613 = CARTESIAN_POINT('',(13.06999333333,-7.369597470802,-28.8036));
#8614 = B_SPLINE_CURVE_WITH_KNOTS('',3,(#8615,#8616,#8617,#8618,#8619,
    #8620,#8621,#8622,#8623,#8624,#8625,#8626,#8627),.UNSPECIFIED.,.F.,
  .F.,(4,1,1,1,1,1,1,1,1,1,4),(0.,0.1,0.2,0.3,0.4,0.5,0.6,0.7,0.8,0.9,1.
    ),.QUASI_UNIFORM_KNOTS.);
#8615 = CARTESIAN_POINT('',(13.06999333333,-7.369597470802,-28.8036));
#8616 = CARTESIAN_POINT('',(13.03213372933,-7.367828762305,
    -28.84431209343));
#8617 = CARTESIAN_POINT('',(12.96012325889,-7.365750121573,
    -28.92152525081));
#8618 = CARTESIAN_POINT('',(12.85927621966,-7.366005654806,
    -29.0214482456));
#8619 = CARTESIAN_POINT('',(12.76510701117,-7.369027078358,
    -29.10336833894));
#8620 = CARTESIAN_POINT('',(12.67761476752,-7.374251572359,
    -29.16789033745));
#8621 = CARTESIAN_POINT('',(12.59712826719,-7.381115116418,
    -29.21692041705));
#8622 = CARTESIAN_POINT('',(12.52176289834,-7.389329736799,
    -29.25380519383));
#8623 = CARTESIAN_POINT('',(12.45013578649,-7.398759529985,
    -29.28070655146));
#8624 = CARTESIAN_POINT('',(12.38163955261,-7.409271936635,
    -29.29893105045));
#8625 = CARTESIAN_POINT('',(12.31594006549,-7.420742688675,
    -29.30938422914));
#8626 = CARTESIAN_POINT('',(12.27390580769,-7.428943307263,-29.3116));
#8627 = CARTESIAN_POINT('',(12.25333753127,-7.433156112726,-29.3116));
#8628 = ORIENTED_EDGE('',*,*,#8629,.T.);
#8629 = EDGE_CURVE('',#8612,#5206,#8630,.T.);
#8630 = LINE('',#8631,#8632);
#8631 = CARTESIAN_POINT('',(13.06999333333,-7.369597470802,-28.8036));
#8632 = VECTOR('',#8633,1.);
#8633 = DIRECTION('',(0.,0.,1.));
#8634 = ORIENTED_EDGE('',*,*,#5214,.T.);
#8635 = ORIENTED_EDGE('',*,*,#7390,.T.);
#8636 = ORIENTED_EDGE('',*,*,#8637,.F.);
#8637 = EDGE_CURVE('',#7374,#7382,#8638,.T.);
#8638 = CIRCLE('',#8639,3.302);
#8639 = AXIS2_PLACEMENT_3D('',#8640,#8641,#8642);
#8640 = CARTESIAN_POINT('',(12.9159,-10.668,-29.845));
#8641 = DIRECTION('',(0.,0.,-1.));
#8642 = DIRECTION('',(-1.,0.,0.));
#8643 = CYLINDRICAL_SURFACE('',#8644,3.302);
#8644 = AXIS2_PLACEMENT_3D('',#8645,#8646,#8647);
#8645 = CARTESIAN_POINT('',(12.9159,-10.668,-26.162));
#8646 = DIRECTION('',(0.,0.,-1.));
#8647 = DIRECTION('',(-1.,0.,0.));
#8648 = ADVANCED_FACE('',(#8649),#8667,.T.);
#8649 = FACE_BOUND('',#8650,.T.);
#8650 = EDGE_LOOP('',(#8651,#8658,#8659,#8666));
#8651 = ORIENTED_EDGE('',*,*,#8652,.T.);
#8652 = EDGE_CURVE('',#5847,#7374,#8653,.T.);
#8653 = CIRCLE('',#8654,0.508);
#8654 = AXIS2_PLACEMENT_3D('',#8655,#8656,#8657);
#8655 = CARTESIAN_POINT('',(10.1219,-10.668,-29.845));
#8656 = DIRECTION('',(0.,1.,0.));
#8657 = DIRECTION('',(0.,0.,-1.));
#8658 = ORIENTED_EDGE('',*,*,#8637,.T.);
#8659 = ORIENTED_EDGE('',*,*,#8660,.F.);
#8660 = EDGE_CURVE('',#5849,#7382,#8661,.T.);
#8661 = CIRCLE('',#8662,0.508);
#8662 = AXIS2_PLACEMENT_3D('',#8663,#8664,#8665);
#8663 = CARTESIAN_POINT('',(15.7099,-10.668,-29.845));
#8664 = DIRECTION('',(0.,-1.,0.));
#8665 = DIRECTION('',(0.,0.,-1.));
#8666 = ORIENTED_EDGE('',*,*,#5846,.F.);
#8667 = TOROIDAL_SURFACE('',#8668,2.794,0.508);
#8668 = AXIS2_PLACEMENT_3D('',#8669,#8670,#8671);
#8669 = CARTESIAN_POINT('',(12.9159,-10.668,-29.845));
#8670 = DIRECTION('',(0.,0.,-1.));
#8671 = DIRECTION('',(-0.999995658844,-2.946573159237E-03,-0.));
#8672 = ADVANCED_FACE('',(#8673),#8679,.T.);
#8673 = FACE_BOUND('',#8674,.T.);
#8674 = EDGE_LOOP('',(#8675,#8676,#8677,#8678));
#8675 = ORIENTED_EDGE('',*,*,#8660,.T.);
#8676 = ORIENTED_EDGE('',*,*,#7381,.T.);
#8677 = ORIENTED_EDGE('',*,*,#8652,.F.);
#8678 = ORIENTED_EDGE('',*,*,#5857,.F.);
#8679 = TOROIDAL_SURFACE('',#8680,2.794,0.508);
#8680 = AXIS2_PLACEMENT_3D('',#8681,#8682,#8683);
#8681 = CARTESIAN_POINT('',(12.9159,-10.668,-29.845));
#8682 = DIRECTION('',(0.,0.,-1.));
#8683 = DIRECTION('',(0.999995658844,2.946573159238E-03,0.));
#8684 = ADVANCED_FACE('',(#8685),#8704,.F.);
#8685 = FACE_BOUND('',#8686,.F.);
#8686 = EDGE_LOOP('',(#8687,#8696,#8697,#8698));
#8687 = ORIENTED_EDGE('',*,*,#8688,.T.);
#8688 = EDGE_CURVE('',#8689,#8612,#8691,.T.);
#8689 = VERTEX_POINT('',#8690);
#8690 = CARTESIAN_POINT('',(12.5857,-6.862150927848,-28.8036));
#8691 = CIRCLE('',#8692,0.508);
#8692 = AXIS2_PLACEMENT_3D('',#8693,#8694,#8695);
#8693 = CARTESIAN_POINT('',(13.0937,-6.862150927848,-28.8036));
#8694 = DIRECTION('',(0.,0.,1.));
#8695 = DIRECTION('',(-1.,0.,0.));
#8696 = ORIENTED_EDGE('',*,*,#8629,.T.);
#8697 = ORIENTED_EDGE('',*,*,#5205,.T.);
#8698 = ORIENTED_EDGE('',*,*,#8699,.F.);
#8699 = EDGE_CURVE('',#8689,#5198,#8700,.T.);
#8700 = LINE('',#8701,#8702);
#8701 = CARTESIAN_POINT('',(12.5857,-6.862150927848,-28.8036));
#8702 = VECTOR('',#8703,1.);
#8703 = DIRECTION('',(0.,0.,1.));
#8704 = CYLINDRICAL_SURFACE('',#8705,0.508);
#8705 = AXIS2_PLACEMENT_3D('',#8706,#8707,#8708);
#8706 = CARTESIAN_POINT('',(13.0937,-6.862150927848,-70.09256822566));
#8707 = DIRECTION('',(0.,0.,1.));
#8708 = DIRECTION('',(-1.,0.,0.));
#8709 = ADVANCED_FACE('',(#8710),#8722,.T.);
#8710 = FACE_BOUND('',#8711,.T.);
#8711 = EDGE_LOOP('',(#8712,#8713,#8714,#8715));
#8712 = ORIENTED_EDGE('',*,*,#8688,.T.);
#8713 = ORIENTED_EDGE('',*,*,#8611,.T.);
#8714 = ORIENTED_EDGE('',*,*,#5420,.T.);
#8715 = ORIENTED_EDGE('',*,*,#8716,.T.);
#8716 = EDGE_CURVE('',#5421,#8689,#8717,.T.);
#8717 = CIRCLE('',#8718,0.508);
#8718 = AXIS2_PLACEMENT_3D('',#8719,#8720,#8721);
#8719 = CARTESIAN_POINT('',(12.0777,-6.862150927848,-28.8036));
#8720 = DIRECTION('',(0.,-1.,0.));
#8721 = DIRECTION('',(0.,0.,-1.));
#8722 = TOROIDAL_SURFACE('',#8723,1.016,0.508);
#8723 = AXIS2_PLACEMENT_3D('',#8724,#8725,#8726);
#8724 = CARTESIAN_POINT('',(13.0937,-6.862150927848,-28.8036));
#8725 = DIRECTION('',(0.,0.,1.));
#8726 = DIRECTION('',(0.724168366467,0.689623213798,-0.));
#8727 = ADVANCED_FACE('',(#8728),#8747,.T.);
#8728 = FACE_BOUND('',#8729,.T.);
#8729 = EDGE_LOOP('',(#8730,#8731,#8740,#8746));
#8730 = ORIENTED_EDGE('',*,*,#5429,.F.);
#8731 = ORIENTED_EDGE('',*,*,#8732,.T.);
#8732 = EDGE_CURVE('',#5430,#8733,#8735,.T.);
#8733 = VERTEX_POINT('',#8734);
#8734 = CARTESIAN_POINT('',(12.5857,-2.480250377258,-28.8036));
#8735 = CIRCLE('',#8736,0.508);
#8736 = AXIS2_PLACEMENT_3D('',#8737,#8738,#8739);
#8737 = CARTESIAN_POINT('',(12.0777,-2.480250377258,-28.8036));
#8738 = DIRECTION('',(0.,-1.,0.));
#8739 = DIRECTION('',(0.,0.,-1.));
#8740 = ORIENTED_EDGE('',*,*,#8741,.T.);
#8741 = EDGE_CURVE('',#8733,#8689,#8742,.T.);
#8742 = LINE('',#8743,#8744);
#8743 = CARTESIAN_POINT('',(12.5857,-2.480250377258,-28.8036));
#8744 = VECTOR('',#8745,1.);
#8745 = DIRECTION('',(0.,-1.,0.));
#8746 = ORIENTED_EDGE('',*,*,#8716,.F.);
#8747 = CYLINDRICAL_SURFACE('',#8748,0.508);
#8748 = AXIS2_PLACEMENT_3D('',#8749,#8750,#8751);
#8749 = CARTESIAN_POINT('',(12.0777,-2.470520778607,-28.8036));
#8750 = DIRECTION('',(0.,-1.,0.));
#8751 = DIRECTION('',(0.,0.,-1.));
#8752 = ADVANCED_FACE('',(#8753),#8764,.T.);
#8753 = FACE_BOUND('',#8754,.F.);
#8754 = EDGE_LOOP('',(#8755,#8756,#8757,#8758));
#8755 = ORIENTED_EDGE('',*,*,#8741,.T.);
#8756 = ORIENTED_EDGE('',*,*,#8699,.T.);
#8757 = ORIENTED_EDGE('',*,*,#5197,.F.);
#8758 = ORIENTED_EDGE('',*,*,#8759,.T.);
#8759 = EDGE_CURVE('',#5189,#8733,#8760,.T.);
#8760 = LINE('',#8761,#8762);
#8761 = CARTESIAN_POINT('',(12.5857,-2.480250377258,-26.162));
#8762 = VECTOR('',#8763,1.);
#8763 = DIRECTION('',(0.,-1.344909781496E-13,-1.));
#8764 = PLANE('',#8765);
#8765 = AXIS2_PLACEMENT_3D('',#8766,#8767,#8768);
#8766 = CARTESIAN_POINT('',(12.5857,-2.480250377258,-26.162));
#8767 = DIRECTION('',(1.,0.,0.));
#8768 = DIRECTION('',(0.,-1.,0.));
#8769 = ADVANCED_FACE('',(#8770),#8789,.F.);
#8770 = FACE_BOUND('',#8771,.F.);
#8771 = EDGE_LOOP('',(#8772,#8781,#8782,#8783));
#8772 = ORIENTED_EDGE('',*,*,#8773,.T.);
#8773 = EDGE_CURVE('',#8774,#8733,#8776,.T.);
#8774 = VERTEX_POINT('',#8775);
#8775 = CARTESIAN_POINT('',(13.53764100219,-2.200266026887,-28.8036));
#8776 = CIRCLE('',#8777,0.51714492066);
#8777 = AXIS2_PLACEMENT_3D('',#8778,#8779,#8780);
#8778 = CARTESIAN_POINT('',(13.10284492066,-2.480250377258,-28.8036));
#8779 = DIRECTION('',(0.,0.,1.));
#8780 = DIRECTION('',(0.840762548674,0.541404042049,-0.));
#8781 = ORIENTED_EDGE('',*,*,#8759,.F.);
#8782 = ORIENTED_EDGE('',*,*,#5188,.T.);
#8783 = ORIENTED_EDGE('',*,*,#8784,.T.);
#8784 = EDGE_CURVE('',#5180,#8774,#8785,.T.);
#8785 = LINE('',#8786,#8787);
#8786 = CARTESIAN_POINT('',(13.53764100219,-2.200266026887,-26.162));
#8787 = VECTOR('',#8788,1.);
#8788 = DIRECTION('',(1.526472601998E-13,-2.375446901568E-13,-1.));
#8789 = CYLINDRICAL_SURFACE('',#8790,0.51714492066);
#8790 = AXIS2_PLACEMENT_3D('',#8791,#8792,#8793);
#8791 = CARTESIAN_POINT('',(13.10284492066,-2.480250377258,-26.162));
#8792 = DIRECTION('',(0.,0.,-1.));
#8793 = DIRECTION('',(-1.,0.,0.));
#8794 = ADVANCED_FACE('',(#8795),#8807,.T.);
#8795 = FACE_BOUND('',#8796,.T.);
#8796 = EDGE_LOOP('',(#8797,#8804,#8805,#8806));
#8797 = ORIENTED_EDGE('',*,*,#8798,.T.);
#8798 = EDGE_CURVE('',#5438,#8774,#8799,.T.);
#8799 = CIRCLE('',#8800,0.508);
#8800 = AXIS2_PLACEMENT_3D('',#8801,#8802,#8803);
#8801 = CARTESIAN_POINT('',(13.96474837691,-1.925232773526,-28.8036));
#8802 = DIRECTION('',(-0.541404042049,0.840762548674,2.411715761528E-29)
  );
#8803 = DIRECTION('',(-2.662480012081E-13,-1.714488166354E-13,-1.));
#8804 = ORIENTED_EDGE('',*,*,#8773,.T.);
#8805 = ORIENTED_EDGE('',*,*,#8732,.F.);
#8806 = ORIENTED_EDGE('',*,*,#5437,.F.);
#8807 = TOROIDAL_SURFACE('',#8808,1.02514492066,0.508);
#8808 = AXIS2_PLACEMENT_3D('',#8809,#8810,#8811);
#8809 = CARTESIAN_POINT('',(13.10284492066,-2.480250377258,-28.8036));
#8810 = DIRECTION('',(0.,0.,-1.));
#8811 = DIRECTION('',(0.854930360731,0.518742786263,0.));
#8812 = ADVANCED_FACE('',(#8813),#8833,.T.);
#8813 = FACE_BOUND('',#8814,.T.);
#8814 = EDGE_LOOP('',(#8815,#8824,#8831,#8832));
#8815 = ORIENTED_EDGE('',*,*,#8816,.T.);
#8816 = EDGE_CURVE('',#5447,#8817,#8819,.T.);
#8817 = VERTEX_POINT('',#8818);
#8818 = CARTESIAN_POINT('',(13.55171527393,2.221970321147,-28.8036));
#8819 = CIRCLE('',#8820,0.508);
#8820 = AXIS2_PLACEMENT_3D('',#8821,#8822,#8823);
#8821 = CARTESIAN_POINT('',(13.97706336469,1.944224031003,-28.8036));
#8822 = DIRECTION('',(0.546744665637,0.837299391256,0.));
#8823 = DIRECTION('',(0.,0.,-1.));
#8824 = ORIENTED_EDGE('',*,*,#8825,.T.);
#8825 = EDGE_CURVE('',#8817,#8774,#8826,.T.);
#8826 = CIRCLE('',#8827,4.064);
#8827 = AXIS2_PLACEMENT_3D('',#8828,#8829,#8830);
#8828 = CARTESIAN_POINT('',(16.9545,0.,-28.8036));
#8829 = DIRECTION('',(0.,0.,-1.));
#8830 = DIRECTION('',(-0.837299391256,0.546744665637,0.));
#8831 = ORIENTED_EDGE('',*,*,#8798,.F.);
#8832 = ORIENTED_EDGE('',*,*,#5446,.F.);
#8833 = TOROIDAL_SURFACE('',#8834,3.556,0.508);
#8834 = AXIS2_PLACEMENT_3D('',#8835,#8836,#8837);
#8835 = CARTESIAN_POINT('',(16.9545,0.,-28.8036));
#8836 = DIRECTION('',(0.,0.,-1.));
#8837 = DIRECTION('',(-0.838605948647,0.544738527088,0.));
#8838 = ADVANCED_FACE('',(#8839),#8850,.T.);
#8839 = FACE_BOUND('',#8840,.T.);
#8840 = EDGE_LOOP('',(#8841,#8847,#8848,#8849));
#8841 = ORIENTED_EDGE('',*,*,#8842,.F.);
#8842 = EDGE_CURVE('',#5171,#8817,#8843,.T.);
#8843 = LINE('',#8844,#8845);
#8844 = CARTESIAN_POINT('',(13.55171527393,2.221970321147,-26.162));
#8845 = VECTOR('',#8846,1.);
#8846 = DIRECTION('',(7.800476732678E-14,1.190245156624E-13,-1.));
#8847 = ORIENTED_EDGE('',*,*,#5179,.T.);
#8848 = ORIENTED_EDGE('',*,*,#8784,.T.);
#8849 = ORIENTED_EDGE('',*,*,#8825,.F.);
#8850 = CYLINDRICAL_SURFACE('',#8851,4.064);
#8851 = AXIS2_PLACEMENT_3D('',#8852,#8853,#8854);
#8852 = CARTESIAN_POINT('',(16.9545,0.,-26.162));
#8853 = DIRECTION('',(0.,0.,-1.));
#8854 = DIRECTION('',(-1.,0.,0.));
#8855 = ADVANCED_FACE('',(#8856),#8875,.F.);
#8856 = FACE_BOUND('',#8857,.F.);
#8857 = EDGE_LOOP('',(#8858,#8867,#8868,#8869));
#8858 = ORIENTED_EDGE('',*,*,#8859,.T.);
#8859 = EDGE_CURVE('',#8860,#8817,#8862,.T.);
#8860 = VERTEX_POINT('',#8861);
#8861 = CARTESIAN_POINT('',(12.5857,2.509437731445,-28.8036));
#8862 = CIRCLE('',#8863,0.52578);
#8863 = AXIS2_PLACEMENT_3D('',#8864,#8865,#8866);
#8864 = CARTESIAN_POINT('',(13.11148,2.509437731445,-28.8036));
#8865 = DIRECTION('',(0.,0.,1.));
#8866 = DIRECTION('',(-1.,0.,0.));
#8867 = ORIENTED_EDGE('',*,*,#8842,.F.);
#8868 = ORIENTED_EDGE('',*,*,#5170,.T.);
#8869 = ORIENTED_EDGE('',*,*,#8870,.T.);
#8870 = EDGE_CURVE('',#5163,#8860,#8871,.T.);
#8871 = LINE('',#8872,#8873);
#8872 = CARTESIAN_POINT('',(12.5857,2.509437731445,-26.162));
#8873 = VECTOR('',#8874,1.);
#8874 = DIRECTION('',(0.,3.458099275672E-13,-1.));
#8875 = CYLINDRICAL_SURFACE('',#8876,0.52578);
#8876 = AXIS2_PLACEMENT_3D('',#8877,#8878,#8879);
#8877 = CARTESIAN_POINT('',(13.11148,2.509437731445,-26.162));
#8878 = DIRECTION('',(0.,0.,-1.));
#8879 = DIRECTION('',(-1.,0.,0.));
#8880 = ADVANCED_FACE('',(#8881),#8893,.T.);
#8881 = FACE_BOUND('',#8882,.T.);
#8882 = EDGE_LOOP('',(#8883,#8890,#8891,#8892));
#8883 = ORIENTED_EDGE('',*,*,#8884,.T.);
#8884 = EDGE_CURVE('',#5456,#8860,#8885,.T.);
#8885 = CIRCLE('',#8886,0.508);
#8886 = AXIS2_PLACEMENT_3D('',#8887,#8888,#8889);
#8887 = CARTESIAN_POINT('',(12.0777,2.509437731445,-28.8036));
#8888 = DIRECTION('',(0.,-1.,0.));
#8889 = DIRECTION('',(0.,0.,-1.));
#8890 = ORIENTED_EDGE('',*,*,#8859,.T.);
#8891 = ORIENTED_EDGE('',*,*,#8816,.F.);
#8892 = ORIENTED_EDGE('',*,*,#5455,.F.);
#8893 = TOROIDAL_SURFACE('',#8894,1.03378,0.508);
#8894 = AXIS2_PLACEMENT_3D('',#8895,#8896,#8897);
#8895 = CARTESIAN_POINT('',(13.11148,2.509437731445,-28.8036));
#8896 = DIRECTION('',(0.,0.,-1.));
#8897 = DIRECTION('',(-0.999654503843,2.628446208114E-02,0.));
#8898 = ADVANCED_FACE('',(#8899),#8918,.T.);
#8899 = FACE_BOUND('',#8900,.T.);
#8900 = EDGE_LOOP('',(#8901,#8909,#8910,#8911));
#8901 = ORIENTED_EDGE('',*,*,#8902,.T.);
#8902 = EDGE_CURVE('',#8903,#8860,#8905,.T.);
#8903 = VERTEX_POINT('',#8904);
#8904 = CARTESIAN_POINT('',(12.5857,6.862150927848,-28.8036));
#8905 = LINE('',#8906,#8907);
#8906 = CARTESIAN_POINT('',(12.5857,6.862150927848,-28.8036));
#8907 = VECTOR('',#8908,1.);
#8908 = DIRECTION('',(0.,-1.,0.));
#8909 = ORIENTED_EDGE('',*,*,#8884,.F.);
#8910 = ORIENTED_EDGE('',*,*,#5464,.F.);
#8911 = ORIENTED_EDGE('',*,*,#8912,.F.);
#8912 = EDGE_CURVE('',#8903,#5465,#8913,.T.);
#8913 = CIRCLE('',#8914,0.508);
#8914 = AXIS2_PLACEMENT_3D('',#8915,#8916,#8917);
#8915 = CARTESIAN_POINT('',(12.0777,6.862150927848,-28.8036));
#8916 = DIRECTION('',(-0.,1.,0.));
#8917 = DIRECTION('',(1.,0.,0.));
#8918 = CYLINDRICAL_SURFACE('',#8919,0.508);
#8919 = AXIS2_PLACEMENT_3D('',#8920,#8921,#8922);
#8920 = CARTESIAN_POINT('',(12.0777,63.58627872,-28.8036));
#8921 = DIRECTION('',(0.,-1.,0.));
#8922 = DIRECTION('',(0.,0.,-1.));
#8923 = ADVANCED_FACE('',(#8924),#8953,.T.);
#8924 = FACE_BOUND('',#8925,.T.);
#8925 = EDGE_LOOP('',(#8926,#8927,#8928,#8946));
#8926 = ORIENTED_EDGE('',*,*,#8912,.T.);
#8927 = ORIENTED_EDGE('',*,*,#5472,.T.);
#8928 = ORIENTED_EDGE('',*,*,#8929,.T.);
#8929 = EDGE_CURVE('',#5473,#8930,#8932,.T.);
#8930 = VERTEX_POINT('',#8931);
#8931 = CARTESIAN_POINT('',(13.06999333333,7.369597470802,-28.8036));
#8932 = B_SPLINE_CURVE_WITH_KNOTS('',3,(#8933,#8934,#8935,#8936,#8937,
    #8938,#8939,#8940,#8941,#8942,#8943,#8944,#8945),.UNSPECIFIED.,.F.,
  .F.,(4,1,1,1,1,1,1,1,1,1,4),(0.,0.1,0.2,0.3,0.4,0.5,0.6,0.7,0.8,0.9,1.
    ),.QUASI_UNIFORM_KNOTS.);
#8933 = CARTESIAN_POINT('',(12.25333753127,7.433156112726,-29.3116));
#8934 = CARTESIAN_POINT('',(12.27390687814,7.428943088013,-29.3116));
#8935 = CARTESIAN_POINT('',(12.31594337403,7.420742053814,
    -29.30938399755));
#8936 = CARTESIAN_POINT('',(12.3816464795,7.409270774152,-29.29892970862
    ));
#8937 = CARTESIAN_POINT('',(12.45014668573,7.398757948561,
    -29.28070319251));
#8938 = CARTESIAN_POINT('',(12.52177809445,7.389327872026,
    -29.25379880566));
#8939 = CARTESIAN_POINT('',(12.59714849902,7.381113124542,
    -29.21690943912));
#8940 = CARTESIAN_POINT('',(12.67764023775,7.37424964327,-29.16787359719
    ));
#8941 = CARTESIAN_POINT('',(12.76514482148,7.369025273393,
    -29.10333820218));
#8942 = CARTESIAN_POINT('',(12.85931186791,7.366005168693,
    -29.02141434502));
#8943 = CARTESIAN_POINT('',(12.96014054728,7.365750548059,-28.9215066755
    ));
#8944 = CARTESIAN_POINT('',(13.0321401295,7.367829061305,-28.84430521105
    ));
#8945 = CARTESIAN_POINT('',(13.06999333333,7.369597470802,-28.8036));
#8946 = ORIENTED_EDGE('',*,*,#8947,.T.);
#8947 = EDGE_CURVE('',#8930,#8903,#8948,.T.);
#8948 = CIRCLE('',#8949,0.508);
#8949 = AXIS2_PLACEMENT_3D('',#8950,#8951,#8952);
#8950 = CARTESIAN_POINT('',(13.0937,6.862150927848,-28.8036));
#8951 = DIRECTION('',(0.,0.,1.));
#8952 = DIRECTION('',(-4.666666666666E-02,0.998910517625,0.));
#8953 = TOROIDAL_SURFACE('',#8954,1.016,0.508);
#8954 = AXIS2_PLACEMENT_3D('',#8955,#8956,#8957);
#8955 = CARTESIAN_POINT('',(13.0937,6.862150927848,-28.8036));
#8956 = DIRECTION('',(0.,0.,-1.));
#8957 = DIRECTION('',(-0.99979847461,-2.007511315465E-02,-0.));
#8958 = ADVANCED_FACE('',(#8959),#8975,.F.);
#8959 = FACE_BOUND('',#8960,.F.);
#8960 = EDGE_LOOP('',(#8961,#8962,#8968,#8969));
#8961 = ORIENTED_EDGE('',*,*,#8947,.T.);
#8962 = ORIENTED_EDGE('',*,*,#8963,.F.);
#8963 = EDGE_CURVE('',#5154,#8903,#8964,.T.);
#8964 = LINE('',#8965,#8966);
#8965 = CARTESIAN_POINT('',(12.5857,6.862150927848,-26.162));
#8966 = VECTOR('',#8967,1.);
#8967 = DIRECTION('',(0.,0.,-1.));
#8968 = ORIENTED_EDGE('',*,*,#5153,.T.);
#8969 = ORIENTED_EDGE('',*,*,#8970,.T.);
#8970 = EDGE_CURVE('',#5145,#8930,#8971,.T.);
#8971 = LINE('',#8972,#8973);
#8972 = CARTESIAN_POINT('',(13.06999333333,7.369597470802,-26.162));
#8973 = VECTOR('',#8974,1.);
#8974 = DIRECTION('',(0.,0.,-1.));
#8975 = CYLINDRICAL_SURFACE('',#8976,0.508);
#8976 = AXIS2_PLACEMENT_3D('',#8977,#8978,#8979);
#8977 = CARTESIAN_POINT('',(13.0937,6.862150927848,39.87104830057));
#8978 = DIRECTION('',(0.,0.,-1.));
#8979 = DIRECTION('',(-1.,0.,0.));
#8980 = ADVANCED_FACE('',(#8981),#8987,.T.);
#8981 = FACE_BOUND('',#8982,.F.);
#8982 = EDGE_LOOP('',(#8983,#8984,#8985,#8986));
#8983 = ORIENTED_EDGE('',*,*,#8902,.T.);
#8984 = ORIENTED_EDGE('',*,*,#8870,.F.);
#8985 = ORIENTED_EDGE('',*,*,#5162,.F.);
#8986 = ORIENTED_EDGE('',*,*,#8963,.T.);
#8987 = PLANE('',#8988);
#8988 = AXIS2_PLACEMENT_3D('',#8989,#8990,#8991);
#8989 = CARTESIAN_POINT('',(12.5857,8.636,-26.162));
#8990 = DIRECTION('',(1.,0.,0.));
#8991 = DIRECTION('',(0.,-1.,0.));
#8992 = ADVANCED_FACE('',(#8993),#9048,.T.);
#8993 = FACE_BOUND('',#8994,.T.);
#8994 = EDGE_LOOP('',(#8995,#9003,#9004,#9005,#9006,#9007,#9026,#9032,
    #9033,#9041));
#8995 = ORIENTED_EDGE('',*,*,#8996,.F.);
#8996 = EDGE_CURVE('',#5136,#8997,#8999,.T.);
#8997 = VERTEX_POINT('',#8998);
#8998 = CARTESIAN_POINT('',(16.2179,10.668,-29.845));
#8999 = LINE('',#9000,#9001);
#9000 = CARTESIAN_POINT('',(16.2179,10.668,-26.162));
#9001 = VECTOR('',#9002,1.);
#9002 = DIRECTION('',(0.,0.,-1.));
#9003 = ORIENTED_EDGE('',*,*,#5144,.T.);
#9004 = ORIENTED_EDGE('',*,*,#8970,.T.);
#9005 = ORIENTED_EDGE('',*,*,#8929,.F.);
#9006 = ORIENTED_EDGE('',*,*,#5481,.T.);
#9007 = ORIENTED_EDGE('',*,*,#9008,.F.);
#9008 = EDGE_CURVE('',#9009,#5482,#9011,.T.);
#9009 = VERTEX_POINT('',#9010);
#9010 = CARTESIAN_POINT('',(9.889567011051,9.3472,-28.8036));
#9011 = B_SPLINE_CURVE_WITH_KNOTS('',3,(#9012,#9013,#9014,#9015,#9016,
    #9017,#9018,#9019,#9020,#9021,#9022,#9023,#9024,#9025),
  .UNSPECIFIED.,.F.,.F.,(4,1,1,1,1,1,1,1,1,1,1,4),(0.,9.090909090909E-02
    ,0.181818181818,0.272727272727,0.363636363636,0.454545454545,
    0.545454545455,0.636363636364,0.727272727273,0.818181818182,
    0.909090909091,1.),.UNSPECIFIED.);
#9012 = CARTESIAN_POINT('',(9.889567011051,9.3472,-28.8036));
#9013 = CARTESIAN_POINT('',(9.902992319964,9.31643875284,-28.83965273775
    ));
#9014 = CARTESIAN_POINT('',(9.929604060897,9.257975286292,
    -28.90856290015));
#9015 = CARTESIAN_POINT('',(9.969818154381,9.175886109166,
    -29.00062346531));
#9016 = CARTESIAN_POINT('',(10.00923624628,9.100594873266,
    -29.07749812644));
#9017 = CARTESIAN_POINT('',(10.04819195862,9.030467105863,
    -29.14082263631));
#9018 = CARTESIAN_POINT('',(10.08716835007,8.964076687699,
    -29.19242665457));
#9019 = CARTESIAN_POINT('',(10.12538615715,8.902245052154,
    -29.23269172726));
#9020 = CARTESIAN_POINT('',(10.16264921076,8.844733389121,
    -29.26317768498));
#9021 = CARTESIAN_POINT('',(10.19934790524,8.790521234975,
    -29.28555279984));
#9022 = CARTESIAN_POINT('',(10.23583217858,8.73882117629,-29.30087683307
    ));
#9023 = CARTESIAN_POINT('',(10.27203626259,8.689517367857,
    -29.30971670836));
#9024 = CARTESIAN_POINT('',(10.29593387966,8.658185035869,-29.3116));
#9025 = CARTESIAN_POINT('',(10.30780494917,8.642896495028,-29.3116));
#9026 = ORIENTED_EDGE('',*,*,#9027,.T.);
#9027 = EDGE_CURVE('',#9009,#5118,#9028,.T.);
#9028 = LINE('',#9029,#9030);
#9029 = CARTESIAN_POINT('',(9.889567011051,9.3472,-28.8036));
#9030 = VECTOR('',#9031,1.);
#9031 = DIRECTION('',(0.,0.,1.));
#9032 = ORIENTED_EDGE('',*,*,#5126,.T.);
#9033 = ORIENTED_EDGE('',*,*,#9034,.T.);
#9034 = EDGE_CURVE('',#5127,#9035,#9037,.T.);
#9035 = VERTEX_POINT('',#9036);
#9036 = CARTESIAN_POINT('',(9.6139,10.668,-29.845));
#9037 = LINE('',#9038,#9039);
#9038 = CARTESIAN_POINT('',(9.6139,10.668,-26.162));
#9039 = VECTOR('',#9040,1.);
#9040 = DIRECTION('',(0.,0.,-1.));
#9041 = ORIENTED_EDGE('',*,*,#9042,.F.);
#9042 = EDGE_CURVE('',#8997,#9035,#9043,.T.);
#9043 = CIRCLE('',#9044,3.302);
#9044 = AXIS2_PLACEMENT_3D('',#9045,#9046,#9047);
#9045 = CARTESIAN_POINT('',(12.9159,10.668,-29.845));
#9046 = DIRECTION('',(0.,0.,-1.));
#9047 = DIRECTION('',(1.,0.,0.));
#9048 = CYLINDRICAL_SURFACE('',#9049,3.302);
#9049 = AXIS2_PLACEMENT_3D('',#9050,#9051,#9052);
#9050 = CARTESIAN_POINT('',(12.9159,10.668,-26.162));
#9051 = DIRECTION('',(0.,0.,-1.));
#9052 = DIRECTION('',(-1.,0.,0.));
#9053 = ADVANCED_FACE('',(#9054),#9072,.T.);
#9054 = FACE_BOUND('',#9055,.T.);
#9055 = EDGE_LOOP('',(#9056,#9063,#9064,#9071));
#9056 = ORIENTED_EDGE('',*,*,#9057,.T.);
#9057 = EDGE_CURVE('',#5941,#8997,#9058,.T.);
#9058 = CIRCLE('',#9059,0.508);
#9059 = AXIS2_PLACEMENT_3D('',#9060,#9061,#9062);
#9060 = CARTESIAN_POINT('',(15.7099,10.668,-29.845));
#9061 = DIRECTION('',(0.,-1.,0.));
#9062 = DIRECTION('',(0.,0.,-1.));
#9063 = ORIENTED_EDGE('',*,*,#9042,.T.);
#9064 = ORIENTED_EDGE('',*,*,#9065,.F.);
#9065 = EDGE_CURVE('',#5939,#9035,#9066,.T.);
#9066 = CIRCLE('',#9067,0.508);
#9067 = AXIS2_PLACEMENT_3D('',#9068,#9069,#9070);
#9068 = CARTESIAN_POINT('',(10.1219,10.668,-29.845));
#9069 = DIRECTION('',(0.,1.,0.));
#9070 = DIRECTION('',(0.,0.,-1.));
#9071 = ORIENTED_EDGE('',*,*,#5949,.F.);
#9072 = TOROIDAL_SURFACE('',#9073,2.794,0.508);
#9073 = AXIS2_PLACEMENT_3D('',#9074,#9075,#9076);
#9074 = CARTESIAN_POINT('',(12.9159,10.668,-29.845));
#9075 = DIRECTION('',(0.,0.,-1.));
#9076 = DIRECTION('',(0.999995658844,2.946573159238E-03,0.));
#9077 = ADVANCED_FACE('',(#9078),#9090,.T.);
#9078 = FACE_BOUND('',#9079,.T.);
#9079 = EDGE_LOOP('',(#9080,#9081,#9088,#9089));
#9080 = ORIENTED_EDGE('',*,*,#9065,.T.);
#9081 = ORIENTED_EDGE('',*,*,#9082,.T.);
#9082 = EDGE_CURVE('',#9035,#8997,#9083,.T.);
#9083 = CIRCLE('',#9084,3.302);
#9084 = AXIS2_PLACEMENT_3D('',#9085,#9086,#9087);
#9085 = CARTESIAN_POINT('',(12.9159,10.668,-29.845));
#9086 = DIRECTION('',(0.,0.,-1.));
#9087 = DIRECTION('',(-1.,0.,0.));
#9088 = ORIENTED_EDGE('',*,*,#9057,.F.);
#9089 = ORIENTED_EDGE('',*,*,#5938,.F.);
#9090 = TOROIDAL_SURFACE('',#9091,2.794,0.508);
#9091 = AXIS2_PLACEMENT_3D('',#9092,#9093,#9094);
#9092 = CARTESIAN_POINT('',(12.9159,10.668,-29.845));
#9093 = DIRECTION('',(0.,0.,-1.));
#9094 = DIRECTION('',(-0.999995658844,-2.946573159237E-03,-0.));
#9095 = ADVANCED_FACE('',(#9096),#9102,.T.);
#9096 = FACE_BOUND('',#9097,.T.);
#9097 = EDGE_LOOP('',(#9098,#9099,#9100,#9101));
#9098 = ORIENTED_EDGE('',*,*,#9034,.F.);
#9099 = ORIENTED_EDGE('',*,*,#5135,.T.);
#9100 = ORIENTED_EDGE('',*,*,#8996,.T.);
#9101 = ORIENTED_EDGE('',*,*,#9082,.F.);
#9102 = CYLINDRICAL_SURFACE('',#9103,3.302);
#9103 = AXIS2_PLACEMENT_3D('',#9104,#9105,#9106);
#9104 = CARTESIAN_POINT('',(12.9159,10.668,-26.162));
#9105 = DIRECTION('',(0.,0.,-1.));
#9106 = DIRECTION('',(-1.,0.,0.));
#9107 = ADVANCED_FACE('',(#9108),#9127,.F.);
#9108 = FACE_BOUND('',#9109,.F.);
#9109 = EDGE_LOOP('',(#9110,#9119,#9120,#9121));
#9110 = ORIENTED_EDGE('',*,*,#9111,.F.);
#9111 = EDGE_CURVE('',#9009,#9112,#9114,.T.);
#9112 = VERTEX_POINT('',#9113);
#9113 = CARTESIAN_POINT('',(9.423977320444,8.636,-28.8036));
#9114 = CIRCLE('',#9115,0.508);
#9115 = AXIS2_PLACEMENT_3D('',#9116,#9117,#9118);
#9116 = CARTESIAN_POINT('',(9.423977320444,9.144,-28.8036));
#9117 = DIRECTION('',(0.,0.,-1.));
#9118 = DIRECTION('',(0.916515138991,0.4,0.));
#9119 = ORIENTED_EDGE('',*,*,#9027,.T.);
#9120 = ORIENTED_EDGE('',*,*,#5117,.T.);
#9121 = ORIENTED_EDGE('',*,*,#9122,.F.);
#9122 = EDGE_CURVE('',#9112,#5110,#9123,.T.);
#9123 = LINE('',#9124,#9125);
#9124 = CARTESIAN_POINT('',(9.423977320444,8.636,-28.8036));
#9125 = VECTOR('',#9126,1.);
#9126 = DIRECTION('',(0.,0.,1.));
#9127 = CYLINDRICAL_SURFACE('',#9128,0.508);
#9128 = AXIS2_PLACEMENT_3D('',#9129,#9130,#9131);
#9129 = CARTESIAN_POINT('',(9.423977320444,9.144,-70.09256822566));
#9130 = DIRECTION('',(0.,0.,1.));
#9131 = DIRECTION('',(0.,-1.,0.));
#9132 = ADVANCED_FACE('',(#9133),#9145,.T.);
#9133 = FACE_BOUND('',#9134,.T.);
#9134 = EDGE_LOOP('',(#9135,#9142,#9143,#9144));
#9135 = ORIENTED_EDGE('',*,*,#9136,.T.);
#9136 = EDGE_CURVE('',#5491,#9112,#9137,.T.);
#9137 = CIRCLE('',#9138,0.508);
#9138 = AXIS2_PLACEMENT_3D('',#9139,#9140,#9141);
#9139 = CARTESIAN_POINT('',(9.423977320444,8.128,-28.8036));
#9140 = DIRECTION('',(1.,0.,0.));
#9141 = DIRECTION('',(0.,0.,-1.));
#9142 = ORIENTED_EDGE('',*,*,#9111,.F.);
#9143 = ORIENTED_EDGE('',*,*,#9008,.T.);
#9144 = ORIENTED_EDGE('',*,*,#5490,.F.);
#9145 = TOROIDAL_SURFACE('',#9146,1.016,0.508);
#9146 = AXIS2_PLACEMENT_3D('',#9147,#9148,#9149);
#9147 = CARTESIAN_POINT('',(9.423977320444,9.144,-28.8036));
#9148 = DIRECTION('',(0.,0.,1.));
#9149 = DIRECTION('',(0.874166837843,-0.485625719681,0.));
#9150 = ADVANCED_FACE('',(#9151),#9170,.T.);
#9151 = FACE_BOUND('',#9152,.T.);
#9152 = EDGE_LOOP('',(#9153,#9161,#9162,#9163));
#9153 = ORIENTED_EDGE('',*,*,#9154,.T.);
#9154 = EDGE_CURVE('',#9155,#9112,#9157,.T.);
#9155 = VERTEX_POINT('',#9156);
#9156 = CARTESIAN_POINT('',(-5.334577320444,8.636,-28.8036));
#9157 = LINE('',#9158,#9159);
#9158 = CARTESIAN_POINT('',(-5.334577320444,8.636,-28.8036));
#9159 = VECTOR('',#9160,1.);
#9160 = DIRECTION('',(1.,0.,0.));
#9161 = ORIENTED_EDGE('',*,*,#9136,.F.);
#9162 = ORIENTED_EDGE('',*,*,#5499,.F.);
#9163 = ORIENTED_EDGE('',*,*,#9164,.F.);
#9164 = EDGE_CURVE('',#9155,#5500,#9165,.T.);
#9165 = CIRCLE('',#9166,0.508);
#9166 = AXIS2_PLACEMENT_3D('',#9167,#9168,#9169);
#9167 = CARTESIAN_POINT('',(-5.334577320444,8.128,-28.8036));
#9168 = DIRECTION('',(-1.,0.,0.));
#9169 = DIRECTION('',(0.,1.,0.));
#9170 = CYLINDRICAL_SURFACE('',#9171,0.508);
#9171 = AXIS2_PLACEMENT_3D('',#9172,#9173,#9174);
#9172 = CARTESIAN_POINT('',(-76.6842764,8.128,-28.8036));
#9173 = DIRECTION('',(1.,0.,0.));
#9174 = DIRECTION('',(0.,0.,-1.));
#9175 = ADVANCED_FACE('',(#9176),#9206,.T.);
#9176 = FACE_BOUND('',#9177,.T.);
#9177 = EDGE_LOOP('',(#9178,#9179,#9180,#9199));
#9178 = ORIENTED_EDGE('',*,*,#9164,.T.);
#9179 = ORIENTED_EDGE('',*,*,#5507,.F.);
#9180 = ORIENTED_EDGE('',*,*,#9181,.T.);
#9181 = EDGE_CURVE('',#5508,#9182,#9184,.T.);
#9182 = VERTEX_POINT('',#9183);
#9183 = CARTESIAN_POINT('',(-5.800167011051,9.3472,-28.8036));
#9184 = B_SPLINE_CURVE_WITH_KNOTS('',3,(#9185,#9186,#9187,#9188,#9189,
    #9190,#9191,#9192,#9193,#9194,#9195,#9196,#9197,#9198),
  .UNSPECIFIED.,.F.,.F.,(4,1,1,1,1,1,1,1,1,1,1,4),(0.,9.090909090909E-02
    ,0.181818181818,0.272727272727,0.363636363636,0.454545454545,
    0.545454545455,0.636363636364,0.727272727273,0.818181818182,
    0.909090909091,1.),.UNSPECIFIED.);
#9185 = CARTESIAN_POINT('',(-6.218404949173,8.642896495028,-29.3116));
#9186 = CARTESIAN_POINT('',(-6.206545542408,8.658170015623,-29.3116));
#9187 = CARTESIAN_POINT('',(-6.182667005108,8.689476977116,
    -29.30971944755));
#9188 = CARTESIAN_POINT('',(-6.146498176107,8.738729667306,
    -29.30089817148));
#9189 = CARTESIAN_POINT('',(-6.109998575086,8.790447726505,
    -29.28557947315));
#9190 = CARTESIAN_POINT('',(-6.07331960185,8.84462822935,-29.26322430282
    ));
#9191 = CARTESIAN_POINT('',(-6.036122760819,8.902031019309,
    -29.23281357371));
#9192 = CARTESIAN_POINT('',(-5.997940490321,8.96379068979,-29.1926317752
    ));
#9193 = CARTESIAN_POINT('',(-5.958901232516,9.03027324141,
    -29.14099157777));
#9194 = CARTESIAN_POINT('',(-5.919876347049,9.100518842732,
    -29.07757482899));
#9195 = CARTESIAN_POINT('',(-5.880433460263,9.175855326106,
    -29.00065742593));
#9196 = CARTESIAN_POINT('',(-5.840208558926,9.257965344647,
    -28.90857474789));
#9197 = CARTESIAN_POINT('',(-5.813593180728,9.316436780581,
    -28.83965504928));
#9198 = CARTESIAN_POINT('',(-5.800167011051,9.3472,-28.8036));
#9199 = ORIENTED_EDGE('',*,*,#9200,.F.);
#9200 = EDGE_CURVE('',#9155,#9182,#9201,.T.);
#9201 = CIRCLE('',#9202,0.508);
#9202 = AXIS2_PLACEMENT_3D('',#9203,#9204,#9205);
#9203 = CARTESIAN_POINT('',(-5.334577320444,9.144,-28.8036));
#9204 = DIRECTION('',(0.,0.,-1.));
#9205 = DIRECTION('',(0.,-1.,0.));
#9206 = TOROIDAL_SURFACE('',#9207,1.016,0.508);
#9207 = AXIS2_PLACEMENT_3D('',#9208,#9209,#9210);
#9208 = CARTESIAN_POINT('',(-5.334577320444,9.144,-28.8036));
#9209 = DIRECTION('',(0.,0.,-1.));
#9210 = DIRECTION('',(2.007511315465E-02,-0.99979847461,0.));
#9211 = ADVANCED_FACE('',(#9212),#9228,.F.);
#9212 = FACE_BOUND('',#9213,.F.);
#9213 = EDGE_LOOP('',(#9214,#9215,#9221,#9222));
#9214 = ORIENTED_EDGE('',*,*,#9200,.F.);
#9215 = ORIENTED_EDGE('',*,*,#9216,.F.);
#9216 = EDGE_CURVE('',#5101,#9155,#9217,.T.);
#9217 = LINE('',#9218,#9219);
#9218 = CARTESIAN_POINT('',(-5.334577320444,8.636,-26.162));
#9219 = VECTOR('',#9220,1.);
#9220 = DIRECTION('',(0.,0.,-1.));
#9221 = ORIENTED_EDGE('',*,*,#5100,.T.);
#9222 = ORIENTED_EDGE('',*,*,#9223,.T.);
#9223 = EDGE_CURVE('',#5092,#9182,#9224,.T.);
#9224 = LINE('',#9225,#9226);
#9225 = CARTESIAN_POINT('',(-5.800167011051,9.3472,-26.162));
#9226 = VECTOR('',#9227,1.);
#9227 = DIRECTION('',(0.,0.,-1.));
#9228 = CYLINDRICAL_SURFACE('',#9229,0.508);
#9229 = AXIS2_PLACEMENT_3D('',#9230,#9231,#9232);
#9230 = CARTESIAN_POINT('',(-5.334577320444,9.144,39.87104830057));
#9231 = DIRECTION('',(0.,0.,-1.));
#9232 = DIRECTION('',(0.,-1.,0.));
#9233 = ADVANCED_FACE('',(#9234),#9240,.T.);
#9234 = FACE_BOUND('',#9235,.F.);
#9235 = EDGE_LOOP('',(#9236,#9237,#9238,#9239));
#9236 = ORIENTED_EDGE('',*,*,#9122,.T.);
#9237 = ORIENTED_EDGE('',*,*,#5109,.F.);
#9238 = ORIENTED_EDGE('',*,*,#9216,.T.);
#9239 = ORIENTED_EDGE('',*,*,#9154,.T.);
#9240 = PLANE('',#9241);
#9241 = AXIS2_PLACEMENT_3D('',#9242,#9243,#9244);
#9242 = CARTESIAN_POINT('',(-8.4963,8.636,-26.162));
#9243 = DIRECTION('',(0.,1.,0.));
#9244 = DIRECTION('',(1.,0.,0.));
#9245 = ADVANCED_FACE('',(#9246),#9300,.T.);
#9246 = FACE_BOUND('',#9247,.T.);
#9247 = EDGE_LOOP('',(#9248,#9256,#9257,#9258,#9259,#9260,#9278,#9284,
    #9285,#9293));
#9248 = ORIENTED_EDGE('',*,*,#9249,.F.);
#9249 = EDGE_CURVE('',#5083,#9250,#9252,.T.);
#9250 = VERTEX_POINT('',#9251);
#9251 = CARTESIAN_POINT('',(-5.5245,10.668,-29.845));
#9252 = LINE('',#9253,#9254);
#9253 = CARTESIAN_POINT('',(-5.5245,10.668,-26.162));
#9254 = VECTOR('',#9255,1.);
#9255 = DIRECTION('',(0.,0.,-1.));
#9256 = ORIENTED_EDGE('',*,*,#5091,.T.);
#9257 = ORIENTED_EDGE('',*,*,#9223,.T.);
#9258 = ORIENTED_EDGE('',*,*,#9181,.F.);
#9259 = ORIENTED_EDGE('',*,*,#5516,.T.);
#9260 = ORIENTED_EDGE('',*,*,#9261,.F.);
#9261 = EDGE_CURVE('',#9262,#5517,#9264,.T.);
#9262 = VERTEX_POINT('',#9263);
#9263 = CARTESIAN_POINT('',(-8.980593333333,7.369597470802,-28.8036));
#9264 = B_SPLINE_CURVE_WITH_KNOTS('',3,(#9265,#9266,#9267,#9268,#9269,
    #9270,#9271,#9272,#9273,#9274,#9275,#9276,#9277),.UNSPECIFIED.,.F.,
  .F.,(4,1,1,1,1,1,1,1,1,1,4),(0.,0.1,0.2,0.3,0.4,0.5,0.6,0.7,0.8,0.9,1.
    ),.QUASI_UNIFORM_KNOTS.);
#9265 = CARTESIAN_POINT('',(-8.980593333333,7.369597470802,-28.8036));
#9266 = CARTESIAN_POINT('',(-8.942733729332,7.367828762305,
    -28.84431209343));
#9267 = CARTESIAN_POINT('',(-8.870723258887,7.365750121573,
    -28.92152525081));
#9268 = CARTESIAN_POINT('',(-8.769876219661,7.366005654806,
    -29.0214482456));
#9269 = CARTESIAN_POINT('',(-8.675707011172,7.369027078358,
    -29.10336833894));
#9270 = CARTESIAN_POINT('',(-8.588214767516,7.374251572359,
    -29.16789033745));
#9271 = CARTESIAN_POINT('',(-8.507728267193,7.381115116418,
    -29.21692041705));
#9272 = CARTESIAN_POINT('',(-8.432362898339,7.389329736799,
    -29.25380519383));
#9273 = CARTESIAN_POINT('',(-8.360735786485,7.398759529985,
    -29.28070655146));
#9274 = CARTESIAN_POINT('',(-8.292239552608,7.409271936635,
    -29.29893105045));
#9275 = CARTESIAN_POINT('',(-8.226540065487,7.420742688675,
    -29.30938422914));
#9276 = CARTESIAN_POINT('',(-8.184505807688,7.428943307263,-29.3116));
#9277 = CARTESIAN_POINT('',(-8.163937531274,7.433156112726,-29.3116));
#9278 = ORIENTED_EDGE('',*,*,#9279,.T.);
#9279 = EDGE_CURVE('',#9262,#5065,#9280,.T.);
#9280 = LINE('',#9281,#9282);
#9281 = CARTESIAN_POINT('',(-8.980593333333,7.369597470802,-28.8036));
#9282 = VECTOR('',#9283,1.);
#9283 = DIRECTION('',(0.,0.,1.));
#9284 = ORIENTED_EDGE('',*,*,#5073,.T.);
#9285 = ORIENTED_EDGE('',*,*,#9286,.T.);
#9286 = EDGE_CURVE('',#5074,#9287,#9289,.T.);
#9287 = VERTEX_POINT('',#9288);
#9288 = CARTESIAN_POINT('',(-12.1285,10.668,-29.845));
#9289 = LINE('',#9290,#9291);
#9290 = CARTESIAN_POINT('',(-12.1285,10.668,-26.162));
#9291 = VECTOR('',#9292,1.);
#9292 = DIRECTION('',(0.,0.,-1.));
#9293 = ORIENTED_EDGE('',*,*,#9294,.F.);
#9294 = EDGE_CURVE('',#9250,#9287,#9295,.T.);
#9295 = CIRCLE('',#9296,3.302);
#9296 = AXIS2_PLACEMENT_3D('',#9297,#9298,#9299);
#9297 = CARTESIAN_POINT('',(-8.8265,10.668,-29.845));
#9298 = DIRECTION('',(0.,0.,-1.));
#9299 = DIRECTION('',(1.,0.,0.));
#9300 = CYLINDRICAL_SURFACE('',#9301,3.302);
#9301 = AXIS2_PLACEMENT_3D('',#9302,#9303,#9304);
#9302 = CARTESIAN_POINT('',(-8.8265,10.668,-26.162));
#9303 = DIRECTION('',(0.,0.,-1.));
#9304 = DIRECTION('',(-1.,0.,0.));
#9305 = ADVANCED_FACE('',(#9306),#9324,.T.);
#9306 = FACE_BOUND('',#9307,.T.);
#9307 = EDGE_LOOP('',(#9308,#9315,#9316,#9323));
#9308 = ORIENTED_EDGE('',*,*,#9309,.T.);
#9309 = EDGE_CURVE('',#5895,#9250,#9310,.T.);
#9310 = CIRCLE('',#9311,0.508);
#9311 = AXIS2_PLACEMENT_3D('',#9312,#9313,#9314);
#9312 = CARTESIAN_POINT('',(-6.0325,10.668,-29.845));
#9313 = DIRECTION('',(0.,-1.,0.));
#9314 = DIRECTION('',(0.,0.,-1.));
#9315 = ORIENTED_EDGE('',*,*,#9294,.T.);
#9316 = ORIENTED_EDGE('',*,*,#9317,.F.);
#9317 = EDGE_CURVE('',#5893,#9287,#9318,.T.);
#9318 = CIRCLE('',#9319,0.508);
#9319 = AXIS2_PLACEMENT_3D('',#9320,#9321,#9322);
#9320 = CARTESIAN_POINT('',(-11.6205,10.668,-29.845));
#9321 = DIRECTION('',(0.,1.,0.));
#9322 = DIRECTION('',(0.,0.,-1.));
#9323 = ORIENTED_EDGE('',*,*,#5903,.F.);
#9324 = TOROIDAL_SURFACE('',#9325,2.794,0.508);
#9325 = AXIS2_PLACEMENT_3D('',#9326,#9327,#9328);
#9326 = CARTESIAN_POINT('',(-8.8265,10.668,-29.845));
#9327 = DIRECTION('',(0.,0.,-1.));
#9328 = DIRECTION('',(0.999995658844,2.946573159238E-03,0.));
#9329 = ADVANCED_FACE('',(#9330),#9342,.T.);
#9330 = FACE_BOUND('',#9331,.T.);
#9331 = EDGE_LOOP('',(#9332,#9333,#9340,#9341));
#9332 = ORIENTED_EDGE('',*,*,#9317,.T.);
#9333 = ORIENTED_EDGE('',*,*,#9334,.T.);
#9334 = EDGE_CURVE('',#9287,#9250,#9335,.T.);
#9335 = CIRCLE('',#9336,3.302);
#9336 = AXIS2_PLACEMENT_3D('',#9337,#9338,#9339);
#9337 = CARTESIAN_POINT('',(-8.8265,10.668,-29.845));
#9338 = DIRECTION('',(0.,0.,-1.));
#9339 = DIRECTION('',(-1.,0.,0.));
#9340 = ORIENTED_EDGE('',*,*,#9309,.F.);
#9341 = ORIENTED_EDGE('',*,*,#5892,.F.);
#9342 = TOROIDAL_SURFACE('',#9343,2.794,0.508);
#9343 = AXIS2_PLACEMENT_3D('',#9344,#9345,#9346);
#9344 = CARTESIAN_POINT('',(-8.8265,10.668,-29.845));
#9345 = DIRECTION('',(0.,0.,-1.));
#9346 = DIRECTION('',(-0.999995658844,-2.946573159237E-03,-0.));
#9347 = ADVANCED_FACE('',(#9348),#9354,.T.);
#9348 = FACE_BOUND('',#9349,.T.);
#9349 = EDGE_LOOP('',(#9350,#9351,#9352,#9353));
#9350 = ORIENTED_EDGE('',*,*,#9286,.F.);
#9351 = ORIENTED_EDGE('',*,*,#5082,.T.);
#9352 = ORIENTED_EDGE('',*,*,#9249,.T.);
#9353 = ORIENTED_EDGE('',*,*,#9334,.F.);
#9354 = CYLINDRICAL_SURFACE('',#9355,3.302);
#9355 = AXIS2_PLACEMENT_3D('',#9356,#9357,#9358);
#9356 = CARTESIAN_POINT('',(-8.8265,10.668,-26.162));
#9357 = DIRECTION('',(0.,0.,-1.));
#9358 = DIRECTION('',(-1.,0.,0.));
#9359 = ADVANCED_FACE('',(#9360),#9379,.F.);
#9360 = FACE_BOUND('',#9361,.F.);
#9361 = EDGE_LOOP('',(#9362,#9371,#9372,#9373));
#9362 = ORIENTED_EDGE('',*,*,#9363,.T.);
#9363 = EDGE_CURVE('',#9364,#9262,#9366,.T.);
#9364 = VERTEX_POINT('',#9365);
#9365 = CARTESIAN_POINT('',(-8.4963,6.862150927848,-28.8036));
#9366 = CIRCLE('',#9367,0.508);
#9367 = AXIS2_PLACEMENT_3D('',#9368,#9369,#9370);
#9368 = CARTESIAN_POINT('',(-9.0043,6.862150927848,-28.8036));
#9369 = DIRECTION('',(0.,0.,1.));
#9370 = DIRECTION('',(1.,0.,-0.));
#9371 = ORIENTED_EDGE('',*,*,#9279,.T.);
#9372 = ORIENTED_EDGE('',*,*,#5064,.T.);
#9373 = ORIENTED_EDGE('',*,*,#9374,.F.);
#9374 = EDGE_CURVE('',#9364,#5057,#9375,.T.);
#9375 = LINE('',#9376,#9377);
#9376 = CARTESIAN_POINT('',(-8.4963,6.862150927848,-28.8036));
#9377 = VECTOR('',#9378,1.);
#9378 = DIRECTION('',(0.,0.,1.));
#9379 = CYLINDRICAL_SURFACE('',#9380,0.508);
#9380 = AXIS2_PLACEMENT_3D('',#9381,#9382,#9383);
#9381 = CARTESIAN_POINT('',(-9.0043,6.862150927848,-70.09256822566));
#9382 = DIRECTION('',(0.,0.,1.));
#9383 = DIRECTION('',(1.,0.,-0.));
#9384 = ADVANCED_FACE('',(#9385),#9397,.T.);
#9385 = FACE_BOUND('',#9386,.T.);
#9386 = EDGE_LOOP('',(#9387,#9388,#9389,#9390));
#9387 = ORIENTED_EDGE('',*,*,#9363,.T.);
#9388 = ORIENTED_EDGE('',*,*,#9261,.T.);
#9389 = ORIENTED_EDGE('',*,*,#5525,.T.);
#9390 = ORIENTED_EDGE('',*,*,#9391,.T.);
#9391 = EDGE_CURVE('',#5526,#9364,#9392,.T.);
#9392 = CIRCLE('',#9393,0.508);
#9393 = AXIS2_PLACEMENT_3D('',#9394,#9395,#9396);
#9394 = CARTESIAN_POINT('',(-7.9883,6.862150927848,-28.8036));
#9395 = DIRECTION('',(0.,1.,0.));
#9396 = DIRECTION('',(0.,0.,-1.));
#9397 = TOROIDAL_SURFACE('',#9398,1.016,0.508);
#9398 = AXIS2_PLACEMENT_3D('',#9399,#9400,#9401);
#9399 = CARTESIAN_POINT('',(-9.0043,6.862150927848,-28.8036));
#9400 = DIRECTION('',(0.,0.,1.));
#9401 = DIRECTION('',(-0.724168366467,-0.689623213798,0.));
#9402 = ADVANCED_FACE('',(#9403),#9422,.T.);
#9403 = FACE_BOUND('',#9404,.T.);
#9404 = EDGE_LOOP('',(#9405,#9413,#9414,#9415));
#9405 = ORIENTED_EDGE('',*,*,#9406,.T.);
#9406 = EDGE_CURVE('',#9407,#9364,#9409,.T.);
#9407 = VERTEX_POINT('',#9408);
#9408 = CARTESIAN_POINT('',(-8.4963,-6.862150927848,-28.8036));
#9409 = LINE('',#9410,#9411);
#9410 = CARTESIAN_POINT('',(-8.4963,-6.862150927848,-28.8036));
#9411 = VECTOR('',#9412,1.);
#9412 = DIRECTION('',(0.,1.,0.));
#9413 = ORIENTED_EDGE('',*,*,#9391,.F.);
#9414 = ORIENTED_EDGE('',*,*,#5534,.F.);
#9415 = ORIENTED_EDGE('',*,*,#9416,.F.);
#9416 = EDGE_CURVE('',#9407,#5535,#9417,.T.);
#9417 = CIRCLE('',#9418,0.508);
#9418 = AXIS2_PLACEMENT_3D('',#9419,#9420,#9421);
#9419 = CARTESIAN_POINT('',(-7.9883,-6.862150927848,-28.8036));
#9420 = DIRECTION('',(0.,-1.,0.));
#9421 = DIRECTION('',(-1.,0.,0.));
#9422 = CYLINDRICAL_SURFACE('',#9423,0.508);
#9423 = AXIS2_PLACEMENT_3D('',#9424,#9425,#9426);
#9424 = CARTESIAN_POINT('',(-7.9883,-63.58627872,-28.8036));
#9425 = DIRECTION('',(0.,1.,0.));
#9426 = DIRECTION('',(0.,0.,-1.));
#9427 = ADVANCED_FACE('',(#9428),#9440,.T.);
#9428 = FACE_BOUND('',#9429,.T.);
#9429 = EDGE_LOOP('',(#9430,#9431,#9432,#9433));
#9430 = ORIENTED_EDGE('',*,*,#9416,.T.);
#9431 = ORIENTED_EDGE('',*,*,#5542,.T.);
#9432 = ORIENTED_EDGE('',*,*,#5710,.T.);
#9433 = ORIENTED_EDGE('',*,*,#9434,.T.);
#9434 = EDGE_CURVE('',#5703,#9407,#9435,.T.);
#9435 = CIRCLE('',#9436,0.508);
#9436 = AXIS2_PLACEMENT_3D('',#9437,#9438,#9439);
#9437 = CARTESIAN_POINT('',(-9.0043,-6.862150927848,-28.8036));
#9438 = DIRECTION('',(0.,0.,1.));
#9439 = DIRECTION('',(4.666666666667E-02,-0.998910517625,0.));
#9440 = TOROIDAL_SURFACE('',#9441,1.016,0.508);
#9441 = AXIS2_PLACEMENT_3D('',#9442,#9443,#9444);
#9442 = CARTESIAN_POINT('',(-9.0043,-6.862150927848,-28.8036));
#9443 = DIRECTION('',(0.,0.,-1.));
#9444 = DIRECTION('',(0.99979847461,2.007511315465E-02,0.));
#9445 = ADVANCED_FACE('',(#9446),#9457,.F.);
#9446 = FACE_BOUND('',#9447,.F.);
#9447 = EDGE_LOOP('',(#9448,#9449,#9455,#9456));
#9448 = ORIENTED_EDGE('',*,*,#9434,.T.);
#9449 = ORIENTED_EDGE('',*,*,#9450,.F.);
#9450 = EDGE_CURVE('',#5048,#9407,#9451,.T.);
#9451 = LINE('',#9452,#9453);
#9452 = CARTESIAN_POINT('',(-8.4963,-6.862150927848,-26.162));
#9453 = VECTOR('',#9454,1.);
#9454 = DIRECTION('',(0.,0.,-1.));
#9455 = ORIENTED_EDGE('',*,*,#5047,.T.);
#9456 = ORIENTED_EDGE('',*,*,#5702,.T.);
#9457 = CYLINDRICAL_SURFACE('',#9458,0.508);
#9458 = AXIS2_PLACEMENT_3D('',#9459,#9460,#9461);
#9459 = CARTESIAN_POINT('',(-9.0043,-6.862150927848,39.87104830057));
#9460 = DIRECTION('',(0.,0.,-1.));
#9461 = DIRECTION('',(1.,0.,0.));
#9462 = ADVANCED_FACE('',(#9463),#9469,.T.);
#9463 = FACE_BOUND('',#9464,.F.);
#9464 = EDGE_LOOP('',(#9465,#9466,#9467,#9468));
#9465 = ORIENTED_EDGE('',*,*,#9406,.T.);
#9466 = ORIENTED_EDGE('',*,*,#9374,.T.);
#9467 = ORIENTED_EDGE('',*,*,#5056,.F.);
#9468 = ORIENTED_EDGE('',*,*,#9450,.T.);
#9469 = PLANE('',#9470);
#9470 = AXIS2_PLACEMENT_3D('',#9471,#9472,#9473);
#9471 = CARTESIAN_POINT('',(-8.4963,-8.636,-26.162));
#9472 = DIRECTION('',(-1.,0.,0.));
#9473 = DIRECTION('',(0.,1.,0.));
#9474 = ADVANCED_FACE('',(#9475),#9557,.F.);
#9475 = FACE_BOUND('',#9476,.F.);
#9476 = EDGE_LOOP('',(#9477,#9541,#9549,#9556));
#9477 = ORIENTED_EDGE('',*,*,#9478,.T.);
#9478 = EDGE_CURVE('',#6914,#9479,#9481,.T.);
#9479 = VERTEX_POINT('',#9480);
#9480 = CARTESIAN_POINT('',(12.28090000019,-17.11960000479,
    -19.55799997236));
#9481 = B_SPLINE_CURVE_WITH_KNOTS('',3,(#9482,#9483,#9484,#9485,#9486,
    #9487,#9488,#9489,#9490,#9491,#9492,#9493,#9494,#9495,#9496,#9497,
    #9498,#9499,#9500,#9501,#9502,#9503,#9504,#9505,#9506,#9507,#9508,
    #9509,#9510,#9511,#9512,#9513,#9514,#9515,#9516,#9517,#9518,#9519,
    #9520,#9521,#9522,#9523,#9524,#9525,#9526,#9527,#9528,#9529,#9530,
    #9531,#9532,#9533,#9534,#9535,#9536,#9537,#9538,#9539,#9540),
  .UNSPECIFIED.,.F.,.F.,(4,1,1,1,1,1,1,1,1,1,1,1,1,1,1,1,1,1,1,1,1,1,1,1
    ,1,1,1,1,1,1,1,1,1,1,1,1,1,1,1,1,1,1,1,1,1,1,1,1,1,1,1,1,1,1,1,1,4),
  (0.,1.785714285714E-02,3.571428571429E-02,5.357142857143E-02,
    7.142857142857E-02,8.928571428571E-02,0.107142857143,0.125,
    0.142857142857,0.160714285714,0.178571428571,0.196428571429,
    0.214285714286,0.232142857143,0.25,0.267857142857,0.285714285714,
    0.303571428571,0.321428571429,0.339285714286,0.357142857143,0.375,
    0.392857142857,0.410714285714,0.428571428571,0.446428571429,
    0.464285714286,0.482142857143,0.5,0.517857142857,0.535714285714,
    0.553571428571,0.571428571429,0.589285714286,0.607142857143,0.625,
    0.642857142857,0.660714285714,0.678571428571,0.696428571429,
    0.714285714286,0.732142857143,0.75,0.767857142857,0.785714285714,
    0.803571428571,0.821428571429,0.839285714286,0.857142857143,0.875,
    0.892857142857,0.910714285714,0.928571428571,0.946428571429,
    0.964285714286,0.982142857143,1.),.UNSPECIFIED.);
#9482 = CARTESIAN_POINT('',(11.89990004391,-17.24659999934,
    -19.17700000004));
#9483 = CARTESIAN_POINT('',(11.90349162712,-17.24660000338,
    -19.17700000004));
#9484 = CARTESIAN_POINT('',(11.91075450876,-17.24650950873,
    -19.17710159108));
#9485 = CARTESIAN_POINT('',(11.92187540645,-17.24610269426,
    -19.17757880774));
#9486 = CARTESIAN_POINT('',(11.93322025125,-17.24542636165,
    -19.17840180299));
#9487 = CARTESIAN_POINT('',(11.94476982006,-17.24448409308,
    -19.17959078276));
#9488 = CARTESIAN_POINT('',(11.95650457498,-17.24328101545,
    -19.18116514912));
#9489 = CARTESIAN_POINT('',(11.96839862687,-17.24182413383,
    -19.18314229353));
#9490 = CARTESIAN_POINT('',(11.98043249345,-17.24012021137,
    -19.18554007604));
#9491 = CARTESIAN_POINT('',(11.992539545,-17.238184439,-19.18836351962)
  );
#9492 = CARTESIAN_POINT('',(12.00471820605,-17.23602329144,
    -19.19162871975));
#9493 = CARTESIAN_POINT('',(12.01693653505,-17.23364703553,
    -19.19534561737));
#9494 = CARTESIAN_POINT('',(12.02907140039,-17.23108666546,
    -19.19948854802));
#9495 = CARTESIAN_POINT('',(12.04101604722,-17.22837592525,
    -19.20402081211));
#9496 = CARTESIAN_POINT('',(12.05268065909,-17.22554867411,
    -19.20889917513));
#9497 = CARTESIAN_POINT('',(12.0639723041,-17.22264388229,
    -19.21406394096));
#9498 = CARTESIAN_POINT('',(12.0749691953,-17.21965610831,
    -19.21953066683));
#9499 = CARTESIAN_POINT('',(12.08565990615,-17.2165996634,
    -19.22527969189));
#9500 = CARTESIAN_POINT('',(12.09604745512,-17.21348450803,
    -19.23129722122));
#9501 = CARTESIAN_POINT('',(12.1061372528,-17.21031856927,
    -19.23757247471));
#9502 = CARTESIAN_POINT('',(12.11593429692,-17.207108907,-19.24409566503
    ));
#9503 = CARTESIAN_POINT('',(12.12543859662,-17.20386343826,
    -19.25085464633));
#9504 = CARTESIAN_POINT('',(12.13465062492,-17.20058946635,
    -19.25783786467));
#9505 = CARTESIAN_POINT('',(12.14357277839,-17.19729314134,
    -19.26503580934));
#9506 = CARTESIAN_POINT('',(12.15220338966,-17.1939817613,
    -19.27243613171));
#9507 = CARTESIAN_POINT('',(12.16054101285,-17.19066242832,
    -19.2800264578));
#9508 = CARTESIAN_POINT('',(12.16858600013,-17.18734141384,
    -19.28779600999));
#9509 = CARTESIAN_POINT('',(12.17633917795,-17.18402465831,
    -19.2957346678));
#9510 = CARTESIAN_POINT('',(12.1838008643,-17.18071823767,
    -19.30383194461));
#9511 = CARTESIAN_POINT('',(12.19097133314,-17.17742824361,
    -19.3120772943));
#9512 = CARTESIAN_POINT('',(12.19785124805,-17.17416061552,
    -19.32046061895));
#9513 = CARTESIAN_POINT('',(12.20443985606,-17.17092206361,
    -19.32896992033));
#9514 = CARTESIAN_POINT('',(12.2107365268,-17.1677194552,-19.33759276842
    ));
#9515 = CARTESIAN_POINT('',(12.2167415782,-17.16455940962,
    -19.34631744797));
#9516 = CARTESIAN_POINT('',(12.22245622586,-17.1614482947,
    -19.35513311884));
#9517 = CARTESIAN_POINT('',(12.22788217557,-17.15839242399,
    -19.36402941946));
#9518 = CARTESIAN_POINT('',(12.23302080234,-17.15539855271,
    -19.3729950672));
#9519 = CARTESIAN_POINT('',(12.23787403815,-17.15247341967,
    -19.38201919848));
#9520 = CARTESIAN_POINT('',(12.24244388813,-17.14962404268,
    -19.39109054356));
#9521 = CARTESIAN_POINT('',(12.24673214983,-17.14685794979,
    -19.40019661522));
#9522 = CARTESIAN_POINT('',(12.25074059681,-17.14418313783,
    -19.40932361817));
#9523 = CARTESIAN_POINT('',(12.25447214527,-17.14160731095,
    -19.4184589063));
#9524 = CARTESIAN_POINT('',(12.25793090626,-17.13913774628,
    -19.42759170384));
#9525 = CARTESIAN_POINT('',(12.26112138734,-17.13678177771,
    -19.43671157385));
#9526 = CARTESIAN_POINT('',(12.26404784442,-17.13454727865,
    -19.44580632778));
#9527 = CARTESIAN_POINT('',(12.26671510513,-17.13244204771,
    -19.45486398484));
#9528 = CARTESIAN_POINT('',(12.26912883344,-17.13047350222,
    -19.46387396664));
#9529 = CARTESIAN_POINT('',(12.2712954618,-17.1286485949,-19.47282757433
    ));
#9530 = CARTESIAN_POINT('',(12.27322181452,-17.12697398469,
    -19.48171732667));
#9531 = CARTESIAN_POINT('',(12.27491450725,-17.12545645546,
    -19.49053425727));
#9532 = CARTESIAN_POINT('',(12.27638027652,-17.12410253795,
    -19.49926857626));
#9533 = CARTESIAN_POINT('',(12.27762654549,-17.12291782449,
    -19.50791271178));
#9534 = CARTESIAN_POINT('',(12.27866202894,-17.12190610958,
    -19.51646947753));
#9535 = CARTESIAN_POINT('',(12.27949482048,-17.12107099425,
    -19.52494458209));
#9536 = CARTESIAN_POINT('',(12.28013177836,-17.12041643907,
    -19.53333895719));
#9537 = CARTESIAN_POINT('',(12.28057910539,-17.11994614412,
    -19.54165291298));
#9538 = CARTESIAN_POINT('',(12.2808425334,-17.11966317933,
    -19.54987037915));
#9539 = CARTESIAN_POINT('',(12.28090000005,-17.11960001433,
    -19.55529971918));
#9540 = CARTESIAN_POINT('',(12.28090000005,-17.11960000129,
    -19.55799999245));
#9541 = ORIENTED_EDGE('',*,*,#9542,.T.);
#9542 = EDGE_CURVE('',#9479,#9543,#9545,.T.);
#9543 = VERTEX_POINT('',#9544);
#9544 = CARTESIAN_POINT('',(12.2809,-14.478,-19.558));
#9545 = LINE('',#9546,#9547);
#9546 = CARTESIAN_POINT('',(12.28090000005,-17.11960000129,
    -19.55799999245));
#9547 = VECTOR('',#9548,1.);
#9548 = DIRECTION('',(-1.768220134362E-11,1.,-2.858280271013E-09));
#9549 = ORIENTED_EDGE('',*,*,#9550,.T.);
#9550 = EDGE_CURVE('',#9543,#7710,#9551,.T.);
#9551 = CIRCLE('',#9552,0.381);
#9552 = AXIS2_PLACEMENT_3D('',#9553,#9554,#9555);
#9553 = CARTESIAN_POINT('',(11.8999,-14.478,-19.558));
#9554 = DIRECTION('',(0.,-1.,0.));
#9555 = DIRECTION('',(1.,0.,0.));
#9556 = ORIENTED_EDGE('',*,*,#7709,.F.);
#9557 = CYLINDRICAL_SURFACE('',#9558,0.381);
#9558 = AXIS2_PLACEMENT_3D('',#9559,#9560,#9561);
#9559 = CARTESIAN_POINT('',(11.8999,-63.58627872,-19.558));
#9560 = DIRECTION('',(0.,1.,0.));
#9561 = DIRECTION('',(0.,-0.,1.));
#9562 = ADVANCED_FACE('',(#9563),#9575,.T.);
#9563 = FACE_BOUND('',#9564,.T.);
#9564 = EDGE_LOOP('',(#9565,#9566,#9567,#9568));
#9565 = ORIENTED_EDGE('',*,*,#6985,.T.);
#9566 = ORIENTED_EDGE('',*,*,#6921,.T.);
#9567 = ORIENTED_EDGE('',*,*,#9478,.T.);
#9568 = ORIENTED_EDGE('',*,*,#9569,.T.);
#9569 = EDGE_CURVE('',#9479,#6978,#9570,.T.);
#9570 = CIRCLE('',#9571,0.507999988606);
#9571 = AXIS2_PLACEMENT_3D('',#9572,#9573,#9574);
#9572 = CARTESIAN_POINT('',(12.78889998879,-17.11960000479,
    -19.55800023575));
#9573 = DIRECTION('',(5.184835750919E-07,4.37780021696E-07,1.));
#9574 = DIRECTION('',(-1.,-2.797412510257E-14,5.184835750919E-07));
#9575 = ( BOUNDED_SURFACE() B_SPLINE_SURFACE(3,3,(
    (#9576,#9577,#9578,#9579,#9580,#9581,#9582,#9583,#9584,#9585,#9586
      ,#9587,#9588,#9589,#9590,#9591,#9592,#9593,#9594,#9595,#9596,#9597
      ,#9598,#9599,#9600,#9601,#9602,#9603,#9604,#9605,#9606,#9607,#9608
      ,#9609,#9610,#9611,#9612,#9613,#9614,#9615,#9616,#9617,#9618,#9619
      ,#9620,#9621,#9622,#9623,#9624,#9625,#9626,#9627,#9628,#9629,#9630
      ,#9631,#9632,#9633,#9634,#9635,#9636)
    ,(#9637,#9638,#9639,#9640,#9641,#9642,#9643,#9644,#9645,#9646,#9647
      ,#9648,#9649,#9650,#9651,#9652,#9653,#9654,#9655,#9656,#9657,#9658
      ,#9659,#9660,#9661,#9662,#9663,#9664,#9665,#9666,#9667,#9668,#9669
      ,#9670,#9671,#9672,#9673,#9674,#9675,#9676,#9677,#9678,#9679,#9680
      ,#9681,#9682,#9683,#9684,#9685,#9686,#9687,#9688,#9689,#9690,#9691
      ,#9692,#9693,#9694,#9695,#9696,#9697)
    ,(#9698,#9699,#9700,#9701,#9702,#9703,#9704,#9705,#9706,#9707,#9708
      ,#9709,#9710,#9711,#9712,#9713,#9714,#9715,#9716,#9717,#9718,#9719
      ,#9720,#9721,#9722,#9723,#9724,#9725,#9726,#9727,#9728,#9729,#9730
      ,#9731,#9732,#9733,#9734,#9735,#9736,#9737,#9738,#9739,#9740,#9741
      ,#9742,#9743,#9744,#9745,#9746,#9747,#9748,#9749,#9750,#9751,#9752
      ,#9753,#9754,#9755,#9756,#9757,#9758)
    ,(#9759,#9760,#9761,#9762,#9763,#9764,#9765,#9766,#9767,#9768,#9769
      ,#9770,#9771,#9772,#9773,#9774,#9775,#9776,#9777,#9778,#9779,#9780
      ,#9781,#9782,#9783,#9784,#9785,#9786,#9787,#9788,#9789,#9790,#9791
      ,#9792,#9793,#9794,#9795,#9796,#9797,#9798,#9799,#9800,#9801,#9802
      ,#9803,#9804,#9805,#9806,#9807,#9808,#9809,#9810,#9811,#9812,#9813
      ,#9814,#9815,#9816,#9817,#9818,#9819
)),.UNSPECIFIED.,.F.,.F.,.F.) B_SPLINE_SURFACE_WITH_KNOTS((4,4),(4,1,1,1
    ,1,1,1,1,1,1,1,1,1,1,1,1,1,1,1,1,1,1,1,1,1,1,1,1,1,1,1,1,1,1,1,1,1,1
    ,1,1,1,1,1,1,1,1,1,1,1,1,1,1,1,1,1,1,1,1,4),(0.,1.),(
    8.528068175032E-03,1.383252761398E-02,2.782633517469E-02,
    4.196168615938E-02,5.626404330156E-02,7.072941664994E-02,
    8.535970237586E-02,0.100163856048,0.115156998009,0.130351347604,
    0.145745860855,0.161333448644,0.177107618762,0.193064148282,
    0.209198067957,0.225501932172,0.241966246512,0.258581454242,
    0.275340456046,0.292236521668,0.309260681389,0.326402401763,
    0.343652915403,0.361005988153,0.378456758438,0.396000674458,
    0.413634655703,0.431355669284,0.44915960119,0.467041433832,
    0.484997307735,0.50302670716,0.521129995341,0.539308355181,
    0.557564308673,0.575900029419,0.594315616927,0.612812216083,
    0.631396596012,0.650074839249,0.668853643002,0.687746321597,
    0.706768259165,0.725928130956,0.745240727374,0.76477767553,
    0.784448164371,0.804117578454,0.823638072243,0.842868594005,
    0.861772144613,0.880355346126,0.898576955344,0.916424210345,
    0.933890999329,0.950974776216,0.967677271881,0.984012849446,
0.997479325758),.UNSPECIFIED.) GEOMETRIC_REPRESENTATION_ITEM() 
RATIONAL_B_SPLINE_SURFACE((
    (1.192332971716,1.192332971716,1.192332971716,1.192332971716
      ,1.192332971716,1.192332971716,1.192332971716,1.192332971716
      ,1.192332971716,1.192332971716,1.192332971716,1.192332971716
      ,1.192332971716,1.192332971716,1.192332971716,1.192332971716
      ,1.192332971716,1.192332971716,1.192332971716,1.192332971716
      ,1.192332971716,1.192332971716,1.192332971716,1.192332971716
      ,1.192332971716,1.192332971716,1.192332971716,1.192332971716
      ,1.192332971716,1.192332971716,1.192332971716,1.192332971716
      ,1.192332971716,1.192332971716,1.192332971716,1.192332971716
      ,1.192332971716,1.192332971716,1.192332971716,1.192332971716
      ,1.192332971716,1.192332971716,1.192332971716,1.192332971716
      ,1.192332971716,1.192332971716,1.192332971716,1.192332971716
      ,1.192332971716,1.192332971716,1.192332971716,1.192332971716
      ,1.192332971716,1.192332971716,1.192332971716,1.192332971716
      ,1.192332971716,1.192332971716,1.192332971716,1.192332971716
      ,1.192332971716)
    ,(0.935889009428,0.935889009428,0.935889009428,0.935889009428
      ,0.935889009428,0.935889009428,0.935889009428,0.935889009428
      ,0.935889009428,0.935889009428,0.935889009428,0.935889009428
      ,0.935889009428,0.935889009428,0.935889009428,0.935889009428
      ,0.935889009428,0.935889009428,0.935889009428,0.935889009428
      ,0.935889009428,0.935889009428,0.935889009428,0.935889009428
      ,0.935889009428,0.935889009428,0.935889009428,0.935889009428
      ,0.935889009428,0.935889009428,0.935889009428,0.935889009428
      ,0.935889009428,0.935889009428,0.935889009428,0.935889009428
      ,0.935889009428,0.935889009428,0.935889009428,0.935889009428
      ,0.935889009428,0.935889009428,0.935889009428,0.935889009428
      ,0.935889009428,0.935889009428,0.935889009428,0.935889009428
      ,0.935889009428,0.935889009428,0.935889009428,0.935889009428
      ,0.935889009428,0.935889009428,0.935889009428,0.935889009428
      ,0.935889009428,0.935889009428,0.935889009428,0.935889009428
      ,0.935889009428)
    ,(0.935889009428,0.935889009428,0.935889009428,0.935889009428
      ,0.935889009428,0.935889009428,0.935889009428,0.935889009428
      ,0.935889009428,0.935889009428,0.935889009428,0.935889009428
      ,0.935889009428,0.935889009428,0.935889009428,0.935889009428
      ,0.935889009428,0.935889009428,0.935889009428,0.935889009428
      ,0.935889009428,0.935889009428,0.935889009428,0.935889009428
      ,0.935889009428,0.935889009428,0.935889009428,0.935889009428
      ,0.935889009428,0.935889009428,0.935889009428,0.935889009428
      ,0.935889009428,0.935889009428,0.935889009428,0.935889009428
      ,0.935889009428,0.935889009428,0.935889009428,0.935889009428
      ,0.935889009428,0.935889009428,0.935889009428,0.935889009428
      ,0.935889009428,0.935889009428,0.935889009428,0.935889009428
      ,0.935889009428,0.935889009428,0.935889009428,0.935889009428
      ,0.935889009428,0.935889009428,0.935889009428,0.935889009428
      ,0.935889009428,0.935889009428,0.935889009428,0.935889009428
      ,0.935889009428)
    ,(1.192332971716,1.192332971716,1.192332971716,1.192332971716
      ,1.192332971716,1.192332971716,1.192332971716,1.192332971716
      ,1.192332971716,1.192332971716,1.192332971716,1.192332971716
      ,1.192332971716,1.192332971716,1.192332971716,1.192332971716
      ,1.192332971716,1.192332971716,1.192332971716,1.192332971716
      ,1.192332971716,1.192332971716,1.192332971716,1.192332971716
      ,1.192332971716,1.192332971716,1.192332971716,1.192332971716
      ,1.192332971716,1.192332971716,1.192332971716,1.192332971716
      ,1.192332971716,1.192332971716,1.192332971716,1.192332971716
      ,1.192332971716,1.192332971716,1.192332971716,1.192332971716
      ,1.192332971716,1.192332971716,1.192332971716,1.192332971716
      ,1.192332971716,1.192332971716,1.192332971716,1.192332971716
      ,1.192332971716,1.192332971716,1.192332971716,1.192332971716
      ,1.192332971716,1.192332971716,1.192332971716,1.192332971716
      ,1.192332971716,1.192332971716,1.192332971716,1.192332971716
,1.192332971716))) REPRESENTATION_ITEM('') SURFACE() );
#9576 = CARTESIAN_POINT('',(12.28113032729,-17.10348164068,
    -19.5624838669));
#9577 = CARTESIAN_POINT('',(12.2811426946,-17.10346784663,
    -19.56143282346));
#9578 = CARTESIAN_POINT('',(12.28117186485,-17.10343544255,
    -19.55760920018));
#9579 = CARTESIAN_POINT('',(12.2811227067,-17.10349019531,
    -19.55098742107));
#9580 = CARTESIAN_POINT('',(12.28087631573,-17.10375764895,
    -19.54259312785));
#9581 = CARTESIAN_POINT('',(12.28043968629,-17.10422188599,
    -19.53412020658));
#9582 = CARTESIAN_POINT('',(12.27980689248,-17.10488006578,
    -19.52556912661));
#9583 = CARTESIAN_POINT('',(12.27897208586,-17.10572814102,
    -19.51694350899));
#9584 = CARTESIAN_POINT('',(12.27792883207,-17.10676170297,
    -19.50824314821));
#9585 = CARTESIAN_POINT('',(12.27666988863,-17.10797630431,
    -19.49946582578));
#9586 = CARTESIAN_POINT('',(12.2751876203,-17.10936714105,
    -19.49061136918));
#9587 = CARTESIAN_POINT('',(12.27347471157,-17.11092852874,
    -19.48168403667));
#9588 = CARTESIAN_POINT('',(12.27152454127,-17.11265378105,
    -19.47269180138));
#9589 = CARTESIAN_POINT('',(12.26933084086,-17.11453572509,
    -19.46364334784));
#9590 = CARTESIAN_POINT('',(12.26688746693,-17.11656703843,
    -19.45454710091));
#9591 = CARTESIAN_POINT('',(12.26418853097,-17.11874024279,
    -19.4454118623));
#9592 = CARTESIAN_POINT('',(12.26122871502,-17.12104755608,
    -19.43624764681));
#9593 = CARTESIAN_POINT('',(12.25800337819,-17.12348092548,
    -19.42706554416));
#9594 = CARTESIAN_POINT('',(12.25450833654,-17.12603228697,
    -19.41787679286));
#9595 = CARTESIAN_POINT('',(12.25073968291,-17.12869373976,
    -19.40869235281));
#9596 = CARTESIAN_POINT('',(12.24669391216,-17.13145747234,
    -19.39952332775));
#9597 = CARTESIAN_POINT('',(12.24236828989,-17.13431554243,
    -19.39038168289));
#9598 = CARTESIAN_POINT('',(12.23776084867,-17.13725993214,
    -19.3812799501));
#9599 = CARTESIAN_POINT('',(12.23287000161,-17.14028281873,
    -19.37223035787));
#9600 = CARTESIAN_POINT('',(12.22769419046,-17.14337676468,
    -19.36324433969));
#9601 = CARTESIAN_POINT('',(12.22223192165,-17.14653464498,
    -19.35433282772));
#9602 = CARTESIAN_POINT('',(12.21648181077,-17.14974957883,
    -19.34550646156));
#9603 = CARTESIAN_POINT('',(12.21044268206,-17.15301483545,
    -19.33677583136));
#9604 = CARTESIAN_POINT('',(12.20411371071,-17.15632372699,
    -19.32815171665));
#9605 = CARTESIAN_POINT('',(12.19749474007,-17.15966943325,
    -19.31964545223));
#9606 = CARTESIAN_POINT('',(12.19058621473,-17.16304504319,
    -19.3112687061));
#9607 = CARTESIAN_POINT('',(12.18338862678,-17.16644381171,
    -19.30303277261));
#9608 = CARTESIAN_POINT('',(12.17590219098,-17.16985925169,
    -19.29494835594));
#9609 = CARTESIAN_POINT('',(12.16812678633,-17.17328508289,
    -19.28702570364));
#9610 = CARTESIAN_POINT('',(12.16006217416,-17.17671506698,
    -19.27927496826));
#9611 = CARTESIAN_POINT('',(12.15170814566,-17.18014288505,
    -19.27170643435));
#9612 = CARTESIAN_POINT('',(12.14306497263,-17.18356190677,
    -19.26433094333));
#9613 = CARTESIAN_POINT('',(12.13413353095,-17.18696512399,
    -19.25715989976));
#9614 = CARTESIAN_POINT('',(12.1249143809,-17.19034546508,
    -19.25020448731));
#9615 = CARTESIAN_POINT('',(12.11540744943,-17.19369579579,
    -19.24347562533));
#9616 = CARTESIAN_POINT('',(12.10561202518,-17.19700878596,
    -19.2369841742));
#9617 = CARTESIAN_POINT('',(12.09552655261,-17.2002768458,
    -19.23074094812));
#9618 = CARTESIAN_POINT('',(12.0851480512,-17.20349211837,
    -19.22475663344));
#9619 = CARTESIAN_POINT('',(12.0744733815,-17.20664585112,-19.2190428258
    ));
#9620 = CARTESIAN_POINT('',(12.06349945891,-17.20972817232,
    -19.21361213042));
#9621 = CARTESIAN_POINT('',(12.05221271408,-17.21273069274,
    -19.20847337695));
#9622 = CARTESIAN_POINT('',(12.04061896163,-17.2156378371,
    -19.20364644674));
#9623 = CARTESIAN_POINT('',(12.02875567827,-17.21842525521,
    -19.19916275739));
#9624 = CARTESIAN_POINT('',(12.01670928801,-17.22105885894,
    -19.19506405593));
#9625 = CARTESIAN_POINT('',(12.00458246745,-17.22350505055,
    -19.19138480796));
#9626 = CARTESIAN_POINT('',(11.99246268137,-17.22573802479,
    -19.18814185915));
#9627 = CARTESIAN_POINT('',(11.98040759118,-17.22774098546,
    -19.1853350279));
#9628 = CARTESIAN_POINT('',(11.96845419331,-17.22950213251,
    -19.18295504941));
#9629 = CARTESIAN_POINT('',(11.95663409925,-17.23101141995,
    -19.18098898147));
#9630 = CARTESIAN_POINT('',(11.94498121035,-17.23225978046,
    -19.17942179052));
#9631 = CARTESIAN_POINT('',(11.9335202164,-17.23324049643,
    -19.17823528834));
#9632 = CARTESIAN_POINT('',(11.92227155407,-17.2339485025,
    -19.17740974499));
#9633 = CARTESIAN_POINT('',(11.91124986475,-17.23438053342,
    -19.17692438846));
#9634 = CARTESIAN_POINT('',(11.90101840239,-17.23452708274,
    -19.17676673278));
#9635 = CARTESIAN_POINT('',(11.89446673034,-17.23446391585,
    -19.17683470073));
#9636 = CARTESIAN_POINT('',(11.8915088052,-17.23440170854,
    -19.17689979546));
#9637 = CARTESIAN_POINT('',(12.27106340575,-17.42069255635,
    -19.56057654292));
#9638 = CARTESIAN_POINT('',(12.27106534181,-17.42069160292,
    -19.55997568809));
#9639 = CARTESIAN_POINT('',(12.27107004328,-17.42068927516,
    -19.55778215181));
#9640 = CARTESIAN_POINT('',(12.27106230661,-17.42069309883,
    -19.55393040726));
#9641 = CARTESIAN_POINT('',(12.27101563965,-17.42071636633,
    -19.54892019093));
#9642 = CARTESIAN_POINT('',(12.27092118352,-17.42076346988,
    -19.5437119416));
#9643 = CARTESIAN_POINT('',(12.27076604108,-17.42084037538,
    -19.53828341396));
#9644 = CARTESIAN_POINT('',(12.2705357689,-17.42095319945,
    -19.53261944572));
#9645 = CARTESIAN_POINT('',(12.27021459805,-17.42110795856,
    -19.52670648871));
#9646 = CARTESIAN_POINT('',(12.26978567787,-17.42131034398,
    -19.52053350497));
#9647 = CARTESIAN_POINT('',(12.26923145182,-17.42156548632,
    -19.51409413929));
#9648 = CARTESIAN_POINT('',(12.26853420479,-17.42187769528,
    -19.50738835235));
#9649 = CARTESIAN_POINT('',(12.26767654236,-17.42225029819,
    -19.50042185752));
#9650 = CARTESIAN_POINT('',(12.26664151616,-17.42268568019,
    -19.49320354257));
#9651 = CARTESIAN_POINT('',(12.26541266897,-17.42318537456,
    -19.48574415697));
#9652 = CARTESIAN_POINT('',(12.26397417928,-17.42375011816,
    -19.4780563072));
#9653 = CARTESIAN_POINT('',(12.26231109686,-17.42437988091,
    -19.47015478875));
#9654 = CARTESIAN_POINT('',(12.26040947003,-17.42507394421,
    -19.46205621582));
#9655 = CARTESIAN_POINT('',(12.25825625261,-17.42583105299,
    -19.45377797284));
#9656 = CARTESIAN_POINT('',(12.2558391749,-17.42664955598,
    -19.44533757617));
#9657 = CARTESIAN_POINT('',(12.25314678219,-17.42752746768,
    -19.43675285721));
#9658 = CARTESIAN_POINT('',(12.25016866419,-17.42846246377,
    -19.4280425394));
#9659 = CARTESIAN_POINT('',(12.24689546522,-17.42945194748,
    -19.4192259373));
#9660 = CARTESIAN_POINT('',(12.24331860041,-17.43049318706,
    -19.4103220745));
#9661 = CARTESIAN_POINT('',(12.23942994615,-17.43158342991,
    -19.40134912359));
#9662 = CARTESIAN_POINT('',(12.23522180047,-17.43271991995,
    -19.39232463275));
#9663 = CARTESIAN_POINT('',(12.23068686676,-17.43389990436,
    -19.38326571241));
#9664 = CARTESIAN_POINT('',(12.22581829149,-17.43512062223,
    -19.37418928148));
#9665 = CARTESIAN_POINT('',(12.22060975084,-17.4363792805,
    -19.36511233209));
#9666 = CARTESIAN_POINT('',(12.21505570587,-17.43767299528,
    -19.3560523544));
#9667 = CARTESIAN_POINT('',(12.20915135804,-17.43899881065,
    -19.34702715145));
#9668 = CARTESIAN_POINT('',(12.20289216798,-17.44035380469,
    -19.33805410272));
#9669 = CARTESIAN_POINT('',(12.19627352172,-17.44173513774,
    -19.32914991221));
#9670 = CARTESIAN_POINT('',(12.18929061367,-17.44314004335,
    -19.32033073612));
#9671 = CARTESIAN_POINT('',(12.18193858449,-17.44456576876,
    -19.31161258121));
#9672 = CARTESIAN_POINT('',(12.17421260469,-17.4460095289,
    -19.30301156887));
#9673 = CARTESIAN_POINT('',(12.16610825025,-17.44746841071,
    -19.2945444416));
#9674 = CARTESIAN_POINT('',(12.15762159842,-17.44893934115,
    -19.28622861545));
#9675 = CARTESIAN_POINT('',(12.14874831274,-17.45041922116,
    -19.27808130369));
#9676 = CARTESIAN_POINT('',(12.13948322255,-17.45190493423,
    -19.27011945489));
#9677 = CARTESIAN_POINT('',(12.1298201825,-17.45339329385,
    -19.26235999502));
#9678 = CARTESIAN_POINT('',(12.11975172838,-17.45488101687,
    -19.25481986428));
#9679 = CARTESIAN_POINT('',(12.10926829433,-17.4563647249,
    -19.24751592961));
#9680 = CARTESIAN_POINT('',(12.09835924743,-17.45784065448,
    -19.24046628151));
#9681 = CARTESIAN_POINT('',(12.08701290368,-17.45930453112,
    -19.23369047037));
#9682 = CARTESIAN_POINT('',(12.07520526688,-17.46075278902,
    -19.22720360652));
#9683 = CARTESIAN_POINT('',(12.06293055178,-17.46217840742,
    -19.22103503571));
#9684 = CARTESIAN_POINT('',(12.05021532532,-17.46356978553,
    -19.21523007201));
#9685 = CARTESIAN_POINT('',(12.03713947373,-17.46490971672,
    -19.20984987749));
#9686 = CARTESIAN_POINT('',(12.02380329406,-17.46618007557,
    -19.20494931677));
#9687 = CARTESIAN_POINT('',(12.01029384409,-17.46736543111,
    -19.20056292667));
#9688 = CARTESIAN_POINT('',(11.99666768921,-17.46845386387,
    -19.19670447697));
#9689 = CARTESIAN_POINT('',(11.98295944377,-17.46943503435,
    -19.19337663142));
#9690 = CARTESIAN_POINT('',(11.96919891308,-17.47029837196,
    -19.1905780184));
#9691 = CARTESIAN_POINT('',(11.95542080184,-17.47103252918,
    -19.1883052516));
#9692 = CARTESIAN_POINT('',(11.94165204219,-17.471626166,-19.18655102905
    ));
#9693 = CARTESIAN_POINT('',(11.92791832356,-17.47206765598,
    -19.18530596685));
#9694 = CARTESIAN_POINT('',(11.91424346958,-17.47234543433,
    -19.18455873947));
#9695 = CARTESIAN_POINT('',(11.90134816972,-17.47244308111,
    -19.18431003259));
#9696 = CARTESIAN_POINT('',(11.89297816392,-17.47240100955,
    -19.1844172317));
#9697 = CARTESIAN_POINT('',(11.88917703475,-17.47235860197,
    -19.18452153617));
#9698 = CARTESIAN_POINT('',(12.49756451239,-17.64299428372,
    -19.56321024108));
#9699 = CARTESIAN_POINT('',(12.49758269182,-17.64299902402,
    -19.56199220963));
#9700 = CARTESIAN_POINT('',(12.49762556775,-17.64301007128,
    -19.5575528468));
#9701 = CARTESIAN_POINT('',(12.49755332048,-17.64299129949,
    -19.54980987182));
#9702 = CARTESIAN_POINT('',(12.49719112011,-17.64290402109,
    -19.53987287168));
#9703 = CARTESIAN_POINT('',(12.49654891412,-17.64275897268,
    -19.52970628655));
#9704 = CARTESIAN_POINT('',(12.49561737213,-17.64256303136,
    -19.51929626887));
#9705 = CARTESIAN_POINT('',(12.49438696885,-17.64232371074,
    -19.50863714179));
#9706 = CARTESIAN_POINT('',(12.49284700187,-17.6420485794,
    -19.49772186614));
#9707 = CARTESIAN_POINT('',(12.49098528835,-17.64174491662,
    -19.48654406978));
#9708 = CARTESIAN_POINT('',(12.48878881305,-17.64141961905,
    -19.47510263666));
#9709 = CARTESIAN_POINT('',(12.48624484308,-17.64107916632,
    -19.46340470001));
#9710 = CARTESIAN_POINT('',(12.48334156082,-17.64072951522,
    -19.45146463404));
#9711 = CARTESIAN_POINT('',(12.48006763669,-17.64037592541,
    -19.4392998068));
#9712 = CARTESIAN_POINT('',(12.47641195859,-17.64002290578,
    -19.42692879705));
#9713 = CARTESIAN_POINT('',(12.47236388227,-17.63967426814,
    -19.41437179861));
#9714 = CARTESIAN_POINT('',(12.46791375192,-17.63933321406,
    -19.40165142389));
#9715 = CARTESIAN_POINT('',(12.46305309848,-17.63900239489,
    -19.38879225373));
#9716 = CARTESIAN_POINT('',(12.45777433253,-17.63868394981,
    -19.37581930367));
#9717 = CARTESIAN_POINT('',(12.45207048023,-17.63837956814,
    -19.36275718635));
#9718 = CARTESIAN_POINT('',(12.44593536993,-17.63809057838,
    -19.34963052762));
#9719 = CARTESIAN_POINT('',(12.43936418481,-17.63781803359,
    -19.33646488916));
#9720 = CARTESIAN_POINT('',(12.43235344847,-17.63756275212,
    -19.32328629107));
#9721 = CARTESIAN_POINT('',(12.42490042135,-17.63732533862,
    -19.3101199001));
#9722 = CARTESIAN_POINT('',(12.41700254133,-17.63710621597,
    -19.29698925896));
#9723 = CARTESIAN_POINT('',(12.40865745266,-17.63690567187,
    -19.28391667888));
#9724 = CARTESIAN_POINT('',(12.3998630489,-17.63672389347,
    -19.27092353792));
#9725 = CARTESIAN_POINT('',(12.39061760036,-17.6365609952,
    -19.25803064575));
#9726 = CARTESIAN_POINT('',(12.38091994753,-17.63641703948,
    -19.24525861434));
#9727 = CARTESIAN_POINT('',(12.37076996358,-17.63629205219,
    -19.23262842667));
#9728 = CARTESIAN_POINT('',(12.36016842741,-17.63618602368,
    -19.22016113599));
#9729 = CARTESIAN_POINT('',(12.34911614611,-17.63609890572,
    -19.20787683384));
#9730 = CARTESIAN_POINT('',(12.33761342262,-17.63603062044,
    -19.19579433547));
#9731 = CARTESIAN_POINT('',(12.32565992869,-17.63598107271,
    -19.18393138782));
#9732 = CARTESIAN_POINT('',(12.31325499846,-17.63595016047,
    -19.17230522215));
#9733 = CARTESIAN_POINT('',(12.30039780836,-17.63593778064,
    -19.16093290697));
#9734 = CARTESIAN_POINT('',(12.2870880164,-17.6359438315,-19.14983200032
    ));
#9735 = CARTESIAN_POINT('',(12.27332588988,-17.63596820891,
    -19.13902057566));
#9736 = CARTESIAN_POINT('',(12.25911081352,-17.63601080685,
    -19.12851605296));
#9737 = CARTESIAN_POINT('',(12.24444070424,-17.63607152531,
    -19.11833513612));
#9738 = CARTESIAN_POINT('',(12.22931188735,-17.63615027437,
    -19.10849412944));
#9739 = CARTESIAN_POINT('',(12.213718638,-17.6362469746,-19.09900896899)
  );
#9740 = CARTESIAN_POINT('',(12.19765210416,-17.63636156154,
    -19.08989510971));
#9741 = CARTESIAN_POINT('',(12.18110204302,-17.63649396348,
    -19.08116912597));
#9742 = CARTESIAN_POINT('',(12.16405688445,-17.63664407151,
    -19.07284891495));
#9743 = CARTESIAN_POINT('',(12.14648701666,-17.6368118508,
    -19.06494642535));
#9744 = CARTESIAN_POINT('',(12.12839073388,-17.63699687364,
    -19.05749047121));
#9745 = CARTESIAN_POINT('',(12.10981342393,-17.63719788435,
    -19.05052805091));
#9746 = CARTESIAN_POINT('',(12.09087544855,-17.63741220603,
    -19.04412340914));
#9747 = CARTESIAN_POINT('',(12.07172218266,-17.63763607825,
    -19.03833148151));
#9748 = CARTESIAN_POINT('',(12.05247542922,-17.63786515732,
    -19.03318200694));
#9749 = CARTESIAN_POINT('',(12.0332104211,-17.63809480956,
    -19.02868016588));
#9750 = CARTESIAN_POINT('',(12.01396986225,-17.63831989317,
    -19.02481878942));
#9751 = CARTESIAN_POINT('',(11.99478866666,-17.63853434103,
    -19.02158700928));
#9752 = CARTESIAN_POINT('',(11.97570740798,-17.63873095328,
    -19.01897287926));
#9753 = CARTESIAN_POINT('',(11.95675464697,-17.63890159149,
    -19.01696143192));
#9754 = CARTESIAN_POINT('',(11.93795595481,-17.6390371764,
    -19.01553695243));
#9755 = CARTESIAN_POINT('',(11.91933280015,-17.63912795517,
    -19.01468317949));
#9756 = CARTESIAN_POINT('',(11.90184989605,-17.63916203933,
    -19.01439915508));
#9757 = CARTESIAN_POINT('',(11.89054150248,-17.63914736671,
    -19.01452156877));
#9758 = CARTESIAN_POINT('',(11.88541275969,-17.63913196978,
    -19.01464073947));
#9759 = CARTESIAN_POINT('',(12.81448779042,-17.62695054161,
    -19.56868561396));
#9760 = CARTESIAN_POINT('',(12.81453840706,-17.62695015498,
    -19.56618126298));
#9761 = CARTESIAN_POINT('',(12.81465746932,-17.62694924596,
    -19.5570692402));
#9762 = CARTESIAN_POINT('',(12.81445640369,-17.62695079169,
    -19.5412845178));
#9763 = CARTESIAN_POINT('',(12.81346700488,-17.62695793541,
    -19.5212887938));
#9764 = CARTESIAN_POINT('',(12.81174055182,-17.62696969923,
    -19.5011401441));
#9765 = CARTESIAN_POINT('',(12.80927951753,-17.62698538819,
    -19.4808588129));
#9766 = CARTESIAN_POINT('',(12.8060896346,-17.62700424453,
    -19.46047075716));
#9767 = CARTESIAN_POINT('',(12.80217639922,-17.62702551439,
    -19.4399910986));
#9768 = CARTESIAN_POINT('',(12.79754356045,-17.62704848983,
    -19.41942860568));
#9769 = CARTESIAN_POINT('',(12.79219417684,-17.62707252548,
    -19.39879544283));
#9770 = CARTESIAN_POINT('',(12.78613266477,-17.62709704658,
    -19.37811275802));
#9771 = CARTESIAN_POINT('',(12.77936553522,-17.62712155858,
    -19.35740891864));
#9772 = CARTESIAN_POINT('',(12.77189975054,-17.62714565737,
    -19.3367125783));
#9773 = CARTESIAN_POINT('',(12.76374175386,-17.62716902742,
    -19.31605059807));
#9774 = CARTESIAN_POINT('',(12.75489784791,-17.62719143123,
    -19.29544964602));
#9775 = CARTESIAN_POINT('',(12.74537518185,-17.62721269655,
    -19.27493814399));
#9776 = CARTESIAN_POINT('',(12.73518202506,-17.62723270593,
    -19.25454594132));
#9777 = CARTESIAN_POINT('',(12.72432704308,-17.62725138807,
    -19.23430224601));
#9778 = CARTESIAN_POINT('',(12.7128187992,-17.62726870844,
    -19.21423472798));
#9779 = CARTESIAN_POINT('',(12.70066622867,-17.6272846593,
    -19.19437049039));
#9780 = CARTESIAN_POINT('',(12.68787976844,-17.62729925128,
    -19.17473760091));
#9781 = CARTESIAN_POINT('',(12.67447129538,-17.62731250829,
    -19.15536438137));
#9782 = CARTESIAN_POINT('',(12.66045298697,-17.62732446406,
    -19.13627752599));
#9783 = CARTESIAN_POINT('',(12.64583638096,-17.62733515857,
    -19.11750111363));
#9784 = CARTESIAN_POINT('',(12.63063257293,-17.62734463422,
    -19.09905729234));
#9785 = CARTESIAN_POINT('',(12.61485240007,-17.62735293317,
    -19.08096675102));
#9786 = CARTESIAN_POINT('',(12.59850675204,-17.62736009533,
    -19.0632492416));
#9787 = CARTESIAN_POINT('',(12.58160696489,-17.62736615693,
    -19.04592406756));
#9788 = CARTESIAN_POINT('',(12.56416562612,-17.62737114956,
    -19.02901078843));
#9789 = CARTESIAN_POINT('',(12.54619631395,-17.62737509995,
    -19.01252872567));
#9790 = CARTESIAN_POINT('',(12.52771211012,-17.62737802988,
    -18.99649555998));
#9791 = CARTESIAN_POINT('',(12.50872480761,-17.62737995561,
    -18.98092696701));
#9792 = CARTESIAN_POINT('',(12.48924482848,-17.62738088723,
    -18.96583694011));
#9793 = CARTESIAN_POINT('',(12.46928180872,-17.6273808282,
    -18.95123851527));
#9794 = CARTESIAN_POINT('',(12.44884497255,-17.62737977509,
    -18.93714420726));
#9795 = CARTESIAN_POINT('',(12.42794420398,-17.62737771756,
    -18.92356677796));
#9796 = CARTESIAN_POINT('',(12.40659024554,-17.62737463863,
    -18.9105191799));
#9797 = CARTESIAN_POINT('',(12.38479241996,-17.62737051448,
    -18.89801308355));
#9798 = CARTESIAN_POINT('',(12.36255792477,-17.62736531408,
    -18.88605883212));
#9799 = CARTESIAN_POINT('',(12.3398918664,-17.62735899901,
    -18.87466582202));
#9800 = CARTESIAN_POINT('',(12.31679678513,-17.62735152347,
    -18.86384250303));
#9801 = CARTESIAN_POINT('',(12.29327138133,-17.62734283407,
    -18.85359623654));
#9802 = CARTESIAN_POINT('',(12.26931343416,-17.62733287151,
    -18.84393504809));
#9803 = CARTESIAN_POINT('',(12.24492012719,-17.62732157295,
    -18.83486764995));
#9804 = CARTESIAN_POINT('',(12.22006466763,-17.62730886387,
    -18.82639542685));
#9805 = CARTESIAN_POINT('',(12.19476247633,-17.62729469401,
    -18.81853700812));
#9806 = CARTESIAN_POINT('',(12.1690953488,-17.62727907356,
    -18.81132777747));
#9807 = CARTESIAN_POINT('',(12.14324501949,-17.62726212852,
    -18.80481674083));
#9808 = CARTESIAN_POINT('',(12.11742031288,-17.62724408734,
    -18.79903853097));
#9809 = CARTESIAN_POINT('',(12.09179051057,-17.62722525272,
    -18.79399869559));
#9810 = CARTESIAN_POINT('',(12.06645723157,-17.62720598487,
    -18.7896768272));
#9811 = CARTESIAN_POINT('',(12.04147652143,-17.6271867231,
    -18.78604050746));
#9812 = CARTESIAN_POINT('',(12.0168920214,-17.62716802599,
    -18.78305443159));
#9813 = CARTESIAN_POINT('',(11.99275145282,-17.62715059302,
    -18.78068340962));
#9814 = CARTESIAN_POINT('',(11.96908334053,-17.62713524556,
    -18.77889120285));
#9815 = CARTESIAN_POINT('',(11.94590784272,-17.62712291629,
    -18.77764317345));
#9816 = CARTESIAN_POINT('',(11.92323405539,-17.62711460666,
    -18.77690692691));
#9817 = CARTESIAN_POINT('',(11.90219985129,-17.6271114808,
    -18.77666610665));
#9818 = CARTESIAN_POINT('',(11.88872895899,-17.62711283207,
    -18.77676990141));
#9819 = CARTESIAN_POINT('',(11.88264481231,-17.62711422854,
    -18.77687000265));
#9820 = ADVANCED_FACE('',(#9821),#9832,.T.);
#9821 = FACE_BOUND('',#9822,.T.);
#9822 = EDGE_LOOP('',(#9823,#9824,#9825,#9831));
#9823 = ORIENTED_EDGE('',*,*,#6977,.F.);
#9824 = ORIENTED_EDGE('',*,*,#9569,.F.);
#9825 = ORIENTED_EDGE('',*,*,#9826,.T.);
#9826 = EDGE_CURVE('',#9479,#7300,#9827,.T.);
#9827 = LINE('',#9828,#9829);
#9828 = CARTESIAN_POINT('',(12.28090000005,-17.11960000129,
    -19.55799999245));
#9829 = VECTOR('',#9830,1.);
#9830 = DIRECTION('',(-7.662287243139E-12,2.109493679484E-10,-1.));
#9831 = ORIENTED_EDGE('',*,*,#7299,.F.);
#9832 = CYLINDRICAL_SURFACE('',#9833,0.508);
#9833 = AXIS2_PLACEMENT_3D('',#9834,#9835,#9836);
#9834 = CARTESIAN_POINT('',(12.7889,-17.1196,39.87104830057));
#9835 = DIRECTION('',(0.,0.,-1.));
#9836 = DIRECTION('',(0.,-1.,0.));
#9837 = ADVANCED_FACE('',(#9838),#9849,.F.);
#9838 = FACE_BOUND('',#9839,.F.);
#9839 = EDGE_LOOP('',(#9840,#9846,#9847,#9848));
#9840 = ORIENTED_EDGE('',*,*,#9841,.T.);
#9841 = EDGE_CURVE('',#7324,#9543,#9842,.T.);
#9842 = LINE('',#9843,#9844);
#9843 = CARTESIAN_POINT('',(12.28090004915,-14.47800008224,
    -25.65399701709));
#9844 = VECTOR('',#9845,1.);
#9845 = DIRECTION('',(-8.061979354119E-09,1.349013541673E-08,1.));
#9846 = ORIENTED_EDGE('',*,*,#9542,.F.);
#9847 = ORIENTED_EDGE('',*,*,#9826,.T.);
#9848 = ORIENTED_EDGE('',*,*,#7323,.T.);
#9849 = PLANE('',#9850);
#9850 = AXIS2_PLACEMENT_3D('',#9851,#9852,#9853);
#9851 = CARTESIAN_POINT('',(12.2809,-13.97,-26.162));
#9852 = DIRECTION('',(1.,0.,0.));
#9853 = DIRECTION('',(0.,-1.,0.));
#9854 = ADVANCED_FACE('',(#9855),#9880,.F.);
#9855 = FACE_BOUND('',#9856,.F.);
#9856 = EDGE_LOOP('',(#9857,#9866,#9867,#9874));
#9857 = ORIENTED_EDGE('',*,*,#9858,.T.);
#9858 = EDGE_CURVE('',#9859,#9543,#9861,.T.);
#9859 = VERTEX_POINT('',#9860);
#9860 = CARTESIAN_POINT('',(11.7729,-13.97,-19.558));
#9861 = CIRCLE('',#9862,0.508);
#9862 = AXIS2_PLACEMENT_3D('',#9863,#9864,#9865);
#9863 = CARTESIAN_POINT('',(11.7729,-14.478,-19.558));
#9864 = DIRECTION('',(0.,0.,-1.));
#9865 = DIRECTION('',(0.,1.,0.));
#9866 = ORIENTED_EDGE('',*,*,#9841,.F.);
#9867 = ORIENTED_EDGE('',*,*,#9868,.T.);
#9868 = EDGE_CURVE('',#7324,#7438,#9869,.T.);
#9869 = CIRCLE('',#9870,0.508);
#9870 = AXIS2_PLACEMENT_3D('',#9871,#9872,#9873);
#9871 = CARTESIAN_POINT('',(11.7729,-14.478,-25.65400000243));
#9872 = DIRECTION('',(0.,0.,1.));
#9873 = DIRECTION('',(1.,7.722975225212E-07,-0.));
#9874 = ORIENTED_EDGE('',*,*,#9875,.T.);
#9875 = EDGE_CURVE('',#7438,#9859,#9876,.T.);
#9876 = LINE('',#9877,#9878);
#9877 = CARTESIAN_POINT('',(11.772900517,-13.97000009858,-25.6540071011)
  );
#9878 = VECTOR('',#9879,1.);
#9879 = DIRECTION('',(-8.480956414502E-08,1.617077960492E-08,1.));
#9880 = CYLINDRICAL_SURFACE('',#9881,0.508);
#9881 = AXIS2_PLACEMENT_3D('',#9882,#9883,#9884);
#9882 = CARTESIAN_POINT('',(11.7729,-14.478,-70.09256822566));
#9883 = DIRECTION('',(0.,0.,1.));
#9884 = DIRECTION('',(1.,0.,-0.));
#9885 = ADVANCED_FACE('',(#9886),#9898,.F.);
#9886 = FACE_BOUND('',#9887,.F.);
#9887 = EDGE_LOOP('',(#9888,#9889,#9890,#9897));
#9888 = ORIENTED_EDGE('',*,*,#9550,.F.);
#9889 = ORIENTED_EDGE('',*,*,#9858,.F.);
#9890 = ORIENTED_EDGE('',*,*,#9891,.F.);
#9891 = EDGE_CURVE('',#7718,#9859,#9892,.T.);
#9892 = CIRCLE('',#9893,0.381);
#9893 = AXIS2_PLACEMENT_3D('',#9894,#9895,#9896);
#9894 = CARTESIAN_POINT('',(11.7729,-14.351,-19.558));
#9895 = DIRECTION('',(-1.,0.,0.));
#9896 = DIRECTION('',(0.,0.,1.));
#9897 = ORIENTED_EDGE('',*,*,#7717,.T.);
#9898 = ( BOUNDED_SURFACE() B_SPLINE_SURFACE(3,3,(
    (#9899,#9900,#9901,#9902)
    ,(#9903,#9904,#9905,#9906)
    ,(#9907,#9908,#9909,#9910)
    ,(#9911,#9912,#9913,#9914
)),.UNSPECIFIED.,.F.,.F.,.F.) B_SPLINE_SURFACE_WITH_KNOTS((4,4),(4,4),(
    0.,1.),(0.,1.),.PIECEWISE_BEZIER_KNOTS.) 
GEOMETRIC_REPRESENTATION_ITEM() RATIONAL_B_SPLINE_SURFACE((
    (1.4282904439,1.127918207831,1.127918207831,1.4282904439)
    ,(1.106920162026,0.874132716281,0.874132716281,1.106920162026)
    ,(1.106920162026,0.874132716281,0.874132716281,1.106920162026)
    ,(1.4282904439,1.127918207831,1.127918207831,1.4282904439
))) REPRESENTATION_ITEM('') SURFACE() );
#9899 = CARTESIAN_POINT('',(12.27975963756,-14.50908592367,
    -19.56996749921));
#9900 = CARTESIAN_POINT('',(12.28711060771,-14.50953676189,
    -19.33561632888));
#9901 = CARTESIAN_POINT('',(12.12162842919,-14.49938766737,
    -19.16982321827));
#9902 = CARTESIAN_POINT('',(11.88771676628,-14.48504176259,
    -19.1771880005));
#9903 = CARTESIAN_POINT('',(12.29979019895,-14.1824852669,
    -19.56996749921));
#9904 = CARTESIAN_POINT('',(12.30743167173,-14.17819942557,
    -19.33561632888));
#9905 = CARTESIAN_POINT('',(12.13540981105,-14.27468061719,
    -19.16982321827));
#9906 = CARTESIAN_POINT('',(11.89225420448,-14.41105829952,
    -19.1771880005));
#9907 = CARTESIAN_POINT('',(12.0684147331,-13.95110980105,
    -19.56996749921));
#9908 = CARTESIAN_POINT('',(12.07270057443,-13.94346832827,
    -19.33561632888));
#9909 = CARTESIAN_POINT('',(11.97621938281,-14.11549018895,
    -19.16982321827));
#9910 = CARTESIAN_POINT('',(11.83984170048,-14.35864579552,
    -19.1771880005));
#9911 = CARTESIAN_POINT('',(11.74181407633,-13.97114036244,
    -19.56996749921));
#9912 = CARTESIAN_POINT('',(11.74136323811,-13.96378939229,
    -19.33561632888));
#9913 = CARTESIAN_POINT('',(11.75151233263,-14.12927157081,
    -19.16982321827));
#9914 = CARTESIAN_POINT('',(11.76585823741,-14.36318323372,
    -19.1771880005));
#9915 = ADVANCED_FACE('',(#9916),#9935,.F.);
#9916 = FACE_BOUND('',#9917,.F.);
#9917 = EDGE_LOOP('',(#9918,#9927,#9928,#9929));
#9918 = ORIENTED_EDGE('',*,*,#9919,.T.);
#9919 = EDGE_CURVE('',#9920,#7727,#9922,.T.);
#9920 = VERTEX_POINT('',#9921);
#9921 = CARTESIAN_POINT('',(5.092699917005,-13.96999999934,
    -19.55800000188));
#9922 = CIRCLE('',#9923,0.381);
#9923 = AXIS2_PLACEMENT_3D('',#9924,#9925,#9926);
#9924 = CARTESIAN_POINT('',(5.092699979044,-14.351,-19.558));
#9925 = DIRECTION('',(1.,0.,0.));
#9926 = DIRECTION('',(0.,1.,-1.148817990285E-08));
#9927 = ORIENTED_EDGE('',*,*,#7726,.F.);
#9928 = ORIENTED_EDGE('',*,*,#9891,.T.);
#9929 = ORIENTED_EDGE('',*,*,#9930,.T.);
#9930 = EDGE_CURVE('',#9859,#9920,#9931,.T.);
#9931 = LINE('',#9932,#9933);
#9932 = CARTESIAN_POINT('',(11.7729,-13.97,-19.558));
#9933 = VECTOR('',#9934,1.);
#9934 = DIRECTION('',(-1.,9.827692363444E-11,-2.817201609632E-10));
#9935 = CYLINDRICAL_SURFACE('',#9936,0.381);
#9936 = AXIS2_PLACEMENT_3D('',#9937,#9938,#9939);
#9937 = CARTESIAN_POINT('',(77.7002764,-14.351,-19.558));
#9938 = DIRECTION('',(-1.,0.,0.));
#9939 = DIRECTION('',(0.,0.,1.));
#9940 = ADVANCED_FACE('',(#9941),#10010,.F.);
#9941 = FACE_BOUND('',#9942,.F.);
#9942 = EDGE_LOOP('',(#9943,#9944,#10008,#10009));
#9943 = ORIENTED_EDGE('',*,*,#9919,.F.);
#9944 = ORIENTED_EDGE('',*,*,#9945,.F.);
#9945 = EDGE_CURVE('',#7530,#9920,#9946,.T.);
#9946 = B_SPLINE_CURVE_WITH_KNOTS('',3,(#9947,#9948,#9949,#9950,#9951,
    #9952,#9953,#9954,#9955,#9956,#9957,#9958,#9959,#9960,#9961,#9962,
    #9963,#9964,#9965,#9966,#9967,#9968,#9969,#9970,#9971,#9972,#9973,
    #9974,#9975,#9976,#9977,#9978,#9979,#9980,#9981,#9982,#9983,#9984,
    #9985,#9986,#9987,#9988,#9989,#9990,#9991,#9992,#9993,#9994,#9995,
    #9996,#9997,#9998,#9999,#10000,#10001,#10002,#10003,#10004,#10005,
    #10006,#10007),.UNSPECIFIED.,.F.,.F.,(4,1,1,1,1,1,1,1,1,1,1,1,1,1,1,
    1,1,1,1,1,1,1,1,1,1,1,1,1,1,1,1,1,1,1,1,1,1,1,1,1,1,1,1,1,1,1,1,1,1,
    1,1,1,1,1,1,1,1,1,4),(0.,1.724137931034E-02,3.448275862069E-02,
    5.172413793103E-02,6.896551724138E-02,8.620689655172E-02,
    0.103448275862,0.120689655172,0.137931034483,0.155172413793,
    0.172413793103,0.189655172414,0.206896551724,0.224137931034,
    0.241379310345,0.258620689655,0.275862068965,0.293103448276,
    0.310344827586,0.327586206897,0.344827586207,0.362068965517,
    0.379310344828,0.396551724138,0.413793103448,0.431034482759,
    0.448275862069,0.465517241379,0.48275862069,0.5,0.51724137931,
    0.534482758621,0.551724137931,0.568965517241,0.586206896552,
    0.603448275862,0.620689655172,0.637931034483,0.655172413793,
    0.672413793103,0.689655172414,0.706896551724,0.724137931034,
    0.741379310345,0.758620689655,0.775862068966,0.793103448276,
    0.810344827586,0.827586206897,0.844827586207,0.862068965517,
    0.879310344828,0.896551724138,0.913793103448,0.931034482759,
    0.948275862069,0.965517241379,0.98275862069,1.),.UNSPECIFIED.);
#9947 = CARTESIAN_POINT('',(4.584700000086,-13.46200003231,
    -19.68499999962));
#9948 = CARTESIAN_POINT('',(4.584700000086,-13.46557666471,
    -19.68500000322));
#9949 = CARTESIAN_POINT('',(4.584775553804,-13.47276687296,
    -19.68493860443));
#9950 = CARTESIAN_POINT('',(4.585122449589,-13.48365641588,
    -19.68466354782));
#9951 = CARTESIAN_POINT('',(4.585709958999,-13.49464820507,
    -19.68420782372));
#9952 = CARTESIAN_POINT('',(4.586545299214,-13.50573864944,
    -19.6835747187));
#9953 = CARTESIAN_POINT('',(4.587635544909,-13.51692200304,
    -19.68276851937));
#9954 = CARTESIAN_POINT('',(4.588988708821,-13.52819991796,
    -19.68179356797));
#9955 = CARTESIAN_POINT('',(4.590613894552,-13.53957649597,
    -19.68065406255));
#9956 = CARTESIAN_POINT('',(4.592521097241,-13.55105464182,
    -19.67935416259));
#9957 = CARTESIAN_POINT('',(4.594717581079,-13.56261917,-19.67790027625)
  );
#9958 = CARTESIAN_POINT('',(4.597210612564,-13.57425870317,
    -19.67629892127));
#9959 = CARTESIAN_POINT('',(4.600007459359,-13.585963093,-19.67455664375
    ));
#9960 = CARTESIAN_POINT('',(4.60311503286,-13.59772169537,
    -19.67268014761));
#9961 = CARTESIAN_POINT('',(4.606539694116,-13.60952286234,
    -19.67067631449));
#9962 = CARTESIAN_POINT('',(4.610287402077,-13.62135473587,
    -19.66855203389));
#9963 = CARTESIAN_POINT('',(4.614363693333,-13.63320521102,
    -19.66631416036));
#9964 = CARTESIAN_POINT('',(4.618773610636,-13.64506174032,
    -19.66396951657));
#9965 = CARTESIAN_POINT('',(4.623520647695,-13.65690893153,
    -19.66152539396));
#9966 = CARTESIAN_POINT('',(4.628607158367,-13.66873044761,
    -19.65898924185));
#9967 = CARTESIAN_POINT('',(4.634035027023,-13.68051075579,
    -19.65636829161));
#9968 = CARTESIAN_POINT('',(4.639806863835,-13.69223721101,
    -19.65366902091));
#9969 = CARTESIAN_POINT('',(4.645924906261,-13.70389714974,
    -19.6508977456));
#9970 = CARTESIAN_POINT('',(4.652391018087,-13.71547793005,
    -19.64806062909));
#9971 = CARTESIAN_POINT('',(4.659206912128,-13.72696726111,
    -19.64516360837));
#9972 = CARTESIAN_POINT('',(4.666373902296,-13.73835267931,
    -19.64221253149));
#9973 = CARTESIAN_POINT('',(4.673891987746,-13.7496202583,
    -19.63921353074));
#9974 = CARTESIAN_POINT('',(4.681760315732,-13.76075565037,
    -19.63617280449));
#9975 = CARTESIAN_POINT('',(4.689977678403,-13.77174487638,
    -19.63309642595));
#9976 = CARTESIAN_POINT('',(4.698543913933,-13.78257596061,
    -19.62998987126));
#9977 = CARTESIAN_POINT('',(4.70745912074,-13.79323746411,
    -19.62685840064));
#9978 = CARTESIAN_POINT('',(4.716722802157,-13.8037173932,-19.6237073943
    ));
#9979 = CARTESIAN_POINT('',(4.726333710622,-13.81400314405,
    -19.62054240872));
#9980 = CARTESIAN_POINT('',(4.736290180526,-13.82408200555,
    -19.61736906392));
#9981 = CARTESIAN_POINT('',(4.746592433696,-13.83394327036,
    -19.61419237428));
#9982 = CARTESIAN_POINT('',(4.757239258544,-13.84357469666,
    -19.61101786978));
#9983 = CARTESIAN_POINT('',(4.768227694473,-13.85296267883,
    -19.60785163384));
#9984 = CARTESIAN_POINT('',(4.779557015232,-13.86209568195,
    -19.60469918098));
#9985 = CARTESIAN_POINT('',(4.791227526902,-13.87096268636,
    -19.60156595012));
#9986 = CARTESIAN_POINT('',(4.803238377745,-13.87955141154,
    -19.59845796514));
#9987 = CARTESIAN_POINT('',(4.815586432549,-13.88784784913,
    -19.59538210676));
#9988 = CARTESIAN_POINT('',(4.828269809704,-13.89583888565,
    -19.59234523405));
#9989 = CARTESIAN_POINT('',(4.841290816604,-13.90351355802,
    -19.58935368818));
#9990 = CARTESIAN_POINT('',(4.85465214798,-13.91086014045,
    -19.58641441838));
#9991 = CARTESIAN_POINT('',(4.86835634205,-13.91786581856,
    -19.58353522347));
#9992 = CARTESIAN_POINT('',(4.882402528178,-13.92451511819,
    -19.58072555151));
#9993 = CARTESIAN_POINT('',(4.896793891427,-13.93079423511,
    -19.57799494117));
#9994 = CARTESIAN_POINT('',(4.911571105763,-13.93670187122,
    -19.57534793857));
#9995 = CARTESIAN_POINT('',(4.926685493544,-13.94219750061,
    -19.57280746922));
#9996 = CARTESIAN_POINT('',(4.941970189689,-13.94721183657,
    -19.5704134021));
#9997 = CARTESIAN_POINT('',(4.957344574928,-13.95172224993,
    -19.56818740038));
#9998 = CARTESIAN_POINT('',(4.972731815529,-13.95571563193,
    -19.56614868301));
#9999 = CARTESIAN_POINT('',(4.988101352945,-13.95919734864,
    -19.56430887601));
#10000 = CARTESIAN_POINT('',(5.003436998429,-13.96217663396,
    -19.56267847286));
#10001 = CARTESIAN_POINT('',(5.018695317036,-13.96465895618,
    -19.56127104138));
#10002 = CARTESIAN_POINT('',(5.033836769315,-13.96665421347,
    -19.56009873891));
#10003 = CARTESIAN_POINT('',(5.048834852568,-13.96817642443,
    -19.55917191291));
#10004 = CARTESIAN_POINT('',(5.063664402291,-13.96924111907,
    -19.55850018021));
#10005 = CARTESIAN_POINT('',(5.078303215698,-13.96986536485,
    -19.5580919182));
#10006 = CARTESIAN_POINT('',(5.087925288208,-13.96999999934,
    -19.557999997));
#10007 = CARTESIAN_POINT('',(5.092699917005,-13.96999999934,
    -19.55800000188));
#10008 = ORIENTED_EDGE('',*,*,#7586,.F.);
#10009 = ORIENTED_EDGE('',*,*,#7734,.T.);
#10010 = ( BOUNDED_SURFACE() B_SPLINE_SURFACE(3,3,(
    (#10011,#10012,#10013,#10014,#10015,#10016,#10017,#10018,#10019
      ,#10020,#10021,#10022,#10023,#10024,#10025,#10026,#10027,#10028
      ,#10029,#10030,#10031,#10032,#10033,#10034,#10035,#10036,#10037
      ,#10038,#10039,#10040,#10041,#10042,#10043,#10044,#10045,#10046
      ,#10047,#10048,#10049,#10050,#10051,#10052,#10053,#10054,#10055
      ,#10056,#10057,#10058,#10059,#10060,#10061,#10062,#10063,#10064
      ,#10065,#10066,#10067,#10068,#10069,#10070,#10071,#10072)
    ,(#10073,#10074,#10075,#10076,#10077,#10078,#10079,#10080,#10081
      ,#10082,#10083,#10084,#10085,#10086,#10087,#10088,#10089,#10090
      ,#10091,#10092,#10093,#10094,#10095,#10096,#10097,#10098,#10099
      ,#10100,#10101,#10102,#10103,#10104,#10105,#10106,#10107,#10108
      ,#10109,#10110,#10111,#10112,#10113,#10114,#10115,#10116,#10117
      ,#10118,#10119,#10120,#10121,#10122,#10123,#10124,#10125,#10126
      ,#10127,#10128,#10129,#10130,#10131,#10132,#10133,#10134)
    ,(#10135,#10136,#10137,#10138,#10139,#10140,#10141,#10142,#10143
      ,#10144,#10145,#10146,#10147,#10148,#10149,#10150,#10151,#10152
      ,#10153,#10154,#10155,#10156,#10157,#10158,#10159,#10160,#10161
      ,#10162,#10163,#10164,#10165,#10166,#10167,#10168,#10169,#10170
      ,#10171,#10172,#10173,#10174,#10175,#10176,#10177,#10178,#10179
      ,#10180,#10181,#10182,#10183,#10184,#10185,#10186,#10187,#10188
      ,#10189,#10190,#10191,#10192,#10193,#10194,#10195,#10196)
    ,(#10197,#10198,#10199,#10200,#10201,#10202,#10203,#10204,#10205
      ,#10206,#10207,#10208,#10209,#10210,#10211,#10212,#10213,#10214
      ,#10215,#10216,#10217,#10218,#10219,#10220,#10221,#10222,#10223
      ,#10224,#10225,#10226,#10227,#10228,#10229,#10230,#10231,#10232
      ,#10233,#10234,#10235,#10236,#10237,#10238,#10239,#10240,#10241
      ,#10242,#10243,#10244,#10245,#10246,#10247,#10248,#10249,#10250
      ,#10251,#10252,#10253,#10254,#10255,#10256,#10257,#10258
)),.UNSPECIFIED.,.F.,.F.,.F.) B_SPLINE_SURFACE_WITH_KNOTS((4,4),(4,1,1,1
    ,1,1,1,1,1,1,1,1,1,1,1,1,1,1,1,1,1,1,1,1,1,1,1,1,1,1,1,1,1,1,1,1,1,1
    ,1,1,1,1,1,1,1,1,1,1,1,1,1,1,1,1,1,1,1,1,1,4),(0.,1.),(
    4.023220691121E-03,1.390742474131E-02,2.795297797446E-02,
    4.214313548077E-02,5.647969692147E-02,7.096432441429E-02,
    8.559874777883E-02,0.100392242415,0.115356782436,0.130498444177,
    0.145807989634,0.161279044063,0.176906800934,0.192686110802,
    0.208611178377,0.224676266004,0.240875542369,0.257202092848,
    0.273646158654,0.290197710823,0.306848784606,0.323594667444,
    0.34043081641,0.357353380879,0.374359026225,0.3914439265,
    0.40860273573,0.425830309868,0.443122964626,0.460479945431,
    0.477900760455,0.495384617731,0.512930381895,0.530538396221,
    0.548211283391,0.565948506711,0.58375102381,0.601623177271,
    0.619569408717,0.637592453908,0.655694375612,0.673882589776,
    0.692167851161,0.71056074717,0.729071412578,0.747709619659,
    0.766508073975,0.785478490262,0.804462678622,0.823350657903,
    0.842064316368,0.860569993577,0.878868756977,0.896944175853,
    0.914773428512,0.932345555961,0.949654753131,0.966697644925,
    0.983477108013,0.997589039793),.UNSPECIFIED.) 
GEOMETRIC_REPRESENTATION_ITEM() RATIONAL_B_SPLINE_SURFACE((
    (1.191069702133,1.191069702133,1.191069702133,1.191069702133
      ,1.191069702133,1.191069702133,1.191069702133,1.191069702133
      ,1.191069702133,1.191069702133,1.191069702133,1.191069702133
      ,1.191069702133,1.191069702133,1.191069702133,1.191069702133
      ,1.191069702133,1.191069702133,1.191069702133,1.191069702133
      ,1.191069702133,1.191069702133,1.191069702133,1.191069702133
      ,1.191069702133,1.191069702133,1.191069702133,1.191069702133
      ,1.191069702133,1.191069702133,1.191069702133,1.191069702133
      ,1.191069702133,1.191069702133,1.191069702133,1.191069702133
      ,1.191069702133,1.191069702133,1.191069702133,1.191069702133
      ,1.191069702133,1.191069702133,1.191069702133,1.191069702133
      ,1.191069702133,1.191069702133,1.191069702133,1.191069702133
      ,1.191069702133,1.191069702133,1.191069702133,1.191069702133
      ,1.191069702133,1.191069702133,1.191069702133,1.191069702133
      ,1.191069702133,1.191069702133,1.191069702133,1.191069702133
      ,1.191069702133,1.191069702133)
    ,(0.936310099289,0.936310099289,0.936310099289,0.936310099289
      ,0.936310099289,0.936310099289,0.936310099289,0.936310099289
      ,0.936310099289,0.936310099289,0.936310099289,0.936310099289
      ,0.936310099289,0.936310099289,0.936310099289,0.936310099289
      ,0.936310099289,0.936310099289,0.936310099289,0.936310099289
      ,0.936310099289,0.936310099289,0.936310099289,0.936310099289
      ,0.936310099289,0.936310099289,0.936310099289,0.936310099289
      ,0.936310099289,0.936310099289,0.936310099289,0.936310099289
      ,0.936310099289,0.936310099289,0.936310099289,0.936310099289
      ,0.936310099289,0.936310099289,0.936310099289,0.936310099289
      ,0.936310099289,0.936310099289,0.936310099289,0.936310099289
      ,0.936310099289,0.936310099289,0.936310099289,0.936310099289
      ,0.936310099289,0.936310099289,0.936310099289,0.936310099289
      ,0.936310099289,0.936310099289,0.936310099289,0.936310099289
      ,0.936310099289,0.936310099289,0.936310099289,0.936310099289
      ,0.936310099289,0.936310099289)
    ,(0.936310099289,0.936310099289,0.936310099289,0.936310099289
      ,0.936310099289,0.936310099289,0.936310099289,0.936310099289
      ,0.936310099289,0.936310099289,0.936310099289,0.936310099289
      ,0.936310099289,0.936310099289,0.936310099289,0.936310099289
      ,0.936310099289,0.936310099289,0.936310099289,0.936310099289
      ,0.936310099289,0.936310099289,0.936310099289,0.936310099289
      ,0.936310099289,0.936310099289,0.936310099289,0.936310099289
      ,0.936310099289,0.936310099289,0.936310099289,0.936310099289
      ,0.936310099289,0.936310099289,0.936310099289,0.936310099289
      ,0.936310099289,0.936310099289,0.936310099289,0.936310099289
      ,0.936310099289,0.936310099289,0.936310099289,0.936310099289
      ,0.936310099289,0.936310099289,0.936310099289,0.936310099289
      ,0.936310099289,0.936310099289,0.936310099289,0.936310099289
      ,0.936310099289,0.936310099289,0.936310099289,0.936310099289
      ,0.936310099289,0.936310099289,0.936310099289,0.936310099289
      ,0.936310099289,0.936310099289)
    ,(1.191069702133,1.191069702133,1.191069702133,1.191069702133
      ,1.191069702133,1.191069702133,1.191069702133,1.191069702133
      ,1.191069702133,1.191069702133,1.191069702133,1.191069702133
      ,1.191069702133,1.191069702133,1.191069702133,1.191069702133
      ,1.191069702133,1.191069702133,1.191069702133,1.191069702133
      ,1.191069702133,1.191069702133,1.191069702133,1.191069702133
      ,1.191069702133,1.191069702133,1.191069702133,1.191069702133
      ,1.191069702133,1.191069702133,1.191069702133,1.191069702133
      ,1.191069702133,1.191069702133,1.191069702133,1.191069702133
      ,1.191069702133,1.191069702133,1.191069702133,1.191069702133
      ,1.191069702133,1.191069702133,1.191069702133,1.191069702133
      ,1.191069702133,1.191069702133,1.191069702133,1.191069702133
      ,1.191069702133,1.191069702133,1.191069702133,1.191069702133
      ,1.191069702133,1.191069702133,1.191069702133,1.191069702133
      ,1.191069702133,1.191069702133,1.191069702133,1.191069702133
,1.191069702133,1.191069702133))) REPRESENTATION_ITEM('') SURFACE() );
#10011 = CARTESIAN_POINT('',(4.584484054857,-13.45568409721,
    -19.70106779674));
#10012 = CARTESIAN_POINT('',(4.584451806339,-13.45827802272,
    -19.7010946739));
#10013 = CARTESIAN_POINT('',(4.584421839138,-13.46455776979,
    -19.70111929851));
#10014 = CARTESIAN_POINT('',(4.584559506258,-13.47455686494,
    -19.70100601532));
#10015 = CARTESIAN_POINT('',(4.584957136803,-13.48571237638,
    -19.70068626934));
#10016 = CARTESIAN_POINT('',(4.58560722811,-13.49696557348,
    -19.7001749012));
#10017 = CARTESIAN_POINT('',(4.586516842405,-13.50831186141,
    -19.69947587834));
#10018 = CARTESIAN_POINT('',(4.587693326207,-13.51974858904,
    -19.69859387366));
#10019 = CARTESIAN_POINT('',(4.589144672181,-13.53127573197,
    -19.69753383644));
#10020 = CARTESIAN_POINT('',(4.590879653429,-13.54289424702,
    -19.69630078293));
#10021 = CARTESIAN_POINT('',(4.592906905957,-13.55460008719,
    -19.69490033709));
#10022 = CARTESIAN_POINT('',(4.595234319507,-13.56638428107,
    -19.69333896203));
#10023 = CARTESIAN_POINT('',(4.597868907198,-13.57823489996,
    -19.69162383115));
#10024 = CARTESIAN_POINT('',(4.600817513784,-13.59014087362,
    -19.68976220636));
#10025 = CARTESIAN_POINT('',(4.604086671897,-13.60209104807,
    -19.68776143055));
#10026 = CARTESIAN_POINT('',(4.607682477196,-13.61407377771,
    -19.68562891493));
#10027 = CARTESIAN_POINT('',(4.611610560346,-13.62607697438,
    -19.68337208079));
#10028 = CARTESIAN_POINT('',(4.615876008817,-13.63808799057,
    -19.68099834729));
#10029 = CARTESIAN_POINT('',(4.620483030349,-13.65009291375,
    -19.67851526542));
#10030 = CARTESIAN_POINT('',(4.62543477067,-13.66207657246,
    -19.67593054961));
#10031 = CARTESIAN_POINT('',(4.630733486846,-13.67402335836,
    -19.673251928));
#10032 = CARTESIAN_POINT('',(4.636381200497,-13.68591870795,
    -19.67048679596));
#10033 = CARTESIAN_POINT('',(4.642379903988,-13.69774916208,
    -19.66764215134));
#10034 = CARTESIAN_POINT('',(4.64873153586,-13.70950199502,
    -19.66472465132));
#10035 = CARTESIAN_POINT('',(4.655437709115,-13.72116455318,
    -19.66174077146));
#10036 = CARTESIAN_POINT('',(4.662499643605,-13.73272409988,
    -19.65869685924));
#10037 = CARTESIAN_POINT('',(4.669917841906,-13.74416732886,
    -19.65559928761));
#10038 = CARTESIAN_POINT('',(4.677691963356,-13.75548034524,
    -19.65245450186));
#10039 = CARTESIAN_POINT('',(4.685821052627,-13.7666491457,
    -19.6492689226));
#10040 = CARTESIAN_POINT('',(4.69430426712,-13.77766058057,
    -19.64604868402));
#10041 = CARTESIAN_POINT('',(4.703141022849,-13.7885022945,
    -19.64279963832));
#10042 = CARTESIAN_POINT('',(4.712330807573,-13.79916228802,
    -19.63952748277));
#10043 = CARTESIAN_POINT('',(4.721872632265,-13.8096282263,
    -19.63623798967));
#10044 = CARTESIAN_POINT('',(4.731765220066,-13.81988769846,
    -19.6329369576));
#10045 = CARTESIAN_POINT('',(4.742007511692,-13.82992869699,
    -19.62963007756));
#10046 = CARTESIAN_POINT('',(4.752598189758,-13.83973901137,
    -19.62632314236));
#10047 = CARTESIAN_POINT('',(4.763535656366,-13.84930622906,
    -19.62302208196));
#10048 = CARTESIAN_POINT('',(4.774818234576,-13.85861793639,
    -19.61973293228));
#10049 = CARTESIAN_POINT('',(4.786444920539,-13.8676621969,
    -19.61646168448));
#10050 = CARTESIAN_POINT('',(4.798414769174,-13.87642688444,
    -19.6132145449));
#10051 = CARTESIAN_POINT('',(4.810725946439,-13.88489901273,
    -19.60999824081));
#10052 = CARTESIAN_POINT('',(4.823376833814,-13.89306560227,
    -19.60681976849));
#10053 = CARTESIAN_POINT('',(4.836367272592,-13.90091428743,
    -19.60368619725));
#10054 = CARTESIAN_POINT('',(4.849698843919,-13.90843307614,
    -19.60060478932));
#10055 = CARTESIAN_POINT('',(4.863373528039,-13.91560930018,
    -19.59758349425));
#10056 = CARTESIAN_POINT('',(4.877392706924,-13.92242905512,
    -19.59463131351));
#10057 = CARTESIAN_POINT('',(4.891762949828,-13.92887987058,
    -19.59175728419));
#10058 = CARTESIAN_POINT('',(4.906491035477,-13.9349475325,
    -19.5889719441));
#10059 = CARTESIAN_POINT('',(4.921538815221,-13.94059903737,
    -19.58629566051));
#10060 = CARTESIAN_POINT('',(4.936826103842,-13.9457927155,
    -19.58375549396));
#10061 = CARTESIAN_POINT('',(4.952242811112,-13.95048941246,
    -19.58138069341));
#10062 = CARTESIAN_POINT('',(4.967708093026,-13.95467105147,
    -19.57919299453));
#10063 = CARTESIAN_POINT('',(4.983169345712,-13.95833487748,
    -19.57720834598));
#10064 = CARTESIAN_POINT('',(4.998590405858,-13.96148593156,
    -19.57543998222));
#10065 = CARTESIAN_POINT('',(5.013938037948,-13.9641322564,
    -19.57390065013));
#10066 = CARTESIAN_POINT('',(5.029175605987,-13.96628392045,
    -19.57260297807));
#10067 = CARTESIAN_POINT('',(5.044269719558,-13.96795406533,
    -19.57155852546));
#10068 = CARTESIAN_POINT('',(5.059193069415,-13.96915849246,
    -19.57077754673));
#10069 = CARTESIAN_POINT('',(5.073923117391,-13.96991477404,
    -19.57026901939));
#10070 = CARTESIAN_POINT('',(5.087746540525,-13.97022596587,
    -19.57005142248));
#10071 = CARTESIAN_POINT('',(5.09665337351,-13.97019229659,
    -19.57007441536));
#10072 = CARTESIAN_POINT('',(5.100719885599,-13.97012813801,
    -19.57012075398));
#10073 = CARTESIAN_POINT('',(4.594484285197,-13.45744552192,
    -19.38504209188));
#10074 = CARTESIAN_POINT('',(4.594469953718,-13.45931018964,
    -19.38504614589));
#10075 = CARTESIAN_POINT('',(4.594456302126,-13.46384123306,
    -19.38505002459));
#10076 = CARTESIAN_POINT('',(4.594518830963,-13.47113021069,
    -19.38503226225));
#10077 = CARTESIAN_POINT('',(4.594706958765,-13.47938293692,
    -19.38497839017));
#10078 = CARTESIAN_POINT('',(4.595026570732,-13.48784650145,
    -19.38488642366));
#10079 = CARTESIAN_POINT('',(4.595491614837,-13.49653396173,
    -19.38475236267));
#10080 = CARTESIAN_POINT('',(4.596117250144,-13.50545546592,
    -19.38457230435));
#10081 = CARTESIAN_POINT('',(4.596919733288,-13.51461991686,
    -19.38434257237));
#10082 = CARTESIAN_POINT('',(4.597916240192,-13.52403392034,
    -19.38405984005));
#10083 = CARTESIAN_POINT('',(4.599124136043,-13.53369743283,
    -19.3837213627));
#10084 = CARTESIAN_POINT('',(4.600560350124,-13.54360382538,
    -19.38332513762));
#10085 = CARTESIAN_POINT('',(4.60224104348,-13.5537416947,
    -19.38286993786));
#10086 = CARTESIAN_POINT('',(4.604181896326,-13.56409850377,
    -19.38235515704));
#10087 = CARTESIAN_POINT('',(4.606397937528,-13.5746602436,
    -19.38178077164));
#10088 = CARTESIAN_POINT('',(4.608903407745,-13.585411436,
    -19.38114728851));
#10089 = CARTESIAN_POINT('',(4.611711711273,-13.5963354681,
    -19.3804556702));
#10090 = CARTESIAN_POINT('',(4.614835352525,-13.60741471984,
    -19.3797072703));
#10091 = CARTESIAN_POINT('',(4.618285685707,-13.61863007438,
    -19.37890381884));
#10092 = CARTESIAN_POINT('',(4.622072759311,-13.6299610034,
    -19.3780473855));
#10093 = CARTESIAN_POINT('',(4.626205433231,-13.64138640398,
    -19.37714028733));
#10094 = CARTESIAN_POINT('',(4.630691907048,-13.65288610581,
    -19.37618492633));
#10095 = CARTESIAN_POINT('',(4.635539943266,-13.66444104622,
    -19.37518371979));
#10096 = CARTESIAN_POINT('',(4.640756906772,-13.67603298542,
    -19.37413908132));
#10097 = CARTESIAN_POINT('',(4.646349584608,-13.68764388591,
    -19.37305344879));
#10098 = CARTESIAN_POINT('',(4.652324157247,-13.69925575806,
    -19.37192928309));
#10099 = CARTESIAN_POINT('',(4.658685939459,-13.71085015247,
    -19.37076911043));
#10100 = CARTESIAN_POINT('',(4.665439267197,-13.72240810003,
    -19.36957553197));
#10101 = CARTESIAN_POINT('',(4.672587690207,-13.73391056834,
    -19.36835118103));
#10102 = CARTESIAN_POINT('',(4.680134627374,-13.74533944584,
    -19.36709861409));
#10103 = CARTESIAN_POINT('',(4.688083541564,-13.75667750219,
    -19.36582030114));
#10104 = CARTESIAN_POINT('',(4.696437813633,-13.76790794103,
    -19.36451866675));
#10105 = CARTESIAN_POINT('',(4.705200266034,-13.77901366043,
    -19.3631961775));
#10106 = CARTESIAN_POINT('',(4.714373343988,-13.78997750346,
    -19.36185532152));
#10107 = CARTESIAN_POINT('',(4.723959607651,-13.80078276141,
    -19.36049855136));
#10108 = CARTESIAN_POINT('',(4.733961328665,-13.81141252524,
    -19.35912836523));
#10109 = CARTESIAN_POINT('',(4.744380489556,-13.82184966685,
    -19.35774732142));
#10110 = CARTESIAN_POINT('',(4.755219000221,-13.83207704084,
    -19.35635802497));
#10111 = CARTESIAN_POINT('',(4.766479477685,-13.84207801296,
    -19.35496306021));
#10112 = CARTESIAN_POINT('',(4.778164724815,-13.85183572677,
    -19.35356509706));
#10113 = CARTESIAN_POINT('',(4.790276852819,-13.86133233043,
    -19.35216702417));
#10114 = CARTESIAN_POINT('',(4.802818410605,-13.87054990898,
    -19.35077184401));
#10115 = CARTESIAN_POINT('',(4.815793727126,-13.87947116378,
    -19.34938258486));
#10116 = CARTESIAN_POINT('',(4.829209357009,-13.88807914624,
    -19.34800234901));
#10117 = CARTESIAN_POINT('',(4.843072900589,-13.89635603149,
    -19.34663453572));
#10118 = CARTESIAN_POINT('',(4.857392139956,-13.90428239954,
    -19.34528302024));
#10119 = CARTESIAN_POINT('',(4.872181147177,-13.91184025842,
    -19.34395170712));
#10120 = CARTESIAN_POINT('',(4.887455558911,-13.91900930326,
    -19.34264521607));
#10121 = CARTESIAN_POINT('',(4.903185696521,-13.92574642769,
    -19.34137288701));
#10122 = CARTESIAN_POINT('',(4.919297695998,-13.93199657645,
    -19.34014766634));
#10123 = CARTESIAN_POINT('',(4.935684506861,-13.93770548877,
    -19.33898425301));
#10124 = CARTESIAN_POINT('',(4.952268231045,-13.94284240625,
    -19.33789445951));
#10125 = CARTESIAN_POINT('',(4.9690000827,-13.94739383548,
    -19.33688796587));
#10126 = CARTESIAN_POINT('',(4.985848557179,-13.95135481025,
    -19.33597381815));
#10127 = CARTESIAN_POINT('',(5.00278484238,-13.95472307576,
    -19.33516164367));
#10128 = CARTESIAN_POINT('',(5.019775167598,-13.95749786264,
    -19.33446198935));
#10129 = CARTESIAN_POINT('',(5.03678728316,-13.95968136835,
    -19.33388591222));
#10130 = CARTESIAN_POINT('',(5.053792895342,-13.9612785348,
    -19.33344485388));
#10131 = CARTESIAN_POINT('',(5.070765051245,-13.96229631835,
    -19.3331505506));
#10132 = CARTESIAN_POINT('',(5.086867502211,-13.96272199383,
    -19.33302120591));
#10133 = CARTESIAN_POINT('',(5.097342732611,-13.96267639567,
    -19.3330346316));
#10134 = CARTESIAN_POINT('',(5.102145527394,-13.96258742418,
    -19.33306280069));
#10135 = CARTESIAN_POINT('',(4.369348222532,-13.45466820111,
    -19.16304796373));
#10136 = CARTESIAN_POINT('',(4.369303711462,-13.45767324144,
    -19.16304084569));
#10137 = CARTESIAN_POINT('',(4.369262329847,-13.46496614951,
    -19.16303447796));
#10138 = CARTESIAN_POINT('',(4.36945239689,-13.47665299666,
    -19.1630638353));
#10139 = CARTESIAN_POINT('',(4.370001730165,-13.48980428198,
    -19.16314308191));
#10140 = CARTESIAN_POINT('',(4.370900596544,-13.50319397831,
    -19.16326422091));
#10141 = CARTESIAN_POINT('',(4.372159613227,-13.51682608068,
    -19.16342177331));
#10142 = CARTESIAN_POINT('',(4.373790001797,-13.53070312622,
    -19.16361006625));
#10143 = CARTESIAN_POINT('',(4.375804056155,-13.54482811443,
    -19.16382352937));
#10144 = CARTESIAN_POINT('',(4.378215276718,-13.55920268298,
    -19.16405689816));
#10145 = CARTESIAN_POINT('',(4.381037045565,-13.57382015043,
    -19.16430521503));
#10146 = CARTESIAN_POINT('',(4.384281713684,-13.58866565865,
    -19.16456388861));
#10147 = CARTESIAN_POINT('',(4.387960355146,-13.6037188525,
    -19.1648287797));
#10148 = CARTESIAN_POINT('',(4.392083702659,-13.61895908741,
    -19.16509630766));
#10149 = CARTESIAN_POINT('',(4.396661908691,-13.63436465025,
    -19.16536341822));
#10150 = CARTESIAN_POINT('',(4.401704342465,-13.64991256611,
    -19.1656275391));
#10151 = CARTESIAN_POINT('',(4.407219533064,-13.66557893386,
    -19.16588653281));
#10152 = CARTESIAN_POINT('',(4.413215051873,-13.6813389954,
    -19.16613864012));
#10153 = CARTESIAN_POINT('',(4.419697039239,-13.69716637361,
    -19.16638241159));
#10154 = CARTESIAN_POINT('',(4.42666995266,-13.7130331865,
    -19.16661665964));
#10155 = CARTESIAN_POINT('',(4.434136821402,-13.72891122095,
    -19.16684043133));
#10156 = CARTESIAN_POINT('',(4.442100183943,-13.74477398838,
    -19.16705299401));
#10157 = CARTESIAN_POINT('',(4.450562400119,-13.76059688456,
    -19.16725379474));
#10158 = CARTESIAN_POINT('',(4.459525637964,-13.77635673892,
    -19.16744241863));
#10159 = CARTESIAN_POINT('',(4.468991510922,-13.7920309434,
    -19.16761855055));
#10160 = CARTESIAN_POINT('',(4.478961002231,-13.80759724047,
    -19.16778195193));
#10161 = CARTESIAN_POINT('',(4.489434026855,-13.82303305453,
    -19.1679324386));
#10162 = CARTESIAN_POINT('',(4.500409273138,-13.83831544508,
    -19.16806987087));
#10163 = CARTESIAN_POINT('',(4.511884545888,-13.85342173659,
    -19.16819415199));
#10164 = CARTESIAN_POINT('',(4.52385781384,-13.86833080627,
    -19.16830523029));
#10165 = CARTESIAN_POINT('',(4.536327436077,-13.88302299405,
    -19.16840308784));
#10166 = CARTESIAN_POINT('',(4.549291919018,-13.89747949461,
    -19.16848772804));
#10167 = CARTESIAN_POINT('',(4.562749165484,-13.91168140378,
    -19.16855916563));
#10168 = CARTESIAN_POINT('',(4.576696767096,-13.92561005455,
    -19.16861742696));
#10169 = CARTESIAN_POINT('',(4.591132745255,-13.93924765568,
    -19.16866254968));
#10170 = CARTESIAN_POINT('',(4.606054912426,-13.95257645873,
    -19.16869457528));
#10171 = CARTESIAN_POINT('',(4.621460878013,-13.96557874906,
    -19.1687135485));
#10172 = CARTESIAN_POINT('',(4.637348376388,-13.9782371112,
    -19.16871951736));
#10173 = CARTESIAN_POINT('',(4.653716375976,-13.99053507306,
    -19.16871252953));
#10174 = CARTESIAN_POINT('',(4.670564273683,-14.00245619344,
    -19.1686926286));
#10175 = CARTESIAN_POINT('',(4.687890633579,-14.0139831435,
    -19.16865985733));
#10176 = CARTESIAN_POINT('',(4.705694827268,-14.02509887712,
    -19.16861425956));
#10177 = CARTESIAN_POINT('',(4.72397888714,-14.03578744829,
    -19.16855587552));
#10178 = CARTESIAN_POINT('',(4.742748026446,-14.04603367324,
    -19.16848473906));
#10179 = CARTESIAN_POINT('',(4.76200890843,-14.05582168338,
    -19.16840089065));
#10180 = CARTESIAN_POINT('',(4.781768430288,-14.0651341311,
    -19.16830440092));
#10181 = CARTESIAN_POINT('',(4.802042110042,-14.07395579235,
    -19.16819535545));
#10182 = CARTESIAN_POINT('',(4.822847373573,-14.08226917309,
    -19.16807391716));
#10183 = CARTESIAN_POINT('',(4.844140070414,-14.09003100916,
    -19.1679407845));
#10184 = CARTESIAN_POINT('',(4.865818192325,-14.09718563972,
    -19.16779740008));
#10185 = CARTESIAN_POINT('',(4.887738302383,-14.10367985301,
    -19.16764600324));
#10186 = CARTESIAN_POINT('',(4.909799001491,-14.10948822477,
    -19.16748911972));
#10187 = CARTESIAN_POINT('',(4.931939562514,-14.114605172,-19.1673295815
    ));
#10188 = CARTESIAN_POINT('',(4.954123206738,-14.11903449168,
    -19.16717071459));
#10189 = CARTESIAN_POINT('',(4.976317501976,-14.1227825213,
    -19.16701659998));
#10190 = CARTESIAN_POINT('',(4.998484456619,-14.12585655958,
    -19.1668722481));
#10191 = CARTESIAN_POINT('',(5.020589137732,-14.12826627596,
    -19.16674359213));
#10192 = CARTESIAN_POINT('',(5.042602876302,-14.13002323692,
    -19.16663746492));
#10193 = CARTESIAN_POINT('',(5.064500009293,-14.13113994531,
    -19.16656150342));
#10194 = CARTESIAN_POINT('',(5.085215087219,-14.13160601483,
    -19.16652570501));
#10195 = CARTESIAN_POINT('',(5.098661532395,-14.13155606117,
    -19.16652925113));
#10196 = CARTESIAN_POINT('',(5.10482164482,-14.13145874872,
    -19.16653748105));
#10197 = CARTESIAN_POINT('',(4.053539890607,-13.44913427014,
    -19.17753333744));
#10198 = CARTESIAN_POINT('',(4.053436468783,-13.4544175657,
    -19.17753386726));
#10199 = CARTESIAN_POINT('',(4.053341105156,-13.46721068918,
    -19.17753432745));
#10200 = CARTESIAN_POINT('',(4.053779548907,-13.48758139307,
    -19.17753216782));
#10201 = CARTESIAN_POINT('',(4.055029019604,-13.51028930234,
    -19.17752635904));
#10202 = CARTESIAN_POINT('',(4.057045181481,-13.5331599227,
    -19.17751756312));
#10203 = CARTESIAN_POINT('',(4.05982724172,-13.5561672872,-19.1775062596
    ));
#10204 = CARTESIAN_POINT('',(4.063373260971,-13.57929079536,
    -19.17749294717));
#10205 = CARTESIAN_POINT('',(4.067681886487,-13.60251650087,
    -19.17747810837));
#10206 = CARTESIAN_POINT('',(4.072753223324,-13.62583364406,
    -19.17746218936));
#10207 = CARTESIAN_POINT('',(4.078586514027,-13.64922252356,
    -19.17744559541));
#10208 = CARTESIAN_POINT('',(4.085178851227,-13.67265476089,
    -19.17742868471));
#10209 = CARTESIAN_POINT('',(4.092525251298,-13.696097316,
    -19.17741176259));
#10210 = CARTESIAN_POINT('',(4.100620891162,-13.71951999834,
    -19.1773950767));
#10211 = CARTESIAN_POINT('',(4.109460803318,-13.74289348512,
    -19.17737882245));
#10212 = CARTESIAN_POINT('',(4.119039594992,-13.76618845099,
    -19.17736314944));
#10213 = CARTESIAN_POINT('',(4.129351399509,-13.78937561976,
    -19.17734816807));
#10214 = CARTESIAN_POINT('',(4.140389670652,-13.81242551003,
    -19.17733395644));
#10215 = CARTESIAN_POINT('',(4.152146320182,-13.8353070872,
    -19.17732056733));
#10216 = CARTESIAN_POINT('',(4.164611308445,-13.85798783743,
    -19.17730803348));
#10217 = CARTESIAN_POINT('',(4.177773141982,-13.88043538426,
    -19.17729637133));
#10218 = CARTESIAN_POINT('',(4.191620491691,-13.90262026361,
    -19.17728558373));
#10219 = CARTESIAN_POINT('',(4.206142608688,-13.92451594756,
    -19.17727566375));
#10220 = CARTESIAN_POINT('',(4.221329175641,-13.94609808197,
    -19.17726659805));
#10221 = CARTESIAN_POINT('',(4.237169604523,-13.96734323438,
    -19.17725836974));
#10222 = CARTESIAN_POINT('',(4.253652858412,-13.98822860303,
    -19.17725096007));
#10223 = CARTESIAN_POINT('',(4.270766705382,-14.00873115074,
    -19.17724435003));
#10224 = CARTESIAN_POINT('',(4.288497485872,-14.02882761676,
    -19.17723852108));
#10225 = CARTESIAN_POINT('',(4.306830696119,-14.04849540611,
    -19.1772334555));
#10226 = CARTESIAN_POINT('',(4.325752640289,-14.06771426765,
    -19.17722913652));
#10227 = CARTESIAN_POINT('',(4.345250698022,-14.08646611596,
    -19.17722554911));
#10228 = CARTESIAN_POINT('',(4.365312861564,-14.10473421379,
    -19.17722268056));
#10229 = CARTESIAN_POINT('',(4.385926539788,-14.12250197598,
    -19.17722052095));
#10230 = CARTESIAN_POINT('',(4.407079009473,-14.13975343045,
    -19.17721906322));
#10231 = CARTESIAN_POINT('',(4.428758507468,-14.15647401672,
    -19.1772183032));
#10232 = CARTESIAN_POINT('',(4.450953200196,-14.17264954469,
    -19.17721823995));
#10233 = CARTESIAN_POINT('',(4.473651176518,-14.18826621855,
    -19.17721887574));
#10234 = CARTESIAN_POINT('',(4.496840912243,-14.20331098773,
    -19.17722021608));
#10235 = CARTESIAN_POINT('',(4.520512798931,-14.21777229817,
    -19.17722226996));
#10236 = CARTESIAN_POINT('',(4.544657859139,-14.23163900307,
    -19.17722504993));
#10237 = CARTESIAN_POINT('',(4.56926589352,-14.24489934946,
    -19.17722857174));
#10238 = CARTESIAN_POINT('',(4.594327790433,-14.25754240689,
    -19.17723285431));
#10239 = CARTESIAN_POINT('',(4.61983797513,-14.26955899967,
    -19.17723792003));
#10240 = CARTESIAN_POINT('',(4.645794865354,-14.28094129778,
    -19.17724379485));
#10241 = CARTESIAN_POINT('',(4.672198231385,-14.29168124646,
    -19.17725050716));
#10242 = CARTESIAN_POINT('',(4.699047368324,-14.30176982875,
    -19.17725808592));
#10243 = CARTESIAN_POINT('',(4.726352255459,-14.31120110183,
    -19.17726656181));
#10244 = CARTESIAN_POINT('',(4.754123891085,-14.31996748049,
    -19.17727596208));
#10245 = CARTESIAN_POINT('',(4.782289997261,-14.32803558919,
    -19.17728627466));
#10246 = CARTESIAN_POINT('',(4.81070401551,-14.33536232998,
    -19.17729743037));
#10247 = CARTESIAN_POINT('',(4.839170044517,-14.34191102243,
    -19.17730929433));
#10248 = CARTESIAN_POINT('',(4.867551817193,-14.34767616931,
    -19.17732170104));
#10249 = CARTESIAN_POINT('',(4.895768568227,-14.35267367096,
    -19.17733444919));
#10250 = CARTESIAN_POINT('',(4.923771696335,-14.35692923487,
    -19.1773472836));
#10251 = CARTESIAN_POINT('',(4.951519428666,-14.36047116718,
    -19.17735987103));
#10252 = CARTESIAN_POINT('',(4.978965174957,-14.36332856351,
    -19.17737178298));
#10253 = CARTESIAN_POINT('',(5.006069216782,-14.36553218683,
    -19.17738249519));
#10254 = CARTESIAN_POINT('',(5.032803359846,-14.36711346145,
    -19.17739139317));
#10255 = CARTESIAN_POINT('',(5.059148107899,-14.36810304004,
    -19.17739778685));
#10256 = CARTESIAN_POINT('',(5.083849607769,-14.36850949415,
    -19.17740080255));
#10257 = CARTESIAN_POINT('',(5.099763532942,-14.3684655532,
    -19.17740049618));
#10258 = CARTESIAN_POINT('',(5.107031042118,-14.36838172391,
    -19.17739981174));
#10259 = ADVANCED_FACE('',(#10260),#10271,.T.);
#10260 = FACE_BOUND('',#10261,.T.);
#10261 = EDGE_LOOP('',(#10262,#10263,#10269,#10270));
#10262 = ORIENTED_EDGE('',*,*,#7480,.F.);
#10263 = ORIENTED_EDGE('',*,*,#10264,.F.);
#10264 = EDGE_CURVE('',#9920,#7456,#10265,.T.);
#10265 = LINE('',#10266,#10267);
#10266 = CARTESIAN_POINT('',(5.092699917005,-13.96999999934,
    -19.55800000188));
#10267 = VECTOR('',#10268,1.);
#10268 = DIRECTION('',(1.361473663887E-08,-1.076954215844E-10,-1.));
#10269 = ORIENTED_EDGE('',*,*,#9945,.F.);
#10270 = ORIENTED_EDGE('',*,*,#7539,.T.);
#10271 = CYLINDRICAL_SURFACE('',#10272,0.508);
#10272 = AXIS2_PLACEMENT_3D('',#10273,#10274,#10275);
#10273 = CARTESIAN_POINT('',(5.0927,-13.462,39.87104830057));
#10274 = DIRECTION('',(0.,0.,-1.));
#10275 = DIRECTION('',(0.,-1.,0.));
#10276 = ADVANCED_FACE('',(#10277),#10283,.F.);
#10277 = FACE_BOUND('',#10278,.F.);
#10278 = EDGE_LOOP('',(#10279,#10280,#10281,#10282));
#10279 = ORIENTED_EDGE('',*,*,#10264,.F.);
#10280 = ORIENTED_EDGE('',*,*,#9930,.F.);
#10281 = ORIENTED_EDGE('',*,*,#9875,.F.);
#10282 = ORIENTED_EDGE('',*,*,#7455,.T.);
#10283 = PLANE('',#10284);
#10284 = AXIS2_PLACEMENT_3D('',#10285,#10286,#10287);
#10285 = CARTESIAN_POINT('',(4.5847,-13.97,-26.162));
#10286 = DIRECTION('',(0.,1.,0.));
#10287 = DIRECTION('',(1.,0.,0.));
#10288 = ADVANCED_FACE('',(#10289),#10295,.F.);
#10289 = FACE_BOUND('',#10290,.F.);
#10290 = EDGE_LOOP('',(#10291,#10292,#10293,#10294));
#10291 = ORIENTED_EDGE('',*,*,#7437,.F.);
#10292 = ORIENTED_EDGE('',*,*,#9868,.F.);
#10293 = ORIENTED_EDGE('',*,*,#7331,.F.);
#10294 = ORIENTED_EDGE('',*,*,#7398,.F.);
#10295 = ( BOUNDED_SURFACE() B_SPLINE_SURFACE(3,3,(
    (#10296,#10297,#10298,#10299,#10300,#10301,#10302,#10303,#10304
      ,#10305,#10306,#10307,#10308,#10309,#10310,#10311)
    ,(#10312,#10313,#10314,#10315,#10316,#10317,#10318,#10319,#10320
      ,#10321,#10322,#10323,#10324,#10325,#10326,#10327)
    ,(#10328,#10329,#10330,#10331,#10332,#10333,#10334,#10335,#10336
      ,#10337,#10338,#10339,#10340,#10341,#10342,#10343)
    ,(#10344,#10345,#10346,#10347,#10348,#10349,#10350,#10351,#10352
      ,#10353,#10354,#10355,#10356,#10357,#10358,#10359
)),.UNSPECIFIED.,.F.,.F.,.F.) B_SPLINE_SURFACE_WITH_KNOTS((4,4),(4,1,1,1
    ,1,1,1,1,1,1,1,1,1,4),(0.,1.),(0.376863789984,0.444085181735,
    0.524696378956,0.595980622283,0.658742157425,0.71450939906,
    0.763647306027,0.807135551663,0.846212436897,0.881041266385,
    0.912685479814,0.942342876269,0.971089835961,0.996970936619),
.UNSPECIFIED.) GEOMETRIC_REPRESENTATION_ITEM() RATIONAL_B_SPLINE_SURFACE
((
    (1.187265537836,1.187265537836,1.187265537836,1.187265537836
      ,1.187265537836,1.187265537836,1.187265537836,1.187265537836
      ,1.187265537836,1.187265537836,1.187265537836,1.187265537836
      ,1.187265537836,1.187265537836,1.187265537836,1.187265537836)
    ,(0.937578154055,0.937578154055,0.937578154055,0.937578154055
      ,0.937578154055,0.937578154055,0.937578154055,0.937578154055
      ,0.937578154055,0.937578154055,0.937578154055,0.937578154055
      ,0.937578154055,0.937578154055,0.937578154055,0.937578154055)
    ,(0.937578154055,0.937578154055,0.937578154055,0.937578154055
      ,0.937578154055,0.937578154055,0.937578154055,0.937578154055
      ,0.937578154055,0.937578154055,0.937578154055,0.937578154055
      ,0.937578154055,0.937578154055,0.937578154055,0.937578154055)
    ,(1.187265537836,1.187265537836,1.187265537836,1.187265537836
      ,1.187265537836,1.187265537836,1.187265537836,1.187265537836
      ,1.187265537836,1.187265537836,1.187265537836,1.187265537836
      ,1.187265537836,1.187265537836,1.187265537836,1.187265537836
))) REPRESENTATION_ITEM('') SURFACE() );
#10296 = CARTESIAN_POINT('',(12.55801367361,-13.95411204181,
    -26.10690433358));
#10297 = CARTESIAN_POINT('',(12.54393739282,-13.98185629897,
    -26.09972686837));
#10298 = CARTESIAN_POINT('',(12.51322656787,-14.04229932823,
    -26.08224772455));
#10299 = CARTESIAN_POINT('',(12.46881631257,-14.12940979437,
    -26.05035673738));
#10300 = CARTESIAN_POINT('',(12.42697628216,-14.21116343571,
    -26.0123361088));
#10301 = CARTESIAN_POINT('',(12.39185102786,-14.27954017347,
    -25.97276425661));
#10302 = CARTESIAN_POINT('',(12.36286574962,-14.33576167085,
    -25.93263028789));
#10303 = CARTESIAN_POINT('',(12.33938932361,-14.3811442732,
    -25.89267812736));
#10304 = CARTESIAN_POINT('',(12.32080269454,-14.4169647758,
    -25.85354492725));
#10305 = CARTESIAN_POINT('',(12.30650958012,-14.44443742148,
    -25.81570564251));
#10306 = CARTESIAN_POINT('',(12.29590386109,-14.46477775814,
    -25.77941021883));
#10307 = CARTESIAN_POINT('',(12.28840652429,-14.47913217065,
    -25.74470206168));
#10308 = CARTESIAN_POINT('',(12.28349067947,-14.48853246159,
    -25.71104485333));
#10309 = CARTESIAN_POINT('',(12.28093021254,-14.49342491953,
    -25.67885465582));
#10310 = CARTESIAN_POINT('',(12.28056614921,-14.49412027219,
    -25.65780139421));
#10311 = CARTESIAN_POINT('',(12.28068648556,-14.49389042087,
    -25.64784269928));
#10312 = CARTESIAN_POINT('',(12.38058266924,-13.71968516139,
    -26.00061425835));
#10313 = CARTESIAN_POINT('',(12.37148587228,-13.74573099328,
    -25.98886595573));
#10314 = CARTESIAN_POINT('',(12.35271371988,-13.80203689649,
    -25.96210004423));
#10315 = CARTESIAN_POINT('',(12.32926255774,-13.88154412378,
    -25.91975361339));
#10316 = CARTESIAN_POINT('',(12.31121240855,-13.95421623242,
    -25.87621999986));
#10317 = CARTESIAN_POINT('',(12.29943400997,-14.0132373265,
    -25.83682428808));
#10318 = CARTESIAN_POINT('',(12.29244702861,-14.06024142691,
    -25.8020237741));
#10319 = CARTESIAN_POINT('',(12.28890326163,-14.09693292746,
    -25.77187685281));
#10320 = CARTESIAN_POINT('',(12.28763538212,-14.12494038592,
    -25.74616366495));
#10321 = CARTESIAN_POINT('',(12.28770594809,-14.14574786048,
    -25.72443825838));
#10322 = CARTESIAN_POINT('',(12.2884056081,-14.16072440971,
    -25.70605404828));
#10323 = CARTESIAN_POINT('',(12.28925720908,-14.17105169756,
    -25.69027618909));
#10324 = CARTESIAN_POINT('',(12.28998582002,-14.17769780053,
    -25.67623105876));
#10325 = CARTESIAN_POINT('',(12.29042147129,-14.18111731397,
    -25.66355612131));
#10326 = CARTESIAN_POINT('',(12.29048688231,-14.18160193113,
    -25.65546613966));
#10327 = CARTESIAN_POINT('',(12.29046559786,-14.18144129024,
    -25.6516278129));
#10328 = CARTESIAN_POINT('',(12.14730656235,-13.55383769497,
    -26.1263595241));
#10329 = CARTESIAN_POINT('',(12.13552573476,-13.57868196018,
    -26.10804960825));
#10330 = CARTESIAN_POINT('',(12.1116826906,-13.63206101528,
    -26.06665154854));
#10331 = CARTESIAN_POINT('',(12.08359732525,-13.70618926085,
    -26.00234764866));
#10332 = CARTESIAN_POINT('',(12.06413474936,-13.77243655514,
    -25.93771397708));
#10333 = CARTESIAN_POINT('',(12.05363564844,-13.82483891249,
    -25.88067694727));
#10334 = CARTESIAN_POINT('',(12.04970017199,-13.86532208009,
    -25.83174958582));
#10335 = CARTESIAN_POINT('',(12.05017295427,-13.89586498023,
    -25.7908236417));
#10336 = CARTESIAN_POINT('',(12.05320822146,-13.9183450283,
    -25.75733941309));
#10337 = CARTESIAN_POINT('',(12.05735158515,-13.93443716587,
    -25.73039160039));
#10338 = CARTESIAN_POINT('',(12.06154611197,-13.94561905403,
    -25.70879103421));
#10339 = CARTESIAN_POINT('',(12.06512903797,-13.95309731526,
    -25.69125392745));
#10340 = CARTESIAN_POINT('',(12.06777285959,-13.95779494246,
    -25.67641945504));
#10341 = CARTESIAN_POINT('',(12.06924707712,-13.96017240767,
    -25.66354322963));
#10342 = CARTESIAN_POINT('',(12.06946269062,-13.96050793807,
    -25.65546751252));
#10343 = CARTESIAN_POINT('',(12.06939200435,-13.96039626074,
    -25.65162748072));
#10344 = CARTESIAN_POINT('',(12.00536245605,-13.56120508932,
    -26.40480571382));
#10345 = CARTESIAN_POINT('',(11.98492747519,-13.58610273139,
    -26.38208322092));
#10346 = CARTESIAN_POINT('',(11.94220327029,-13.63961180501,
    -26.32993925595));
#10347 = CARTESIAN_POINT('',(11.88681418789,-13.71397899955,
    -26.24602913077));
#10348 = CARTESIAN_POINT('',(11.84162799681,-13.78051170152,
    -26.15802064476));
#10349 = CARTESIAN_POINT('',(11.80953350899,-13.83320808111,
    -26.07665498856));
#10350 = CARTESIAN_POINT('',(11.7877775091,-13.87398092623,
    -26.00305329973));
#10351 = CARTESIAN_POINT('',(11.77381663471,-13.90479696388,
    -25.93756470444));
#10352 = CARTESIAN_POINT('',(11.76542453132,-13.92752255451,
    -25.88002123853));
#10353 = CARTESIAN_POINT('',(11.760780226,-13.94382416014,
    -25.82980962321));
#10354 = CARTESIAN_POINT('',(11.75845414784,-13.95517461745,
    -25.78589437456));
#10355 = CARTESIAN_POINT('',(11.75742755562,-13.96277944016,
    -25.74701840819));
#10356 = CARTESIAN_POINT('',(11.75704901009,-13.96756362394,
    -25.71149118037));
#10357 = CARTESIAN_POINT('',(11.75694899622,-13.96998737976,
    -25.67882411432));
#10358 = CARTESIAN_POINT('',(11.75694077549,-13.970329533,
    -25.65780464664));
#10359 = CARTESIAN_POINT('',(11.75694407468,-13.97021568057,
    -25.64784191232));
#10360 = ADVANCED_FACE('',(#10361),#10380,.T.);
#10361 = FACE_BOUND('',#10362,.T.);
#10362 = EDGE_LOOP('',(#10363,#10372,#10378,#10379));
#10363 = ORIENTED_EDGE('',*,*,#10364,.T.);
#10364 = EDGE_CURVE('',#4972,#10365,#10367,.T.);
#10365 = VERTEX_POINT('',#10366);
#10366 = CARTESIAN_POINT('',(21.9075,10.0076,-25.654));
#10367 = CIRCLE('',#10368,0.508);
#10368 = AXIS2_PLACEMENT_3D('',#10369,#10370,#10371);
#10369 = CARTESIAN_POINT('',(21.3995,10.0076,-25.654));
#10370 = DIRECTION('',(0.,-1.,0.));
#10371 = DIRECTION('',(0.,0.,-1.));
#10372 = ORIENTED_EDGE('',*,*,#10373,.T.);
#10373 = EDGE_CURVE('',#10365,#7232,#10374,.T.);
#10374 = LINE('',#10375,#10376);
#10375 = CARTESIAN_POINT('',(21.9075,10.0076,-25.654));
#10376 = VECTOR('',#10377,1.);
#10377 = DIRECTION('',(0.,-1.,0.));
#10378 = ORIENTED_EDGE('',*,*,#7256,.F.);
#10379 = ORIENTED_EDGE('',*,*,#4971,.F.);
#10380 = CYLINDRICAL_SURFACE('',#10381,0.508);
#10381 = AXIS2_PLACEMENT_3D('',#10382,#10383,#10384);
#10382 = CARTESIAN_POINT('',(21.3995,10.01732959865,-25.654));
#10383 = DIRECTION('',(0.,-1.,0.));
#10384 = DIRECTION('',(0.,0.,-1.));
#10385 = ADVANCED_FACE('',(#10386),#10397,.T.);
#10386 = FACE_BOUND('',#10387,.F.);
#10387 = EDGE_LOOP('',(#10388,#10389,#10390,#10391));
#10388 = ORIENTED_EDGE('',*,*,#10373,.T.);
#10389 = ORIENTED_EDGE('',*,*,#7231,.F.);
#10390 = ORIENTED_EDGE('',*,*,#4745,.T.);
#10391 = ORIENTED_EDGE('',*,*,#10392,.F.);
#10392 = EDGE_CURVE('',#10365,#4746,#10393,.T.);
#10393 = LINE('',#10394,#10395);
#10394 = CARTESIAN_POINT('',(21.9075,10.0076,-25.654));
#10395 = VECTOR('',#10396,1.);
#10396 = DIRECTION('',(0.,0.,1.));
#10397 = PLANE('',#10398);
#10398 = AXIS2_PLACEMENT_3D('',#10399,#10400,#10401);
#10399 = CARTESIAN_POINT('',(21.9075,10.0076,-14.859));
#10400 = DIRECTION('',(1.,0.,0.));
#10401 = DIRECTION('',(0.,-1.,0.));
#10402 = ADVANCED_FACE('',(#10403),#10415,.T.);
#10403 = FACE_BOUND('',#10404,.T.);
#10404 = EDGE_LOOP('',(#10405,#10406,#10407,#10408));
#10405 = ORIENTED_EDGE('',*,*,#4822,.T.);
#10406 = ORIENTED_EDGE('',*,*,#4770,.F.);
#10407 = ORIENTED_EDGE('',*,*,#10392,.F.);
#10408 = ORIENTED_EDGE('',*,*,#10409,.F.);
#10409 = EDGE_CURVE('',#4815,#10365,#10410,.T.);
#10410 = CIRCLE('',#10411,7.62);
#10411 = AXIS2_PLACEMENT_3D('',#10412,#10413,#10414);
#10412 = CARTESIAN_POINT('',(14.2875,10.0076,-25.654));
#10413 = DIRECTION('',(0.,0.,-1.));
#10414 = DIRECTION('',(0.,1.,0.));
#10415 = CYLINDRICAL_SURFACE('',#10416,7.62);
#10416 = AXIS2_PLACEMENT_3D('',#10417,#10418,#10419);
#10417 = CARTESIAN_POINT('',(14.2875,10.0076,-14.859));
#10418 = DIRECTION('',(0.,0.,-1.));
#10419 = DIRECTION('',(0.,-1.,0.));
#10420 = ADVANCED_FACE('',(#10421),#10427,.T.);
#10421 = FACE_BOUND('',#10422,.T.);
#10422 = EDGE_LOOP('',(#10423,#10424,#10425,#10426));
#10423 = ORIENTED_EDGE('',*,*,#4853,.T.);
#10424 = ORIENTED_EDGE('',*,*,#10409,.T.);
#10425 = ORIENTED_EDGE('',*,*,#10364,.F.);
#10426 = ORIENTED_EDGE('',*,*,#4979,.F.);
#10427 = TOROIDAL_SURFACE('',#10428,7.112,0.508);
#10428 = AXIS2_PLACEMENT_3D('',#10429,#10430,#10431);
#10429 = CARTESIAN_POINT('',(14.2875,10.0076,-25.654));
#10430 = DIRECTION('',(0.,0.,-1.));
#10431 = DIRECTION('',(-1.276849869722E-03,0.999999184827,0.));
#10432 = ADVANCED_FACE('',(#10433),#10445,.T.);
#10433 = FACE_BOUND('',#10434,.T.);
#10434 = EDGE_LOOP('',(#10435,#10436,#10443,#10444));
#10435 = ORIENTED_EDGE('',*,*,#5350,.T.);
#10436 = ORIENTED_EDGE('',*,*,#10437,.T.);
#10437 = EDGE_CURVE('',#5318,#5309,#10438,.T.);
#10438 = CIRCLE('',#10439,4.064);
#10439 = AXIS2_PLACEMENT_3D('',#10440,#10441,#10442);
#10440 = CARTESIAN_POINT('',(-15.9385,0.,-28.8036));
#10441 = DIRECTION('',(0.,0.,-1.));
#10442 = DIRECTION('',(1.,0.,0.));
#10443 = ORIENTED_EDGE('',*,*,#5340,.F.);
#10444 = ORIENTED_EDGE('',*,*,#5678,.F.);
#10445 = TOROIDAL_SURFACE('',#10446,3.556,0.508);
#10446 = AXIS2_PLACEMENT_3D('',#10447,#10448,#10449);
#10447 = CARTESIAN_POINT('',(-15.9385,0.,-28.8036));
#10448 = DIRECTION('',(0.,0.,-1.));
#10449 = DIRECTION('',(0.999997134158,2.394091869228E-03,0.));
#10450 = ADVANCED_FACE('',(#10451),#10457,.T.);
#10451 = FACE_BOUND('',#10452,.T.);
#10452 = EDGE_LOOP('',(#10453,#10454,#10455,#10456));
#10453 = ORIENTED_EDGE('',*,*,#5317,.F.);
#10454 = ORIENTED_EDGE('',*,*,#5234,.T.);
#10455 = ORIENTED_EDGE('',*,*,#5308,.T.);
#10456 = ORIENTED_EDGE('',*,*,#10437,.F.);
#10457 = CYLINDRICAL_SURFACE('',#10458,4.064);
#10458 = AXIS2_PLACEMENT_3D('',#10459,#10460,#10461);
#10459 = CARTESIAN_POINT('',(-15.9385,0.,-26.162));
#10460 = DIRECTION('',(0.,0.,-1.));
#10461 = DIRECTION('',(-1.,0.,0.));
#10462 = ADVANCED_FACE('',(#10463),#10489,.T.);
#10463 = FACE_BOUND('',#10464,.T.);
#10464 = EDGE_LOOP('',(#10465,#10473,#10482,#10488));
#10465 = ORIENTED_EDGE('',*,*,#10466,.F.);
#10466 = EDGE_CURVE('',#10467,#5552,#10469,.T.);
#10467 = VERTEX_POINT('',#10468);
#10468 = CARTESIAN_POINT('',(-2.4003,5.34289,-33.4518));
#10469 = LINE('',#10470,#10471);
#10470 = CARTESIAN_POINT('',(-2.4003,5.34289,-33.4518));
#10471 = VECTOR('',#10472,1.);
#10472 = DIRECTION('',(0.,0.,1.));
#10473 = ORIENTED_EDGE('',*,*,#10474,.T.);
#10474 = EDGE_CURVE('',#10467,#10475,#10477,.T.);
#10475 = VERTEX_POINT('',#10476);
#10476 = CARTESIAN_POINT('',(-2.4003,3.77571,-33.4518));
#10477 = CIRCLE('',#10478,0.78359);
#10478 = AXIS2_PLACEMENT_3D('',#10479,#10480,#10481);
#10479 = CARTESIAN_POINT('',(-2.4003,4.5593,-33.4518));
#10480 = DIRECTION('',(0.,-0.,1.));
#10481 = DIRECTION('',(0.,1.,0.));
#10482 = ORIENTED_EDGE('',*,*,#10483,.T.);
#10483 = EDGE_CURVE('',#10475,#5554,#10484,.T.);
#10484 = LINE('',#10485,#10486);
#10485 = CARTESIAN_POINT('',(-2.4003,3.77571,-33.4518));
#10486 = VECTOR('',#10487,1.);
#10487 = DIRECTION('',(0.,0.,1.));
#10488 = ORIENTED_EDGE('',*,*,#5551,.F.);
#10489 = CYLINDRICAL_SURFACE('',#10490,0.78359);
#10490 = AXIS2_PLACEMENT_3D('',#10491,#10492,#10493);
#10491 = CARTESIAN_POINT('',(-2.4003,4.5593,-34.45129));
#10492 = DIRECTION('',(0.,0.,1.));
#10493 = DIRECTION('',(0.,1.,0.));
#10494 = ADVANCED_FACE('',(#10495),#10507,.T.);
#10495 = FACE_BOUND('',#10496,.T.);
#10496 = EDGE_LOOP('',(#10497,#10498,#10505,#10506));
#10497 = ORIENTED_EDGE('',*,*,#10483,.F.);
#10498 = ORIENTED_EDGE('',*,*,#10499,.F.);
#10499 = EDGE_CURVE('',#10467,#10475,#10500,.T.);
#10500 = CIRCLE('',#10501,0.78359);
#10501 = AXIS2_PLACEMENT_3D('',#10502,#10503,#10504);
#10502 = CARTESIAN_POINT('',(-2.4003,4.5593,-33.4518));
#10503 = DIRECTION('',(0.,0.,-1.));
#10504 = DIRECTION('',(0.,1.,0.));
#10505 = ORIENTED_EDGE('',*,*,#10466,.T.);
#10506 = ORIENTED_EDGE('',*,*,#5562,.F.);
#10507 = CYLINDRICAL_SURFACE('',#10508,0.78359);
#10508 = AXIS2_PLACEMENT_3D('',#10509,#10510,#10511);
#10509 = CARTESIAN_POINT('',(-2.4003,4.5593,-34.45129));
#10510 = DIRECTION('',(0.,0.,1.));
#10511 = DIRECTION('',(0.,1.,0.));
#10512 = ADVANCED_FACE('',(#10513),#10517,.F.);
#10513 = FACE_BOUND('',#10514,.F.);
#10514 = EDGE_LOOP('',(#10515,#10516));
#10515 = ORIENTED_EDGE('',*,*,#10499,.F.);
#10516 = ORIENTED_EDGE('',*,*,#10474,.T.);
#10517 = PLANE('',#10518);
#10518 = AXIS2_PLACEMENT_3D('',#10519,#10520,#10521);
#10519 = CARTESIAN_POINT('',(-2.4003,4.5593,-33.4518));
#10520 = DIRECTION('',(0.,0.,1.));
#10521 = DIRECTION('',(0.,1.,0.));
#10522 = ADVANCED_FACE('',(#10523),#10549,.T.);
#10523 = FACE_BOUND('',#10524,.T.);
#10524 = EDGE_LOOP('',(#10525,#10533,#10542,#10548));
#10525 = ORIENTED_EDGE('',*,*,#10526,.F.);
#10526 = EDGE_CURVE('',#10527,#5572,#10529,.T.);
#10527 = VERTEX_POINT('',#10528);
#10528 = CARTESIAN_POINT('',(2.0447,5.34289,-33.4518));
#10529 = LINE('',#10530,#10531);
#10530 = CARTESIAN_POINT('',(2.0447,5.34289,-33.4518));
#10531 = VECTOR('',#10532,1.);
#10532 = DIRECTION('',(0.,0.,1.));
#10533 = ORIENTED_EDGE('',*,*,#10534,.T.);
#10534 = EDGE_CURVE('',#10527,#10535,#10537,.T.);
#10535 = VERTEX_POINT('',#10536);
#10536 = CARTESIAN_POINT('',(2.0447,3.77571,-33.4518));
#10537 = CIRCLE('',#10538,0.78359);
#10538 = AXIS2_PLACEMENT_3D('',#10539,#10540,#10541);
#10539 = CARTESIAN_POINT('',(2.0447,4.5593,-33.4518));
#10540 = DIRECTION('',(0.,-0.,1.));
#10541 = DIRECTION('',(0.,1.,0.));
#10542 = ORIENTED_EDGE('',*,*,#10543,.T.);
#10543 = EDGE_CURVE('',#10535,#5574,#10544,.T.);
#10544 = LINE('',#10545,#10546);
#10545 = CARTESIAN_POINT('',(2.0447,3.77571,-33.4518));
#10546 = VECTOR('',#10547,1.);
#10547 = DIRECTION('',(0.,0.,1.));
#10548 = ORIENTED_EDGE('',*,*,#5571,.F.);
#10549 = CYLINDRICAL_SURFACE('',#10550,0.78359);
#10550 = AXIS2_PLACEMENT_3D('',#10551,#10552,#10553);
#10551 = CARTESIAN_POINT('',(2.0447,4.5593,-34.45129));
#10552 = DIRECTION('',(0.,0.,1.));
#10553 = DIRECTION('',(0.,1.,0.));
#10554 = ADVANCED_FACE('',(#10555),#10567,.T.);
#10555 = FACE_BOUND('',#10556,.T.);
#10556 = EDGE_LOOP('',(#10557,#10558,#10565,#10566));
#10557 = ORIENTED_EDGE('',*,*,#10543,.F.);
#10558 = ORIENTED_EDGE('',*,*,#10559,.F.);
#10559 = EDGE_CURVE('',#10527,#10535,#10560,.T.);
#10560 = CIRCLE('',#10561,0.78359);
#10561 = AXIS2_PLACEMENT_3D('',#10562,#10563,#10564);
#10562 = CARTESIAN_POINT('',(2.0447,4.5593,-33.4518));
#10563 = DIRECTION('',(0.,0.,-1.));
#10564 = DIRECTION('',(0.,1.,0.));
#10565 = ORIENTED_EDGE('',*,*,#10526,.T.);
#10566 = ORIENTED_EDGE('',*,*,#5582,.F.);
#10567 = CYLINDRICAL_SURFACE('',#10568,0.78359);
#10568 = AXIS2_PLACEMENT_3D('',#10569,#10570,#10571);
#10569 = CARTESIAN_POINT('',(2.0447,4.5593,-34.45129));
#10570 = DIRECTION('',(0.,0.,1.));
#10571 = DIRECTION('',(0.,1.,0.));
#10572 = ADVANCED_FACE('',(#10573),#10577,.F.);
#10573 = FACE_BOUND('',#10574,.F.);
#10574 = EDGE_LOOP('',(#10575,#10576));
#10575 = ORIENTED_EDGE('',*,*,#10559,.F.);
#10576 = ORIENTED_EDGE('',*,*,#10534,.T.);
#10577 = PLANE('',#10578);
#10578 = AXIS2_PLACEMENT_3D('',#10579,#10580,#10581);
#10579 = CARTESIAN_POINT('',(2.0447,4.5593,-33.4518));
#10580 = DIRECTION('',(0.,0.,1.));
#10581 = DIRECTION('',(0.,1.,0.));
#10582 = ADVANCED_FACE('',(#10583),#10609,.T.);
#10583 = FACE_BOUND('',#10584,.T.);
#10584 = EDGE_LOOP('',(#10585,#10593,#10602,#10608));
#10585 = ORIENTED_EDGE('',*,*,#10586,.F.);
#10586 = EDGE_CURVE('',#10587,#5592,#10589,.T.);
#10587 = VERTEX_POINT('',#10588);
#10588 = CARTESIAN_POINT('',(6.4897,5.34289,-33.4518));
#10589 = LINE('',#10590,#10591);
#10590 = CARTESIAN_POINT('',(6.4897,5.34289,-33.4518));
#10591 = VECTOR('',#10592,1.);
#10592 = DIRECTION('',(0.,0.,1.));
#10593 = ORIENTED_EDGE('',*,*,#10594,.T.);
#10594 = EDGE_CURVE('',#10587,#10595,#10597,.T.);
#10595 = VERTEX_POINT('',#10596);
#10596 = CARTESIAN_POINT('',(6.4897,3.77571,-33.4518));
#10597 = CIRCLE('',#10598,0.78359);
#10598 = AXIS2_PLACEMENT_3D('',#10599,#10600,#10601);
#10599 = CARTESIAN_POINT('',(6.4897,4.5593,-33.4518));
#10600 = DIRECTION('',(0.,-0.,1.));
#10601 = DIRECTION('',(0.,1.,0.));
#10602 = ORIENTED_EDGE('',*,*,#10603,.T.);
#10603 = EDGE_CURVE('',#10595,#5594,#10604,.T.);
#10604 = LINE('',#10605,#10606);
#10605 = CARTESIAN_POINT('',(6.4897,3.77571,-33.4518));
#10606 = VECTOR('',#10607,1.);
#10607 = DIRECTION('',(0.,0.,1.));
#10608 = ORIENTED_EDGE('',*,*,#5591,.F.);
#10609 = CYLINDRICAL_SURFACE('',#10610,0.78359);
#10610 = AXIS2_PLACEMENT_3D('',#10611,#10612,#10613);
#10611 = CARTESIAN_POINT('',(6.4897,4.5593,-34.45129));
#10612 = DIRECTION('',(0.,0.,1.));
#10613 = DIRECTION('',(0.,1.,0.));
#10614 = ADVANCED_FACE('',(#10615),#10627,.T.);
#10615 = FACE_BOUND('',#10616,.T.);
#10616 = EDGE_LOOP('',(#10617,#10618,#10625,#10626));
#10617 = ORIENTED_EDGE('',*,*,#10603,.F.);
#10618 = ORIENTED_EDGE('',*,*,#10619,.F.);
#10619 = EDGE_CURVE('',#10587,#10595,#10620,.T.);
#10620 = CIRCLE('',#10621,0.78359);
#10621 = AXIS2_PLACEMENT_3D('',#10622,#10623,#10624);
#10622 = CARTESIAN_POINT('',(6.4897,4.5593,-33.4518));
#10623 = DIRECTION('',(0.,0.,-1.));
#10624 = DIRECTION('',(0.,1.,0.));
#10625 = ORIENTED_EDGE('',*,*,#10586,.T.);
#10626 = ORIENTED_EDGE('',*,*,#5602,.F.);
#10627 = CYLINDRICAL_SURFACE('',#10628,0.78359);
#10628 = AXIS2_PLACEMENT_3D('',#10629,#10630,#10631);
#10629 = CARTESIAN_POINT('',(6.4897,4.5593,-34.45129));
#10630 = DIRECTION('',(0.,0.,1.));
#10631 = DIRECTION('',(0.,1.,0.));
#10632 = ADVANCED_FACE('',(#10633),#10637,.F.);
#10633 = FACE_BOUND('',#10634,.F.);
#10634 = EDGE_LOOP('',(#10635,#10636));
#10635 = ORIENTED_EDGE('',*,*,#10619,.F.);
#10636 = ORIENTED_EDGE('',*,*,#10594,.T.);
#10637 = PLANE('',#10638);
#10638 = AXIS2_PLACEMENT_3D('',#10639,#10640,#10641);
#10639 = CARTESIAN_POINT('',(6.4897,4.5593,-33.4518));
#10640 = DIRECTION('',(0.,0.,1.));
#10641 = DIRECTION('',(0.,1.,0.));
#10642 = ADVANCED_FACE('',(#10643),#10669,.T.);
#10643 = FACE_BOUND('',#10644,.T.);
#10644 = EDGE_LOOP('',(#10645,#10653,#10662,#10668));
#10645 = ORIENTED_EDGE('',*,*,#10646,.F.);
#10646 = EDGE_CURVE('',#10647,#5612,#10649,.T.);
#10647 = VERTEX_POINT('',#10648);
#10648 = CARTESIAN_POINT('',(-2.4003,-3.77571,-33.4518));
#10649 = LINE('',#10650,#10651);
#10650 = CARTESIAN_POINT('',(-2.4003,-3.77571,-33.4518));
#10651 = VECTOR('',#10652,1.);
#10652 = DIRECTION('',(0.,0.,1.));
#10653 = ORIENTED_EDGE('',*,*,#10654,.T.);
#10654 = EDGE_CURVE('',#10647,#10655,#10657,.T.);
#10655 = VERTEX_POINT('',#10656);
#10656 = CARTESIAN_POINT('',(-2.4003,-5.34289,-33.4518));
#10657 = CIRCLE('',#10658,0.78359);
#10658 = AXIS2_PLACEMENT_3D('',#10659,#10660,#10661);
#10659 = CARTESIAN_POINT('',(-2.4003,-4.5593,-33.4518));
#10660 = DIRECTION('',(0.,-0.,1.));
#10661 = DIRECTION('',(0.,1.,0.));
#10662 = ORIENTED_EDGE('',*,*,#10663,.T.);
#10663 = EDGE_CURVE('',#10655,#5614,#10664,.T.);
#10664 = LINE('',#10665,#10666);
#10665 = CARTESIAN_POINT('',(-2.4003,-5.34289,-33.4518));
#10666 = VECTOR('',#10667,1.);
#10667 = DIRECTION('',(0.,0.,1.));
#10668 = ORIENTED_EDGE('',*,*,#5611,.F.);
#10669 = CYLINDRICAL_SURFACE('',#10670,0.78359);
#10670 = AXIS2_PLACEMENT_3D('',#10671,#10672,#10673);
#10671 = CARTESIAN_POINT('',(-2.4003,-4.5593,-34.45129));
#10672 = DIRECTION('',(0.,0.,1.));
#10673 = DIRECTION('',(0.,1.,0.));
#10674 = ADVANCED_FACE('',(#10675),#10687,.T.);
#10675 = FACE_BOUND('',#10676,.T.);
#10676 = EDGE_LOOP('',(#10677,#10678,#10685,#10686));
#10677 = ORIENTED_EDGE('',*,*,#10663,.F.);
#10678 = ORIENTED_EDGE('',*,*,#10679,.F.);
#10679 = EDGE_CURVE('',#10647,#10655,#10680,.T.);
#10680 = CIRCLE('',#10681,0.78359);
#10681 = AXIS2_PLACEMENT_3D('',#10682,#10683,#10684);
#10682 = CARTESIAN_POINT('',(-2.4003,-4.5593,-33.4518));
#10683 = DIRECTION('',(0.,0.,-1.));
#10684 = DIRECTION('',(0.,1.,0.));
#10685 = ORIENTED_EDGE('',*,*,#10646,.T.);
#10686 = ORIENTED_EDGE('',*,*,#5622,.F.);
#10687 = CYLINDRICAL_SURFACE('',#10688,0.78359);
#10688 = AXIS2_PLACEMENT_3D('',#10689,#10690,#10691);
#10689 = CARTESIAN_POINT('',(-2.4003,-4.5593,-34.45129));
#10690 = DIRECTION('',(0.,0.,1.));
#10691 = DIRECTION('',(0.,1.,0.));
#10692 = ADVANCED_FACE('',(#10693),#10697,.F.);
#10693 = FACE_BOUND('',#10694,.F.);
#10694 = EDGE_LOOP('',(#10695,#10696));
#10695 = ORIENTED_EDGE('',*,*,#10679,.F.);
#10696 = ORIENTED_EDGE('',*,*,#10654,.T.);
#10697 = PLANE('',#10698);
#10698 = AXIS2_PLACEMENT_3D('',#10699,#10700,#10701);
#10699 = CARTESIAN_POINT('',(-2.4003,-4.5593,-33.4518));
#10700 = DIRECTION('',(0.,0.,1.));
#10701 = DIRECTION('',(0.,1.,0.));
#10702 = ADVANCED_FACE('',(#10703),#10729,.T.);
#10703 = FACE_BOUND('',#10704,.T.);
#10704 = EDGE_LOOP('',(#10705,#10713,#10722,#10728));
#10705 = ORIENTED_EDGE('',*,*,#10706,.F.);
#10706 = EDGE_CURVE('',#10707,#5632,#10709,.T.);
#10707 = VERTEX_POINT('',#10708);
#10708 = CARTESIAN_POINT('',(2.0447,-3.77571,-33.4518));
#10709 = LINE('',#10710,#10711);
#10710 = CARTESIAN_POINT('',(2.0447,-3.77571,-33.4518));
#10711 = VECTOR('',#10712,1.);
#10712 = DIRECTION('',(0.,0.,1.));
#10713 = ORIENTED_EDGE('',*,*,#10714,.T.);
#10714 = EDGE_CURVE('',#10707,#10715,#10717,.T.);
#10715 = VERTEX_POINT('',#10716);
#10716 = CARTESIAN_POINT('',(2.0447,-5.34289,-33.4518));
#10717 = CIRCLE('',#10718,0.78359);
#10718 = AXIS2_PLACEMENT_3D('',#10719,#10720,#10721);
#10719 = CARTESIAN_POINT('',(2.0447,-4.5593,-33.4518));
#10720 = DIRECTION('',(0.,-0.,1.));
#10721 = DIRECTION('',(0.,1.,0.));
#10722 = ORIENTED_EDGE('',*,*,#10723,.T.);
#10723 = EDGE_CURVE('',#10715,#5634,#10724,.T.);
#10724 = LINE('',#10725,#10726);
#10725 = CARTESIAN_POINT('',(2.0447,-5.34289,-33.4518));
#10726 = VECTOR('',#10727,1.);
#10727 = DIRECTION('',(0.,0.,1.));
#10728 = ORIENTED_EDGE('',*,*,#5631,.F.);
#10729 = CYLINDRICAL_SURFACE('',#10730,0.78359);
#10730 = AXIS2_PLACEMENT_3D('',#10731,#10732,#10733);
#10731 = CARTESIAN_POINT('',(2.0447,-4.5593,-34.45129));
#10732 = DIRECTION('',(0.,0.,1.));
#10733 = DIRECTION('',(0.,1.,0.));
#10734 = ADVANCED_FACE('',(#10735),#10747,.T.);
#10735 = FACE_BOUND('',#10736,.T.);
#10736 = EDGE_LOOP('',(#10737,#10738,#10745,#10746));
#10737 = ORIENTED_EDGE('',*,*,#10723,.F.);
#10738 = ORIENTED_EDGE('',*,*,#10739,.F.);
#10739 = EDGE_CURVE('',#10707,#10715,#10740,.T.);
#10740 = CIRCLE('',#10741,0.78359);
#10741 = AXIS2_PLACEMENT_3D('',#10742,#10743,#10744);
#10742 = CARTESIAN_POINT('',(2.0447,-4.5593,-33.4518));
#10743 = DIRECTION('',(0.,0.,-1.));
#10744 = DIRECTION('',(0.,1.,0.));
#10745 = ORIENTED_EDGE('',*,*,#10706,.T.);
#10746 = ORIENTED_EDGE('',*,*,#5642,.F.);
#10747 = CYLINDRICAL_SURFACE('',#10748,0.78359);
#10748 = AXIS2_PLACEMENT_3D('',#10749,#10750,#10751);
#10749 = CARTESIAN_POINT('',(2.0447,-4.5593,-34.45129));
#10750 = DIRECTION('',(0.,0.,1.));
#10751 = DIRECTION('',(0.,1.,0.));
#10752 = ADVANCED_FACE('',(#10753),#10757,.F.);
#10753 = FACE_BOUND('',#10754,.F.);
#10754 = EDGE_LOOP('',(#10755,#10756));
#10755 = ORIENTED_EDGE('',*,*,#10739,.F.);
#10756 = ORIENTED_EDGE('',*,*,#10714,.T.);
#10757 = PLANE('',#10758);
#10758 = AXIS2_PLACEMENT_3D('',#10759,#10760,#10761);
#10759 = CARTESIAN_POINT('',(2.0447,-4.5593,-33.4518));
#10760 = DIRECTION('',(0.,0.,1.));
#10761 = DIRECTION('',(0.,1.,0.));
#10762 = ADVANCED_FACE('',(#10763),#10789,.T.);
#10763 = FACE_BOUND('',#10764,.T.);
#10764 = EDGE_LOOP('',(#10765,#10773,#10782,#10788));
#10765 = ORIENTED_EDGE('',*,*,#10766,.F.);
#10766 = EDGE_CURVE('',#10767,#5652,#10769,.T.);
#10767 = VERTEX_POINT('',#10768);
#10768 = CARTESIAN_POINT('',(6.4897,-3.77571,-33.4518));
#10769 = LINE('',#10770,#10771);
#10770 = CARTESIAN_POINT('',(6.4897,-3.77571,-33.4518));
#10771 = VECTOR('',#10772,1.);
#10772 = DIRECTION('',(0.,0.,1.));
#10773 = ORIENTED_EDGE('',*,*,#10774,.T.);
#10774 = EDGE_CURVE('',#10767,#10775,#10777,.T.);
#10775 = VERTEX_POINT('',#10776);
#10776 = CARTESIAN_POINT('',(6.4897,-5.34289,-33.4518));
#10777 = CIRCLE('',#10778,0.78359);
#10778 = AXIS2_PLACEMENT_3D('',#10779,#10780,#10781);
#10779 = CARTESIAN_POINT('',(6.4897,-4.5593,-33.4518));
#10780 = DIRECTION('',(0.,-0.,1.));
#10781 = DIRECTION('',(0.,1.,0.));
#10782 = ORIENTED_EDGE('',*,*,#10783,.T.);
#10783 = EDGE_CURVE('',#10775,#5654,#10784,.T.);
#10784 = LINE('',#10785,#10786);
#10785 = CARTESIAN_POINT('',(6.4897,-5.34289,-33.4518));
#10786 = VECTOR('',#10787,1.);
#10787 = DIRECTION('',(0.,0.,1.));
#10788 = ORIENTED_EDGE('',*,*,#5651,.F.);
#10789 = CYLINDRICAL_SURFACE('',#10790,0.78359);
#10790 = AXIS2_PLACEMENT_3D('',#10791,#10792,#10793);
#10791 = CARTESIAN_POINT('',(6.4897,-4.5593,-34.45129));
#10792 = DIRECTION('',(0.,0.,1.));
#10793 = DIRECTION('',(0.,1.,0.));
#10794 = ADVANCED_FACE('',(#10795),#10807,.T.);
#10795 = FACE_BOUND('',#10796,.T.);
#10796 = EDGE_LOOP('',(#10797,#10798,#10805,#10806));
#10797 = ORIENTED_EDGE('',*,*,#10783,.F.);
#10798 = ORIENTED_EDGE('',*,*,#10799,.F.);
#10799 = EDGE_CURVE('',#10767,#10775,#10800,.T.);
#10800 = CIRCLE('',#10801,0.78359);
#10801 = AXIS2_PLACEMENT_3D('',#10802,#10803,#10804);
#10802 = CARTESIAN_POINT('',(6.4897,-4.5593,-33.4518));
#10803 = DIRECTION('',(0.,0.,-1.));
#10804 = DIRECTION('',(0.,1.,0.));
#10805 = ORIENTED_EDGE('',*,*,#10766,.T.);
#10806 = ORIENTED_EDGE('',*,*,#5662,.F.);
#10807 = CYLINDRICAL_SURFACE('',#10808,0.78359);
#10808 = AXIS2_PLACEMENT_3D('',#10809,#10810,#10811);
#10809 = CARTESIAN_POINT('',(6.4897,-4.5593,-34.45129));
#10810 = DIRECTION('',(0.,0.,1.));
#10811 = DIRECTION('',(0.,1.,0.));
#10812 = ADVANCED_FACE('',(#10813),#10817,.F.);
#10813 = FACE_BOUND('',#10814,.F.);
#10814 = EDGE_LOOP('',(#10815,#10816));
#10815 = ORIENTED_EDGE('',*,*,#10799,.F.);
#10816 = ORIENTED_EDGE('',*,*,#10774,.T.);
#10817 = PLANE('',#10818);
#10818 = AXIS2_PLACEMENT_3D('',#10819,#10820,#10821);
#10819 = CARTESIAN_POINT('',(6.4897,-4.5593,-33.4518));
#10820 = DIRECTION('',(0.,0.,1.));
#10821 = DIRECTION('',(0.,1.,0.));
#10822 = ADVANCED_FACE('',(#10823),#10883,.T.);
#10823 = FACE_BOUND('',#10824,.T.);
#10824 = EDGE_LOOP('',(#10825,#10850,#10859,#10882));
#10825 = ORIENTED_EDGE('',*,*,#10826,.T.);
#10826 = EDGE_CURVE('',#3246,#10827,#10829,.T.);
#10827 = VERTEX_POINT('',#10828);
#10828 = CARTESIAN_POINT('',(17.4625,2.953835445654,-14.097));
#10829 = B_SPLINE_CURVE_WITH_KNOTS('',3,(#10830,#10831,#10832,#10833,
    #10834,#10835,#10836,#10837,#10838,#10839,#10840,#10841,#10842,
    #10843,#10844,#10845,#10846,#10847,#10848,#10849),.UNSPECIFIED.,.F.,
  .F.,(4,1,1,1,1,1,1,1,1,1,1,1,1,1,1,1,1,4),(0.,5.882352941176E-02,
    0.117647058824,0.176470588235,0.235294117647,0.294117647059,
    0.352941176471,0.411764705882,0.470588235294,0.529411764706,
    0.588235294118,0.647058823529,0.705882352941,0.764705882353,
    0.823529411765,0.882352941176,0.941176470588,1.),.UNSPECIFIED.);
#10830 = CARTESIAN_POINT('',(18.2245,3.538175326351,-14.859));
#10831 = CARTESIAN_POINT('',(18.2245,3.538180292105,-14.83811111935));
#10832 = CARTESIAN_POINT('',(18.22278348903,3.536965734209,
    -14.79623588475));
#10833 = CARTESIAN_POINT('',(18.21497759953,3.531472738208,
    -14.73348832216));
#10834 = CARTESIAN_POINT('',(18.20197976218,3.522301655896,
    -14.67146278453));
#10835 = CARTESIAN_POINT('',(18.18359172035,3.509287708841,
    -14.60989619159));
#10836 = CARTESIAN_POINT('',(18.15994511974,3.492480715155,
    -14.54976073462));
#10837 = CARTESIAN_POINT('',(18.13064913443,3.471546387908,
    -14.49061629209));
#10838 = CARTESIAN_POINT('',(18.09557369993,3.446314770685,
    -14.43309769802));
#10839 = CARTESIAN_POINT('',(18.05500483745,3.41689945197,
    -14.37820549501));
#10840 = CARTESIAN_POINT('',(18.00869854002,3.383012501615,
    -14.32611689211));
#10841 = CARTESIAN_POINT('',(17.95669062438,3.344544125523,
    -14.27749856704));
#10842 = CARTESIAN_POINT('',(17.89908846092,3.301415652198,
    -14.23302861783));
#10843 = CARTESIAN_POINT('',(17.83600533226,3.253527544754,
    -14.19339674019));
#10844 = CARTESIAN_POINT('',(17.76777882392,3.200930442699,
    -14.15940421756));
#10845 = CARTESIAN_POINT('',(17.69475373344,3.143652907097,
    -14.13183928315));
#10846 = CARTESIAN_POINT('',(17.61840663622,3.082639709924,
    -14.11172181888));
#10847 = CARTESIAN_POINT('',(17.5403060966,3.018888689145,
    -14.09962669999));
#10848 = CARTESIAN_POINT('',(17.48836249084,2.975697935785,-14.097));
#10849 = CARTESIAN_POINT('',(17.4625,2.953835445654,-14.097));
#10850 = ORIENTED_EDGE('',*,*,#10851,.F.);
#10851 = EDGE_CURVE('',#10852,#10827,#10854,.T.);
#10852 = VERTEX_POINT('',#10853);
#10853 = CARTESIAN_POINT('',(17.4625,-2.953835445654,-14.097));
#10854 = CIRCLE('',#10855,2.9972);
#10855 = AXIS2_PLACEMENT_3D('',#10856,#10857,#10858);
#10856 = CARTESIAN_POINT('',(16.9545,0.,-14.097));
#10857 = DIRECTION('',(0.,0.,1.));
#10858 = DIRECTION('',(0.169491525424,-0.985531644753,0.));
#10859 = ORIENTED_EDGE('',*,*,#10860,.T.);
#10860 = EDGE_CURVE('',#10852,#3248,#10861,.T.);
#10861 = B_SPLINE_CURVE_WITH_KNOTS('',3,(#10862,#10863,#10864,#10865,
    #10866,#10867,#10868,#10869,#10870,#10871,#10872,#10873,#10874,
    #10875,#10876,#10877,#10878,#10879,#10880,#10881),.UNSPECIFIED.,.F.,
  .F.,(4,1,1,1,1,1,1,1,1,1,1,1,1,1,1,1,1,4),(0.,5.882352941176E-02,
    0.117647058824,0.176470588235,0.235294117647,0.294117647059,
    0.352941176471,0.411764705882,0.470588235294,0.529411764706,
    0.588235294118,0.647058823529,0.705882352941,0.764705882353,
    0.823529411765,0.882352941176,0.941176470588,1.),.UNSPECIFIED.);
#10862 = CARTESIAN_POINT('',(17.4625,-2.953835445654,-14.097));
#10863 = CARTESIAN_POINT('',(17.48836460013,-2.975699731592,-14.097));
#10864 = CARTESIAN_POINT('',(17.54031251503,-3.018894010719,
    -14.09962712773));
#10865 = CARTESIAN_POINT('',(17.61841967777,-3.082650277504,
    -14.11172429277));
#10866 = CARTESIAN_POINT('',(17.69477303085,-3.143668213338,
    -14.13184520789));
#10867 = CARTESIAN_POINT('',(17.76780345163,-3.20094961528,
    -14.1594147072));
#10868 = CARTESIAN_POINT('',(17.83603433656,-3.253549744327,
    -14.1934128539));
#10869 = CARTESIAN_POINT('',(17.8991201685,-3.301439575701,
    -14.23305030888));
#10870 = CARTESIAN_POINT('',(17.95672606013,-3.34457048003,
    -14.27752899193));
#10871 = CARTESIAN_POINT('',(18.00872866271,-3.383034705512,
    -14.32614639821));
#10872 = CARTESIAN_POINT('',(18.05505872569,-3.41693869657,
    -14.37827197647));
#10873 = CARTESIAN_POINT('',(18.09558645633,-3.446323895505,
    -14.43312056809));
#10874 = CARTESIAN_POINT('',(18.13063816474,-3.471538511505,
    -14.49059791872));
#10875 = CARTESIAN_POINT('',(18.15993253919,-3.492471753185,
    -14.54973215053));
#10876 = CARTESIAN_POINT('',(18.18358440341,-3.50928252378,
    -14.60987429791));
#10877 = CARTESIAN_POINT('',(18.20197560103,-3.522298716877,
    -14.67144579876));
#10878 = CARTESIAN_POINT('',(18.21497587854,-3.531471526267,
    -14.73347697649));
#10879 = CARTESIAN_POINT('',(18.22278317094,-3.5369655101,-14.7962301437
    ));
#10880 = CARTESIAN_POINT('',(18.2245,-3.538180292958,-14.83810921355));
#10881 = CARTESIAN_POINT('',(18.2245,-3.538175326351,-14.859));
#10882 = ORIENTED_EDGE('',*,*,#3245,.F.);
#10883 = TOROIDAL_SURFACE('',#10884,2.9972,0.762);
#10884 = AXIS2_PLACEMENT_3D('',#10885,#10886,#10887);
#10885 = CARTESIAN_POINT('',(16.9545,0.,-14.859));
#10886 = DIRECTION('',(0.,0.,1.));
#10887 = DIRECTION('',(-1.,0.,0.));
#10888 = ADVANCED_FACE('',(#10889),#10949,.T.);
#10889 = FACE_BOUND('',#10890,.T.);
#10890 = EDGE_LOOP('',(#10891,#10916,#10917,#10942));
#10891 = ORIENTED_EDGE('',*,*,#10892,.T.);
#10892 = EDGE_CURVE('',#10893,#3426,#10895,.T.);
#10893 = VERTEX_POINT('',#10894);
#10894 = CARTESIAN_POINT('',(16.4465,2.953835445654,-14.097));
#10895 = B_SPLINE_CURVE_WITH_KNOTS('',3,(#10896,#10897,#10898,#10899,
    #10900,#10901,#10902,#10903,#10904,#10905,#10906,#10907,#10908,
    #10909,#10910,#10911,#10912,#10913,#10914,#10915),.UNSPECIFIED.,.F.,
  .F.,(4,1,1,1,1,1,1,1,1,1,1,1,1,1,1,1,1,4),(0.,5.882352941176E-02,
    0.117647058824,0.176470588235,0.235294117647,0.294117647059,
    0.352941176471,0.411764705882,0.470588235294,0.529411764706,
    0.588235294118,0.647058823529,0.705882352941,0.764705882353,
    0.823529411765,0.882352941176,0.941176470588,1.),.UNSPECIFIED.);
#10896 = CARTESIAN_POINT('',(16.4465,2.953835445654,-14.097));
#10897 = CARTESIAN_POINT('',(16.42065287985,2.975685162531,-14.097));
#10898 = CARTESIAN_POINT('',(16.36873098403,3.018857958871,
    -14.09962338343));
#10899 = CARTESIAN_POINT('',(16.29062789503,3.082611922293,
    -14.11171419062));
#10900 = CARTESIAN_POINT('',(16.21426691807,3.14363661115,
    -14.13183225852));
#10901 = CARTESIAN_POINT('',(16.14123214466,3.200921957251,
    -14.1593990574));
#10902 = CARTESIAN_POINT('',(16.07299648158,3.253526180874,
    -14.19339548933));
#10903 = CARTESIAN_POINT('',(16.0099092396,3.301417406771,
    -14.23302985329));
#10904 = CARTESIAN_POINT('',(15.95230136334,3.34455008241,
    -14.27750560576));
#10905 = CARTESIAN_POINT('',(15.90029375724,3.38301822373,
    -14.32612321471));
#10906 = CARTESIAN_POINT('',(15.85395909835,3.416925720713,
    -14.37824987612));
#10907 = CARTESIAN_POINT('',(15.81342801186,3.446313452167,
    -14.43309889893));
#10908 = CARTESIAN_POINT('',(15.77837296242,3.471530537029,
    -14.49057768656));
#10909 = CARTESIAN_POINT('',(15.74907650803,3.492465309024,
    -14.54971146842));
#10910 = CARTESIAN_POINT('',(15.72542031937,3.509279177796,
    -14.60986000435));
#10911 = CARTESIAN_POINT('',(15.70702701219,3.522296870267,
    -14.67143525078));
#10912 = CARTESIAN_POINT('',(15.6940253864,3.531470638036,
    -14.73346869536));
#10913 = CARTESIAN_POINT('',(15.6862169455,3.536965418212,-14.7962271312
    ));
#10914 = CARTESIAN_POINT('',(15.6845,3.538180314694,-14.83810827205));
#10915 = CARTESIAN_POINT('',(15.6845,3.538175326351,-14.859));
#10916 = ORIENTED_EDGE('',*,*,#3423,.F.);
#10917 = ORIENTED_EDGE('',*,*,#10918,.T.);
#10918 = EDGE_CURVE('',#3424,#10919,#10921,.T.);
#10919 = VERTEX_POINT('',#10920);
#10920 = CARTESIAN_POINT('',(16.4465,-2.953835445654,-14.097));
#10921 = B_SPLINE_CURVE_WITH_KNOTS('',3,(#10922,#10923,#10924,#10925,
    #10926,#10927,#10928,#10929,#10930,#10931,#10932,#10933,#10934,
    #10935,#10936,#10937,#10938,#10939,#10940,#10941),.UNSPECIFIED.,.F.,
  .F.,(4,1,1,1,1,1,1,1,1,1,1,1,1,1,1,1,1,4),(0.,5.882352941176E-02,
    0.117647058824,0.176470588235,0.235294117647,0.294117647059,
    0.352941176471,0.411764705882,0.470588235294,0.529411764706,
    0.588235294118,0.647058823529,0.705882352941,0.764705882353,
    0.823529411765,0.882352941176,0.941176470588,1.),.UNSPECIFIED.);
#10922 = CARTESIAN_POINT('',(15.6845,-3.538175326351,-14.859));
#10923 = CARTESIAN_POINT('',(15.6845,-3.538180313763,-14.83811016686));
#10924 = CARTESIAN_POINT('',(15.68621662928,-3.536965641041,
    -14.79623284027));
#10925 = CARTESIAN_POINT('',(15.69402367404,-3.531471843888,
    -14.73347998393));
#10926 = CARTESIAN_POINT('',(15.70702287134,-3.522299794949,
    -14.67145215273));
#10927 = CARTESIAN_POINT('',(15.7254130378,-3.509284337796,
    -14.60988179093));
#10928 = CARTESIAN_POINT('',(15.74906398819,-3.492474227764,
    -14.54973991209));
#10929 = CARTESIAN_POINT('',(15.77836207014,-3.471538357999,
    -14.49059591572));
#10930 = CARTESIAN_POINT('',(15.81344089394,-3.446304236642,
    -14.43307584144));
#10931 = CARTESIAN_POINT('',(15.85401310713,-3.416886387989,
    -14.37818325786));
#10932 = CARTESIAN_POINT('',(15.90032390026,-3.382996004614,
    -14.32609369412));
#10933 = CARTESIAN_POINT('',(15.95233683127,-3.344523703916,
    -14.2774751541));
#10934 = CARTESIAN_POINT('',(16.00994101534,-3.301393431837,
    -14.23300811561));
#10935 = CARTESIAN_POINT('',(16.07302558725,-3.253503903737,
    -14.1933793192));
#10936 = CARTESIAN_POINT('',(16.14125691487,-3.20090267392,
    -14.15938850541));
#10937 = CARTESIAN_POINT('',(16.2142863994,-3.143621159239,
    -14.13182627572));
#10938 = CARTESIAN_POINT('',(16.29064110902,-3.082601215179,
    -14.11171168307));
#10939 = CARTESIAN_POINT('',(16.36873751819,-3.018852541291,
    -14.099622947));
#10940 = CARTESIAN_POINT('',(16.42065503291,-2.975683329977,-14.097));
#10941 = CARTESIAN_POINT('',(16.4465,-2.953835445654,-14.097));
#10942 = ORIENTED_EDGE('',*,*,#10943,.F.);
#10943 = EDGE_CURVE('',#10893,#10919,#10944,.T.);
#10944 = CIRCLE('',#10945,2.9972);
#10945 = AXIS2_PLACEMENT_3D('',#10946,#10947,#10948);
#10946 = CARTESIAN_POINT('',(16.9545,0.,-14.097));
#10947 = DIRECTION('',(0.,0.,1.));
#10948 = DIRECTION('',(-0.169491525424,0.985531644753,0.));
#10949 = TOROIDAL_SURFACE('',#10950,2.9972,0.762);
#10950 = AXIS2_PLACEMENT_3D('',#10951,#10952,#10953);
#10951 = CARTESIAN_POINT('',(16.9545,0.,-14.859));
#10952 = DIRECTION('',(0.,0.,1.));
#10953 = DIRECTION('',(-1.,0.,0.));
#10954 = ADVANCED_FACE('',(#10955),#10974,.T.);
#10955 = FACE_BOUND('',#10956,.T.);
#10956 = EDGE_LOOP('',(#10957,#10958,#10967,#10973));
#10957 = ORIENTED_EDGE('',*,*,#3256,.F.);
#10958 = ORIENTED_EDGE('',*,*,#10959,.T.);
#10959 = EDGE_CURVE('',#3257,#10960,#10962,.T.);
#10960 = VERTEX_POINT('',#10961);
#10961 = CARTESIAN_POINT('',(17.4625,3.8354,-14.097));
#10962 = CIRCLE('',#10963,0.762);
#10963 = AXIS2_PLACEMENT_3D('',#10964,#10965,#10966);
#10964 = CARTESIAN_POINT('',(17.4625,3.8354,-14.859));
#10965 = DIRECTION('',(0.,-1.,0.));
#10966 = DIRECTION('',(1.,0.,0.));
#10967 = ORIENTED_EDGE('',*,*,#10968,.T.);
#10968 = EDGE_CURVE('',#10960,#10827,#10969,.T.);
#10969 = LINE('',#10970,#10971);
#10970 = CARTESIAN_POINT('',(17.4625,3.8354,-14.097));
#10971 = VECTOR('',#10972,1.);
#10972 = DIRECTION('',(0.,-1.,0.));
#10973 = ORIENTED_EDGE('',*,*,#10826,.F.);
#10974 = CYLINDRICAL_SURFACE('',#10975,0.762);
#10975 = AXIS2_PLACEMENT_3D('',#10976,#10977,#10978);
#10976 = CARTESIAN_POINT('',(17.4625,3.8354,-14.859));
#10977 = DIRECTION('',(0.,-1.,0.));
#10978 = DIRECTION('',(1.,0.,0.));
#10979 = ADVANCED_FACE('',(#10980),#10999,.T.);
#10980 = FACE_BOUND('',#10981,.T.);
#10981 = EDGE_LOOP('',(#10982,#10990,#10997,#10998));
#10982 = ORIENTED_EDGE('',*,*,#10983,.T.);
#10983 = EDGE_CURVE('',#10852,#10984,#10986,.T.);
#10984 = VERTEX_POINT('',#10985);
#10985 = CARTESIAN_POINT('',(17.4625,-3.8354,-14.097));
#10986 = LINE('',#10987,#10988);
#10987 = CARTESIAN_POINT('',(17.4625,-2.953835445654,-14.097));
#10988 = VECTOR('',#10989,1.);
#10989 = DIRECTION('',(0.,-1.,0.));
#10990 = ORIENTED_EDGE('',*,*,#10991,.F.);
#10991 = EDGE_CURVE('',#3401,#10984,#10992,.T.);
#10992 = CIRCLE('',#10993,0.762);
#10993 = AXIS2_PLACEMENT_3D('',#10994,#10995,#10996);
#10994 = CARTESIAN_POINT('',(17.4625,-3.8354,-14.859));
#10995 = DIRECTION('',(0.,-1.,0.));
#10996 = DIRECTION('',(1.,0.,0.));
#10997 = ORIENTED_EDGE('',*,*,#3409,.F.);
#10998 = ORIENTED_EDGE('',*,*,#10860,.F.);
#10999 = CYLINDRICAL_SURFACE('',#11000,0.762);
#11000 = AXIS2_PLACEMENT_3D('',#11001,#11002,#11003);
#11001 = CARTESIAN_POINT('',(17.4625,3.8354,-14.859));
#11002 = DIRECTION('',(0.,-1.,0.));
#11003 = DIRECTION('',(1.,0.,0.));
#11004 = ADVANCED_FACE('',(#11005,#11153,#11315,#11335),#11355,.F.);
#11005 = FACE_BOUND('',#11006,.F.);
#11006 = EDGE_LOOP('',(#11007,#11008,#11009,#11010,#11019,#11027,#11036,
    #11044,#11053,#11061,#11070,#11078,#11087,#11095,#11104,#11112,
    #11121,#11129,#11138,#11146));
#11007 = ORIENTED_EDGE('',*,*,#10968,.T.);
#11008 = ORIENTED_EDGE('',*,*,#10851,.F.);
#11009 = ORIENTED_EDGE('',*,*,#10983,.T.);
#11010 = ORIENTED_EDGE('',*,*,#11011,.T.);
#11011 = EDGE_CURVE('',#10984,#11012,#11014,.T.);
#11012 = VERTEX_POINT('',#11013);
#11013 = CARTESIAN_POINT('',(15.45383830538,-8.684738305377,-14.097));
#11014 = CIRCLE('',#11015,6.858);
#11015 = AXIS2_PLACEMENT_3D('',#11016,#11017,#11018);
#11016 = CARTESIAN_POINT('',(10.6045,-3.8354,-14.097));
#11017 = DIRECTION('',(0.,0.,-1.));
#11018 = DIRECTION('',(1.,0.,0.));
#11019 = ORIENTED_EDGE('',*,*,#11020,.T.);
#11020 = EDGE_CURVE('',#11012,#11021,#11023,.T.);
#11021 = VERTEX_POINT('',#11022);
#11022 = CARTESIAN_POINT('',(12.18993830538,-11.94863830538,-14.097));
#11023 = LINE('',#11024,#11025);
#11024 = CARTESIAN_POINT('',(15.45383830538,-8.684738305377,-14.097));
#11025 = VECTOR('',#11026,1.);
#11026 = DIRECTION('',(-0.707106781187,-0.707106781187,0.));
#11027 = ORIENTED_EDGE('',*,*,#11028,.T.);
#11028 = EDGE_CURVE('',#11021,#11029,#11031,.T.);
#11029 = VERTEX_POINT('',#11030);
#11030 = CARTESIAN_POINT('',(7.3406,-13.9573,-14.097));
#11031 = CIRCLE('',#11032,6.858);
#11032 = AXIS2_PLACEMENT_3D('',#11033,#11034,#11035);
#11033 = CARTESIAN_POINT('',(7.3406,-7.0993,-14.097));
#11034 = DIRECTION('',(0.,0.,-1.));
#11035 = DIRECTION('',(0.707106781187,-0.707106781186,0.));
#11036 = ORIENTED_EDGE('',*,*,#11037,.T.);
#11037 = EDGE_CURVE('',#11029,#11038,#11040,.T.);
#11038 = VERTEX_POINT('',#11039);
#11039 = CARTESIAN_POINT('',(-6.3246,-13.9573,-14.097));
#11040 = LINE('',#11041,#11042);
#11041 = CARTESIAN_POINT('',(7.3406,-13.9573,-14.097));
#11042 = VECTOR('',#11043,1.);
#11043 = DIRECTION('',(-1.,0.,0.));
#11044 = ORIENTED_EDGE('',*,*,#11045,.T.);
#11045 = EDGE_CURVE('',#11038,#11046,#11048,.T.);
#11046 = VERTEX_POINT('',#11047);
#11047 = CARTESIAN_POINT('',(-11.17393830538,-11.94863830538,-14.097));
#11048 = CIRCLE('',#11049,6.858);
#11049 = AXIS2_PLACEMENT_3D('',#11050,#11051,#11052);
#11050 = CARTESIAN_POINT('',(-6.3246,-7.0993,-14.097));
#11051 = DIRECTION('',(0.,0.,-1.));
#11052 = DIRECTION('',(0.,-1.,0.));
#11053 = ORIENTED_EDGE('',*,*,#11054,.T.);
#11054 = EDGE_CURVE('',#11046,#11055,#11057,.T.);
#11055 = VERTEX_POINT('',#11056);
#11056 = CARTESIAN_POINT('',(-14.43783830538,-8.684738305377,-14.097));
#11057 = LINE('',#11058,#11059);
#11058 = CARTESIAN_POINT('',(-11.17393830538,-11.94863830538,-14.097));
#11059 = VECTOR('',#11060,1.);
#11060 = DIRECTION('',(-0.707106781187,0.707106781187,0.));
#11061 = ORIENTED_EDGE('',*,*,#11062,.T.);
#11062 = EDGE_CURVE('',#11055,#11063,#11065,.T.);
#11063 = VERTEX_POINT('',#11064);
#11064 = CARTESIAN_POINT('',(-16.4465,-3.8354,-14.097));
#11065 = CIRCLE('',#11066,6.858);
#11066 = AXIS2_PLACEMENT_3D('',#11067,#11068,#11069);
#11067 = CARTESIAN_POINT('',(-9.5885,-3.8354,-14.097));
#11068 = DIRECTION('',(0.,0.,-1.));
#11069 = DIRECTION('',(-0.707106781186,-0.707106781187,-0.));
#11070 = ORIENTED_EDGE('',*,*,#11071,.T.);
#11071 = EDGE_CURVE('',#11063,#11072,#11074,.T.);
#11072 = VERTEX_POINT('',#11073);
#11073 = CARTESIAN_POINT('',(-16.4465,-2.953835445654,-14.097));
#11074 = LINE('',#11075,#11076);
#11075 = CARTESIAN_POINT('',(-16.4465,-3.8354,-14.097));
#11076 = VECTOR('',#11077,1.);
#11077 = DIRECTION('',(0.,1.,0.));
#11078 = ORIENTED_EDGE('',*,*,#11079,.F.);
#11079 = EDGE_CURVE('',#11080,#11072,#11082,.T.);
#11080 = VERTEX_POINT('',#11081);
#11081 = CARTESIAN_POINT('',(-16.4465,2.953835445654,-14.097));
#11082 = CIRCLE('',#11083,2.9972);
#11083 = AXIS2_PLACEMENT_3D('',#11084,#11085,#11086);
#11084 = CARTESIAN_POINT('',(-15.9385,0.,-14.097));
#11085 = DIRECTION('',(0.,0.,1.));
#11086 = DIRECTION('',(-0.169491525424,0.985531644753,0.));
#11087 = ORIENTED_EDGE('',*,*,#11088,.T.);
#11088 = EDGE_CURVE('',#11080,#11089,#11091,.T.);
#11089 = VERTEX_POINT('',#11090);
#11090 = CARTESIAN_POINT('',(-16.4465,3.8354,-14.097));
#11091 = LINE('',#11092,#11093);
#11092 = CARTESIAN_POINT('',(-16.4465,2.953835445654,-14.097));
#11093 = VECTOR('',#11094,1.);
#11094 = DIRECTION('',(0.,1.,0.));
#11095 = ORIENTED_EDGE('',*,*,#11096,.T.);
#11096 = EDGE_CURVE('',#11089,#11097,#11099,.T.);
#11097 = VERTEX_POINT('',#11098);
#11098 = CARTESIAN_POINT('',(-14.43783830538,8.684738305377,-14.097));
#11099 = CIRCLE('',#11100,6.858);
#11100 = AXIS2_PLACEMENT_3D('',#11101,#11102,#11103);
#11101 = CARTESIAN_POINT('',(-9.5885,3.8354,-14.097));
#11102 = DIRECTION('',(0.,0.,-1.));
#11103 = DIRECTION('',(-1.,0.,0.));
#11104 = ORIENTED_EDGE('',*,*,#11105,.T.);
#11105 = EDGE_CURVE('',#11097,#11106,#11108,.T.);
#11106 = VERTEX_POINT('',#11107);
#11107 = CARTESIAN_POINT('',(-11.17393830538,11.94863830538,-14.097));
#11108 = LINE('',#11109,#11110);
#11109 = CARTESIAN_POINT('',(-14.43783830538,8.684738305377,-14.097));
#11110 = VECTOR('',#11111,1.);
#11111 = DIRECTION('',(0.707106781187,0.707106781187,0.));
#11112 = ORIENTED_EDGE('',*,*,#11113,.T.);
#11113 = EDGE_CURVE('',#11106,#11114,#11116,.T.);
#11114 = VERTEX_POINT('',#11115);
#11115 = CARTESIAN_POINT('',(-6.3246,13.9573,-14.097));
#11116 = CIRCLE('',#11117,6.858);
#11117 = AXIS2_PLACEMENT_3D('',#11118,#11119,#11120);
#11118 = CARTESIAN_POINT('',(-6.3246,7.0993,-14.097));
#11119 = DIRECTION('',(0.,0.,-1.));
#11120 = DIRECTION('',(-0.707106781186,0.707106781187,0.));
#11121 = ORIENTED_EDGE('',*,*,#11122,.T.);
#11122 = EDGE_CURVE('',#11114,#11123,#11125,.T.);
#11123 = VERTEX_POINT('',#11124);
#11124 = CARTESIAN_POINT('',(7.3406,13.9573,-14.097));
#11125 = LINE('',#11126,#11127);
#11126 = CARTESIAN_POINT('',(-6.3246,13.9573,-14.097));
#11127 = VECTOR('',#11128,1.);
#11128 = DIRECTION('',(1.,0.,0.));
#11129 = ORIENTED_EDGE('',*,*,#11130,.T.);
#11130 = EDGE_CURVE('',#11123,#11131,#11133,.T.);
#11131 = VERTEX_POINT('',#11132);
#11132 = CARTESIAN_POINT('',(12.18993830538,11.94863830538,-14.097));
#11133 = CIRCLE('',#11134,6.858);
#11134 = AXIS2_PLACEMENT_3D('',#11135,#11136,#11137);
#11135 = CARTESIAN_POINT('',(7.3406,7.0993,-14.097));
#11136 = DIRECTION('',(0.,0.,-1.));
#11137 = DIRECTION('',(0.,1.,0.));
#11138 = ORIENTED_EDGE('',*,*,#11139,.T.);
#11139 = EDGE_CURVE('',#11131,#11140,#11142,.T.);
#11140 = VERTEX_POINT('',#11141);
#11141 = CARTESIAN_POINT('',(15.45383830538,8.684738305377,-14.097));
#11142 = LINE('',#11143,#11144);
#11143 = CARTESIAN_POINT('',(12.18993830538,11.94863830538,-14.097));
#11144 = VECTOR('',#11145,1.);
#11145 = DIRECTION('',(0.707106781187,-0.707106781187,0.));
#11146 = ORIENTED_EDGE('',*,*,#11147,.T.);
#11147 = EDGE_CURVE('',#11140,#10960,#11148,.T.);
#11148 = CIRCLE('',#11149,6.858);
#11149 = AXIS2_PLACEMENT_3D('',#11150,#11151,#11152);
#11150 = CARTESIAN_POINT('',(10.6045,3.8354,-14.097));
#11151 = DIRECTION('',(0.,0.,-1.));
#11152 = DIRECTION('',(0.707106781186,0.707106781187,0.));
#11153 = FACE_BOUND('',#11154,.F.);
#11154 = EDGE_LOOP('',(#11155,#11163,#11164,#11172,#11181,#11189,#11198,
    #11206,#11215,#11223,#11232,#11240,#11249,#11257,#11266,#11274,
    #11283,#11291,#11300,#11308));
#11155 = ORIENTED_EDGE('',*,*,#11156,.F.);
#11156 = EDGE_CURVE('',#10919,#11157,#11159,.T.);
#11157 = VERTEX_POINT('',#11158);
#11158 = CARTESIAN_POINT('',(16.4465,-3.8354,-14.097));
#11159 = LINE('',#11160,#11161);
#11160 = CARTESIAN_POINT('',(16.4465,-2.953835445654,-14.097));
#11161 = VECTOR('',#11162,1.);
#11162 = DIRECTION('',(0.,-1.,0.));
#11163 = ORIENTED_EDGE('',*,*,#10943,.F.);
#11164 = ORIENTED_EDGE('',*,*,#11165,.F.);
#11165 = EDGE_CURVE('',#11166,#10893,#11168,.T.);
#11166 = VERTEX_POINT('',#11167);
#11167 = CARTESIAN_POINT('',(16.4465,3.8354,-14.097));
#11168 = LINE('',#11169,#11170);
#11169 = CARTESIAN_POINT('',(16.4465,3.8354,-14.097));
#11170 = VECTOR('',#11171,1.);
#11171 = DIRECTION('',(0.,-1.,0.));
#11172 = ORIENTED_EDGE('',*,*,#11173,.F.);
#11173 = EDGE_CURVE('',#11174,#11166,#11176,.T.);
#11174 = VERTEX_POINT('',#11175);
#11175 = CARTESIAN_POINT('',(14.73541781569,7.966317815692,-14.097));
#11176 = CIRCLE('',#11177,5.842);
#11177 = AXIS2_PLACEMENT_3D('',#11178,#11179,#11180);
#11178 = CARTESIAN_POINT('',(10.6045,3.8354,-14.097));
#11179 = DIRECTION('',(0.,0.,-1.));
#11180 = DIRECTION('',(0.707106781187,0.707106781187,0.));
#11181 = ORIENTED_EDGE('',*,*,#11182,.F.);
#11182 = EDGE_CURVE('',#11183,#11174,#11185,.T.);
#11183 = VERTEX_POINT('',#11184);
#11184 = CARTESIAN_POINT('',(11.47151781569,11.23021781569,-14.097));
#11185 = LINE('',#11186,#11187);
#11186 = CARTESIAN_POINT('',(11.47151781569,11.23021781569,-14.097));
#11187 = VECTOR('',#11188,1.);
#11188 = DIRECTION('',(0.707106781187,-0.707106781187,0.));
#11189 = ORIENTED_EDGE('',*,*,#11190,.F.);
#11190 = EDGE_CURVE('',#11191,#11183,#11193,.T.);
#11191 = VERTEX_POINT('',#11192);
#11192 = CARTESIAN_POINT('',(7.3406,12.9413,-14.097));
#11193 = CIRCLE('',#11194,5.842);
#11194 = AXIS2_PLACEMENT_3D('',#11195,#11196,#11197);
#11195 = CARTESIAN_POINT('',(7.3406,7.0993,-14.097));
#11196 = DIRECTION('',(0.,0.,-1.));
#11197 = DIRECTION('',(0.,1.,0.));
#11198 = ORIENTED_EDGE('',*,*,#11199,.F.);
#11199 = EDGE_CURVE('',#11200,#11191,#11202,.T.);
#11200 = VERTEX_POINT('',#11201);
#11201 = CARTESIAN_POINT('',(-6.3246,12.9413,-14.097));
#11202 = LINE('',#11203,#11204);
#11203 = CARTESIAN_POINT('',(-6.3246,12.9413,-14.097));
#11204 = VECTOR('',#11205,1.);
#11205 = DIRECTION('',(1.,0.,0.));
#11206 = ORIENTED_EDGE('',*,*,#11207,.F.);
#11207 = EDGE_CURVE('',#11208,#11200,#11210,.T.);
#11208 = VERTEX_POINT('',#11209);
#11209 = CARTESIAN_POINT('',(-10.45551781569,11.23021781569,-14.097));
#11210 = CIRCLE('',#11211,5.842);
#11211 = AXIS2_PLACEMENT_3D('',#11212,#11213,#11214);
#11212 = CARTESIAN_POINT('',(-6.3246,7.0993,-14.097));
#11213 = DIRECTION('',(0.,0.,-1.));
#11214 = DIRECTION('',(-0.707106781187,0.707106781187,0.));
#11215 = ORIENTED_EDGE('',*,*,#11216,.F.);
#11216 = EDGE_CURVE('',#11217,#11208,#11219,.T.);
#11217 = VERTEX_POINT('',#11218);
#11218 = CARTESIAN_POINT('',(-13.71941781569,7.966317815692,-14.097));
#11219 = LINE('',#11220,#11221);
#11220 = CARTESIAN_POINT('',(-13.71941781569,7.966317815692,-14.097));
#11221 = VECTOR('',#11222,1.);
#11222 = DIRECTION('',(0.707106781187,0.707106781187,0.));
#11223 = ORIENTED_EDGE('',*,*,#11224,.F.);
#11224 = EDGE_CURVE('',#11225,#11217,#11227,.T.);
#11225 = VERTEX_POINT('',#11226);
#11226 = CARTESIAN_POINT('',(-15.4305,3.8354,-14.097));
#11227 = CIRCLE('',#11228,5.842);
#11228 = AXIS2_PLACEMENT_3D('',#11229,#11230,#11231);
#11229 = CARTESIAN_POINT('',(-9.5885,3.8354,-14.097));
#11230 = DIRECTION('',(0.,0.,-1.));
#11231 = DIRECTION('',(-1.,0.,0.));
#11232 = ORIENTED_EDGE('',*,*,#11233,.F.);
#11233 = EDGE_CURVE('',#11234,#11225,#11236,.T.);
#11234 = VERTEX_POINT('',#11235);
#11235 = CARTESIAN_POINT('',(-15.4305,2.953835445654,-14.097));
#11236 = LINE('',#11237,#11238);
#11237 = CARTESIAN_POINT('',(-15.4305,2.953835445654,-14.097));
#11238 = VECTOR('',#11239,1.);
#11239 = DIRECTION('',(0.,1.,0.));
#11240 = ORIENTED_EDGE('',*,*,#11241,.F.);
#11241 = EDGE_CURVE('',#11242,#11234,#11244,.T.);
#11242 = VERTEX_POINT('',#11243);
#11243 = CARTESIAN_POINT('',(-15.4305,-2.953835445654,-14.097));
#11244 = CIRCLE('',#11245,2.9972);
#11245 = AXIS2_PLACEMENT_3D('',#11246,#11247,#11248);
#11246 = CARTESIAN_POINT('',(-15.9385,0.,-14.097));
#11247 = DIRECTION('',(0.,0.,1.));
#11248 = DIRECTION('',(0.169491525424,-0.985531644753,0.));
#11249 = ORIENTED_EDGE('',*,*,#11250,.F.);
#11250 = EDGE_CURVE('',#11251,#11242,#11253,.T.);
#11251 = VERTEX_POINT('',#11252);
#11252 = CARTESIAN_POINT('',(-15.4305,-3.8354,-14.097));
#11253 = LINE('',#11254,#11255);
#11254 = CARTESIAN_POINT('',(-15.4305,-3.8354,-14.097));
#11255 = VECTOR('',#11256,1.);
#11256 = DIRECTION('',(0.,1.,0.));
#11257 = ORIENTED_EDGE('',*,*,#11258,.F.);
#11258 = EDGE_CURVE('',#11259,#11251,#11261,.T.);
#11259 = VERTEX_POINT('',#11260);
#11260 = CARTESIAN_POINT('',(-13.71941781569,-7.966317815692,-14.097));
#11261 = CIRCLE('',#11262,5.842);
#11262 = AXIS2_PLACEMENT_3D('',#11263,#11264,#11265);
#11263 = CARTESIAN_POINT('',(-9.5885,-3.8354,-14.097));
#11264 = DIRECTION('',(0.,0.,-1.));
#11265 = DIRECTION('',(-0.707106781186,-0.707106781187,-0.));
#11266 = ORIENTED_EDGE('',*,*,#11267,.F.);
#11267 = EDGE_CURVE('',#11268,#11259,#11270,.T.);
#11268 = VERTEX_POINT('',#11269);
#11269 = CARTESIAN_POINT('',(-10.45551781569,-11.23021781569,-14.097));
#11270 = LINE('',#11271,#11272);
#11271 = CARTESIAN_POINT('',(-10.45551781569,-11.23021781569,-14.097));
#11272 = VECTOR('',#11273,1.);
#11273 = DIRECTION('',(-0.707106781187,0.707106781187,0.));
#11274 = ORIENTED_EDGE('',*,*,#11275,.F.);
#11275 = EDGE_CURVE('',#11276,#11268,#11278,.T.);
#11276 = VERTEX_POINT('',#11277);
#11277 = CARTESIAN_POINT('',(-6.3246,-12.9413,-14.097));
#11278 = CIRCLE('',#11279,5.842);
#11279 = AXIS2_PLACEMENT_3D('',#11280,#11281,#11282);
#11280 = CARTESIAN_POINT('',(-6.3246,-7.0993,-14.097));
#11281 = DIRECTION('',(0.,0.,-1.));
#11282 = DIRECTION('',(0.,-1.,0.));
#11283 = ORIENTED_EDGE('',*,*,#11284,.F.);
#11284 = EDGE_CURVE('',#11285,#11276,#11287,.T.);
#11285 = VERTEX_POINT('',#11286);
#11286 = CARTESIAN_POINT('',(7.3406,-12.9413,-14.097));
#11287 = LINE('',#11288,#11289);
#11288 = CARTESIAN_POINT('',(7.3406,-12.9413,-14.097));
#11289 = VECTOR('',#11290,1.);
#11290 = DIRECTION('',(-1.,0.,0.));
#11291 = ORIENTED_EDGE('',*,*,#11292,.F.);
#11292 = EDGE_CURVE('',#11293,#11285,#11295,.T.);
#11293 = VERTEX_POINT('',#11294);
#11294 = CARTESIAN_POINT('',(11.47151781569,-11.23021781569,-14.097));
#11295 = CIRCLE('',#11296,5.842);
#11296 = AXIS2_PLACEMENT_3D('',#11297,#11298,#11299);
#11297 = CARTESIAN_POINT('',(7.3406,-7.0993,-14.097));
#11298 = DIRECTION('',(0.,0.,-1.));
#11299 = DIRECTION('',(0.707106781187,-0.707106781187,0.));
#11300 = ORIENTED_EDGE('',*,*,#11301,.F.);
#11301 = EDGE_CURVE('',#11302,#11293,#11304,.T.);
#11302 = VERTEX_POINT('',#11303);
#11303 = CARTESIAN_POINT('',(14.73541781569,-7.966317815692,-14.097));
#11304 = LINE('',#11305,#11306);
#11305 = CARTESIAN_POINT('',(14.73541781569,-7.966317815692,-14.097));
#11306 = VECTOR('',#11307,1.);
#11307 = DIRECTION('',(-0.707106781187,-0.707106781187,0.));
#11308 = ORIENTED_EDGE('',*,*,#11309,.F.);
#11309 = EDGE_CURVE('',#11157,#11302,#11310,.T.);
#11310 = CIRCLE('',#11311,5.842);
#11311 = AXIS2_PLACEMENT_3D('',#11312,#11313,#11314);
#11312 = CARTESIAN_POINT('',(10.6045,-3.8354,-14.097));
#11313 = DIRECTION('',(0.,0.,-1.));
#11314 = DIRECTION('',(1.,0.,0.));
#11315 = FACE_BOUND('',#11316,.F.);
#11316 = EDGE_LOOP('',(#11317,#11328));
#11317 = ORIENTED_EDGE('',*,*,#11318,.F.);
#11318 = EDGE_CURVE('',#11319,#11321,#11323,.T.);
#11319 = VERTEX_POINT('',#11320);
#11320 = CARTESIAN_POINT('',(-16.4465,-2.553458096387,-14.097));
#11321 = VERTEX_POINT('',#11322);
#11322 = CARTESIAN_POINT('',(-15.4305,-2.553458096387,-14.097));
#11323 = CIRCLE('',#11324,2.6035);
#11324 = AXIS2_PLACEMENT_3D('',#11325,#11326,#11327);
#11325 = CARTESIAN_POINT('',(-15.9385,0.,-14.097));
#11326 = DIRECTION('',(0.,0.,-1.));
#11327 = DIRECTION('',(-0.195121951218,-0.980778988434,-0.));
#11328 = ORIENTED_EDGE('',*,*,#11329,.F.);
#11329 = EDGE_CURVE('',#11321,#11319,#11330,.T.);
#11330 = CIRCLE('',#11331,2.6035);
#11331 = AXIS2_PLACEMENT_3D('',#11332,#11333,#11334);
#11332 = CARTESIAN_POINT('',(-15.9385,0.,-14.097));
#11333 = DIRECTION('',(0.,0.,-1.));
#11334 = DIRECTION('',(0.195121951218,-0.980778988434,0.));
#11335 = FACE_BOUND('',#11336,.F.);
#11336 = EDGE_LOOP('',(#11337,#11348));
#11337 = ORIENTED_EDGE('',*,*,#11338,.F.);
#11338 = EDGE_CURVE('',#11339,#11341,#11343,.T.);
#11339 = VERTEX_POINT('',#11340);
#11340 = CARTESIAN_POINT('',(16.4465,-2.553458096387,-14.097));
#11341 = VERTEX_POINT('',#11342);
#11342 = CARTESIAN_POINT('',(17.4625,-2.553458096387,-14.097));
#11343 = CIRCLE('',#11344,2.6035);
#11344 = AXIS2_PLACEMENT_3D('',#11345,#11346,#11347);
#11345 = CARTESIAN_POINT('',(16.9545,0.,-14.097));
#11346 = DIRECTION('',(0.,0.,-1.));
#11347 = DIRECTION('',(-0.195121951218,-0.980778988434,-0.));
#11348 = ORIENTED_EDGE('',*,*,#11349,.T.);
#11349 = EDGE_CURVE('',#11339,#11341,#11350,.T.);
#11350 = CIRCLE('',#11351,2.6035);
#11351 = AXIS2_PLACEMENT_3D('',#11352,#11353,#11354);
#11352 = CARTESIAN_POINT('',(16.9545,0.,-14.097));
#11353 = DIRECTION('',(0.,0.,1.));
#11354 = DIRECTION('',(-0.195121951218,-0.980778988434,0.));
#11355 = PLANE('',#11356);
#11356 = AXIS2_PLACEMENT_3D('',#11357,#11358,#11359);
#11357 = CARTESIAN_POINT('',(-15.9385,0.,-14.097));
#11358 = DIRECTION('',(0.,0.,-1.));
#11359 = DIRECTION('',(1.,0.,0.));
#11360 = ADVANCED_FACE('',(#11361),#11373,.T.);
#11361 = FACE_BOUND('',#11362,.T.);
#11362 = EDGE_LOOP('',(#11363,#11364,#11371,#11372));
#11363 = ORIENTED_EDGE('',*,*,#11165,.F.);
#11364 = ORIENTED_EDGE('',*,*,#11365,.T.);
#11365 = EDGE_CURVE('',#11166,#3579,#11366,.T.);
#11366 = CIRCLE('',#11367,0.762);
#11367 = AXIS2_PLACEMENT_3D('',#11368,#11369,#11370);
#11368 = CARTESIAN_POINT('',(16.4465,3.8354,-14.859));
#11369 = DIRECTION('',(0.,-1.,0.));
#11370 = DIRECTION('',(0.,0.,1.));
#11371 = ORIENTED_EDGE('',*,*,#3587,.T.);
#11372 = ORIENTED_EDGE('',*,*,#10892,.F.);
#11373 = CYLINDRICAL_SURFACE('',#11374,0.762);
#11374 = AXIS2_PLACEMENT_3D('',#11375,#11376,#11377);
#11375 = CARTESIAN_POINT('',(16.4465,3.8354,-14.859));
#11376 = DIRECTION('',(0.,-1.,0.));
#11377 = DIRECTION('',(1.,0.,0.));
#11378 = ADVANCED_FACE('',(#11379),#11391,.T.);
#11379 = FACE_BOUND('',#11380,.T.);
#11380 = EDGE_LOOP('',(#11381,#11382,#11389,#11390));
#11381 = ORIENTED_EDGE('',*,*,#3434,.T.);
#11382 = ORIENTED_EDGE('',*,*,#11383,.F.);
#11383 = EDGE_CURVE('',#11157,#3435,#11384,.T.);
#11384 = CIRCLE('',#11385,0.762);
#11385 = AXIS2_PLACEMENT_3D('',#11386,#11387,#11388);
#11386 = CARTESIAN_POINT('',(16.4465,-3.8354,-14.859));
#11387 = DIRECTION('',(0.,-1.,0.));
#11388 = DIRECTION('',(0.,0.,1.));
#11389 = ORIENTED_EDGE('',*,*,#11156,.F.);
#11390 = ORIENTED_EDGE('',*,*,#10918,.F.);
#11391 = CYLINDRICAL_SURFACE('',#11392,0.762);
#11392 = AXIS2_PLACEMENT_3D('',#11393,#11394,#11395);
#11393 = CARTESIAN_POINT('',(16.4465,3.8354,-14.859));
#11394 = DIRECTION('',(0.,-1.,0.));
#11395 = DIRECTION('',(1.,0.,0.));
#11396 = ADVANCED_FACE('',(#11397),#11409,.T.);
#11397 = FACE_BOUND('',#11398,.T.);
#11398 = EDGE_LOOP('',(#11399,#11400,#11401,#11408));
#11399 = ORIENTED_EDGE('',*,*,#11365,.F.);
#11400 = ORIENTED_EDGE('',*,*,#11173,.F.);
#11401 = ORIENTED_EDGE('',*,*,#11402,.T.);
#11402 = EDGE_CURVE('',#11174,#3571,#11403,.T.);
#11403 = CIRCLE('',#11404,0.762);
#11404 = AXIS2_PLACEMENT_3D('',#11405,#11406,#11407);
#11405 = CARTESIAN_POINT('',(14.73541781569,7.966317815692,-14.859));
#11406 = DIRECTION('',(0.707106781187,-0.707106781187,0.));
#11407 = DIRECTION('',(0.,0.,1.));
#11408 = ORIENTED_EDGE('',*,*,#3578,.T.);
#11409 = TOROIDAL_SURFACE('',#11410,5.842,0.762);
#11410 = AXIS2_PLACEMENT_3D('',#11411,#11412,#11413);
#11411 = CARTESIAN_POINT('',(10.6045,3.8354,-14.859));
#11412 = DIRECTION('',(0.,0.,-1.));
#11413 = DIRECTION('',(-0.707106781187,-0.707106781187,-0.));
#11414 = ADVANCED_FACE('',(#11415),#11427,.T.);
#11415 = FACE_BOUND('',#11416,.T.);
#11416 = EDGE_LOOP('',(#11417,#11418,#11419,#11426));
#11417 = ORIENTED_EDGE('',*,*,#11402,.F.);
#11418 = ORIENTED_EDGE('',*,*,#11182,.F.);
#11419 = ORIENTED_EDGE('',*,*,#11420,.T.);
#11420 = EDGE_CURVE('',#11183,#3562,#11421,.T.);
#11421 = CIRCLE('',#11422,0.762);
#11422 = AXIS2_PLACEMENT_3D('',#11423,#11424,#11425);
#11423 = CARTESIAN_POINT('',(11.47151781569,11.23021781569,-14.859));
#11424 = DIRECTION('',(0.707106781187,-0.707106781187,0.));
#11425 = DIRECTION('',(0.,0.,1.));
#11426 = ORIENTED_EDGE('',*,*,#3570,.T.);
#11427 = CYLINDRICAL_SURFACE('',#11428,0.762);
#11428 = AXIS2_PLACEMENT_3D('',#11429,#11430,#11431);
#11429 = CARTESIAN_POINT('',(11.47151781569,11.23021781569,-14.859));
#11430 = DIRECTION('',(0.707106781187,-0.707106781187,0.));
#11431 = DIRECTION('',(0.707106781187,0.707106781187,0.));
#11432 = ADVANCED_FACE('',(#11433),#11445,.T.);
#11433 = FACE_BOUND('',#11434,.T.);
#11434 = EDGE_LOOP('',(#11435,#11436,#11437,#11438));
#11435 = ORIENTED_EDGE('',*,*,#3561,.T.);
#11436 = ORIENTED_EDGE('',*,*,#11420,.F.);
#11437 = ORIENTED_EDGE('',*,*,#11190,.F.);
#11438 = ORIENTED_EDGE('',*,*,#11439,.T.);
#11439 = EDGE_CURVE('',#11191,#3554,#11440,.T.);
#11440 = CIRCLE('',#11441,0.762);
#11441 = AXIS2_PLACEMENT_3D('',#11442,#11443,#11444);
#11442 = CARTESIAN_POINT('',(7.3406,12.9413,-14.859));
#11443 = DIRECTION('',(1.,0.,-0.));
#11444 = DIRECTION('',(0.,0.,1.));
#11445 = TOROIDAL_SURFACE('',#11446,5.842,0.762);
#11446 = AXIS2_PLACEMENT_3D('',#11447,#11448,#11449);
#11447 = CARTESIAN_POINT('',(7.3406,7.0993,-14.859));
#11448 = DIRECTION('',(0.,0.,-1.));
#11449 = DIRECTION('',(0.,-1.,0.));
#11450 = ADVANCED_FACE('',(#11451),#11463,.T.);
#11451 = FACE_BOUND('',#11452,.T.);
#11452 = EDGE_LOOP('',(#11453,#11454,#11455,#11462));
#11453 = ORIENTED_EDGE('',*,*,#11439,.F.);
#11454 = ORIENTED_EDGE('',*,*,#11199,.F.);
#11455 = ORIENTED_EDGE('',*,*,#11456,.T.);
#11456 = EDGE_CURVE('',#11200,#3545,#11457,.T.);
#11457 = CIRCLE('',#11458,0.762);
#11458 = AXIS2_PLACEMENT_3D('',#11459,#11460,#11461);
#11459 = CARTESIAN_POINT('',(-6.3246,12.9413,-14.859));
#11460 = DIRECTION('',(1.,0.,-0.));
#11461 = DIRECTION('',(0.,0.,1.));
#11462 = ORIENTED_EDGE('',*,*,#3553,.T.);
#11463 = CYLINDRICAL_SURFACE('',#11464,0.762);
#11464 = AXIS2_PLACEMENT_3D('',#11465,#11466,#11467);
#11465 = CARTESIAN_POINT('',(-6.3246,12.9413,-14.859));
#11466 = DIRECTION('',(1.,0.,0.));
#11467 = DIRECTION('',(-0.,1.,0.));
#11468 = ADVANCED_FACE('',(#11469),#11481,.T.);
#11469 = FACE_BOUND('',#11470,.T.);
#11470 = EDGE_LOOP('',(#11471,#11472,#11473,#11480));
#11471 = ORIENTED_EDGE('',*,*,#11456,.F.);
#11472 = ORIENTED_EDGE('',*,*,#11207,.F.);
#11473 = ORIENTED_EDGE('',*,*,#11474,.T.);
#11474 = EDGE_CURVE('',#11208,#3537,#11475,.T.);
#11475 = CIRCLE('',#11476,0.762);
#11476 = AXIS2_PLACEMENT_3D('',#11477,#11478,#11479);
#11477 = CARTESIAN_POINT('',(-10.45551781569,11.23021781569,-14.859));
#11478 = DIRECTION('',(0.707106781187,0.707106781187,0.));
#11479 = DIRECTION('',(0.,-0.,1.));
#11480 = ORIENTED_EDGE('',*,*,#3544,.T.);
#11481 = TOROIDAL_SURFACE('',#11482,5.842,0.762);
#11482 = AXIS2_PLACEMENT_3D('',#11483,#11484,#11485);
#11483 = CARTESIAN_POINT('',(-6.3246,7.0993,-14.859));
#11484 = DIRECTION('',(0.,0.,-1.));
#11485 = DIRECTION('',(0.707106781187,-0.707106781187,0.));
#11486 = ADVANCED_FACE('',(#11487),#11499,.T.);
#11487 = FACE_BOUND('',#11488,.T.);
#11488 = EDGE_LOOP('',(#11489,#11490,#11491,#11498));
#11489 = ORIENTED_EDGE('',*,*,#11474,.F.);
#11490 = ORIENTED_EDGE('',*,*,#11216,.F.);
#11491 = ORIENTED_EDGE('',*,*,#11492,.T.);
#11492 = EDGE_CURVE('',#11217,#3528,#11493,.T.);
#11493 = CIRCLE('',#11494,0.762);
#11494 = AXIS2_PLACEMENT_3D('',#11495,#11496,#11497);
#11495 = CARTESIAN_POINT('',(-13.71941781569,7.966317815692,-14.859));
#11496 = DIRECTION('',(0.707106781187,0.707106781187,0.));
#11497 = DIRECTION('',(0.,-0.,1.));
#11498 = ORIENTED_EDGE('',*,*,#3536,.T.);
#11499 = CYLINDRICAL_SURFACE('',#11500,0.762);
#11500 = AXIS2_PLACEMENT_3D('',#11501,#11502,#11503);
#11501 = CARTESIAN_POINT('',(-13.71941781569,7.966317815692,-14.859));
#11502 = DIRECTION('',(0.707106781187,0.707106781187,0.));
#11503 = DIRECTION('',(-0.707106781187,0.707106781187,0.));
#11504 = ADVANCED_FACE('',(#11505),#11517,.T.);
#11505 = FACE_BOUND('',#11506,.T.);
#11506 = EDGE_LOOP('',(#11507,#11508,#11509,#11516));
#11507 = ORIENTED_EDGE('',*,*,#11492,.F.);
#11508 = ORIENTED_EDGE('',*,*,#11224,.F.);
#11509 = ORIENTED_EDGE('',*,*,#11510,.T.);
#11510 = EDGE_CURVE('',#11225,#3520,#11511,.T.);
#11511 = CIRCLE('',#11512,0.762);
#11512 = AXIS2_PLACEMENT_3D('',#11513,#11514,#11515);
#11513 = CARTESIAN_POINT('',(-15.4305,3.8354,-14.859));
#11514 = DIRECTION('',(0.,1.,0.));
#11515 = DIRECTION('',(0.,-0.,1.));
#11516 = ORIENTED_EDGE('',*,*,#3527,.T.);
#11517 = TOROIDAL_SURFACE('',#11518,5.842,0.762);
#11518 = AXIS2_PLACEMENT_3D('',#11519,#11520,#11521);
#11519 = CARTESIAN_POINT('',(-9.5885,3.8354,-14.859));
#11520 = DIRECTION('',(0.,0.,-1.));
#11521 = DIRECTION('',(1.,0.,0.));
#11522 = ADVANCED_FACE('',(#11523),#11557,.T.);
#11523 = FACE_BOUND('',#11524,.T.);
#11524 = EDGE_LOOP('',(#11525,#11548,#11549,#11556));
#11525 = ORIENTED_EDGE('',*,*,#11526,.T.);
#11526 = EDGE_CURVE('',#3503,#11242,#11527,.T.);
#11527 = B_SPLINE_CURVE_WITH_KNOTS('',3,(#11528,#11529,#11530,#11531,
    #11532,#11533,#11534,#11535,#11536,#11537,#11538,#11539,#11540,
    #11541,#11542,#11543,#11544,#11545,#11546,#11547),.UNSPECIFIED.,.F.,
  .F.,(4,1,1,1,1,1,1,1,1,1,1,1,1,1,1,1,1,4),(0.,5.882352941176E-02,
    0.117647058824,0.176470588235,0.235294117647,0.294117647059,
    0.352941176471,0.411764705882,0.470588235294,0.529411764706,
    0.588235294118,0.647058823529,0.705882352941,0.764705882353,
    0.823529411765,0.882352941176,0.941176470588,1.),.UNSPECIFIED.);
#11528 = CARTESIAN_POINT('',(-14.6685,-3.538175326351,-14.859));
#11529 = CARTESIAN_POINT('',(-14.6685,-3.538180155663,-14.83810180401));
#11530 = CARTESIAN_POINT('',(-14.67021826034,-3.53696456689,
    -14.79620931193));
#11531 = CARTESIAN_POINT('',(-14.67802833823,-3.531468539205,
    -14.73344937726));
#11532 = CARTESIAN_POINT('',(-14.69103593718,-3.522290574012,
    -14.67139822165));
#11533 = CARTESIAN_POINT('',(-14.7094343448,-3.509269227943,
    -14.60981994752));
#11534 = CARTESIAN_POINT('',(-14.73309377091,-3.492453024463,
    -14.54967063981));
#11535 = CARTESIAN_POINT('',(-14.76241732217,-3.47149877855,
    -14.4904939541));
#11536 = CARTESIAN_POINT('',(-14.79750817018,-3.446255645515,
    -14.43297661989));
#11537 = CARTESIAN_POINT('',(-14.83808419075,-3.416834652927,
    -14.37809469898));
#11538 = CARTESIAN_POINT('',(-14.88443018108,-3.382917886712,
    -14.32598336832));
#11539 = CARTESIAN_POINT('',(-14.93646561457,-3.344427935316,
    -14.27736500816));
#11540 = CARTESIAN_POINT('',(-14.99410257049,-3.301271746608,
    -14.23289429531));
#11541 = CARTESIAN_POINT('',(-15.0572245853,-3.253351840615,
    -14.19326622419));
#11542 = CARTESIAN_POINT('',(-15.12550728593,-3.200708209001,
    -14.15927779352));
#11543 = CARTESIAN_POINT('',(-15.19856964096,-3.143396939894,
    -14.13173588221));
#11544 = CARTESIAN_POINT('',(-15.27490776024,-3.0823857499,
    -14.11165776936));
#11545 = CARTESIAN_POINT('',(-15.35293051789,-3.018692547906,
    -14.09960751101));
#11546 = CARTESIAN_POINT('',(-15.40472885591,-2.975621473488,-14.097));
#11547 = CARTESIAN_POINT('',(-15.4305,-2.953835445654,-14.097));
#11548 = ORIENTED_EDGE('',*,*,#11250,.F.);
#11549 = ORIENTED_EDGE('',*,*,#11550,.T.);
#11550 = EDGE_CURVE('',#11251,#3494,#11551,.T.);
#11551 = CIRCLE('',#11552,0.762);
#11552 = AXIS2_PLACEMENT_3D('',#11553,#11554,#11555);
#11553 = CARTESIAN_POINT('',(-15.4305,-3.8354,-14.859));
#11554 = DIRECTION('',(0.,1.,0.));
#11555 = DIRECTION('',(0.,-0.,1.));
#11556 = ORIENTED_EDGE('',*,*,#3502,.T.);
#11557 = CYLINDRICAL_SURFACE('',#11558,0.762);
#11558 = AXIS2_PLACEMENT_3D('',#11559,#11560,#11561);
#11559 = CARTESIAN_POINT('',(-15.4305,-3.8354,-14.859));
#11560 = DIRECTION('',(0.,1.,0.));
#11561 = DIRECTION('',(-1.,0.,0.));
#11562 = ADVANCED_FACE('',(#11563),#11591,.T.);
#11563 = FACE_BOUND('',#11564,.T.);
#11564 = EDGE_LOOP('',(#11565,#11566,#11567,#11590));
#11565 = ORIENTED_EDGE('',*,*,#11510,.F.);
#11566 = ORIENTED_EDGE('',*,*,#11233,.F.);
#11567 = ORIENTED_EDGE('',*,*,#11568,.T.);
#11568 = EDGE_CURVE('',#11234,#3511,#11569,.T.);
#11569 = B_SPLINE_CURVE_WITH_KNOTS('',3,(#11570,#11571,#11572,#11573,
    #11574,#11575,#11576,#11577,#11578,#11579,#11580,#11581,#11582,
    #11583,#11584,#11585,#11586,#11587,#11588,#11589),.UNSPECIFIED.,.F.,
  .F.,(4,1,1,1,1,1,1,1,1,1,1,1,1,1,1,1,1,4),(0.,5.882352941176E-02,
    0.117647058824,0.176470588235,0.235294117647,0.294117647059,
    0.352941176471,0.411764705882,0.470588235294,0.529411764706,
    0.588235294118,0.647058823529,0.705882352941,0.764705882353,
    0.823529411765,0.882352941176,0.941176470588,1.),.UNSPECIFIED.);
#11570 = CARTESIAN_POINT('',(-15.4305,2.953835445654,-14.097));
#11571 = CARTESIAN_POINT('',(-15.40472929035,2.975621103785,-14.097));
#11572 = CARTESIAN_POINT('',(-15.35293183418,3.018691456499,
    -14.09960742322));
#11573 = CARTESIAN_POINT('',(-15.2749104152,3.082383598512,
    -14.11165726627));
#11574 = CARTESIAN_POINT('',(-15.19857354557,3.143393842699,
    -14.1317346845));
#11575 = CARTESIAN_POINT('',(-15.12551223994,3.200704352165,
    -14.15927568487));
#11576 = CARTESIAN_POINT('',(-15.05723039528,3.253347393511,
    -14.19326299877));
#11577 = CARTESIAN_POINT('',(-14.99410890792,3.301266964853,
    -14.23288996147));
#11578 = CARTESIAN_POINT('',(-14.93647267665,3.344422682793,
    -14.27735895001));
#11579 = CARTESIAN_POINT('',(-14.88443619892,3.382913450977,
    -14.32597747112));
#11580 = CARTESIAN_POINT('',(-14.83809476082,3.416826955416,
    -14.37808164923));
#11581 = CARTESIAN_POINT('',(-14.7975105261,3.446253961166,
    -14.4329723591));
#11582 = CARTESIAN_POINT('',(-14.76241523535,3.471500276808,
    -14.4904974518));
#11583 = CARTESIAN_POINT('',(-14.7330912965,3.4924547873,-14.54967624725
    ));
#11584 = CARTESIAN_POINT('',(-14.7094328985,3.509270252822,
    -14.60982427587));
#11585 = CARTESIAN_POINT('',(-14.69103511702,3.522291153301,
    -14.67140156887));
#11586 = CARTESIAN_POINT('',(-14.67802799859,3.531468778381,
    -14.7334516152));
#11587 = CARTESIAN_POINT('',(-14.67021819762,3.536964611074,
    -14.79621044397));
#11588 = CARTESIAN_POINT('',(-14.6685,3.538180155499,-14.83810217987));
#11589 = CARTESIAN_POINT('',(-14.6685,3.538175326351,-14.859));
#11590 = ORIENTED_EDGE('',*,*,#3519,.T.);
#11591 = CYLINDRICAL_SURFACE('',#11592,0.762);
#11592 = AXIS2_PLACEMENT_3D('',#11593,#11594,#11595);
#11593 = CARTESIAN_POINT('',(-15.4305,-3.8354,-14.859));
#11594 = DIRECTION('',(0.,1.,0.));
#11595 = DIRECTION('',(-1.,0.,0.));
#11596 = ADVANCED_FACE('',(#11597),#11609,.T.);
#11597 = FACE_BOUND('',#11598,.T.);
#11598 = EDGE_LOOP('',(#11599,#11600,#11607,#11608));
#11599 = ORIENTED_EDGE('',*,*,#11258,.F.);
#11600 = ORIENTED_EDGE('',*,*,#11601,.T.);
#11601 = EDGE_CURVE('',#11259,#3486,#11602,.T.);
#11602 = CIRCLE('',#11603,0.762);
#11603 = AXIS2_PLACEMENT_3D('',#11604,#11605,#11606);
#11604 = CARTESIAN_POINT('',(-13.71941781569,-7.966317815692,-14.859));
#11605 = DIRECTION('',(-0.707106781187,0.707106781187,0.));
#11606 = DIRECTION('',(0.,0.,1.));
#11607 = ORIENTED_EDGE('',*,*,#3493,.T.);
#11608 = ORIENTED_EDGE('',*,*,#11550,.F.);
#11609 = TOROIDAL_SURFACE('',#11610,5.842,0.762);
#11610 = AXIS2_PLACEMENT_3D('',#11611,#11612,#11613);
#11611 = CARTESIAN_POINT('',(-9.5885,-3.8354,-14.859));
#11612 = DIRECTION('',(0.,0.,-1.));
#11613 = DIRECTION('',(0.707106781187,0.707106781187,0.));
#11614 = ADVANCED_FACE('',(#11615),#11627,.T.);
#11615 = FACE_BOUND('',#11616,.T.);
#11616 = EDGE_LOOP('',(#11617,#11618,#11619,#11626));
#11617 = ORIENTED_EDGE('',*,*,#11601,.F.);
#11618 = ORIENTED_EDGE('',*,*,#11267,.F.);
#11619 = ORIENTED_EDGE('',*,*,#11620,.T.);
#11620 = EDGE_CURVE('',#11268,#3477,#11621,.T.);
#11621 = CIRCLE('',#11622,0.762);
#11622 = AXIS2_PLACEMENT_3D('',#11623,#11624,#11625);
#11623 = CARTESIAN_POINT('',(-10.45551781569,-11.23021781569,-14.859));
#11624 = DIRECTION('',(-0.707106781187,0.707106781187,0.));
#11625 = DIRECTION('',(0.,0.,1.));
#11626 = ORIENTED_EDGE('',*,*,#3485,.T.);
#11627 = CYLINDRICAL_SURFACE('',#11628,0.762);
#11628 = AXIS2_PLACEMENT_3D('',#11629,#11630,#11631);
#11629 = CARTESIAN_POINT('',(-10.45551781569,-11.23021781569,-14.859));
#11630 = DIRECTION('',(-0.707106781187,0.707106781187,0.));
#11631 = DIRECTION('',(-0.707106781187,-0.707106781187,0.));
#11632 = ADVANCED_FACE('',(#11633),#11645,.T.);
#11633 = FACE_BOUND('',#11634,.T.);
#11634 = EDGE_LOOP('',(#11635,#11636,#11637,#11644));
#11635 = ORIENTED_EDGE('',*,*,#11620,.F.);
#11636 = ORIENTED_EDGE('',*,*,#11275,.F.);
#11637 = ORIENTED_EDGE('',*,*,#11638,.T.);
#11638 = EDGE_CURVE('',#11276,#3469,#11639,.T.);
#11639 = CIRCLE('',#11640,0.762);
#11640 = AXIS2_PLACEMENT_3D('',#11641,#11642,#11643);
#11641 = CARTESIAN_POINT('',(-6.3246,-12.9413,-14.859));
#11642 = DIRECTION('',(-1.,0.,0.));
#11643 = DIRECTION('',(0.,0.,1.));
#11644 = ORIENTED_EDGE('',*,*,#3476,.T.);
#11645 = TOROIDAL_SURFACE('',#11646,5.842,0.762);
#11646 = AXIS2_PLACEMENT_3D('',#11647,#11648,#11649);
#11647 = CARTESIAN_POINT('',(-6.3246,-7.0993,-14.859));
#11648 = DIRECTION('',(0.,0.,-1.));
#11649 = DIRECTION('',(0.,1.,0.));
#11650 = ADVANCED_FACE('',(#11651),#11663,.T.);
#11651 = FACE_BOUND('',#11652,.T.);
#11652 = EDGE_LOOP('',(#11653,#11654,#11655,#11662));
#11653 = ORIENTED_EDGE('',*,*,#11638,.F.);
#11654 = ORIENTED_EDGE('',*,*,#11284,.F.);
#11655 = ORIENTED_EDGE('',*,*,#11656,.T.);
#11656 = EDGE_CURVE('',#11285,#3460,#11657,.T.);
#11657 = CIRCLE('',#11658,0.762);
#11658 = AXIS2_PLACEMENT_3D('',#11659,#11660,#11661);
#11659 = CARTESIAN_POINT('',(7.3406,-12.9413,-14.859));
#11660 = DIRECTION('',(-1.,0.,0.));
#11661 = DIRECTION('',(0.,0.,1.));
#11662 = ORIENTED_EDGE('',*,*,#3468,.T.);
#11663 = CYLINDRICAL_SURFACE('',#11664,0.762);
#11664 = AXIS2_PLACEMENT_3D('',#11665,#11666,#11667);
#11665 = CARTESIAN_POINT('',(7.3406,-12.9413,-14.859));
#11666 = DIRECTION('',(-1.,0.,0.));
#11667 = DIRECTION('',(0.,-1.,0.));
#11668 = ADVANCED_FACE('',(#11669),#11681,.T.);
#11669 = FACE_BOUND('',#11670,.T.);
#11670 = EDGE_LOOP('',(#11671,#11672,#11673,#11680));
#11671 = ORIENTED_EDGE('',*,*,#11656,.F.);
#11672 = ORIENTED_EDGE('',*,*,#11292,.F.);
#11673 = ORIENTED_EDGE('',*,*,#11674,.T.);
#11674 = EDGE_CURVE('',#11293,#3452,#11675,.T.);
#11675 = CIRCLE('',#11676,0.762);
#11676 = AXIS2_PLACEMENT_3D('',#11677,#11678,#11679);
#11677 = CARTESIAN_POINT('',(11.47151781569,-11.23021781569,-14.859));
#11678 = DIRECTION('',(-0.707106781187,-0.707106781187,0.));
#11679 = DIRECTION('',(0.,0.,1.));
#11680 = ORIENTED_EDGE('',*,*,#3459,.T.);
#11681 = TOROIDAL_SURFACE('',#11682,5.842,0.762);
#11682 = AXIS2_PLACEMENT_3D('',#11683,#11684,#11685);
#11683 = CARTESIAN_POINT('',(7.3406,-7.0993,-14.859));
#11684 = DIRECTION('',(0.,0.,-1.));
#11685 = DIRECTION('',(-0.707106781187,0.707106781187,0.));
#11686 = ADVANCED_FACE('',(#11687),#11699,.T.);
#11687 = FACE_BOUND('',#11688,.T.);
#11688 = EDGE_LOOP('',(#11689,#11690,#11691,#11698));
#11689 = ORIENTED_EDGE('',*,*,#11674,.F.);
#11690 = ORIENTED_EDGE('',*,*,#11301,.F.);
#11691 = ORIENTED_EDGE('',*,*,#11692,.T.);
#11692 = EDGE_CURVE('',#11302,#3443,#11693,.T.);
#11693 = CIRCLE('',#11694,0.762);
#11694 = AXIS2_PLACEMENT_3D('',#11695,#11696,#11697);
#11695 = CARTESIAN_POINT('',(14.73541781569,-7.966317815692,-14.859));
#11696 = DIRECTION('',(-0.707106781187,-0.707106781187,0.));
#11697 = DIRECTION('',(0.,0.,1.));
#11698 = ORIENTED_EDGE('',*,*,#3451,.T.);
#11699 = CYLINDRICAL_SURFACE('',#11700,0.762);
#11700 = AXIS2_PLACEMENT_3D('',#11701,#11702,#11703);
#11701 = CARTESIAN_POINT('',(14.73541781569,-7.966317815692,-14.859));
#11702 = DIRECTION('',(-0.707106781187,-0.707106781187,0.));
#11703 = DIRECTION('',(0.707106781187,-0.707106781187,0.));
#11704 = ADVANCED_FACE('',(#11705),#11711,.T.);
#11705 = FACE_BOUND('',#11706,.T.);
#11706 = EDGE_LOOP('',(#11707,#11708,#11709,#11710));
#11707 = ORIENTED_EDGE('',*,*,#11692,.F.);
#11708 = ORIENTED_EDGE('',*,*,#11309,.F.);
#11709 = ORIENTED_EDGE('',*,*,#11383,.T.);
#11710 = ORIENTED_EDGE('',*,*,#3442,.T.);
#11711 = TOROIDAL_SURFACE('',#11712,5.842,0.762);
#11712 = AXIS2_PLACEMENT_3D('',#11713,#11714,#11715);
#11713 = CARTESIAN_POINT('',(10.6045,-3.8354,-14.859));
#11714 = DIRECTION('',(0.,0.,-1.));
#11715 = DIRECTION('',(-1.,0.,0.));
#11716 = ADVANCED_FACE('',(#11717),#11723,.T.);
#11717 = FACE_BOUND('',#11718,.T.);
#11718 = EDGE_LOOP('',(#11719,#11720,#11721,#11722));
#11719 = ORIENTED_EDGE('',*,*,#11568,.F.);
#11720 = ORIENTED_EDGE('',*,*,#11241,.F.);
#11721 = ORIENTED_EDGE('',*,*,#11526,.F.);
#11722 = ORIENTED_EDGE('',*,*,#3510,.F.);
#11723 = TOROIDAL_SURFACE('',#11724,2.9972,0.762);
#11724 = AXIS2_PLACEMENT_3D('',#11725,#11726,#11727);
#11725 = CARTESIAN_POINT('',(-15.9385,0.,-14.859));
#11726 = DIRECTION('',(0.,0.,-1.));
#11727 = DIRECTION('',(1.,0.,0.));
#11728 = ADVANCED_FACE('',(#11729),#11779,.T.);
#11729 = FACE_BOUND('',#11730,.T.);
#11730 = EDGE_LOOP('',(#11731,#11754,#11755,#11778));
#11731 = ORIENTED_EDGE('',*,*,#11732,.F.);
#11732 = EDGE_CURVE('',#3325,#11080,#11733,.T.);
#11733 = B_SPLINE_CURVE_WITH_KNOTS('',3,(#11734,#11735,#11736,#11737,
    #11738,#11739,#11740,#11741,#11742,#11743,#11744,#11745,#11746,
    #11747,#11748,#11749,#11750,#11751,#11752,#11753),.UNSPECIFIED.,.F.,
  .F.,(4,1,1,1,1,1,1,1,1,1,1,1,1,1,1,1,1,4),(0.,5.882352941176E-02,
    0.117647058824,0.176470588235,0.235294117647,0.294117647059,
    0.352941176471,0.411764705882,0.470588235294,0.529411764706,
    0.588235294118,0.647058823529,0.705882352941,0.764705882353,
    0.823529411765,0.882352941176,0.941176470588,1.),.UNSPECIFIED.);
#11734 = CARTESIAN_POINT('',(-17.2085,3.538175326351,-14.859));
#11735 = CARTESIAN_POINT('',(-17.2085,3.538180250904,-14.83810678969));
#11736 = CARTESIAN_POINT('',(-17.20678273236,3.536965221082,
    -14.79622342997));
#11737 = CARTESIAN_POINT('',(-17.1989743593,3.531470451055,
    -14.73346715437));
#11738 = CARTESIAN_POINT('',(-17.18597206603,3.522296221265,
    -14.67143156476));
#11739 = CARTESIAN_POINT('',(-17.16757926418,3.509278880523,
    -14.60985912256));
#11740 = CARTESIAN_POINT('',(-17.14392327616,3.492465158261,-14.54971057
    ));
#11741 = CARTESIAN_POINT('',(-17.11462052792,3.471525884535,
    -14.49056461182));
#11742 = CARTESIAN_POINT('',(-17.07954819498,3.446296319751,
    -14.43306140084));
#11743 = CARTESIAN_POINT('',(-17.03899324474,3.416891016266,
    -14.37819106673));
#11744 = CARTESIAN_POINT('',(-16.99266726208,3.382989531682,
    -14.32608386774));
#11745 = CARTESIAN_POINT('',(-16.94065300889,3.344516148054,
    -14.27746654384));
#11746 = CARTESIAN_POINT('',(-16.88304162518,3.301380372783,
    -14.23299562795));
#11747 = CARTESIAN_POINT('',(-16.8199494481,3.253484838249,
    -14.19336502046));
#11748 = CARTESIAN_POINT('',(-16.75170850112,3.200875825358,
    -14.15937309237));
#11749 = CARTESIAN_POINT('',(-16.67867257964,3.14358868771,
    -14.13181318346));
#11750 = CARTESIAN_POINT('',(-16.60232232886,3.08257165087,
    -14.11170440564));
#11751 = CARTESIAN_POINT('',(-16.52423851507,3.01883267091,
    -14.09962110071));
#11752 = CARTESIAN_POINT('',(-16.47233600658,2.975675801863,-14.097));
#11753 = CARTESIAN_POINT('',(-16.4465,2.953835445654,-14.097));
#11754 = ORIENTED_EDGE('',*,*,#3332,.F.);
#11755 = ORIENTED_EDGE('',*,*,#11756,.F.);
#11756 = EDGE_CURVE('',#11072,#3333,#11757,.T.);
#11757 = B_SPLINE_CURVE_WITH_KNOTS('',3,(#11758,#11759,#11760,#11761,
    #11762,#11763,#11764,#11765,#11766,#11767,#11768,#11769,#11770,
    #11771,#11772,#11773,#11774,#11775,#11776,#11777),.UNSPECIFIED.,.F.,
  .F.,(4,1,1,1,1,1,1,1,1,1,1,1,1,1,1,1,1,4),(0.,5.882352941176E-02,
    0.117647058824,0.176470588235,0.235294117647,0.294117647059,
    0.352941176471,0.411764705882,0.470588235294,0.529411764706,
    0.588235294118,0.647058823529,0.705882352941,0.764705882353,
    0.823529411765,0.882352941176,0.941176470588,1.),.UNSPECIFIED.);
#11758 = CARTESIAN_POINT('',(-16.4465,-2.953835445654,-14.097));
#11759 = CARTESIAN_POINT('',(-16.4723355866,-2.97567544444,-14.097));
#11760 = CARTESIAN_POINT('',(-16.52423724177,-3.018831615196,
    -14.09962101559));
#11761 = CARTESIAN_POINT('',(-16.60231975865,-3.082569568259,
    -14.11170391792));
#11762 = CARTESIAN_POINT('',(-16.67866879533,-3.143585686113,
    -14.13181202139));
#11763 = CARTESIAN_POINT('',(-16.75170369535,-3.200872084099,
    -14.15937104535));
#11764 = CARTESIAN_POINT('',(-16.81994380565,-3.253480519559,
    -14.19336188599));
#11765 = CARTESIAN_POINT('',(-16.88303546836,-3.301375727402,
    -14.23299141665));
#11766 = CARTESIAN_POINT('',(-16.940646139,-3.344511038702,
    -14.27746064547));
#11767 = CARTESIAN_POINT('',(-16.99266142769,-3.382985230958,
    -14.32607815644));
#11768 = CARTESIAN_POINT('',(-17.03898281386,-3.416883420104,
    -14.37817818887));
#11769 = CARTESIAN_POINT('',(-17.07954588724,-3.446294670063,
    -14.43305721692));
#11770 = CARTESIAN_POINT('',(-17.11462260713,-3.47152737724,
    -14.49056810428));
#11771 = CARTESIAN_POINT('',(-17.14392569333,-3.492466880276,
    -14.54971605366));
#11772 = CARTESIAN_POINT('',(-17.16758067301,-3.509279878849,
    -14.60986333907));
#11773 = CARTESIAN_POINT('',(-17.18597286591,-3.522296786227,
    -14.67143482956));
#11774 = CARTESIAN_POINT('',(-17.1989746903,-3.531470684148,
    -14.73346933617));
#11775 = CARTESIAN_POINT('',(-17.20678279342,-3.53696526411,
    -14.79622453275));
#11776 = CARTESIAN_POINT('',(-17.2085,-3.538180250717,-14.8381071557));
#11777 = CARTESIAN_POINT('',(-17.2085,-3.538175326351,-14.859));
#11778 = ORIENTED_EDGE('',*,*,#11079,.F.);
#11779 = TOROIDAL_SURFACE('',#11780,2.9972,0.762);
#11780 = AXIS2_PLACEMENT_3D('',#11781,#11782,#11783);
#11781 = CARTESIAN_POINT('',(-15.9385,0.,-14.859));
#11782 = DIRECTION('',(0.,0.,-1.));
#11783 = DIRECTION('',(1.,0.,0.));
#11784 = ADVANCED_FACE('',(#11785),#11797,.T.);
#11785 = FACE_BOUND('',#11786,.T.);
#11786 = EDGE_LOOP('',(#11787,#11794,#11795,#11796));
#11787 = ORIENTED_EDGE('',*,*,#11788,.T.);
#11788 = EDGE_CURVE('',#3342,#11063,#11789,.T.);
#11789 = CIRCLE('',#11790,0.762);
#11790 = AXIS2_PLACEMENT_3D('',#11791,#11792,#11793);
#11791 = CARTESIAN_POINT('',(-16.4465,-3.8354,-14.859));
#11792 = DIRECTION('',(0.,1.,0.));
#11793 = DIRECTION('',(-1.,0.,0.));
#11794 = ORIENTED_EDGE('',*,*,#11071,.T.);
#11795 = ORIENTED_EDGE('',*,*,#11756,.T.);
#11796 = ORIENTED_EDGE('',*,*,#3341,.F.);
#11797 = CYLINDRICAL_SURFACE('',#11798,0.762);
#11798 = AXIS2_PLACEMENT_3D('',#11799,#11800,#11801);
#11799 = CARTESIAN_POINT('',(-16.4465,-3.8354,-14.859));
#11800 = DIRECTION('',(0.,1.,0.));
#11801 = DIRECTION('',(-1.,0.,0.));
#11802 = ADVANCED_FACE('',(#11803),#11815,.T.);
#11803 = FACE_BOUND('',#11804,.T.);
#11804 = EDGE_LOOP('',(#11805,#11806,#11807,#11814));
#11805 = ORIENTED_EDGE('',*,*,#11732,.T.);
#11806 = ORIENTED_EDGE('',*,*,#11088,.T.);
#11807 = ORIENTED_EDGE('',*,*,#11808,.F.);
#11808 = EDGE_CURVE('',#3316,#11089,#11809,.T.);
#11809 = CIRCLE('',#11810,0.762);
#11810 = AXIS2_PLACEMENT_3D('',#11811,#11812,#11813);
#11811 = CARTESIAN_POINT('',(-16.4465,3.8354,-14.859));
#11812 = DIRECTION('',(0.,1.,0.));
#11813 = DIRECTION('',(-1.,0.,0.));
#11814 = ORIENTED_EDGE('',*,*,#3324,.F.);
#11815 = CYLINDRICAL_SURFACE('',#11816,0.762);
#11816 = AXIS2_PLACEMENT_3D('',#11817,#11818,#11819);
#11817 = CARTESIAN_POINT('',(-16.4465,-3.8354,-14.859));
#11818 = DIRECTION('',(0.,1.,0.));
#11819 = DIRECTION('',(-1.,0.,0.));
#11820 = ADVANCED_FACE('',(#11821),#11833,.T.);
#11821 = FACE_BOUND('',#11822,.T.);
#11822 = EDGE_LOOP('',(#11823,#11824,#11831,#11832));
#11823 = ORIENTED_EDGE('',*,*,#3349,.F.);
#11824 = ORIENTED_EDGE('',*,*,#11825,.T.);
#11825 = EDGE_CURVE('',#3350,#11055,#11826,.T.);
#11826 = CIRCLE('',#11827,0.762);
#11827 = AXIS2_PLACEMENT_3D('',#11828,#11829,#11830);
#11828 = CARTESIAN_POINT('',(-14.43783830538,-8.684738305377,-14.859));
#11829 = DIRECTION('',(-0.707106781187,0.707106781187,0.));
#11830 = DIRECTION('',(-0.707106781187,-0.707106781187,0.));
#11831 = ORIENTED_EDGE('',*,*,#11062,.T.);
#11832 = ORIENTED_EDGE('',*,*,#11788,.F.);
#11833 = TOROIDAL_SURFACE('',#11834,6.858,0.762);
#11834 = AXIS2_PLACEMENT_3D('',#11835,#11836,#11837);
#11835 = CARTESIAN_POINT('',(-9.5885,-3.8354,-14.859));
#11836 = DIRECTION('',(0.,0.,-1.));
#11837 = DIRECTION('',(0.707106781187,0.707106781187,0.));
#11838 = ADVANCED_FACE('',(#11839),#11851,.T.);
#11839 = FACE_BOUND('',#11840,.T.);
#11840 = EDGE_LOOP('',(#11841,#11848,#11849,#11850));
#11841 = ORIENTED_EDGE('',*,*,#11842,.T.);
#11842 = EDGE_CURVE('',#3359,#11046,#11843,.T.);
#11843 = CIRCLE('',#11844,0.762);
#11844 = AXIS2_PLACEMENT_3D('',#11845,#11846,#11847);
#11845 = CARTESIAN_POINT('',(-11.17393830538,-11.94863830538,-14.859));
#11846 = DIRECTION('',(-0.707106781187,0.707106781187,0.));
#11847 = DIRECTION('',(-0.707106781187,-0.707106781187,0.));
#11848 = ORIENTED_EDGE('',*,*,#11054,.T.);
#11849 = ORIENTED_EDGE('',*,*,#11825,.F.);
#11850 = ORIENTED_EDGE('',*,*,#3358,.F.);
#11851 = CYLINDRICAL_SURFACE('',#11852,0.762);
#11852 = AXIS2_PLACEMENT_3D('',#11853,#11854,#11855);
#11853 = CARTESIAN_POINT('',(-11.17393830538,-11.94863830538,-14.859));
#11854 = DIRECTION('',(-0.707106781187,0.707106781187,0.));
#11855 = DIRECTION('',(-0.707106781187,-0.707106781187,0.));
#11856 = ADVANCED_FACE('',(#11857),#11869,.T.);
#11857 = FACE_BOUND('',#11858,.T.);
#11858 = EDGE_LOOP('',(#11859,#11866,#11867,#11868));
#11859 = ORIENTED_EDGE('',*,*,#11860,.T.);
#11860 = EDGE_CURVE('',#3367,#11038,#11861,.T.);
#11861 = CIRCLE('',#11862,0.762);
#11862 = AXIS2_PLACEMENT_3D('',#11863,#11864,#11865);
#11863 = CARTESIAN_POINT('',(-6.3246,-13.9573,-14.859));
#11864 = DIRECTION('',(-1.,0.,0.));
#11865 = DIRECTION('',(0.,-1.,0.));
#11866 = ORIENTED_EDGE('',*,*,#11045,.T.);
#11867 = ORIENTED_EDGE('',*,*,#11842,.F.);
#11868 = ORIENTED_EDGE('',*,*,#3366,.F.);
#11869 = TOROIDAL_SURFACE('',#11870,6.858,0.762);
#11870 = AXIS2_PLACEMENT_3D('',#11871,#11872,#11873);
#11871 = CARTESIAN_POINT('',(-6.3246,-7.0993,-14.859));
#11872 = DIRECTION('',(0.,0.,-1.));
#11873 = DIRECTION('',(0.,1.,0.));
#11874 = ADVANCED_FACE('',(#11875),#11887,.T.);
#11875 = FACE_BOUND('',#11876,.T.);
#11876 = EDGE_LOOP('',(#11877,#11884,#11885,#11886));
#11877 = ORIENTED_EDGE('',*,*,#11878,.T.);
#11878 = EDGE_CURVE('',#3376,#11029,#11879,.T.);
#11879 = CIRCLE('',#11880,0.762);
#11880 = AXIS2_PLACEMENT_3D('',#11881,#11882,#11883);
#11881 = CARTESIAN_POINT('',(7.3406,-13.9573,-14.859));
#11882 = DIRECTION('',(-1.,0.,0.));
#11883 = DIRECTION('',(0.,-1.,0.));
#11884 = ORIENTED_EDGE('',*,*,#11037,.T.);
#11885 = ORIENTED_EDGE('',*,*,#11860,.F.);
#11886 = ORIENTED_EDGE('',*,*,#3375,.F.);
#11887 = CYLINDRICAL_SURFACE('',#11888,0.762);
#11888 = AXIS2_PLACEMENT_3D('',#11889,#11890,#11891);
#11889 = CARTESIAN_POINT('',(7.3406,-13.9573,-14.859));
#11890 = DIRECTION('',(-1.,0.,0.));
#11891 = DIRECTION('',(0.,-1.,0.));
#11892 = ADVANCED_FACE('',(#11893),#11905,.T.);
#11893 = FACE_BOUND('',#11894,.T.);
#11894 = EDGE_LOOP('',(#11895,#11902,#11903,#11904));
#11895 = ORIENTED_EDGE('',*,*,#11896,.T.);
#11896 = EDGE_CURVE('',#3384,#11021,#11897,.T.);
#11897 = CIRCLE('',#11898,0.762);
#11898 = AXIS2_PLACEMENT_3D('',#11899,#11900,#11901);
#11899 = CARTESIAN_POINT('',(12.18993830538,-11.94863830538,-14.859));
#11900 = DIRECTION('',(-0.707106781187,-0.707106781187,0.));
#11901 = DIRECTION('',(0.707106781187,-0.707106781187,0.));
#11902 = ORIENTED_EDGE('',*,*,#11028,.T.);
#11903 = ORIENTED_EDGE('',*,*,#11878,.F.);
#11904 = ORIENTED_EDGE('',*,*,#3383,.F.);
#11905 = TOROIDAL_SURFACE('',#11906,6.858,0.762);
#11906 = AXIS2_PLACEMENT_3D('',#11907,#11908,#11909);
#11907 = CARTESIAN_POINT('',(7.3406,-7.0993,-14.859));
#11908 = DIRECTION('',(0.,0.,-1.));
#11909 = DIRECTION('',(-0.707106781187,0.707106781187,0.));
#11910 = ADVANCED_FACE('',(#11911),#11923,.T.);
#11911 = FACE_BOUND('',#11912,.T.);
#11912 = EDGE_LOOP('',(#11913,#11920,#11921,#11922));
#11913 = ORIENTED_EDGE('',*,*,#11914,.T.);
#11914 = EDGE_CURVE('',#3393,#11012,#11915,.T.);
#11915 = CIRCLE('',#11916,0.762);
#11916 = AXIS2_PLACEMENT_3D('',#11917,#11918,#11919);
#11917 = CARTESIAN_POINT('',(15.45383830538,-8.684738305377,-14.859));
#11918 = DIRECTION('',(-0.707106781187,-0.707106781187,0.));
#11919 = DIRECTION('',(0.707106781187,-0.707106781187,0.));
#11920 = ORIENTED_EDGE('',*,*,#11020,.T.);
#11921 = ORIENTED_EDGE('',*,*,#11896,.F.);
#11922 = ORIENTED_EDGE('',*,*,#3392,.F.);
#11923 = CYLINDRICAL_SURFACE('',#11924,0.762);
#11924 = AXIS2_PLACEMENT_3D('',#11925,#11926,#11927);
#11925 = CARTESIAN_POINT('',(15.45383830538,-8.684738305377,-14.859));
#11926 = DIRECTION('',(-0.707106781187,-0.707106781187,0.));
#11927 = DIRECTION('',(0.707106781187,-0.707106781187,0.));
#11928 = ADVANCED_FACE('',(#11929),#11935,.T.);
#11929 = FACE_BOUND('',#11930,.T.);
#11930 = EDGE_LOOP('',(#11931,#11932,#11933,#11934));
#11931 = ORIENTED_EDGE('',*,*,#10991,.T.);
#11932 = ORIENTED_EDGE('',*,*,#11011,.T.);
#11933 = ORIENTED_EDGE('',*,*,#11914,.F.);
#11934 = ORIENTED_EDGE('',*,*,#3400,.F.);
#11935 = TOROIDAL_SURFACE('',#11936,6.858,0.762);
#11936 = AXIS2_PLACEMENT_3D('',#11937,#11938,#11939);
#11937 = CARTESIAN_POINT('',(10.6045,-3.8354,-14.859));
#11938 = DIRECTION('',(0.,0.,-1.));
#11939 = DIRECTION('',(-1.,0.,0.));
#11940 = ADVANCED_FACE('',(#11941),#11953,.T.);
#11941 = FACE_BOUND('',#11942,.T.);
#11942 = EDGE_LOOP('',(#11943,#11944,#11945,#11952));
#11943 = ORIENTED_EDGE('',*,*,#11808,.T.);
#11944 = ORIENTED_EDGE('',*,*,#11096,.T.);
#11945 = ORIENTED_EDGE('',*,*,#11946,.F.);
#11946 = EDGE_CURVE('',#3308,#11097,#11947,.T.);
#11947 = CIRCLE('',#11948,0.762);
#11948 = AXIS2_PLACEMENT_3D('',#11949,#11950,#11951);
#11949 = CARTESIAN_POINT('',(-14.43783830538,8.684738305377,-14.859));
#11950 = DIRECTION('',(0.707106781187,0.707106781187,0.));
#11951 = DIRECTION('',(-0.707106781187,0.707106781187,0.));
#11952 = ORIENTED_EDGE('',*,*,#3315,.F.);
#11953 = TOROIDAL_SURFACE('',#11954,6.858,0.762);
#11954 = AXIS2_PLACEMENT_3D('',#11955,#11956,#11957);
#11955 = CARTESIAN_POINT('',(-9.5885,3.8354,-14.859));
#11956 = DIRECTION('',(0.,0.,-1.));
#11957 = DIRECTION('',(1.,0.,0.));
#11958 = ADVANCED_FACE('',(#11959),#11971,.T.);
#11959 = FACE_BOUND('',#11960,.T.);
#11960 = EDGE_LOOP('',(#11961,#11962,#11963,#11970));
#11961 = ORIENTED_EDGE('',*,*,#11946,.T.);
#11962 = ORIENTED_EDGE('',*,*,#11105,.T.);
#11963 = ORIENTED_EDGE('',*,*,#11964,.F.);
#11964 = EDGE_CURVE('',#3299,#11106,#11965,.T.);
#11965 = CIRCLE('',#11966,0.762);
#11966 = AXIS2_PLACEMENT_3D('',#11967,#11968,#11969);
#11967 = CARTESIAN_POINT('',(-11.17393830538,11.94863830538,-14.859));
#11968 = DIRECTION('',(0.707106781187,0.707106781187,0.));
#11969 = DIRECTION('',(-0.707106781187,0.707106781187,0.));
#11970 = ORIENTED_EDGE('',*,*,#3307,.F.);
#11971 = CYLINDRICAL_SURFACE('',#11972,0.762);
#11972 = AXIS2_PLACEMENT_3D('',#11973,#11974,#11975);
#11973 = CARTESIAN_POINT('',(-14.43783830538,8.684738305377,-14.859));
#11974 = DIRECTION('',(0.707106781187,0.707106781187,0.));
#11975 = DIRECTION('',(-0.707106781187,0.707106781187,0.));
#11976 = ADVANCED_FACE('',(#11977),#11989,.T.);
#11977 = FACE_BOUND('',#11978,.T.);
#11978 = EDGE_LOOP('',(#11979,#11980,#11981,#11988));
#11979 = ORIENTED_EDGE('',*,*,#11964,.T.);
#11980 = ORIENTED_EDGE('',*,*,#11113,.T.);
#11981 = ORIENTED_EDGE('',*,*,#11982,.F.);
#11982 = EDGE_CURVE('',#3291,#11114,#11983,.T.);
#11983 = CIRCLE('',#11984,0.762);
#11984 = AXIS2_PLACEMENT_3D('',#11985,#11986,#11987);
#11985 = CARTESIAN_POINT('',(-6.3246,13.9573,-14.859));
#11986 = DIRECTION('',(1.,0.,0.));
#11987 = DIRECTION('',(-0.,1.,0.));
#11988 = ORIENTED_EDGE('',*,*,#3298,.F.);
#11989 = TOROIDAL_SURFACE('',#11990,6.858,0.762);
#11990 = AXIS2_PLACEMENT_3D('',#11991,#11992,#11993);
#11991 = CARTESIAN_POINT('',(-6.3246,7.0993,-14.859));
#11992 = DIRECTION('',(0.,0.,-1.));
#11993 = DIRECTION('',(0.707106781187,-0.707106781187,0.));
#11994 = ADVANCED_FACE('',(#11995),#12007,.T.);
#11995 = FACE_BOUND('',#11996,.T.);
#11996 = EDGE_LOOP('',(#11997,#11998,#11999,#12006));
#11997 = ORIENTED_EDGE('',*,*,#11982,.T.);
#11998 = ORIENTED_EDGE('',*,*,#11122,.T.);
#11999 = ORIENTED_EDGE('',*,*,#12000,.F.);
#12000 = EDGE_CURVE('',#3282,#11123,#12001,.T.);
#12001 = CIRCLE('',#12002,0.762);
#12002 = AXIS2_PLACEMENT_3D('',#12003,#12004,#12005);
#12003 = CARTESIAN_POINT('',(7.3406,13.9573,-14.859));
#12004 = DIRECTION('',(1.,0.,0.));
#12005 = DIRECTION('',(-0.,1.,0.));
#12006 = ORIENTED_EDGE('',*,*,#3290,.F.);
#12007 = CYLINDRICAL_SURFACE('',#12008,0.762);
#12008 = AXIS2_PLACEMENT_3D('',#12009,#12010,#12011);
#12009 = CARTESIAN_POINT('',(-6.3246,13.9573,-14.859));
#12010 = DIRECTION('',(1.,0.,0.));
#12011 = DIRECTION('',(-0.,1.,0.));
#12012 = ADVANCED_FACE('',(#12013),#12025,.T.);
#12013 = FACE_BOUND('',#12014,.T.);
#12014 = EDGE_LOOP('',(#12015,#12016,#12023,#12024));
#12015 = ORIENTED_EDGE('',*,*,#11130,.T.);
#12016 = ORIENTED_EDGE('',*,*,#12017,.F.);
#12017 = EDGE_CURVE('',#3274,#11131,#12018,.T.);
#12018 = CIRCLE('',#12019,0.762);
#12019 = AXIS2_PLACEMENT_3D('',#12020,#12021,#12022);
#12020 = CARTESIAN_POINT('',(12.18993830538,11.94863830538,-14.859));
#12021 = DIRECTION('',(0.707106781187,-0.707106781187,0.));
#12022 = DIRECTION('',(0.707106781187,0.707106781187,0.));
#12023 = ORIENTED_EDGE('',*,*,#3281,.F.);
#12024 = ORIENTED_EDGE('',*,*,#12000,.T.);
#12025 = TOROIDAL_SURFACE('',#12026,6.858,0.762);
#12026 = AXIS2_PLACEMENT_3D('',#12027,#12028,#12029);
#12027 = CARTESIAN_POINT('',(7.3406,7.0993,-14.859));
#12028 = DIRECTION('',(0.,0.,-1.));
#12029 = DIRECTION('',(0.,-1.,0.));
#12030 = ADVANCED_FACE('',(#12031),#12043,.T.);
#12031 = FACE_BOUND('',#12032,.T.);
#12032 = EDGE_LOOP('',(#12033,#12034,#12035,#12042));
#12033 = ORIENTED_EDGE('',*,*,#12017,.T.);
#12034 = ORIENTED_EDGE('',*,*,#11139,.T.);
#12035 = ORIENTED_EDGE('',*,*,#12036,.F.);
#12036 = EDGE_CURVE('',#3265,#11140,#12037,.T.);
#12037 = CIRCLE('',#12038,0.762);
#12038 = AXIS2_PLACEMENT_3D('',#12039,#12040,#12041);
#12039 = CARTESIAN_POINT('',(15.45383830538,8.684738305377,-14.859));
#12040 = DIRECTION('',(0.707106781187,-0.707106781187,0.));
#12041 = DIRECTION('',(0.707106781187,0.707106781187,0.));
#12042 = ORIENTED_EDGE('',*,*,#3273,.F.);
#12043 = CYLINDRICAL_SURFACE('',#12044,0.762);
#12044 = AXIS2_PLACEMENT_3D('',#12045,#12046,#12047);
#12045 = CARTESIAN_POINT('',(12.18993830538,11.94863830538,-14.859));
#12046 = DIRECTION('',(0.707106781187,-0.707106781187,0.));
#12047 = DIRECTION('',(0.707106781187,0.707106781187,0.));
#12048 = ADVANCED_FACE('',(#12049),#12055,.T.);
#12049 = FACE_BOUND('',#12050,.T.);
#12050 = EDGE_LOOP('',(#12051,#12052,#12053,#12054));
#12051 = ORIENTED_EDGE('',*,*,#12036,.T.);
#12052 = ORIENTED_EDGE('',*,*,#11147,.T.);
#12053 = ORIENTED_EDGE('',*,*,#10959,.F.);
#12054 = ORIENTED_EDGE('',*,*,#3264,.F.);
#12055 = TOROIDAL_SURFACE('',#12056,6.858,0.762);
#12056 = AXIS2_PLACEMENT_3D('',#12057,#12058,#12059);
#12057 = CARTESIAN_POINT('',(10.6045,3.8354,-14.859));
#12058 = DIRECTION('',(0.,0.,-1.));
#12059 = DIRECTION('',(-0.707106781187,-0.707106781187,-0.));
#12060 = ADVANCED_FACE('',(#12061),#12141,.T.);
#12061 = FACE_BOUND('',#12062,.T.);
#12062 = EDGE_LOOP('',(#12063,#12074,#12098,#12099,#12125,#12134));
#12063 = ORIENTED_EDGE('',*,*,#12064,.T.);
#12064 = EDGE_CURVE('',#12065,#12067,#12069,.T.);
#12065 = VERTEX_POINT('',#12066);
#12066 = CARTESIAN_POINT('',(-14.097,0.,-14.859));
#12067 = VERTEX_POINT('',#12068);
#12068 = CARTESIAN_POINT('',(-14.6685,-1.3335,-14.859));
#12069 = CIRCLE('',#12070,1.8415);
#12070 = AXIS2_PLACEMENT_3D('',#12071,#12072,#12073);
#12071 = CARTESIAN_POINT('',(-15.9385,0.,-14.859));
#12072 = DIRECTION('',(0.,0.,-1.));
#12073 = DIRECTION('',(1.,0.,0.));
#12074 = ORIENTED_EDGE('',*,*,#12075,.T.);
#12075 = EDGE_CURVE('',#12067,#11321,#12076,.T.);
#12076 = B_SPLINE_CURVE_WITH_KNOTS('',3,(#12077,#12078,#12079,#12080,
    #12081,#12082,#12083,#12084,#12085,#12086,#12087,#12088,#12089,
    #12090,#12091,#12092,#12093,#12094,#12095,#12096,#12097),
  .UNSPECIFIED.,.F.,.F.,(4,1,1,1,1,1,1,1,1,1,1,1,1,1,1,1,1,1,4),(0.,
    5.555555555556E-02,0.111111111111,0.166666666667,0.222222222222,
    0.277777777778,0.333333333333,0.388888888889,0.444444444444,0.5,
    0.555555555556,0.611111111111,0.666666666667,0.722222222222,
    0.777777777778,0.833333333333,0.888888888889,0.944444444444,1.),
  .UNSPECIFIED.);
#12077 = CARTESIAN_POINT('',(-14.6685,-1.3335,-14.859));
#12078 = CARTESIAN_POINT('',(-14.66849751699,-1.333497635226,
    -14.84550697671));
#12079 = CARTESIAN_POINT('',(-14.66922363466,-1.335188394758,
    -14.81838825631));
#12080 = CARTESIAN_POINT('',(-14.67246255316,-1.342726804877,
    -14.77783065836));
#12081 = CARTESIAN_POINT('',(-14.67804247457,-1.355612159305,
    -14.7363079784));
#12082 = CARTESIAN_POINT('',(-14.68618761664,-1.37420799292,
    -14.6937696981));
#12083 = CARTESIAN_POINT('',(-14.69745770192,-1.399537540736,
    -14.64910823319));
#12084 = CARTESIAN_POINT('',(-14.7126590834,-1.433004643179,
    -14.6016112363));
#12085 = CARTESIAN_POINT('',(-14.73256508083,-1.47568113706,
    -14.55149920744));
#12086 = CARTESIAN_POINT('',(-14.75738531573,-1.527219568837,
    -14.50024886927));
#12087 = CARTESIAN_POINT('',(-14.78780007564,-1.588100446482,
    -14.44805687868));
#12088 = CARTESIAN_POINT('',(-14.82475668114,-1.659079698075,
    -14.39508497127));
#12089 = CARTESIAN_POINT('',(-14.87008217818,-1.742242711674,
    -14.34088639196));
#12090 = CARTESIAN_POINT('',(-14.92593717767,-1.839480385465,
    -14.28612014331));
#12091 = CARTESIAN_POINT('',(-14.98945836146,-1.944082077858,
    -14.23577256744));
#12092 = CARTESIAN_POINT('',(-15.06262184,-2.058080321015,-14.1896209564
    ));
#12093 = CARTESIAN_POINT('',(-15.14882910176,-2.184719457206,
    -14.1486888986));
#12094 = CARTESIAN_POINT('',(-15.24319681838,-2.315168453928,
    -14.11821023218));
#12095 = CARTESIAN_POINT('',(-15.33772048774,-2.438770468228,
    -14.10070244924));
#12096 = CARTESIAN_POINT('',(-15.3999092539,-2.516162527933,-14.097));
#12097 = CARTESIAN_POINT('',(-15.4305,-2.553458096386,-14.097));
#12098 = ORIENTED_EDGE('',*,*,#11318,.F.);
#12099 = ORIENTED_EDGE('',*,*,#12100,.T.);
#12100 = EDGE_CURVE('',#11319,#12101,#12103,.T.);
#12101 = VERTEX_POINT('',#12102);
#12102 = CARTESIAN_POINT('',(-17.2085,-1.3335,-14.859));
#12103 = B_SPLINE_CURVE_WITH_KNOTS('',3,(#12104,#12105,#12106,#12107,
    #12108,#12109,#12110,#12111,#12112,#12113,#12114,#12115,#12116,
    #12117,#12118,#12119,#12120,#12121,#12122,#12123,#12124),
  .UNSPECIFIED.,.F.,.F.,(4,1,1,1,1,1,1,1,1,1,1,1,1,1,1,1,1,1,4),(0.,
    5.555555555556E-02,0.111111111111,0.166666666667,0.222222222222,
    0.277777777778,0.333333333333,0.388888888889,0.444444444444,0.5,
    0.555555555556,0.611111111111,0.666666666667,0.722222222222,
    0.777777777778,0.833333333333,0.888888888889,0.944444444444,1.),
  .UNSPECIFIED.);
#12104 = CARTESIAN_POINT('',(-16.4465,-2.553458096386,-14.097));
#12105 = CARTESIAN_POINT('',(-16.47706058674,-2.516198612967,-14.097));
#12106 = CARTESIAN_POINT('',(-16.53919655055,-2.438875277924,
    -14.10069490433));
#12107 = CARTESIAN_POINT('',(-16.63366329838,-2.315354442198,
    -14.11817820427));
#12108 = CARTESIAN_POINT('',(-16.7279855467,-2.184983792924,
    -14.14861473916));
#12109 = CARTESIAN_POINT('',(-16.81427517141,-2.058238326515,
    -14.18956037209));
#12110 = CARTESIAN_POINT('',(-16.88748978083,-1.94416611284,
    -14.23573401099));
#12111 = CARTESIAN_POINT('',(-16.95104424274,-1.839512366672,
    -14.28610273894));
#12112 = CARTESIAN_POINT('',(-17.00690551722,-1.742264834645,
    -14.34087275655));
#12113 = CARTESIAN_POINT('',(-17.05224085916,-1.659084529914,
    -14.39508117652));
#12114 = CARTESIAN_POINT('',(-17.08920135633,-1.588097791609,
    -14.44805872409));
#12115 = CARTESIAN_POINT('',(-17.11963179743,-1.527185466411,
    -14.50027709414));
#12116 = CARTESIAN_POINT('',(-17.14448123694,-1.475583693331,
    -14.55160210673));
#12117 = CARTESIAN_POINT('',(-17.16437350462,-1.432933558879,
    -14.60170386853));
#12118 = CARTESIAN_POINT('',(-17.17956754607,-1.399481352964,
    -14.64919649021));
#12119 = CARTESIAN_POINT('',(-17.19082952772,-1.3741690505,
    -14.69384890531));
#12120 = CARTESIAN_POINT('',(-17.19896551792,-1.355593764189,
    -14.73636036144));
#12121 = CARTESIAN_POINT('',(-17.20453979089,-1.342721298721,
    -14.77785696326));
#12122 = CARTESIAN_POINT('',(-17.20777659473,-1.335188061409,
    -14.81839461996));
#12123 = CARTESIAN_POINT('',(-17.20850216528,-1.333497937826,
    -14.84550796629));
#12124 = CARTESIAN_POINT('',(-17.2085,-1.3335,-14.859));
#12125 = ORIENTED_EDGE('',*,*,#12126,.T.);
#12126 = EDGE_CURVE('',#12101,#12127,#12129,.T.);
#12127 = VERTEX_POINT('',#12128);
#12128 = CARTESIAN_POINT('',(-17.78,0.,-14.859));
#12129 = CIRCLE('',#12130,1.8415);
#12130 = AXIS2_PLACEMENT_3D('',#12131,#12132,#12133);
#12131 = CARTESIAN_POINT('',(-15.9385,0.,-14.859));
#12132 = DIRECTION('',(0.,0.,-1.));
#12133 = DIRECTION('',(-0.689655172414,-0.724137931034,-0.));
#12134 = ORIENTED_EDGE('',*,*,#12135,.F.);
#12135 = EDGE_CURVE('',#12065,#12127,#12136,.T.);
#12136 = CIRCLE('',#12137,1.8415);
#12137 = AXIS2_PLACEMENT_3D('',#12138,#12139,#12140);
#12138 = CARTESIAN_POINT('',(-15.9385,0.,-14.859));
#12139 = DIRECTION('',(0.,0.,1.));
#12140 = DIRECTION('',(1.,0.,-0.));
#12141 = TOROIDAL_SURFACE('',#12142,2.6035,0.762);
#12142 = AXIS2_PLACEMENT_3D('',#12143,#12144,#12145);
#12143 = CARTESIAN_POINT('',(-15.9385,0.,-14.859));
#12144 = DIRECTION('',(0.,0.,-1.));
#12145 = DIRECTION('',(1.,0.,0.));
#12146 = ADVANCED_FACE('',(#12147),#12173,.F.);
#12147 = FACE_BOUND('',#12148,.F.);
#12148 = EDGE_LOOP('',(#12149,#12150,#12158,#12167));
#12149 = ORIENTED_EDGE('',*,*,#12135,.F.);
#12150 = ORIENTED_EDGE('',*,*,#12151,.F.);
#12151 = EDGE_CURVE('',#12152,#12065,#12154,.T.);
#12152 = VERTEX_POINT('',#12153);
#12153 = CARTESIAN_POINT('',(-14.097,0.,-15.096998));
#12154 = LINE('',#12155,#12156);
#12155 = CARTESIAN_POINT('',(-14.097,0.,-15.096998));
#12156 = VECTOR('',#12157,1.);
#12157 = DIRECTION('',(0.,0.,1.));
#12158 = ORIENTED_EDGE('',*,*,#12159,.F.);
#12159 = EDGE_CURVE('',#12160,#12152,#12162,.T.);
#12160 = VERTEX_POINT('',#12161);
#12161 = CARTESIAN_POINT('',(-17.78,0.,-15.096998));
#12162 = CIRCLE('',#12163,1.8415);
#12163 = AXIS2_PLACEMENT_3D('',#12164,#12165,#12166);
#12164 = CARTESIAN_POINT('',(-15.9385,0.,-15.096998));
#12165 = DIRECTION('',(0.,0.,-1.));
#12166 = DIRECTION('',(-1.,0.,0.));
#12167 = ORIENTED_EDGE('',*,*,#12168,.T.);
#12168 = EDGE_CURVE('',#12160,#12127,#12169,.T.);
#12169 = LINE('',#12170,#12171);
#12170 = CARTESIAN_POINT('',(-17.78,0.,-15.096998));
#12171 = VECTOR('',#12172,1.);
#12172 = DIRECTION('',(0.,0.,1.));
#12173 = CYLINDRICAL_SURFACE('',#12174,1.8415);
#12174 = AXIS2_PLACEMENT_3D('',#12175,#12176,#12177);
#12175 = CARTESIAN_POINT('',(-15.9385,0.,-14.0470001));
#12176 = DIRECTION('',(0.,0.,-1.));
#12177 = DIRECTION('',(1.,0.,0.));
#12178 = ADVANCED_FACE('',(#12179),#12199,.F.);
#12179 = FACE_BOUND('',#12180,.F.);
#12180 = EDGE_LOOP('',(#12181,#12182,#12189,#12190,#12191,#12198));
#12181 = ORIENTED_EDGE('',*,*,#12064,.T.);
#12182 = ORIENTED_EDGE('',*,*,#12183,.F.);
#12183 = EDGE_CURVE('',#12101,#12067,#12184,.T.);
#12184 = CIRCLE('',#12185,1.8415);
#12185 = AXIS2_PLACEMENT_3D('',#12186,#12187,#12188);
#12186 = CARTESIAN_POINT('',(-15.9385,0.,-14.859));
#12187 = DIRECTION('',(0.,0.,1.));
#12188 = DIRECTION('',(-0.689655172414,-0.724137931034,0.));
#12189 = ORIENTED_EDGE('',*,*,#12126,.T.);
#12190 = ORIENTED_EDGE('',*,*,#12168,.F.);
#12191 = ORIENTED_EDGE('',*,*,#12192,.T.);
#12192 = EDGE_CURVE('',#12160,#12152,#12193,.T.);
#12193 = CIRCLE('',#12194,1.8415);
#12194 = AXIS2_PLACEMENT_3D('',#12195,#12196,#12197);
#12195 = CARTESIAN_POINT('',(-15.9385,0.,-15.096998));
#12196 = DIRECTION('',(0.,0.,1.));
#12197 = DIRECTION('',(-1.,0.,0.));
#12198 = ORIENTED_EDGE('',*,*,#12151,.T.);
#12199 = CYLINDRICAL_SURFACE('',#12200,1.8415);
#12200 = AXIS2_PLACEMENT_3D('',#12201,#12202,#12203);
#12201 = CARTESIAN_POINT('',(-15.9385,0.,-14.0470001));
#12202 = DIRECTION('',(0.,0.,-1.));
#12203 = DIRECTION('',(1.,0.,0.));
#12204 = ADVANCED_FACE('',(#12205),#12211,.T.);
#12205 = FACE_BOUND('',#12206,.T.);
#12206 = EDGE_LOOP('',(#12207,#12208,#12209,#12210));
#12207 = ORIENTED_EDGE('',*,*,#12075,.F.);
#12208 = ORIENTED_EDGE('',*,*,#12183,.F.);
#12209 = ORIENTED_EDGE('',*,*,#12100,.F.);
#12210 = ORIENTED_EDGE('',*,*,#11329,.F.);
#12211 = TOROIDAL_SURFACE('',#12212,2.6035,0.762);
#12212 = AXIS2_PLACEMENT_3D('',#12213,#12214,#12215);
#12213 = CARTESIAN_POINT('',(-15.9385,0.,-14.859));
#12214 = DIRECTION('',(0.,0.,-1.));
#12215 = DIRECTION('',(1.,0.,0.));
#12216 = ADVANCED_FACE('',(#12217),#12221,.F.);
#12217 = FACE_BOUND('',#12218,.F.);
#12218 = EDGE_LOOP('',(#12219,#12220));
#12219 = ORIENTED_EDGE('',*,*,#12192,.F.);
#12220 = ORIENTED_EDGE('',*,*,#12159,.T.);
#12221 = PLANE('',#12222);
#12222 = AXIS2_PLACEMENT_3D('',#12223,#12224,#12225);
#12223 = CARTESIAN_POINT('',(-15.9385,0.,-15.096998));
#12224 = DIRECTION('',(0.,0.,-1.));
#12225 = DIRECTION('',(1.,0.,0.));
#12226 = ADVANCED_FACE('',(#12227),#12309,.T.);
#12227 = FACE_BOUND('',#12228,.T.);
#12228 = EDGE_LOOP('',(#12229,#12256,#12265,#12274,#12283,#12308));
#12229 = ORIENTED_EDGE('',*,*,#12230,.T.);
#12230 = EDGE_CURVE('',#11339,#12231,#12233,.T.);
#12231 = VERTEX_POINT('',#12232);
#12232 = CARTESIAN_POINT('',(15.6845,-1.3335,-14.859));
#12233 = B_SPLINE_CURVE_WITH_KNOTS('',3,(#12234,#12235,#12236,#12237,
    #12238,#12239,#12240,#12241,#12242,#12243,#12244,#12245,#12246,
    #12247,#12248,#12249,#12250,#12251,#12252,#12253,#12254,#12255),
  .UNSPECIFIED.,.F.,.F.,(4,1,1,1,1,1,1,1,1,1,1,1,1,1,1,1,1,1,1,4),(0.,
    5.263157894737E-02,0.105263157895,0.157894736842,0.21052631579,
    0.263157894737,0.315789473684,0.368421052632,0.421052631579,
    0.473684210526,0.526315789474,0.578947368421,0.631578947368,
    0.684210526316,0.736842105263,0.789473684211,0.842105263158,
    0.894736842105,0.947368421053,1.),.UNSPECIFIED.);
#12234 = CARTESIAN_POINT('',(16.4465,-2.553458096386,-14.097));
#12235 = CARTESIAN_POINT('',(16.4175486075,-2.518159062479,-14.097));
#12236 = CARTESIAN_POINT('',(16.35873896904,-2.445065299422,
    -14.10030126121));
#12237 = CARTESIAN_POINT('',(16.26907536551,-2.328262398514,
    -14.11603789544));
#12238 = CARTESIAN_POINT('',(16.17999391792,-2.206088897777,
    -14.14306977671));
#12239 = CARTESIAN_POINT('',(16.09557976853,-2.083498511237,
    -14.18068931368));
#12240 = CARTESIAN_POINT('',(16.0237606869,-1.973096270603,
    -14.22334290882));
#12241 = CARTESIAN_POINT('',(15.96109507427,-1.871549309323,
    -14.26994854945));
#12242 = CARTESIAN_POINT('',(15.90568063643,-1.776888524396,
    -14.32054809399));
#12243 = CARTESIAN_POINT('',(15.85872868196,-1.692477020701,
    -14.37253229329));
#12244 = CARTESIAN_POINT('',(15.8203894056,-1.620291684831,
    -14.42326231555));
#12245 = CARTESIAN_POINT('',(15.78863204079,-1.557994754231,
    -14.47306539336));
#12246 = CARTESIAN_POINT('',(15.76229208274,-1.504372337745,
    -14.52212707672));
#12247 = CARTESIAN_POINT('',(15.74065691151,-1.458854445153,
    -14.57036462212));
#12248 = CARTESIAN_POINT('',(15.72338983508,-1.421477911764,
    -14.61708168152));
#12249 = CARTESIAN_POINT('',(15.71013623592,-1.392110865307,
    -14.66134340305));
#12250 = CARTESIAN_POINT('',(15.70025045982,-1.369802512292,
    -14.7030184666));
#12251 = CARTESIAN_POINT('',(15.69302124864,-1.353260280542,
    -14.74304077255));
#12252 = CARTESIAN_POINT('',(15.68805353271,-1.341775679696,
    -14.78215603282));
#12253 = CARTESIAN_POINT('',(15.68514982518,-1.335017672755,
    -14.82050456041));
#12254 = CARTESIAN_POINT('',(15.68450028503,-1.333500271461,
    -14.84619716877));
#12255 = CARTESIAN_POINT('',(15.6845,-1.3335,-14.859));
#12256 = ORIENTED_EDGE('',*,*,#12257,.F.);
#12257 = EDGE_CURVE('',#12258,#12231,#12260,.T.);
#12258 = VERTEX_POINT('',#12259);
#12259 = CARTESIAN_POINT('',(15.113,0.,-14.859));
#12260 = CIRCLE('',#12261,1.8415);
#12261 = AXIS2_PLACEMENT_3D('',#12262,#12263,#12264);
#12262 = CARTESIAN_POINT('',(16.9545,0.,-14.859));
#12263 = DIRECTION('',(0.,0.,1.));
#12264 = DIRECTION('',(-1.,0.,0.));
#12265 = ORIENTED_EDGE('',*,*,#12266,.F.);
#12266 = EDGE_CURVE('',#12267,#12258,#12269,.T.);
#12267 = VERTEX_POINT('',#12268);
#12268 = CARTESIAN_POINT('',(18.796,0.,-14.859));
#12269 = CIRCLE('',#12270,1.8415);
#12270 = AXIS2_PLACEMENT_3D('',#12271,#12272,#12273);
#12271 = CARTESIAN_POINT('',(16.9545,0.,-14.859));
#12272 = DIRECTION('',(0.,0.,1.));
#12273 = DIRECTION('',(1.,0.,-0.));
#12274 = ORIENTED_EDGE('',*,*,#12275,.F.);
#12275 = EDGE_CURVE('',#12276,#12267,#12278,.T.);
#12276 = VERTEX_POINT('',#12277);
#12277 = CARTESIAN_POINT('',(18.2245,-1.3335,-14.859));
#12278 = CIRCLE('',#12279,1.8415);
#12279 = AXIS2_PLACEMENT_3D('',#12280,#12281,#12282);
#12280 = CARTESIAN_POINT('',(16.9545,0.,-14.859));
#12281 = DIRECTION('',(0.,0.,1.));
#12282 = DIRECTION('',(0.689655172414,-0.724137931034,0.));
#12283 = ORIENTED_EDGE('',*,*,#12284,.T.);
#12284 = EDGE_CURVE('',#12276,#11341,#12285,.T.);
#12285 = B_SPLINE_CURVE_WITH_KNOTS('',3,(#12286,#12287,#12288,#12289,
    #12290,#12291,#12292,#12293,#12294,#12295,#12296,#12297,#12298,
    #12299,#12300,#12301,#12302,#12303,#12304,#12305,#12306,#12307),
  .UNSPECIFIED.,.F.,.F.,(4,1,1,1,1,1,1,1,1,1,1,1,1,1,1,1,1,1,1,4),(0.,
    5.263157894737E-02,0.105263157895,0.157894736842,0.21052631579,
    0.263157894737,0.315789473684,0.368421052632,0.421052631579,
    0.473684210526,0.526315789474,0.578947368421,0.631578947368,
    0.684210526316,0.736842105263,0.789473684211,0.842105263158,
    0.894736842105,0.947368421053,1.),.UNSPECIFIED.);
#12286 = CARTESIAN_POINT('',(18.2245,-1.3335,-14.859));
#12287 = CARTESIAN_POINT('',(18.22449948693,-1.333500488636,
    -14.8461850851));
#12288 = CARTESIAN_POINT('',(18.22384909677,-1.335020339349,
    -14.82047116982));
#12289 = CARTESIAN_POINT('',(18.2209407631,-1.341788893947,
    -14.78209682399));
#12290 = CARTESIAN_POINT('',(18.21596800762,-1.353285034183,
    -14.74296996726));
#12291 = CARTESIAN_POINT('',(18.20873341245,-1.369839197347,
    -14.70294068349));
#12292 = CARTESIAN_POINT('',(18.19884090822,-1.392162069749,
    -14.66125718629));
#12293 = CARTESIAN_POINT('',(18.18557765806,-1.421549181775,
    -14.61698420416));
#12294 = CARTESIAN_POINT('',(18.16830402893,-1.458937903567,
    -14.57026864205));
#12295 = CARTESIAN_POINT('',(18.1466510249,-1.504490636509,
    -14.52200904746));
#12296 = CARTESIAN_POINT('',(18.12028138983,-1.558167937744,
    -14.47291739643));
#12297 = CARTESIAN_POINT('',(18.0885216888,-1.620462422363,
    -14.4231351587));
#12298 = CARTESIAN_POINT('',(18.05017043294,-1.692662660137,
    -14.37241038715));
#12299 = CARTESIAN_POINT('',(18.00322105185,-1.777059931766,
    -14.32045129183));
#12300 = CARTESIAN_POINT('',(17.9478439793,-1.871649057541,
    -14.2699014564));
#12301 = CARTESIAN_POINT('',(17.88522977103,-1.973110106853,
    -14.22333874021));
#12302 = CARTESIAN_POINT('',(17.81343356328,-2.083478592599,
    -14.18069618018));
#12303 = CARTESIAN_POINT('',(17.72899995252,-2.206098555764,
    -14.14306586791));
#12304 = CARTESIAN_POINT('',(17.63987516486,-2.328329237798,
    -14.11602409561));
#12305 = CARTESIAN_POINT('',(17.55018080652,-2.445168274749,
    -14.10029236702));
#12306 = CARTESIAN_POINT('',(17.49141384409,-2.518202344985,-14.097));
#12307 = CARTESIAN_POINT('',(17.4625,-2.553458096386,-14.097));
#12308 = ORIENTED_EDGE('',*,*,#11338,.F.);
#12309 = TOROIDAL_SURFACE('',#12310,2.6035,0.762);
#12310 = AXIS2_PLACEMENT_3D('',#12311,#12312,#12313);
#12311 = CARTESIAN_POINT('',(16.9545,0.,-14.859));
#12312 = DIRECTION('',(0.,0.,1.));
#12313 = DIRECTION('',(-1.,0.,0.));
#12314 = ADVANCED_FACE('',(#12315),#12327,.T.);
#12315 = FACE_BOUND('',#12316,.T.);
#12316 = EDGE_LOOP('',(#12317,#12318,#12319,#12320));
#12317 = ORIENTED_EDGE('',*,*,#12230,.F.);
#12318 = ORIENTED_EDGE('',*,*,#11349,.T.);
#12319 = ORIENTED_EDGE('',*,*,#12284,.F.);
#12320 = ORIENTED_EDGE('',*,*,#12321,.T.);
#12321 = EDGE_CURVE('',#12276,#12231,#12322,.T.);
#12322 = CIRCLE('',#12323,1.8415);
#12323 = AXIS2_PLACEMENT_3D('',#12324,#12325,#12326);
#12324 = CARTESIAN_POINT('',(16.9545,0.,-14.859));
#12325 = DIRECTION('',(0.,0.,-1.));
#12326 = DIRECTION('',(0.689655172414,-0.724137931034,0.));
#12327 = TOROIDAL_SURFACE('',#12328,2.6035,0.762);
#12328 = AXIS2_PLACEMENT_3D('',#12329,#12330,#12331);
#12329 = CARTESIAN_POINT('',(16.9545,0.,-14.859));
#12330 = DIRECTION('',(0.,0.,1.));
#12331 = DIRECTION('',(-1.,0.,0.));
#12332 = ADVANCED_FACE('',(#12333),#12361,.F.);
#12333 = FACE_BOUND('',#12334,.F.);
#12334 = EDGE_LOOP('',(#12335,#12343,#12344,#12345,#12346,#12354));
#12335 = ORIENTED_EDGE('',*,*,#12336,.T.);
#12336 = EDGE_CURVE('',#12337,#12267,#12339,.T.);
#12337 = VERTEX_POINT('',#12338);
#12338 = CARTESIAN_POINT('',(18.796,0.,-15.096998));
#12339 = LINE('',#12340,#12341);
#12340 = CARTESIAN_POINT('',(18.796,0.,-15.096998));
#12341 = VECTOR('',#12342,1.);
#12342 = DIRECTION('',(0.,0.,1.));
#12343 = ORIENTED_EDGE('',*,*,#12275,.F.);
#12344 = ORIENTED_EDGE('',*,*,#12321,.T.);
#12345 = ORIENTED_EDGE('',*,*,#12257,.F.);
#12346 = ORIENTED_EDGE('',*,*,#12347,.F.);
#12347 = EDGE_CURVE('',#12348,#12258,#12350,.T.);
#12348 = VERTEX_POINT('',#12349);
#12349 = CARTESIAN_POINT('',(15.113,0.,-15.096998));
#12350 = LINE('',#12351,#12352);
#12351 = CARTESIAN_POINT('',(15.113,0.,-15.096998));
#12352 = VECTOR('',#12353,1.);
#12353 = DIRECTION('',(0.,0.,1.));
#12354 = ORIENTED_EDGE('',*,*,#12355,.F.);
#12355 = EDGE_CURVE('',#12337,#12348,#12356,.T.);
#12356 = CIRCLE('',#12357,1.8415);
#12357 = AXIS2_PLACEMENT_3D('',#12358,#12359,#12360);
#12358 = CARTESIAN_POINT('',(16.9545,0.,-15.096998));
#12359 = DIRECTION('',(0.,0.,-1.));
#12360 = DIRECTION('',(1.,0.,0.));
#12361 = CYLINDRICAL_SURFACE('',#12362,1.8415);
#12362 = AXIS2_PLACEMENT_3D('',#12363,#12364,#12365);
#12363 = CARTESIAN_POINT('',(16.9545,0.,-14.0470001));
#12364 = DIRECTION('',(0.,0.,1.));
#12365 = DIRECTION('',(-1.,0.,0.));
#12366 = ADVANCED_FACE('',(#12367),#12379,.F.);
#12367 = FACE_BOUND('',#12368,.F.);
#12368 = EDGE_LOOP('',(#12369,#12370,#12377,#12378));
#12369 = ORIENTED_EDGE('',*,*,#12336,.F.);
#12370 = ORIENTED_EDGE('',*,*,#12371,.T.);
#12371 = EDGE_CURVE('',#12337,#12348,#12372,.T.);
#12372 = CIRCLE('',#12373,1.8415);
#12373 = AXIS2_PLACEMENT_3D('',#12374,#12375,#12376);
#12374 = CARTESIAN_POINT('',(16.9545,0.,-15.096998));
#12375 = DIRECTION('',(0.,0.,1.));
#12376 = DIRECTION('',(1.,0.,-0.));
#12377 = ORIENTED_EDGE('',*,*,#12347,.T.);
#12378 = ORIENTED_EDGE('',*,*,#12266,.F.);
#12379 = CYLINDRICAL_SURFACE('',#12380,1.8415);
#12380 = AXIS2_PLACEMENT_3D('',#12381,#12382,#12383);
#12381 = CARTESIAN_POINT('',(16.9545,0.,-14.0470001));
#12382 = DIRECTION('',(0.,0.,1.));
#12383 = DIRECTION('',(-1.,0.,0.));
#12384 = ADVANCED_FACE('',(#12385),#12389,.T.);
#12385 = FACE_BOUND('',#12386,.F.);
#12386 = EDGE_LOOP('',(#12387,#12388));
#12387 = ORIENTED_EDGE('',*,*,#12355,.T.);
#12388 = ORIENTED_EDGE('',*,*,#12371,.F.);
#12389 = PLANE('',#12390);
#12390 = AXIS2_PLACEMENT_3D('',#12391,#12392,#12393);
#12391 = CARTESIAN_POINT('',(16.9545,0.,-15.096998));
#12392 = DIRECTION('',(0.,0.,1.));
#12393 = DIRECTION('',(-1.,0.,0.));
#12394 = ADVANCED_FACE('',(#12395),#12401,.T.);
#12395 = FACE_BOUND('',#12396,.T.);
#12396 = EDGE_LOOP('',(#12397,#12398,#12399,#12400));
#12397 = ORIENTED_EDGE('',*,*,#383,.T.);
#12398 = ORIENTED_EDGE('',*,*,#2363,.T.);
#12399 = ORIENTED_EDGE('',*,*,#2414,.F.);
#12400 = ORIENTED_EDGE('',*,*,#215,.F.);
#12401 = CYLINDRICAL_SURFACE('',#12402,0.508);
#12402 = AXIS2_PLACEMENT_3D('',#12403,#12404,#12405);
#12403 = CARTESIAN_POINT('',(-18.52462744868,-4.5212,39.5681708));
#12404 = DIRECTION('',(0.258819045102,0.,-0.965925826289));
#12405 = DIRECTION('',(0.,1.,0.));
#12406 = ADVANCED_FACE('',(#12407),#12426,.F.);
#12407 = FACE_BOUND('',#12408,.F.);
#12408 = EDGE_LOOP('',(#12409,#12418,#12419,#12420));
#12409 = ORIENTED_EDGE('',*,*,#12410,.F.);
#12410 = EDGE_CURVE('',#2222,#12411,#12413,.T.);
#12411 = VERTEX_POINT('',#12412);
#12412 = CARTESIAN_POINT('',(-2.9083,9.144,-19.6088));
#12413 = CIRCLE('',#12414,4.318);
#12414 = AXIS2_PLACEMENT_3D('',#12415,#12416,#12417);
#12415 = CARTESIAN_POINT('',(-2.9083,4.826,-19.6088));
#12416 = DIRECTION('',(0.,0.,-1.));
#12417 = DIRECTION('',(-1.,0.,0.));
#12418 = ORIENTED_EDGE('',*,*,#2261,.F.);
#12419 = ORIENTED_EDGE('',*,*,#423,.F.);
#12420 = ORIENTED_EDGE('',*,*,#12421,.T.);
#12421 = EDGE_CURVE('',#416,#12411,#12422,.T.);
#12422 = LINE('',#12423,#12424);
#12423 = CARTESIAN_POINT('',(-2.9083,9.144,-0.635));
#12424 = VECTOR('',#12425,1.);
#12425 = DIRECTION('',(0.,0.,-1.));
#12426 = CYLINDRICAL_SURFACE('',#12427,4.318);
#12427 = AXIS2_PLACEMENT_3D('',#12428,#12429,#12430);
#12428 = CARTESIAN_POINT('',(-2.9083,4.826,0.));
#12429 = DIRECTION('',(0.,0.,1.));
#12430 = DIRECTION('',(0.,1.,0.));
#12431 = ADVANCED_FACE('',(#12432),#12444,.F.);
#12432 = FACE_BOUND('',#12433,.F.);
#12433 = EDGE_LOOP('',(#12434,#12435,#12436,#12437));
#12434 = ORIENTED_EDGE('',*,*,#653,.F.);
#12435 = ORIENTED_EDGE('',*,*,#2229,.T.);
#12436 = ORIENTED_EDGE('',*,*,#12410,.T.);
#12437 = ORIENTED_EDGE('',*,*,#12438,.F.);
#12438 = EDGE_CURVE('',#654,#12411,#12439,.T.);
#12439 = CIRCLE('',#12440,0.2032);
#12440 = AXIS2_PLACEMENT_3D('',#12441,#12442,#12443);
#12441 = CARTESIAN_POINT('',(-2.9083,8.9408,-19.6088));
#12442 = DIRECTION('',(1.,0.,0.));
#12443 = DIRECTION('',(0.,0.,-1.));
#12444 = TOROIDAL_SURFACE('',#12445,4.1148,0.2032);
#12445 = AXIS2_PLACEMENT_3D('',#12446,#12447,#12448);
#12446 = CARTESIAN_POINT('',(-2.9083,4.826,-19.6088));
#12447 = DIRECTION('',(0.,0.,1.));
#12448 = DIRECTION('',(-0.999994887395,-3.197684118726E-03,0.));
#12449 = ADVANCED_FACE('',(#12450),#12469,.F.);
#12450 = FACE_BOUND('',#12451,.F.);
#12451 = EDGE_LOOP('',(#12452,#12453,#12454,#12462));
#12452 = ORIENTED_EDGE('',*,*,#662,.F.);
#12453 = ORIENTED_EDGE('',*,*,#12438,.T.);
#12454 = ORIENTED_EDGE('',*,*,#12455,.T.);
#12455 = EDGE_CURVE('',#12411,#12456,#12458,.T.);
#12456 = VERTEX_POINT('',#12457);
#12457 = CARTESIAN_POINT('',(6.9977,9.144,-19.6088));
#12458 = LINE('',#12459,#12460);
#12459 = CARTESIAN_POINT('',(-2.9083,9.144,-19.6088));
#12460 = VECTOR('',#12461,1.);
#12461 = DIRECTION('',(1.,0.,0.));
#12462 = ORIENTED_EDGE('',*,*,#12463,.F.);
#12463 = EDGE_CURVE('',#663,#12456,#12464,.T.);
#12464 = CIRCLE('',#12465,0.2032);
#12465 = AXIS2_PLACEMENT_3D('',#12466,#12467,#12468);
#12466 = CARTESIAN_POINT('',(6.9977,8.9408,-19.6088));
#12467 = DIRECTION('',(1.,0.,0.));
#12468 = DIRECTION('',(0.,0.,-1.));
#12469 = CYLINDRICAL_SURFACE('',#12470,0.2032);
#12470 = AXIS2_PLACEMENT_3D('',#12471,#12472,#12473);
#12471 = CARTESIAN_POINT('',(-2.922107623556,8.9408,-19.6088));
#12472 = DIRECTION('',(1.,0.,0.));
#12473 = DIRECTION('',(0.,0.,-1.));
#12474 = ADVANCED_FACE('',(#12475),#12486,.F.);
#12475 = FACE_BOUND('',#12476,.F.);
#12476 = EDGE_LOOP('',(#12477,#12478,#12479,#12480));
#12477 = ORIENTED_EDGE('',*,*,#12455,.F.);
#12478 = ORIENTED_EDGE('',*,*,#12421,.F.);
#12479 = ORIENTED_EDGE('',*,*,#448,.F.);
#12480 = ORIENTED_EDGE('',*,*,#12481,.T.);
#12481 = EDGE_CURVE('',#441,#12456,#12482,.T.);
#12482 = LINE('',#12483,#12484);
#12483 = CARTESIAN_POINT('',(6.9977,9.144,-0.635));
#12484 = VECTOR('',#12485,1.);
#12485 = DIRECTION('',(0.,0.,-1.));
#12486 = PLANE('',#12487);
#12487 = AXIS2_PLACEMENT_3D('',#12488,#12489,#12490);
#12488 = CARTESIAN_POINT('',(6.9977,9.144,0.));
#12489 = DIRECTION('',(0.,1.,0.));
#12490 = DIRECTION('',(-1.,0.,0.));
#12491 = ADVANCED_FACE('',(#12492),#12511,.F.);
#12492 = FACE_BOUND('',#12493,.F.);
#12493 = EDGE_LOOP('',(#12494,#12503,#12504,#12505));
#12494 = ORIENTED_EDGE('',*,*,#12495,.F.);
#12495 = EDGE_CURVE('',#12456,#12496,#12498,.T.);
#12496 = VERTEX_POINT('',#12497);
#12497 = CARTESIAN_POINT('',(11.3157,4.826,-19.6088));
#12498 = CIRCLE('',#12499,4.318);
#12499 = AXIS2_PLACEMENT_3D('',#12500,#12501,#12502);
#12500 = CARTESIAN_POINT('',(6.9977,4.826,-19.6088));
#12501 = DIRECTION('',(0.,0.,-1.));
#12502 = DIRECTION('',(0.,1.,0.));
#12503 = ORIENTED_EDGE('',*,*,#12481,.F.);
#12504 = ORIENTED_EDGE('',*,*,#472,.F.);
#12505 = ORIENTED_EDGE('',*,*,#12506,.T.);
#12506 = EDGE_CURVE('',#465,#12496,#12507,.T.);
#12507 = LINE('',#12508,#12509);
#12508 = CARTESIAN_POINT('',(11.3157,4.826,-0.635));
#12509 = VECTOR('',#12510,1.);
#12510 = DIRECTION('',(0.,0.,-1.));
#12511 = CYLINDRICAL_SURFACE('',#12512,4.318);
#12512 = AXIS2_PLACEMENT_3D('',#12513,#12514,#12515);
#12513 = CARTESIAN_POINT('',(6.9977,4.826,0.));
#12514 = DIRECTION('',(0.,0.,1.));
#12515 = DIRECTION('',(0.,1.,0.));
#12516 = ADVANCED_FACE('',(#12517),#12529,.F.);
#12517 = FACE_BOUND('',#12518,.F.);
#12518 = EDGE_LOOP('',(#12519,#12520,#12521,#12522));
#12519 = ORIENTED_EDGE('',*,*,#670,.F.);
#12520 = ORIENTED_EDGE('',*,*,#12463,.T.);
#12521 = ORIENTED_EDGE('',*,*,#12495,.T.);
#12522 = ORIENTED_EDGE('',*,*,#12523,.F.);
#12523 = EDGE_CURVE('',#671,#12496,#12524,.T.);
#12524 = CIRCLE('',#12525,0.2032);
#12525 = AXIS2_PLACEMENT_3D('',#12526,#12527,#12528);
#12526 = CARTESIAN_POINT('',(11.1125,4.826,-19.6088));
#12527 = DIRECTION('',(0.,-1.,0.));
#12528 = DIRECTION('',(0.,0.,-1.));
#12529 = TOROIDAL_SURFACE('',#12530,4.1148,0.2032);
#12530 = AXIS2_PLACEMENT_3D('',#12531,#12532,#12533);
#12531 = CARTESIAN_POINT('',(6.9977,4.826,-19.6088));
#12532 = DIRECTION('',(0.,0.,1.));
#12533 = DIRECTION('',(-3.197684118726E-03,0.999994887395,0.));
#12534 = ADVANCED_FACE('',(#12535),#12554,.F.);
#12535 = FACE_BOUND('',#12536,.F.);
#12536 = EDGE_LOOP('',(#12537,#12538,#12539,#12547));
#12537 = ORIENTED_EDGE('',*,*,#679,.F.);
#12538 = ORIENTED_EDGE('',*,*,#12523,.T.);
#12539 = ORIENTED_EDGE('',*,*,#12540,.T.);
#12540 = EDGE_CURVE('',#12496,#12541,#12543,.T.);
#12541 = VERTEX_POINT('',#12542);
#12542 = CARTESIAN_POINT('',(11.3157,-4.826,-19.6088));
#12543 = LINE('',#12544,#12545);
#12544 = CARTESIAN_POINT('',(11.3157,4.826,-19.6088));
#12545 = VECTOR('',#12546,1.);
#12546 = DIRECTION('',(0.,-1.,0.));
#12547 = ORIENTED_EDGE('',*,*,#12548,.F.);
#12548 = EDGE_CURVE('',#680,#12541,#12549,.T.);
#12549 = CIRCLE('',#12550,0.2032);
#12550 = AXIS2_PLACEMENT_3D('',#12551,#12552,#12553);
#12551 = CARTESIAN_POINT('',(11.1125,-4.826,-19.6088));
#12552 = DIRECTION('',(0.,-1.,0.));
#12553 = DIRECTION('',(0.,0.,-1.));
#12554 = CYLINDRICAL_SURFACE('',#12555,0.2032);
#12555 = AXIS2_PLACEMENT_3D('',#12556,#12557,#12558);
#12556 = CARTESIAN_POINT('',(11.1125,4.839807623556,-19.6088));
#12557 = DIRECTION('',(0.,-1.,0.));
#12558 = DIRECTION('',(0.,0.,-1.));
#12559 = ADVANCED_FACE('',(#12560),#12571,.F.);
#12560 = FACE_BOUND('',#12561,.F.);
#12561 = EDGE_LOOP('',(#12562,#12563,#12564,#12565));
#12562 = ORIENTED_EDGE('',*,*,#12540,.F.);
#12563 = ORIENTED_EDGE('',*,*,#12506,.F.);
#12564 = ORIENTED_EDGE('',*,*,#497,.F.);
#12565 = ORIENTED_EDGE('',*,*,#12566,.T.);
#12566 = EDGE_CURVE('',#490,#12541,#12567,.T.);
#12567 = LINE('',#12568,#12569);
#12568 = CARTESIAN_POINT('',(11.3157,-4.826,-0.635));
#12569 = VECTOR('',#12570,1.);
#12570 = DIRECTION('',(0.,0.,-1.));
#12571 = PLANE('',#12572);
#12572 = AXIS2_PLACEMENT_3D('',#12573,#12574,#12575);
#12573 = CARTESIAN_POINT('',(11.3157,-4.826,0.));
#12574 = DIRECTION('',(1.,0.,0.));
#12575 = DIRECTION('',(-0.,1.,0.));
#12576 = ADVANCED_FACE('',(#12577),#12596,.F.);
#12577 = FACE_BOUND('',#12578,.F.);
#12578 = EDGE_LOOP('',(#12579,#12588,#12589,#12590));
#12579 = ORIENTED_EDGE('',*,*,#12580,.F.);
#12580 = EDGE_CURVE('',#12541,#12581,#12583,.T.);
#12581 = VERTEX_POINT('',#12582);
#12582 = CARTESIAN_POINT('',(6.9977,-9.144,-19.6088));
#12583 = CIRCLE('',#12584,4.318);
#12584 = AXIS2_PLACEMENT_3D('',#12585,#12586,#12587);
#12585 = CARTESIAN_POINT('',(6.9977,-4.826,-19.6088));
#12586 = DIRECTION('',(0.,0.,-1.));
#12587 = DIRECTION('',(1.,0.,0.));
#12588 = ORIENTED_EDGE('',*,*,#12566,.F.);
#12589 = ORIENTED_EDGE('',*,*,#521,.F.);
#12590 = ORIENTED_EDGE('',*,*,#12591,.T.);
#12591 = EDGE_CURVE('',#514,#12581,#12592,.T.);
#12592 = LINE('',#12593,#12594);
#12593 = CARTESIAN_POINT('',(6.9977,-9.144,-0.635));
#12594 = VECTOR('',#12595,1.);
#12595 = DIRECTION('',(0.,0.,-1.));
#12596 = CYLINDRICAL_SURFACE('',#12597,4.318);
#12597 = AXIS2_PLACEMENT_3D('',#12598,#12599,#12600);
#12598 = CARTESIAN_POINT('',(6.9977,-4.826,0.));
#12599 = DIRECTION('',(0.,0.,1.));
#12600 = DIRECTION('',(0.,1.,0.));
#12601 = ADVANCED_FACE('',(#12602),#12614,.F.);
#12602 = FACE_BOUND('',#12603,.F.);
#12603 = EDGE_LOOP('',(#12604,#12605,#12606,#12607));
#12604 = ORIENTED_EDGE('',*,*,#687,.F.);
#12605 = ORIENTED_EDGE('',*,*,#12548,.T.);
#12606 = ORIENTED_EDGE('',*,*,#12580,.T.);
#12607 = ORIENTED_EDGE('',*,*,#12608,.F.);
#12608 = EDGE_CURVE('',#688,#12581,#12609,.T.);
#12609 = CIRCLE('',#12610,0.2032);
#12610 = AXIS2_PLACEMENT_3D('',#12611,#12612,#12613);
#12611 = CARTESIAN_POINT('',(6.9977,-8.9408,-19.6088));
#12612 = DIRECTION('',(-1.,0.,0.));
#12613 = DIRECTION('',(0.,0.,-1.));
#12614 = TOROIDAL_SURFACE('',#12615,4.1148,0.2032);
#12615 = AXIS2_PLACEMENT_3D('',#12616,#12617,#12618);
#12616 = CARTESIAN_POINT('',(6.9977,-4.826,-19.6088));
#12617 = DIRECTION('',(0.,0.,1.));
#12618 = DIRECTION('',(0.999994887395,3.197684118726E-03,-0.));
#12619 = ADVANCED_FACE('',(#12620),#12631,.F.);
#12620 = FACE_BOUND('',#12621,.F.);
#12621 = EDGE_LOOP('',(#12622,#12623,#12624,#12630));
#12622 = ORIENTED_EDGE('',*,*,#696,.F.);
#12623 = ORIENTED_EDGE('',*,*,#12608,.T.);
#12624 = ORIENTED_EDGE('',*,*,#12625,.T.);
#12625 = EDGE_CURVE('',#12581,#580,#12626,.T.);
#12626 = LINE('',#12627,#12628);
#12627 = CARTESIAN_POINT('',(6.9977,-9.144,-19.6088));
#12628 = VECTOR('',#12629,1.);
#12629 = DIRECTION('',(-1.,0.,0.));
#12630 = ORIENTED_EDGE('',*,*,#622,.F.);
#12631 = CYLINDRICAL_SURFACE('',#12632,0.2032);
#12632 = AXIS2_PLACEMENT_3D('',#12633,#12634,#12635);
#12633 = CARTESIAN_POINT('',(7.011507623556,-8.9408,-19.6088));
#12634 = DIRECTION('',(-1.,0.,0.));
#12635 = DIRECTION('',(0.,0.,-1.));
#12636 = ADVANCED_FACE('',(#12637),#12643,.F.);
#12637 = FACE_BOUND('',#12638,.F.);
#12638 = EDGE_LOOP('',(#12639,#12640,#12641,#12642));
#12639 = ORIENTED_EDGE('',*,*,#12625,.F.);
#12640 = ORIENTED_EDGE('',*,*,#12591,.F.);
#12641 = ORIENTED_EDGE('',*,*,#546,.F.);
#12642 = ORIENTED_EDGE('',*,*,#590,.T.);
#12643 = PLANE('',#12644);
#12644 = AXIS2_PLACEMENT_3D('',#12645,#12646,#12647);
#12645 = CARTESIAN_POINT('',(-2.9083,-9.144,0.));
#12646 = DIRECTION('',(0.,-1.,0.));
#12647 = DIRECTION('',(1.,0.,0.));
#12648 = ADVANCED_FACE('',(#12649),#12674,.T.);
#12649 = FACE_BOUND('',#12650,.F.);
#12650 = EDGE_LOOP('',(#12651,#12652,#12660,#12668));
#12651 = ORIENTED_EDGE('',*,*,#825,.F.);
#12652 = ORIENTED_EDGE('',*,*,#12653,.T.);
#12653 = EDGE_CURVE('',#826,#12654,#12656,.T.);
#12654 = VERTEX_POINT('',#12655);
#12655 = CARTESIAN_POINT('',(-2.178049984741,6.2103,-19.6215));
#12656 = LINE('',#12657,#12658);
#12657 = CARTESIAN_POINT('',(-2.178049984741,6.2103,-19.812));
#12658 = VECTOR('',#12659,1.);
#12659 = DIRECTION('',(0.,0.,1.));
#12660 = ORIENTED_EDGE('',*,*,#12661,.T.);
#12661 = EDGE_CURVE('',#12654,#12662,#12664,.T.);
#12662 = VERTEX_POINT('',#12663);
#12663 = CARTESIAN_POINT('',(-2.178049984741,7.9883,-19.6215));
#12664 = LINE('',#12665,#12666);
#12665 = CARTESIAN_POINT('',(-2.178049984741,6.2103,-19.6215));
#12666 = VECTOR('',#12667,1.);
#12667 = DIRECTION('',(0.,1.,0.));
#12668 = ORIENTED_EDGE('',*,*,#12669,.F.);
#12669 = EDGE_CURVE('',#828,#12662,#12670,.T.);
#12670 = LINE('',#12671,#12672);
#12671 = CARTESIAN_POINT('',(-2.178049984741,7.9883,-19.812));
#12672 = VECTOR('',#12673,1.);
#12673 = DIRECTION('',(0.,0.,1.));
#12674 = PLANE('',#12675);
#12675 = AXIS2_PLACEMENT_3D('',#12676,#12677,#12678);
#12676 = CARTESIAN_POINT('',(-2.178049984741,6.2103,-19.812));
#12677 = DIRECTION('',(1.,0.,0.));
#12678 = DIRECTION('',(-0.,1.,0.));
#12679 = ADVANCED_FACE('',(#12680),#12698,.T.);
#12680 = FACE_BOUND('',#12681,.F.);
#12681 = EDGE_LOOP('',(#12682,#12683,#12691,#12697));
#12682 = ORIENTED_EDGE('',*,*,#875,.F.);
#12683 = ORIENTED_EDGE('',*,*,#12684,.T.);
#12684 = EDGE_CURVE('',#868,#12685,#12687,.T.);
#12685 = VERTEX_POINT('',#12686);
#12686 = CARTESIAN_POINT('',(-2.400299984741,6.2103,-19.6215));
#12687 = LINE('',#12688,#12689);
#12688 = CARTESIAN_POINT('',(-2.400299984741,6.2103,-19.812));
#12689 = VECTOR('',#12690,1.);
#12690 = DIRECTION('',(0.,0.,1.));
#12691 = ORIENTED_EDGE('',*,*,#12692,.T.);
#12692 = EDGE_CURVE('',#12685,#12654,#12693,.T.);
#12693 = LINE('',#12694,#12695);
#12694 = CARTESIAN_POINT('',(-2.400299984741,6.2103,-19.6215));
#12695 = VECTOR('',#12696,1.);
#12696 = DIRECTION('',(1.,0.,0.));
#12697 = ORIENTED_EDGE('',*,*,#12653,.F.);
#12698 = PLANE('',#12699);
#12699 = AXIS2_PLACEMENT_3D('',#12700,#12701,#12702);
#12700 = CARTESIAN_POINT('',(-2.400299984741,6.2103,-19.812));
#12701 = DIRECTION('',(0.,-1.,0.));
#12702 = DIRECTION('',(1.,0.,0.));
#12703 = ADVANCED_FACE('',(#12704),#12722,.T.);
#12704 = FACE_BOUND('',#12705,.F.);
#12705 = EDGE_LOOP('',(#12706,#12707,#12715,#12721));
#12706 = ORIENTED_EDGE('',*,*,#867,.F.);
#12707 = ORIENTED_EDGE('',*,*,#12708,.T.);
#12708 = EDGE_CURVE('',#860,#12709,#12711,.T.);
#12709 = VERTEX_POINT('',#12710);
#12710 = CARTESIAN_POINT('',(-2.400299984741,7.685661738205,-19.6215));
#12711 = LINE('',#12712,#12713);
#12712 = CARTESIAN_POINT('',(-2.400299984741,7.685661738205,-19.812));
#12713 = VECTOR('',#12714,1.);
#12714 = DIRECTION('',(0.,0.,1.));
#12715 = ORIENTED_EDGE('',*,*,#12716,.T.);
#12716 = EDGE_CURVE('',#12709,#12685,#12717,.T.);
#12717 = LINE('',#12718,#12719);
#12718 = CARTESIAN_POINT('',(-2.400299984741,7.685661738205,-19.6215));
#12719 = VECTOR('',#12720,1.);
#12720 = DIRECTION('',(0.,-1.,0.));
#12721 = ORIENTED_EDGE('',*,*,#12684,.F.);
#12722 = PLANE('',#12723);
#12723 = AXIS2_PLACEMENT_3D('',#12724,#12725,#12726);
#12724 = CARTESIAN_POINT('',(-2.400299984741,7.685661738205,-19.812));
#12725 = DIRECTION('',(-1.,0.,0.));
#12726 = DIRECTION('',(0.,-1.,0.));
#12727 = ADVANCED_FACE('',(#12728),#12746,.T.);
#12728 = FACE_BOUND('',#12729,.F.);
#12729 = EDGE_LOOP('',(#12730,#12731,#12739,#12745));
#12730 = ORIENTED_EDGE('',*,*,#859,.F.);
#12731 = ORIENTED_EDGE('',*,*,#12732,.T.);
#12732 = EDGE_CURVE('',#852,#12733,#12735,.T.);
#12733 = VERTEX_POINT('',#12734);
#12734 = CARTESIAN_POINT('',(-2.622549984741,7.420853153157,-19.6215));
#12735 = LINE('',#12736,#12737);
#12736 = CARTESIAN_POINT('',(-2.622549984741,7.420853153157,-19.812));
#12737 = VECTOR('',#12738,1.);
#12738 = DIRECTION('',(0.,0.,1.));
#12739 = ORIENTED_EDGE('',*,*,#12740,.T.);
#12740 = EDGE_CURVE('',#12733,#12709,#12741,.T.);
#12741 = LINE('',#12742,#12743);
#12742 = CARTESIAN_POINT('',(-2.622549984741,7.420853153157,-19.6215));
#12743 = VECTOR('',#12744,1.);
#12744 = DIRECTION('',(0.642871142764,0.765974342782,0.));
#12745 = ORIENTED_EDGE('',*,*,#12708,.F.);
#12746 = PLANE('',#12747);
#12747 = AXIS2_PLACEMENT_3D('',#12748,#12749,#12750);
#12748 = CARTESIAN_POINT('',(-2.622549984741,7.420853153157,-19.812));
#12749 = DIRECTION('',(0.765974342782,-0.642871142764,0.));
#12750 = DIRECTION('',(0.642871142764,0.765974342782,0.));
#12751 = ADVANCED_FACE('',(#12752),#12770,.T.);
#12752 = FACE_BOUND('',#12753,.F.);
#12753 = EDGE_LOOP('',(#12754,#12755,#12763,#12769));
#12754 = ORIENTED_EDGE('',*,*,#851,.F.);
#12755 = ORIENTED_EDGE('',*,*,#12756,.T.);
#12756 = EDGE_CURVE('',#844,#12757,#12759,.T.);
#12757 = VERTEX_POINT('',#12758);
#12758 = CARTESIAN_POINT('',(-2.622549984741,7.723491520929,-19.6215));
#12759 = LINE('',#12760,#12761);
#12760 = CARTESIAN_POINT('',(-2.622549984741,7.723491520929,-19.812));
#12761 = VECTOR('',#12762,1.);
#12762 = DIRECTION('',(0.,0.,1.));
#12763 = ORIENTED_EDGE('',*,*,#12764,.T.);
#12764 = EDGE_CURVE('',#12757,#12733,#12765,.T.);
#12765 = LINE('',#12766,#12767);
#12766 = CARTESIAN_POINT('',(-2.622549984741,7.723491520929,-19.6215));
#12767 = VECTOR('',#12768,1.);
#12768 = DIRECTION('',(0.,-1.,0.));
#12769 = ORIENTED_EDGE('',*,*,#12732,.F.);
#12770 = PLANE('',#12771);
#12771 = AXIS2_PLACEMENT_3D('',#12772,#12773,#12774);
#12772 = CARTESIAN_POINT('',(-2.622549984741,7.723491520929,-19.812));
#12773 = DIRECTION('',(-1.,0.,0.));
#12774 = DIRECTION('',(0.,-1.,0.));
#12775 = ADVANCED_FACE('',(#12776),#12794,.T.);
#12776 = FACE_BOUND('',#12777,.F.);
#12777 = EDGE_LOOP('',(#12778,#12779,#12787,#12793));
#12778 = ORIENTED_EDGE('',*,*,#843,.F.);
#12779 = ORIENTED_EDGE('',*,*,#12780,.T.);
#12780 = EDGE_CURVE('',#836,#12781,#12783,.T.);
#12781 = VERTEX_POINT('',#12782);
#12782 = CARTESIAN_POINT('',(-2.400299984741,7.9883,-19.6215));
#12783 = LINE('',#12784,#12785);
#12784 = CARTESIAN_POINT('',(-2.400299984741,7.9883,-19.812));
#12785 = VECTOR('',#12786,1.);
#12786 = DIRECTION('',(0.,0.,1.));
#12787 = ORIENTED_EDGE('',*,*,#12788,.T.);
#12788 = EDGE_CURVE('',#12781,#12757,#12789,.T.);
#12789 = LINE('',#12790,#12791);
#12790 = CARTESIAN_POINT('',(-2.400299984741,7.9883,-19.6215));
#12791 = VECTOR('',#12792,1.);
#12792 = DIRECTION('',(-0.642871293714,-0.765974216093,0.));
#12793 = ORIENTED_EDGE('',*,*,#12756,.F.);
#12794 = PLANE('',#12795);
#12795 = AXIS2_PLACEMENT_3D('',#12796,#12797,#12798);
#12796 = CARTESIAN_POINT('',(-2.400299984741,7.9883,-19.812));
#12797 = DIRECTION('',(-0.765974216093,0.642871293714,0.));
#12798 = DIRECTION('',(-0.642871293714,-0.765974216093,0.));
#12799 = ADVANCED_FACE('',(#12800),#12811,.T.);
#12800 = FACE_BOUND('',#12801,.F.);
#12801 = EDGE_LOOP('',(#12802,#12803,#12804,#12810));
#12802 = ORIENTED_EDGE('',*,*,#835,.F.);
#12803 = ORIENTED_EDGE('',*,*,#12669,.T.);
#12804 = ORIENTED_EDGE('',*,*,#12805,.T.);
#12805 = EDGE_CURVE('',#12662,#12781,#12806,.T.);
#12806 = LINE('',#12807,#12808);
#12807 = CARTESIAN_POINT('',(-2.178049984741,7.9883,-19.6215));
#12808 = VECTOR('',#12809,1.);
#12809 = DIRECTION('',(-1.,0.,0.));
#12810 = ORIENTED_EDGE('',*,*,#12780,.F.);
#12811 = PLANE('',#12812);
#12812 = AXIS2_PLACEMENT_3D('',#12813,#12814,#12815);
#12813 = CARTESIAN_POINT('',(-2.178049984741,7.9883,-19.812));
#12814 = DIRECTION('',(0.,1.,0.));
#12815 = DIRECTION('',(-1.,0.,0.));
#12816 = ADVANCED_FACE('',(#12817),#12826,.T.);
#12817 = FACE_BOUND('',#12818,.F.);
#12818 = EDGE_LOOP('',(#12819,#12820,#12821,#12822,#12823,#12824,#12825)
  );
#12819 = ORIENTED_EDGE('',*,*,#12661,.F.);
#12820 = ORIENTED_EDGE('',*,*,#12692,.F.);
#12821 = ORIENTED_EDGE('',*,*,#12716,.F.);
#12822 = ORIENTED_EDGE('',*,*,#12740,.F.);
#12823 = ORIENTED_EDGE('',*,*,#12764,.F.);
#12824 = ORIENTED_EDGE('',*,*,#12788,.F.);
#12825 = ORIENTED_EDGE('',*,*,#12805,.F.);
#12826 = PLANE('',#12827);
#12827 = AXIS2_PLACEMENT_3D('',#12828,#12829,#12830);
#12828 = CARTESIAN_POINT('',(0.,0.,-19.6215));
#12829 = DIRECTION('',(0.,0.,1.));
#12830 = DIRECTION('',(1.,0.,-0.));
#12831 = ADVANCED_FACE('',(#12832,#13154),#13316,.T.);
#12832 = FACE_BOUND('',#12833,.F.);
#12833 = EDGE_LOOP('',(#12834,#12844,#12852,#12860,#12868,#12876,#12884,
    #12892,#12900,#12908,#12916,#12924,#12932,#12940,#12948,#12956,
    #12964,#12972,#12980,#12988,#12996,#13004,#13012,#13020,#13028,
    #13036,#13044,#13052,#13060,#13068,#13076,#13084,#13092,#13100,
    #13108,#13116,#13124,#13132,#13140,#13148));
#12834 = ORIENTED_EDGE('',*,*,#12835,.F.);
#12835 = EDGE_CURVE('',#12836,#12838,#12840,.T.);
#12836 = VERTEX_POINT('',#12837);
#12837 = CARTESIAN_POINT('',(-1.807633382487,-2.038214891362,-19.6215));
#12838 = VERTEX_POINT('',#12839);
#12839 = CARTESIAN_POINT('',(-1.918758382487,-1.924725543189,-19.6215));
#12840 = LINE('',#12841,#12842);
#12841 = CARTESIAN_POINT('',(-1.807633382487,-2.038214891362,-19.6215));
#12842 = VECTOR('',#12843,1.);
#12843 = DIRECTION('',(-0.699624835187,0.714510384802,0.));
#12844 = ORIENTED_EDGE('',*,*,#12845,.F.);
#12845 = EDGE_CURVE('',#12846,#12836,#12848,.T.);
#12846 = VERTEX_POINT('',#12847);
#12847 = CARTESIAN_POINT('',(-1.733550013828,-2.227363804984,-19.6215));
#12848 = LINE('',#12849,#12850);
#12849 = CARTESIAN_POINT('',(-1.733550013828,-2.227363804984,-19.6215));
#12850 = VECTOR('',#12851,1.);
#12851 = DIRECTION('',(-0.364692086679,0.931128176952,0.));
#12852 = ORIENTED_EDGE('',*,*,#12853,.F.);
#12853 = EDGE_CURVE('',#12854,#12846,#12856,.T.);
#12854 = VERTEX_POINT('',#12855);
#12855 = CARTESIAN_POINT('',(-1.733550013828,-2.416512771595,-19.6215));
#12856 = LINE('',#12857,#12858);
#12857 = CARTESIAN_POINT('',(-1.733550013828,-2.416512771595,-19.6215));
#12858 = VECTOR('',#12859,1.);
#12859 = DIRECTION('',(0.,1.,0.));
#12860 = ORIENTED_EDGE('',*,*,#12861,.F.);
#12861 = EDGE_CURVE('',#12862,#12854,#12864,.T.);
#12862 = VERTEX_POINT('',#12863);
#12863 = CARTESIAN_POINT('',(-1.807633382487,-2.605661711711,-19.6215));
#12864 = LINE('',#12865,#12866);
#12865 = CARTESIAN_POINT('',(-1.807633382487,-2.605661711711,-19.6215));
#12866 = VECTOR('',#12867,1.);
#12867 = DIRECTION('',(0.364692042391,0.931128194298,0.));
#12868 = ORIENTED_EDGE('',*,*,#12869,.F.);
#12869 = EDGE_CURVE('',#12870,#12862,#12872,.T.);
#12870 = VERTEX_POINT('',#12871);
#12871 = CARTESIAN_POINT('',(-1.918758382487,-2.756980855855,-19.6215));
#12872 = LINE('',#12873,#12874);
#12873 = CARTESIAN_POINT('',(-1.918758382487,-2.756980855855,-19.6215));
#12874 = VECTOR('',#12875,1.);
#12875 = DIRECTION('',(0.591909515086,0.806004420553,0.));
#12876 = ORIENTED_EDGE('',*,*,#12877,.F.);
#12877 = EDGE_CURVE('',#12878,#12870,#12880,.T.);
#12878 = VERTEX_POINT('',#12879);
#12879 = CARTESIAN_POINT('',(-2.103966645169,-2.870470213964,-19.6215));
#12880 = LINE('',#12881,#12882);
#12881 = CARTESIAN_POINT('',(-2.103966645169,-2.870470213964,-19.6215));
#12882 = VECTOR('',#12883,1.);
#12883 = DIRECTION('',(0.852653313443,0.522477106747,0.));
#12884 = ORIENTED_EDGE('',*,*,#12885,.F.);
#12885 = EDGE_CURVE('',#12886,#12878,#12888,.T.);
#12886 = VERTEX_POINT('',#12887);
#12887 = CARTESIAN_POINT('',(-2.289175013828,-2.9083,-19.6215));
#12888 = LINE('',#12889,#12890);
#12889 = CARTESIAN_POINT('',(-2.289175013828,-2.9083,-19.6215));
#12890 = VECTOR('',#12891,1.);
#12891 = DIRECTION('',(0.979770713327,0.200123335236,0.));
#12892 = ORIENTED_EDGE('',*,*,#12893,.F.);
#12893 = EDGE_CURVE('',#12894,#12886,#12896,.T.);
#12894 = VERTEX_POINT('',#12895);
#12895 = CARTESIAN_POINT('',(-2.474383329499,-2.9083,-19.6215));
#12896 = LINE('',#12897,#12898);
#12897 = CARTESIAN_POINT('',(-2.474383329499,-2.9083,-19.6215));
#12898 = VECTOR('',#12899,1.);
#12899 = DIRECTION('',(1.,0.,0.));
#12900 = ORIENTED_EDGE('',*,*,#12901,.F.);
#12901 = EDGE_CURVE('',#12902,#12894,#12904,.T.);
#12902 = VERTEX_POINT('',#12903);
#12903 = CARTESIAN_POINT('',(-2.659591671664,-2.870470213964,-19.6215));
#12904 = LINE('',#12905,#12906);
#12905 = CARTESIAN_POINT('',(-2.659591671664,-2.870470213964,-19.6215));
#12906 = VECTOR('',#12907,1.);
#12907 = DIRECTION('',(0.979770707714,-0.200123362717,0.));
#12908 = ORIENTED_EDGE('',*,*,#12909,.F.);
#12909 = EDGE_CURVE('',#12910,#12902,#12912,.T.);
#12910 = VERTEX_POINT('',#12911);
#12911 = CARTESIAN_POINT('',(-2.844800013828,-2.756980855855,-19.6215));
#12912 = LINE('',#12913,#12914);
#12913 = CARTESIAN_POINT('',(-2.844800013828,-2.756980855855,-19.6215));
#12914 = VECTOR('',#12915,1.);
#12915 = DIRECTION('',(0.852653413332,-0.522476943733,0.));
#12916 = ORIENTED_EDGE('',*,*,#12917,.F.);
#12917 = EDGE_CURVE('',#12918,#12910,#12920,.T.);
#12918 = VERTEX_POINT('',#12919);
#12919 = CARTESIAN_POINT('',(-2.955925013828,-2.605661711711,-19.6215));
#12920 = LINE('',#12921,#12922);
#12921 = CARTESIAN_POINT('',(-2.955925013828,-2.605661711711,-19.6215));
#12922 = VECTOR('',#12923,1.);
#12923 = DIRECTION('',(0.591909515086,-0.806004420553,0.));
#12924 = ORIENTED_EDGE('',*,*,#12925,.F.);
#12925 = EDGE_CURVE('',#12926,#12918,#12928,.T.);
#12926 = VERTEX_POINT('',#12927);
#12927 = CARTESIAN_POINT('',(-3.030008346058,-2.416512771595,-19.6215));
#12928 = LINE('',#12929,#12930);
#12929 = CARTESIAN_POINT('',(-3.030008346058,-2.416512771595,-19.6215));
#12930 = VECTOR('',#12931,1.);
#12931 = DIRECTION('',(0.364691886909,-0.931128255195,0.));
#12932 = ORIENTED_EDGE('',*,*,#12933,.F.);
#12933 = EDGE_CURVE('',#12934,#12926,#12936,.T.);
#12934 = VERTEX_POINT('',#12935);
#12935 = CARTESIAN_POINT('',(-3.067050013828,-2.151704239535,-19.6215));
#12936 = LINE('',#12937,#12938);
#12937 = CARTESIAN_POINT('',(-3.067050013828,-2.151704239535,-19.6215));
#12938 = VECTOR('',#12939,1.);
#12939 = DIRECTION('',(0.138532203308,-0.990357929562,0.));
#12940 = ORIENTED_EDGE('',*,*,#12941,.F.);
#12941 = EDGE_CURVE('',#12942,#12934,#12944,.T.);
#12942 = VERTEX_POINT('',#12943);
#12943 = CARTESIAN_POINT('',(-3.067050013828,-1.886895760465,-19.6215));
#12944 = LINE('',#12945,#12946);
#12945 = CARTESIAN_POINT('',(-3.067050013828,-1.886895760465,-19.6215));
#12946 = VECTOR('',#12947,1.);
#12947 = DIRECTION('',(0.,-1.,0.));
#12948 = ORIENTED_EDGE('',*,*,#12949,.F.);
#12949 = EDGE_CURVE('',#12950,#12942,#12952,.T.);
#12950 = VERTEX_POINT('',#12951);
#12951 = CARTESIAN_POINT('',(-3.030008346058,-1.622087281394,-19.6215));
#12952 = LINE('',#12953,#12954);
#12953 = CARTESIAN_POINT('',(-3.030008346058,-1.622087281394,-19.6215));
#12954 = VECTOR('',#12955,1.);
#12955 = DIRECTION('',(-0.138532230496,-0.990357925759,0.));
#12956 = ORIENTED_EDGE('',*,*,#12957,.F.);
#12957 = EDGE_CURVE('',#12958,#12950,#12960,.T.);
#12958 = VERTEX_POINT('',#12959);
#12959 = CARTESIAN_POINT('',(-2.955925013828,-1.432938261795,-19.6215));
#12960 = LINE('',#12961,#12962);
#12961 = CARTESIAN_POINT('',(-2.955925013828,-1.432938261795,-19.6215));
#12962 = VECTOR('',#12963,1.);
#12963 = DIRECTION('',(-0.364691754043,-0.931128307234,0.));
#12964 = ORIENTED_EDGE('',*,*,#12965,.F.);
#12965 = EDGE_CURVE('',#12966,#12958,#12968,.T.);
#12966 = VERTEX_POINT('',#12967);
#12967 = CARTESIAN_POINT('',(-2.844800013828,-1.281619130898,-19.6215));
#12968 = LINE('',#12969,#12970);
#12969 = CARTESIAN_POINT('',(-2.844800013828,-1.281619130898,-19.6215));
#12970 = VECTOR('',#12971,1.);
#12971 = DIRECTION('',(-0.59190954875,-0.806004395831,0.));
#12972 = ORIENTED_EDGE('',*,*,#12973,.F.);
#12973 = EDGE_CURVE('',#12974,#12966,#12976,.T.);
#12974 = VERTEX_POINT('',#12975);
#12975 = CARTESIAN_POINT('',(-2.659591671664,-1.168129782724,-19.6215));
#12976 = LINE('',#12977,#12978);
#12977 = CARTESIAN_POINT('',(-2.659591671664,-1.168129782724,-19.6215));
#12978 = VECTOR('',#12979,1.);
#12979 = DIRECTION('',(-0.852653433709,-0.522476910479,0.));
#12980 = ORIENTED_EDGE('',*,*,#12981,.F.);
#12981 = EDGE_CURVE('',#12982,#12974,#12984,.T.);
#12982 = VERTEX_POINT('',#12983);
#12983 = CARTESIAN_POINT('',(-2.474383329499,-1.1303,-19.6215));
#12984 = LINE('',#12985,#12986);
#12985 = CARTESIAN_POINT('',(-2.474383329499,-1.1303,-19.6215));
#12986 = VECTOR('',#12987,1.);
#12987 = DIRECTION('',(-0.979770711149,-0.200123345899,0.));
#12988 = ORIENTED_EDGE('',*,*,#12989,.F.);
#12989 = EDGE_CURVE('',#12990,#12982,#12992,.T.);
#12990 = VERTEX_POINT('',#12991);
#12991 = CARTESIAN_POINT('',(-2.326216698158,-1.1303,-19.6215));
#12992 = LINE('',#12993,#12994);
#12993 = CARTESIAN_POINT('',(-2.326216698158,-1.1303,-19.6215));
#12994 = VECTOR('',#12995,1.);
#12995 = DIRECTION('',(-1.,0.,0.));
#12996 = ORIENTED_EDGE('',*,*,#12997,.F.);
#12997 = EDGE_CURVE('',#12998,#12990,#13000,.T.);
#12998 = VERTEX_POINT('',#12999);
#12999 = CARTESIAN_POINT('',(-2.141008382487,-1.168129782724,-19.6215));
#13000 = LINE('',#13001,#13002);
#13001 = CARTESIAN_POINT('',(-2.141008382487,-1.168129782724,-19.6215));
#13002 = VECTOR('',#13003,1.);
#13003 = DIRECTION('',(-0.979770705536,0.200123373381,0.));
#13004 = ORIENTED_EDGE('',*,*,#13005,.F.);
#13005 = EDGE_CURVE('',#13006,#12998,#13008,.T.);
#13006 = VERTEX_POINT('',#13007);
#13007 = CARTESIAN_POINT('',(-1.955800013828,-1.281619130898,-19.6215));
#13008 = LINE('',#13009,#13010);
#13009 = CARTESIAN_POINT('',(-1.955800013828,-1.281619130898,-19.6215));
#13010 = VECTOR('',#13011,1.);
#13011 = DIRECTION('',(-0.852653467006,0.522476856141,0.));
#13012 = ORIENTED_EDGE('',*,*,#13013,.F.);
#13013 = EDGE_CURVE('',#13014,#13006,#13016,.T.);
#13014 = VERTEX_POINT('',#13015);
#13015 = CARTESIAN_POINT('',(-1.844675013828,-1.432938261795,-19.6215));
#13016 = LINE('',#13017,#13018);
#13017 = CARTESIAN_POINT('',(-1.844675013828,-1.432938261795,-19.6215));
#13018 = VECTOR('',#13019,1.);
#13019 = DIRECTION('',(-0.59190954875,0.806004395831,0.));
#13020 = ORIENTED_EDGE('',*,*,#13021,.F.);
#13021 = EDGE_CURVE('',#13022,#13014,#13024,.T.);
#13022 = VERTEX_POINT('',#13023);
#13023 = CARTESIAN_POINT('',(-1.807633382487,-1.546427609968,-19.6215));
#13024 = LINE('',#13025,#13026);
#13025 = CARTESIAN_POINT('',(-1.807633382487,-1.546427609968,-19.6215));
#13026 = VECTOR('',#13027,1.);
#13027 = DIRECTION('',(-0.310279797551,0.950645279393,0.));
#13028 = ORIENTED_EDGE('',*,*,#13029,.F.);
#13029 = EDGE_CURVE('',#13030,#13022,#13032,.T.);
#13030 = VERTEX_POINT('',#13031);
#13031 = CARTESIAN_POINT('',(-1.992841645169,-1.546427609968,-19.6215));
#13032 = LINE('',#13033,#13034);
#13033 = CARTESIAN_POINT('',(-1.992841645169,-1.546427609968,-19.6215));
#13034 = VECTOR('',#13035,1.);
#13035 = DIRECTION('',(1.,0.,0.));
#13036 = ORIENTED_EDGE('',*,*,#13037,.F.);
#13037 = EDGE_CURVE('',#13038,#13030,#13040,.T.);
#13038 = VERTEX_POINT('',#13039);
#13039 = CARTESIAN_POINT('',(-2.066925013828,-1.432938261795,-19.6215));
#13040 = LINE('',#13041,#13042);
#13041 = CARTESIAN_POINT('',(-2.066925013828,-1.432938261795,-19.6215));
#13042 = VECTOR('',#13043,1.);
#13043 = DIRECTION('',(0.546622729396,-0.837379001234,0.));
#13044 = ORIENTED_EDGE('',*,*,#13045,.F.);
#13045 = EDGE_CURVE('',#13046,#13038,#13048,.T.);
#13046 = VERTEX_POINT('',#13047);
#13047 = CARTESIAN_POINT('',(-2.178050013828,-1.357278696346,-19.6215));
#13048 = LINE('',#13049,#13050);
#13049 = CARTESIAN_POINT('',(-2.178050013828,-1.357278696346,-19.6215));
#13050 = VECTOR('',#13051,1.);
#13051 = DIRECTION('',(0.8265992788,-0.562790931242,0.));
#13052 = ORIENTED_EDGE('',*,*,#13053,.F.);
#13053 = EDGE_CURVE('',#13054,#13046,#13056,.T.);
#13054 = VERTEX_POINT('',#13055);
#13055 = CARTESIAN_POINT('',(-2.289175013828,-1.319448913622,-19.6215));
#13056 = LINE('',#13057,#13058);
#13057 = CARTESIAN_POINT('',(-2.289175013828,-1.319448913622,-19.6215));
#13058 = VECTOR('',#13059,1.);
#13059 = DIRECTION('',(0.94664991777,-0.322263763377,0.));
#13060 = ORIENTED_EDGE('',*,*,#13061,.F.);
#13061 = EDGE_CURVE('',#13062,#13054,#13064,.T.);
#13062 = VERTEX_POINT('',#13063);
#13063 = CARTESIAN_POINT('',(-2.511425013828,-1.319448913622,-19.6215));
#13064 = LINE('',#13065,#13066);
#13065 = CARTESIAN_POINT('',(-2.511425013828,-1.319448913622,-19.6215));
#13066 = VECTOR('',#13067,1.);
#13067 = DIRECTION('',(1.,0.,0.));
#13068 = ORIENTED_EDGE('',*,*,#13069,.F.);
#13069 = EDGE_CURVE('',#13070,#13062,#13072,.T.);
#13070 = VERTEX_POINT('',#13071);
#13071 = CARTESIAN_POINT('',(-2.622550013828,-1.357278696346,-19.6215));
#13072 = LINE('',#13073,#13074);
#13073 = CARTESIAN_POINT('',(-2.622550013828,-1.357278696346,-19.6215));
#13074 = VECTOR('',#13075,1.);
#13075 = DIRECTION('',(0.94664991777,0.322263763377,0.));
#13076 = ORIENTED_EDGE('',*,*,#13077,.F.);
#13077 = EDGE_CURVE('',#13078,#13070,#13080,.T.);
#13078 = VERTEX_POINT('',#13079);
#13079 = CARTESIAN_POINT('',(-2.733675013828,-1.432938261795,-19.6215));
#13080 = LINE('',#13081,#13082);
#13081 = CARTESIAN_POINT('',(-2.733675013828,-1.432938261795,-19.6215));
#13082 = VECTOR('',#13083,1.);
#13083 = DIRECTION('',(0.8265992788,0.562790931242,0.));
#13084 = ORIENTED_EDGE('',*,*,#13085,.F.);
#13085 = EDGE_CURVE('',#13086,#13078,#13088,.T.);
#13086 = VERTEX_POINT('',#13087);
#13087 = CARTESIAN_POINT('',(-2.807758355993,-1.546427609968,-19.6215));
#13088 = LINE('',#13089,#13090);
#13089 = CARTESIAN_POINT('',(-2.807758355993,-1.546427609968,-19.6215));
#13090 = VECTOR('',#13091,1.);
#13091 = DIRECTION('',(0.546622592319,0.837379090715,0.));
#13092 = ORIENTED_EDGE('',*,*,#13093,.F.);
#13093 = EDGE_CURVE('',#13094,#13086,#13096,.T.);
#13094 = VERTEX_POINT('',#13095);
#13095 = CARTESIAN_POINT('',(-2.844800013828,-1.659917064118,-19.6215));
#13096 = LINE('',#13097,#13098);
#13097 = CARTESIAN_POINT('',(-2.844800013828,-1.659917064118,-19.6215));
#13098 = VECTOR('',#13099,1.);
#13099 = DIRECTION('',(0.310279736267,0.950645299395,0.));
#13100 = ORIENTED_EDGE('',*,*,#13101,.F.);
#13101 = EDGE_CURVE('',#13102,#13094,#13104,.T.);
#13102 = VERTEX_POINT('',#13103);
#13103 = CARTESIAN_POINT('',(-2.881841684911,-1.886895760465,-19.6215));
#13104 = LINE('',#13105,#13106);
#13105 = CARTESIAN_POINT('',(-2.881841684911,-1.886895760465,-19.6215));
#13106 = VECTOR('',#13107,1.);
#13107 = DIRECTION('',(0.161063815211,0.986943994069,0.));
#13108 = ORIENTED_EDGE('',*,*,#13109,.F.);
#13109 = EDGE_CURVE('',#13110,#13102,#13112,.T.);
#13110 = VERTEX_POINT('',#13111);
#13111 = CARTESIAN_POINT('',(-2.881841684911,-1.962555325913,-19.6215));
#13112 = LINE('',#13113,#13114);
#13113 = CARTESIAN_POINT('',(-2.881841684911,-1.962555325913,-19.6215));
#13114 = VECTOR('',#13115,1.);
#13115 = DIRECTION('',(0.,1.,0.));
#13116 = ORIENTED_EDGE('',*,*,#13117,.F.);
#13117 = EDGE_CURVE('',#13118,#13110,#13120,.T.);
#13118 = VERTEX_POINT('',#13119);
#13119 = CARTESIAN_POINT('',(-2.659591671664,-1.811236195016,-19.6215));
#13120 = LINE('',#13121,#13122);
#13121 = CARTESIAN_POINT('',(-2.659591671664,-1.811236195016,-19.6215));
#13122 = VECTOR('',#13123,1.);
#13123 = DIRECTION('',(-0.826599294405,-0.562790908322,0.));
#13124 = ORIENTED_EDGE('',*,*,#13125,.F.);
#13125 = EDGE_CURVE('',#13126,#13118,#13128,.T.);
#13126 = VERTEX_POINT('',#13127);
#13127 = CARTESIAN_POINT('',(-2.474383329499,-1.773406412292,-19.6215));
#13128 = LINE('',#13129,#13130);
#13129 = CARTESIAN_POINT('',(-2.474383329499,-1.773406412292,-19.6215));
#13130 = VECTOR('',#13131,1.);
#13131 = DIRECTION('',(-0.979770711149,-0.200123345899,0.));
#13132 = ORIENTED_EDGE('',*,*,#13133,.F.);
#13133 = EDGE_CURVE('',#13134,#13126,#13136,.T.);
#13134 = VERTEX_POINT('',#13135);
#13135 = CARTESIAN_POINT('',(-2.289175013828,-1.773406412292,-19.6215));
#13136 = LINE('',#13137,#13138);
#13137 = CARTESIAN_POINT('',(-2.289175013828,-1.773406412292,-19.6215));
#13138 = VECTOR('',#13139,1.);
#13139 = DIRECTION('',(-1.,0.,0.));
#13140 = ORIENTED_EDGE('',*,*,#13141,.F.);
#13141 = EDGE_CURVE('',#13142,#13134,#13144,.T.);
#13142 = VERTEX_POINT('',#13143);
#13143 = CARTESIAN_POINT('',(-2.103966645169,-1.811236195016,-19.6215));
#13144 = LINE('',#13145,#13146);
#13145 = CARTESIAN_POINT('',(-2.103966645169,-1.811236195016,-19.6215));
#13146 = VECTOR('',#13147,1.);
#13147 = DIRECTION('',(-0.979770716763,0.200123318418,0.));
#13148 = ORIENTED_EDGE('',*,*,#13149,.F.);
#13149 = EDGE_CURVE('',#12838,#13142,#13150,.T.);
#13150 = LINE('',#13151,#13152);
#13151 = CARTESIAN_POINT('',(-1.918758382487,-1.924725543189,-19.6215));
#13152 = VECTOR('',#13153,1.);
#13153 = DIRECTION('',(-0.85265333382,0.522477073493,0.));
#13154 = FACE_BOUND('',#13155,.F.);
#13155 = EDGE_LOOP('',(#13156,#13166,#13174,#13182,#13190,#13198,#13206,
    #13214,#13222,#13230,#13238,#13246,#13254,#13262,#13270,#13278,
    #13286,#13294,#13302,#13310));
#13156 = ORIENTED_EDGE('',*,*,#13157,.F.);
#13157 = EDGE_CURVE('',#13158,#13160,#13162,.T.);
#13158 = VERTEX_POINT('',#13159);
#13159 = CARTESIAN_POINT('',(-1.955800013828,-2.151704239535,-19.6215));
#13160 = VERTEX_POINT('',#13161);
#13161 = CARTESIAN_POINT('',(-1.918758382487,-2.265193640697,-19.6215));
#13162 = LINE('',#13163,#13164);
#13163 = CARTESIAN_POINT('',(-1.955800013828,-2.151704239535,-19.6215));
#13164 = VECTOR('',#13165,1.);
#13165 = DIRECTION('',(0.310279666627,-0.950645322125,0.));
#13166 = ORIENTED_EDGE('',*,*,#13167,.F.);
#13167 = EDGE_CURVE('',#13168,#13158,#13170,.T.);
#13168 = VERTEX_POINT('',#13169);
#13169 = CARTESIAN_POINT('',(-2.029883382487,-2.076044674087,-19.6215));
#13170 = LINE('',#13171,#13172);
#13171 = CARTESIAN_POINT('',(-2.029883382487,-2.076044674087,-19.6215));
#13172 = VECTOR('',#13173,1.);
#13173 = DIRECTION('',(0.699625005502,-0.714510218035,0.));
#13174 = ORIENTED_EDGE('',*,*,#13175,.F.);
#13175 = EDGE_CURVE('',#13176,#13168,#13178,.T.);
#13176 = VERTEX_POINT('',#13177);
#13177 = CARTESIAN_POINT('',(-2.141008382487,-2.000385108638,-19.6215));
#13178 = LINE('',#13179,#13180);
#13179 = CARTESIAN_POINT('',(-2.141008382487,-2.000385108638,-19.6215));
#13180 = VECTOR('',#13181,1.);
#13181 = DIRECTION('',(0.8265992788,-0.562790931242,0.));
#13182 = ORIENTED_EDGE('',*,*,#13183,.F.);
#13183 = EDGE_CURVE('',#13184,#13176,#13186,.T.);
#13184 = VERTEX_POINT('',#13185);
#13185 = CARTESIAN_POINT('',(-2.252133329499,-1.962555325913,-19.6215));
#13186 = LINE('',#13187,#13188);
#13187 = CARTESIAN_POINT('',(-2.252133329499,-1.962555325913,-19.6215));
#13188 = VECTOR('',#13189,1.);
#13189 = DIRECTION('',(0.946649870891,-0.322263901086,0.));
#13190 = ORIENTED_EDGE('',*,*,#13191,.F.);
#13191 = EDGE_CURVE('',#13192,#13184,#13194,.T.);
#13192 = VERTEX_POINT('',#13193);
#13193 = CARTESIAN_POINT('',(-2.511425013828,-1.962555325913,-19.6215));
#13194 = LINE('',#13195,#13196);
#13195 = CARTESIAN_POINT('',(-2.511425013828,-1.962555325913,-19.6215));
#13196 = VECTOR('',#13197,1.);
#13197 = DIRECTION('',(1.,0.,0.));
#13198 = ORIENTED_EDGE('',*,*,#13199,.F.);
#13199 = EDGE_CURVE('',#13200,#13192,#13202,.T.);
#13200 = VERTEX_POINT('',#13201);
#13201 = CARTESIAN_POINT('',(-2.622550013828,-2.000385108638,-19.6215));
#13202 = LINE('',#13203,#13204);
#13203 = CARTESIAN_POINT('',(-2.622550013828,-2.000385108638,-19.6215));
#13204 = VECTOR('',#13205,1.);
#13205 = DIRECTION('',(0.94664991777,0.322263763377,0.));
#13206 = ORIENTED_EDGE('',*,*,#13207,.F.);
#13207 = EDGE_CURVE('',#13208,#13200,#13210,.T.);
#13208 = VERTEX_POINT('',#13209);
#13209 = CARTESIAN_POINT('',(-2.733675013828,-2.076044674087,-19.6215));
#13210 = LINE('',#13211,#13212);
#13211 = CARTESIAN_POINT('',(-2.733675013828,-2.076044674087,-19.6215));
#13212 = VECTOR('',#13213,1.);
#13213 = DIRECTION('',(0.8265992788,0.562790931242,0.));
#13214 = ORIENTED_EDGE('',*,*,#13215,.F.);
#13215 = EDGE_CURVE('',#13216,#13208,#13218,.T.);
#13216 = VERTEX_POINT('',#13217);
#13217 = CARTESIAN_POINT('',(-2.807758355993,-2.151704239535,-19.6215));
#13218 = LINE('',#13219,#13220);
#13219 = CARTESIAN_POINT('',(-2.807758355993,-2.151704239535,-19.6215));
#13220 = VECTOR('',#13221,1.);
#13221 = DIRECTION('',(0.699624877766,0.71451034311,0.));
#13222 = ORIENTED_EDGE('',*,*,#13223,.F.);
#13223 = EDGE_CURVE('',#13224,#13216,#13226,.T.);
#13224 = VERTEX_POINT('',#13225);
#13225 = CARTESIAN_POINT('',(-2.844800013828,-2.265193640697,-19.6215));
#13226 = LINE('',#13227,#13228);
#13227 = CARTESIAN_POINT('',(-2.844800013828,-2.265193640697,-19.6215));
#13228 = VECTOR('',#13229,1.);
#13229 = DIRECTION('',(0.310279867191,0.950645256663,0.));
#13230 = ORIENTED_EDGE('',*,*,#13231,.F.);
#13231 = EDGE_CURVE('',#13232,#13224,#13234,.T.);
#13232 = VERTEX_POINT('',#13233);
#13233 = CARTESIAN_POINT('',(-2.844800013828,-2.37868298887,-19.6215));
#13234 = LINE('',#13235,#13236);
#13235 = CARTESIAN_POINT('',(-2.844800013828,-2.37868298887,-19.6215));
#13236 = VECTOR('',#13237,1.);
#13237 = DIRECTION('',(0.,1.,0.));
#13238 = ORIENTED_EDGE('',*,*,#13239,.F.);
#13239 = EDGE_CURVE('',#13240,#13232,#13242,.T.);
#13240 = VERTEX_POINT('',#13241);
#13241 = CARTESIAN_POINT('',(-2.807758355993,-2.492172337043,-19.6215));
#13242 = LINE('',#13243,#13244);
#13243 = CARTESIAN_POINT('',(-2.807758355993,-2.492172337043,-19.6215));
#13244 = VECTOR('',#13245,1.);
#13245 = DIRECTION('',(-0.310279998114,0.950645213931,0.));
#13246 = ORIENTED_EDGE('',*,*,#13247,.F.);
#13247 = EDGE_CURVE('',#13248,#13240,#13250,.T.);
#13248 = VERTEX_POINT('',#13249);
#13249 = CARTESIAN_POINT('',(-2.733675013828,-2.605661711711,-19.6215));
#13250 = LINE('',#13251,#13252);
#13251 = CARTESIAN_POINT('',(-2.733675013828,-2.605661711711,-19.6215));
#13252 = VECTOR('',#13253,1.);
#13253 = DIRECTION('',(-0.546622502839,0.837379149126,0.));
#13254 = ORIENTED_EDGE('',*,*,#13255,.F.);
#13255 = EDGE_CURVE('',#13256,#13248,#13258,.T.);
#13256 = VERTEX_POINT('',#13257);
#13257 = CARTESIAN_POINT('',(-2.622550013828,-2.681321277159,-19.6215));
#13258 = LINE('',#13259,#13260);
#13259 = CARTESIAN_POINT('',(-2.622550013828,-2.681321277159,-19.6215));
#13260 = VECTOR('',#13261,1.);
#13261 = DIRECTION('',(-0.8265992788,0.562790931242,0.));
#13262 = ORIENTED_EDGE('',*,*,#13263,.F.);
#13263 = EDGE_CURVE('',#13264,#13256,#13266,.T.);
#13264 = VERTEX_POINT('',#13265);
#13265 = CARTESIAN_POINT('',(-2.511425013828,-2.719151059884,-19.6215));
#13266 = LINE('',#13267,#13268);
#13267 = CARTESIAN_POINT('',(-2.511425013828,-2.719151059884,-19.6215));
#13268 = VECTOR('',#13269,1.);
#13269 = DIRECTION('',(-0.94664991777,0.322263763377,0.));
#13270 = ORIENTED_EDGE('',*,*,#13271,.F.);
#13271 = EDGE_CURVE('',#13272,#13264,#13274,.T.);
#13272 = VERTEX_POINT('',#13273);
#13273 = CARTESIAN_POINT('',(-2.252133329499,-2.719151059884,-19.6215));
#13274 = LINE('',#13275,#13276);
#13275 = CARTESIAN_POINT('',(-2.252133329499,-2.719151059884,-19.6215));
#13276 = VECTOR('',#13277,1.);
#13277 = DIRECTION('',(-1.,0.,0.));
#13278 = ORIENTED_EDGE('',*,*,#13279,.F.);
#13279 = EDGE_CURVE('',#13280,#13272,#13282,.T.);
#13280 = VERTEX_POINT('',#13281);
#13281 = CARTESIAN_POINT('',(-2.141008382487,-2.681321277159,-19.6215));
#13282 = LINE('',#13283,#13284);
#13283 = CARTESIAN_POINT('',(-2.141008382487,-2.681321277159,-19.6215));
#13284 = VECTOR('',#13285,1.);
#13285 = DIRECTION('',(-0.946649870891,-0.322263901086,0.));
#13286 = ORIENTED_EDGE('',*,*,#13287,.F.);
#13287 = EDGE_CURVE('',#13288,#13280,#13290,.T.);
#13288 = VERTEX_POINT('',#13289);
#13289 = CARTESIAN_POINT('',(-2.029883382487,-2.605661711711,-19.6215));
#13290 = LINE('',#13291,#13292);
#13291 = CARTESIAN_POINT('',(-2.029883382487,-2.605661711711,-19.6215));
#13292 = VECTOR('',#13293,1.);
#13293 = DIRECTION('',(-0.8265992788,-0.562790931242,0.));
#13294 = ORIENTED_EDGE('',*,*,#13295,.F.);
#13295 = EDGE_CURVE('',#13296,#13288,#13298,.T.);
#13296 = VERTEX_POINT('',#13297);
#13297 = CARTESIAN_POINT('',(-1.955800013828,-2.492172337043,-19.6215));
#13298 = LINE('',#13299,#13300);
#13299 = CARTESIAN_POINT('',(-1.955800013828,-2.492172337043,-19.6215));
#13300 = VECTOR('',#13301,1.);
#13301 = DIRECTION('',(-0.546622639915,-0.837379059645,0.));
#13302 = ORIENTED_EDGE('',*,*,#13303,.F.);
#13303 = EDGE_CURVE('',#13304,#13296,#13306,.T.);
#13304 = VERTEX_POINT('',#13305);
#13305 = CARTESIAN_POINT('',(-1.918758382487,-2.37868298887,-19.6215));
#13306 = LINE('',#13307,#13308);
#13307 = CARTESIAN_POINT('',(-1.918758382487,-2.37868298887,-19.6215));
#13308 = VECTOR('',#13309,1.);
#13309 = DIRECTION('',(-0.310279797551,-0.950645279393,0.));
#13310 = ORIENTED_EDGE('',*,*,#13311,.F.);
#13311 = EDGE_CURVE('',#13160,#13304,#13312,.T.);
#13312 = LINE('',#13313,#13314);
#13313 = CARTESIAN_POINT('',(-1.918758382487,-2.265193640697,-19.6215));
#13314 = VECTOR('',#13315,1.);
#13315 = DIRECTION('',(0.,-1.,0.));
#13316 = PLANE('',#13317);
#13317 = AXIS2_PLACEMENT_3D('',#13318,#13319,#13320);
#13318 = CARTESIAN_POINT('',(0.,0.,-19.6215));
#13319 = DIRECTION('',(0.,0.,1.));
#13320 = DIRECTION('',(1.,0.,-0.));
#13321 = ADVANCED_FACE('',(#13322),#13338,.T.);
#13322 = FACE_BOUND('',#13323,.F.);
#13323 = EDGE_LOOP('',(#13324,#13325,#13331,#13332));
#13324 = ORIENTED_EDGE('',*,*,#1125,.F.);
#13325 = ORIENTED_EDGE('',*,*,#13326,.T.);
#13326 = EDGE_CURVE('',#1118,#12836,#13327,.T.);
#13327 = LINE('',#13328,#13329);
#13328 = CARTESIAN_POINT('',(-1.807633382487,-2.038214891362,-19.812));
#13329 = VECTOR('',#13330,1.);
#13330 = DIRECTION('',(0.,0.,1.));
#13331 = ORIENTED_EDGE('',*,*,#12835,.T.);
#13332 = ORIENTED_EDGE('',*,*,#13333,.F.);
#13333 = EDGE_CURVE('',#1126,#12838,#13334,.T.);
#13334 = LINE('',#13335,#13336);
#13335 = CARTESIAN_POINT('',(-1.918758382487,-1.924725543189,-19.812));
#13336 = VECTOR('',#13337,1.);
#13337 = DIRECTION('',(0.,0.,1.));
#13338 = PLANE('',#13339);
#13339 = AXIS2_PLACEMENT_3D('',#13340,#13341,#13342);
#13340 = CARTESIAN_POINT('',(-1.807633382487,-2.038214891362,-19.812));
#13341 = DIRECTION('',(0.714510384802,0.699624835187,0.));
#13342 = DIRECTION('',(-0.699624835187,0.714510384802,0.));
#13343 = ADVANCED_FACE('',(#13344),#13355,.T.);
#13344 = FACE_BOUND('',#13345,.F.);
#13345 = EDGE_LOOP('',(#13346,#13347,#13353,#13354));
#13346 = ORIENTED_EDGE('',*,*,#1117,.F.);
#13347 = ORIENTED_EDGE('',*,*,#13348,.T.);
#13348 = EDGE_CURVE('',#1110,#12846,#13349,.T.);
#13349 = LINE('',#13350,#13351);
#13350 = CARTESIAN_POINT('',(-1.733550013828,-2.227363804984,-19.812));
#13351 = VECTOR('',#13352,1.);
#13352 = DIRECTION('',(0.,0.,1.));
#13353 = ORIENTED_EDGE('',*,*,#12845,.T.);
#13354 = ORIENTED_EDGE('',*,*,#13326,.F.);
#13355 = PLANE('',#13356);
#13356 = AXIS2_PLACEMENT_3D('',#13357,#13358,#13359);
#13357 = CARTESIAN_POINT('',(-1.733550013828,-2.227363804984,-19.812));
#13358 = DIRECTION('',(0.931128176952,0.364692086679,0.));
#13359 = DIRECTION('',(-0.364692086679,0.931128176952,0.));
#13360 = ADVANCED_FACE('',(#13361),#13372,.T.);
#13361 = FACE_BOUND('',#13362,.F.);
#13362 = EDGE_LOOP('',(#13363,#13364,#13370,#13371));
#13363 = ORIENTED_EDGE('',*,*,#1109,.F.);
#13364 = ORIENTED_EDGE('',*,*,#13365,.T.);
#13365 = EDGE_CURVE('',#1102,#12854,#13366,.T.);
#13366 = LINE('',#13367,#13368);
#13367 = CARTESIAN_POINT('',(-1.733550013828,-2.416512771595,-19.812));
#13368 = VECTOR('',#13369,1.);
#13369 = DIRECTION('',(0.,0.,1.));
#13370 = ORIENTED_EDGE('',*,*,#12853,.T.);
#13371 = ORIENTED_EDGE('',*,*,#13348,.F.);
#13372 = PLANE('',#13373);
#13373 = AXIS2_PLACEMENT_3D('',#13374,#13375,#13376);
#13374 = CARTESIAN_POINT('',(-1.733550013828,-2.416512771595,-19.812));
#13375 = DIRECTION('',(1.,0.,0.));
#13376 = DIRECTION('',(-0.,1.,0.));
#13377 = ADVANCED_FACE('',(#13378),#13389,.T.);
#13378 = FACE_BOUND('',#13379,.F.);
#13379 = EDGE_LOOP('',(#13380,#13381,#13387,#13388));
#13380 = ORIENTED_EDGE('',*,*,#1101,.F.);
#13381 = ORIENTED_EDGE('',*,*,#13382,.T.);
#13382 = EDGE_CURVE('',#1094,#12862,#13383,.T.);
#13383 = LINE('',#13384,#13385);
#13384 = CARTESIAN_POINT('',(-1.807633382487,-2.605661711711,-19.812));
#13385 = VECTOR('',#13386,1.);
#13386 = DIRECTION('',(0.,0.,1.));
#13387 = ORIENTED_EDGE('',*,*,#12861,.T.);
#13388 = ORIENTED_EDGE('',*,*,#13365,.F.);
#13389 = PLANE('',#13390);
#13390 = AXIS2_PLACEMENT_3D('',#13391,#13392,#13393);
#13391 = CARTESIAN_POINT('',(-1.807633382487,-2.605661711711,-19.812));
#13392 = DIRECTION('',(0.931128194298,-0.364692042391,0.));
#13393 = DIRECTION('',(0.364692042391,0.931128194298,0.));
#13394 = ADVANCED_FACE('',(#13395),#13406,.T.);
#13395 = FACE_BOUND('',#13396,.F.);
#13396 = EDGE_LOOP('',(#13397,#13398,#13404,#13405));
#13397 = ORIENTED_EDGE('',*,*,#1093,.F.);
#13398 = ORIENTED_EDGE('',*,*,#13399,.T.);
#13399 = EDGE_CURVE('',#1086,#12870,#13400,.T.);
#13400 = LINE('',#13401,#13402);
#13401 = CARTESIAN_POINT('',(-1.918758382487,-2.756980855855,-19.812));
#13402 = VECTOR('',#13403,1.);
#13403 = DIRECTION('',(0.,0.,1.));
#13404 = ORIENTED_EDGE('',*,*,#12869,.T.);
#13405 = ORIENTED_EDGE('',*,*,#13382,.F.);
#13406 = PLANE('',#13407);
#13407 = AXIS2_PLACEMENT_3D('',#13408,#13409,#13410);
#13408 = CARTESIAN_POINT('',(-1.918758382487,-2.756980855855,-19.812));
#13409 = DIRECTION('',(0.806004420553,-0.591909515086,0.));
#13410 = DIRECTION('',(0.591909515086,0.806004420553,0.));
#13411 = ADVANCED_FACE('',(#13412),#13423,.T.);
#13412 = FACE_BOUND('',#13413,.F.);
#13413 = EDGE_LOOP('',(#13414,#13415,#13421,#13422));
#13414 = ORIENTED_EDGE('',*,*,#1085,.F.);
#13415 = ORIENTED_EDGE('',*,*,#13416,.T.);
#13416 = EDGE_CURVE('',#1078,#12878,#13417,.T.);
#13417 = LINE('',#13418,#13419);
#13418 = CARTESIAN_POINT('',(-2.103966645169,-2.870470213964,-19.812));
#13419 = VECTOR('',#13420,1.);
#13420 = DIRECTION('',(0.,0.,1.));
#13421 = ORIENTED_EDGE('',*,*,#12877,.T.);
#13422 = ORIENTED_EDGE('',*,*,#13399,.F.);
#13423 = PLANE('',#13424);
#13424 = AXIS2_PLACEMENT_3D('',#13425,#13426,#13427);
#13425 = CARTESIAN_POINT('',(-2.103966645169,-2.870470213964,-19.812));
#13426 = DIRECTION('',(0.522477106747,-0.852653313443,0.));
#13427 = DIRECTION('',(0.852653313443,0.522477106747,0.));
#13428 = ADVANCED_FACE('',(#13429),#13440,.T.);
#13429 = FACE_BOUND('',#13430,.F.);
#13430 = EDGE_LOOP('',(#13431,#13432,#13438,#13439));
#13431 = ORIENTED_EDGE('',*,*,#1077,.F.);
#13432 = ORIENTED_EDGE('',*,*,#13433,.T.);
#13433 = EDGE_CURVE('',#1070,#12886,#13434,.T.);
#13434 = LINE('',#13435,#13436);
#13435 = CARTESIAN_POINT('',(-2.289175013828,-2.9083,-19.812));
#13436 = VECTOR('',#13437,1.);
#13437 = DIRECTION('',(0.,0.,1.));
#13438 = ORIENTED_EDGE('',*,*,#12885,.T.);
#13439 = ORIENTED_EDGE('',*,*,#13416,.F.);
#13440 = PLANE('',#13441);
#13441 = AXIS2_PLACEMENT_3D('',#13442,#13443,#13444);
#13442 = CARTESIAN_POINT('',(-2.289175013828,-2.9083,-19.812));
#13443 = DIRECTION('',(0.200123335236,-0.979770713327,0.));
#13444 = DIRECTION('',(0.979770713327,0.200123335236,0.));
#13445 = ADVANCED_FACE('',(#13446),#13457,.T.);
#13446 = FACE_BOUND('',#13447,.F.);
#13447 = EDGE_LOOP('',(#13448,#13449,#13455,#13456));
#13448 = ORIENTED_EDGE('',*,*,#1069,.F.);
#13449 = ORIENTED_EDGE('',*,*,#13450,.T.);
#13450 = EDGE_CURVE('',#1062,#12894,#13451,.T.);
#13451 = LINE('',#13452,#13453);
#13452 = CARTESIAN_POINT('',(-2.474383329499,-2.9083,-19.812));
#13453 = VECTOR('',#13454,1.);
#13454 = DIRECTION('',(0.,0.,1.));
#13455 = ORIENTED_EDGE('',*,*,#12893,.T.);
#13456 = ORIENTED_EDGE('',*,*,#13433,.F.);
#13457 = PLANE('',#13458);
#13458 = AXIS2_PLACEMENT_3D('',#13459,#13460,#13461);
#13459 = CARTESIAN_POINT('',(-2.474383329499,-2.9083,-19.812));
#13460 = DIRECTION('',(0.,-1.,0.));
#13461 = DIRECTION('',(1.,0.,0.));
#13462 = ADVANCED_FACE('',(#13463),#13474,.T.);
#13463 = FACE_BOUND('',#13464,.F.);
#13464 = EDGE_LOOP('',(#13465,#13466,#13472,#13473));
#13465 = ORIENTED_EDGE('',*,*,#1061,.F.);
#13466 = ORIENTED_EDGE('',*,*,#13467,.T.);
#13467 = EDGE_CURVE('',#1054,#12902,#13468,.T.);
#13468 = LINE('',#13469,#13470);
#13469 = CARTESIAN_POINT('',(-2.659591671664,-2.870470213964,-19.812));
#13470 = VECTOR('',#13471,1.);
#13471 = DIRECTION('',(0.,0.,1.));
#13472 = ORIENTED_EDGE('',*,*,#12901,.T.);
#13473 = ORIENTED_EDGE('',*,*,#13450,.F.);
#13474 = PLANE('',#13475);
#13475 = AXIS2_PLACEMENT_3D('',#13476,#13477,#13478);
#13476 = CARTESIAN_POINT('',(-2.659591671664,-2.870470213964,-19.812));
#13477 = DIRECTION('',(-0.200123362717,-0.979770707714,0.));
#13478 = DIRECTION('',(0.979770707714,-0.200123362717,0.));
#13479 = ADVANCED_FACE('',(#13480),#13491,.T.);
#13480 = FACE_BOUND('',#13481,.F.);
#13481 = EDGE_LOOP('',(#13482,#13483,#13489,#13490));
#13482 = ORIENTED_EDGE('',*,*,#1053,.F.);
#13483 = ORIENTED_EDGE('',*,*,#13484,.T.);
#13484 = EDGE_CURVE('',#1046,#12910,#13485,.T.);
#13485 = LINE('',#13486,#13487);
#13486 = CARTESIAN_POINT('',(-2.844800013828,-2.756980855855,-19.812));
#13487 = VECTOR('',#13488,1.);
#13488 = DIRECTION('',(0.,0.,1.));
#13489 = ORIENTED_EDGE('',*,*,#12909,.T.);
#13490 = ORIENTED_EDGE('',*,*,#13467,.F.);
#13491 = PLANE('',#13492);
#13492 = AXIS2_PLACEMENT_3D('',#13493,#13494,#13495);
#13493 = CARTESIAN_POINT('',(-2.844800013828,-2.756980855855,-19.812));
#13494 = DIRECTION('',(-0.522476943733,-0.852653413332,0.));
#13495 = DIRECTION('',(0.852653413332,-0.522476943733,0.));
#13496 = ADVANCED_FACE('',(#13497),#13508,.T.);
#13497 = FACE_BOUND('',#13498,.F.);
#13498 = EDGE_LOOP('',(#13499,#13500,#13506,#13507));
#13499 = ORIENTED_EDGE('',*,*,#1045,.F.);
#13500 = ORIENTED_EDGE('',*,*,#13501,.T.);
#13501 = EDGE_CURVE('',#1038,#12918,#13502,.T.);
#13502 = LINE('',#13503,#13504);
#13503 = CARTESIAN_POINT('',(-2.955925013828,-2.605661711711,-19.812));
#13504 = VECTOR('',#13505,1.);
#13505 = DIRECTION('',(0.,0.,1.));
#13506 = ORIENTED_EDGE('',*,*,#12917,.T.);
#13507 = ORIENTED_EDGE('',*,*,#13484,.F.);
#13508 = PLANE('',#13509);
#13509 = AXIS2_PLACEMENT_3D('',#13510,#13511,#13512);
#13510 = CARTESIAN_POINT('',(-2.955925013828,-2.605661711711,-19.812));
#13511 = DIRECTION('',(-0.806004420553,-0.591909515086,0.));
#13512 = DIRECTION('',(0.591909515086,-0.806004420553,0.));
#13513 = ADVANCED_FACE('',(#13514),#13525,.T.);
#13514 = FACE_BOUND('',#13515,.F.);
#13515 = EDGE_LOOP('',(#13516,#13517,#13523,#13524));
#13516 = ORIENTED_EDGE('',*,*,#1037,.F.);
#13517 = ORIENTED_EDGE('',*,*,#13518,.T.);
#13518 = EDGE_CURVE('',#1030,#12926,#13519,.T.);
#13519 = LINE('',#13520,#13521);
#13520 = CARTESIAN_POINT('',(-3.030008346058,-2.416512771595,-19.812));
#13521 = VECTOR('',#13522,1.);
#13522 = DIRECTION('',(0.,0.,1.));
#13523 = ORIENTED_EDGE('',*,*,#12925,.T.);
#13524 = ORIENTED_EDGE('',*,*,#13501,.F.);
#13525 = PLANE('',#13526);
#13526 = AXIS2_PLACEMENT_3D('',#13527,#13528,#13529);
#13527 = CARTESIAN_POINT('',(-3.030008346058,-2.416512771595,-19.812));
#13528 = DIRECTION('',(-0.931128255195,-0.364691886909,0.));
#13529 = DIRECTION('',(0.364691886909,-0.931128255195,0.));
#13530 = ADVANCED_FACE('',(#13531),#13542,.T.);
#13531 = FACE_BOUND('',#13532,.F.);
#13532 = EDGE_LOOP('',(#13533,#13534,#13540,#13541));
#13533 = ORIENTED_EDGE('',*,*,#1029,.F.);
#13534 = ORIENTED_EDGE('',*,*,#13535,.T.);
#13535 = EDGE_CURVE('',#1022,#12934,#13536,.T.);
#13536 = LINE('',#13537,#13538);
#13537 = CARTESIAN_POINT('',(-3.067050013828,-2.151704239535,-19.812));
#13538 = VECTOR('',#13539,1.);
#13539 = DIRECTION('',(0.,0.,1.));
#13540 = ORIENTED_EDGE('',*,*,#12933,.T.);
#13541 = ORIENTED_EDGE('',*,*,#13518,.F.);
#13542 = PLANE('',#13543);
#13543 = AXIS2_PLACEMENT_3D('',#13544,#13545,#13546);
#13544 = CARTESIAN_POINT('',(-3.067050013828,-2.151704239535,-19.812));
#13545 = DIRECTION('',(-0.990357929562,-0.138532203308,0.));
#13546 = DIRECTION('',(0.138532203308,-0.990357929562,0.));
#13547 = ADVANCED_FACE('',(#13548),#13559,.T.);
#13548 = FACE_BOUND('',#13549,.F.);
#13549 = EDGE_LOOP('',(#13550,#13551,#13557,#13558));
#13550 = ORIENTED_EDGE('',*,*,#1021,.F.);
#13551 = ORIENTED_EDGE('',*,*,#13552,.T.);
#13552 = EDGE_CURVE('',#1014,#12942,#13553,.T.);
#13553 = LINE('',#13554,#13555);
#13554 = CARTESIAN_POINT('',(-3.067050013828,-1.886895760465,-19.812));
#13555 = VECTOR('',#13556,1.);
#13556 = DIRECTION('',(0.,0.,1.));
#13557 = ORIENTED_EDGE('',*,*,#12941,.T.);
#13558 = ORIENTED_EDGE('',*,*,#13535,.F.);
#13559 = PLANE('',#13560);
#13560 = AXIS2_PLACEMENT_3D('',#13561,#13562,#13563);
#13561 = CARTESIAN_POINT('',(-3.067050013828,-1.886895760465,-19.812));
#13562 = DIRECTION('',(-1.,0.,0.));
#13563 = DIRECTION('',(0.,-1.,0.));
#13564 = ADVANCED_FACE('',(#13565),#13576,.T.);
#13565 = FACE_BOUND('',#13566,.F.);
#13566 = EDGE_LOOP('',(#13567,#13568,#13574,#13575));
#13567 = ORIENTED_EDGE('',*,*,#1013,.F.);
#13568 = ORIENTED_EDGE('',*,*,#13569,.T.);
#13569 = EDGE_CURVE('',#1006,#12950,#13570,.T.);
#13570 = LINE('',#13571,#13572);
#13571 = CARTESIAN_POINT('',(-3.030008346058,-1.622087281394,-19.812));
#13572 = VECTOR('',#13573,1.);
#13573 = DIRECTION('',(0.,0.,1.));
#13574 = ORIENTED_EDGE('',*,*,#12949,.T.);
#13575 = ORIENTED_EDGE('',*,*,#13552,.F.);
#13576 = PLANE('',#13577);
#13577 = AXIS2_PLACEMENT_3D('',#13578,#13579,#13580);
#13578 = CARTESIAN_POINT('',(-3.030008346058,-1.622087281394,-19.812));
#13579 = DIRECTION('',(-0.990357925759,0.138532230496,0.));
#13580 = DIRECTION('',(-0.138532230496,-0.990357925759,0.));
#13581 = ADVANCED_FACE('',(#13582),#13593,.T.);
#13582 = FACE_BOUND('',#13583,.F.);
#13583 = EDGE_LOOP('',(#13584,#13585,#13591,#13592));
#13584 = ORIENTED_EDGE('',*,*,#1005,.F.);
#13585 = ORIENTED_EDGE('',*,*,#13586,.T.);
#13586 = EDGE_CURVE('',#998,#12958,#13587,.T.);
#13587 = LINE('',#13588,#13589);
#13588 = CARTESIAN_POINT('',(-2.955925013828,-1.432938261795,-19.812));
#13589 = VECTOR('',#13590,1.);
#13590 = DIRECTION('',(0.,0.,1.));
#13591 = ORIENTED_EDGE('',*,*,#12957,.T.);
#13592 = ORIENTED_EDGE('',*,*,#13569,.F.);
#13593 = PLANE('',#13594);
#13594 = AXIS2_PLACEMENT_3D('',#13595,#13596,#13597);
#13595 = CARTESIAN_POINT('',(-2.955925013828,-1.432938261795,-19.812));
#13596 = DIRECTION('',(-0.931128307234,0.364691754043,0.));
#13597 = DIRECTION('',(-0.364691754043,-0.931128307234,0.));
#13598 = ADVANCED_FACE('',(#13599),#13610,.T.);
#13599 = FACE_BOUND('',#13600,.F.);
#13600 = EDGE_LOOP('',(#13601,#13602,#13608,#13609));
#13601 = ORIENTED_EDGE('',*,*,#997,.F.);
#13602 = ORIENTED_EDGE('',*,*,#13603,.T.);
#13603 = EDGE_CURVE('',#990,#12966,#13604,.T.);
#13604 = LINE('',#13605,#13606);
#13605 = CARTESIAN_POINT('',(-2.844800013828,-1.281619130898,-19.812));
#13606 = VECTOR('',#13607,1.);
#13607 = DIRECTION('',(0.,0.,1.));
#13608 = ORIENTED_EDGE('',*,*,#12965,.T.);
#13609 = ORIENTED_EDGE('',*,*,#13586,.F.);
#13610 = PLANE('',#13611);
#13611 = AXIS2_PLACEMENT_3D('',#13612,#13613,#13614);
#13612 = CARTESIAN_POINT('',(-2.844800013828,-1.281619130898,-19.812));
#13613 = DIRECTION('',(-0.806004395831,0.59190954875,0.));
#13614 = DIRECTION('',(-0.59190954875,-0.806004395831,0.));
#13615 = ADVANCED_FACE('',(#13616),#13627,.T.);
#13616 = FACE_BOUND('',#13617,.F.);
#13617 = EDGE_LOOP('',(#13618,#13619,#13625,#13626));
#13618 = ORIENTED_EDGE('',*,*,#989,.F.);
#13619 = ORIENTED_EDGE('',*,*,#13620,.T.);
#13620 = EDGE_CURVE('',#982,#12974,#13621,.T.);
#13621 = LINE('',#13622,#13623);
#13622 = CARTESIAN_POINT('',(-2.659591671664,-1.168129782724,-19.812));
#13623 = VECTOR('',#13624,1.);
#13624 = DIRECTION('',(0.,0.,1.));
#13625 = ORIENTED_EDGE('',*,*,#12973,.T.);
#13626 = ORIENTED_EDGE('',*,*,#13603,.F.);
#13627 = PLANE('',#13628);
#13628 = AXIS2_PLACEMENT_3D('',#13629,#13630,#13631);
#13629 = CARTESIAN_POINT('',(-2.659591671664,-1.168129782724,-19.812));
#13630 = DIRECTION('',(-0.522476910479,0.852653433709,0.));
#13631 = DIRECTION('',(-0.852653433709,-0.522476910479,0.));
#13632 = ADVANCED_FACE('',(#13633),#13644,.T.);
#13633 = FACE_BOUND('',#13634,.F.);
#13634 = EDGE_LOOP('',(#13635,#13636,#13642,#13643));
#13635 = ORIENTED_EDGE('',*,*,#981,.F.);
#13636 = ORIENTED_EDGE('',*,*,#13637,.T.);
#13637 = EDGE_CURVE('',#974,#12982,#13638,.T.);
#13638 = LINE('',#13639,#13640);
#13639 = CARTESIAN_POINT('',(-2.474383329499,-1.1303,-19.812));
#13640 = VECTOR('',#13641,1.);
#13641 = DIRECTION('',(0.,0.,1.));
#13642 = ORIENTED_EDGE('',*,*,#12981,.T.);
#13643 = ORIENTED_EDGE('',*,*,#13620,.F.);
#13644 = PLANE('',#13645);
#13645 = AXIS2_PLACEMENT_3D('',#13646,#13647,#13648);
#13646 = CARTESIAN_POINT('',(-2.474383329499,-1.1303,-19.812));
#13647 = DIRECTION('',(-0.200123345899,0.979770711149,0.));
#13648 = DIRECTION('',(-0.979770711149,-0.200123345899,0.));
#13649 = ADVANCED_FACE('',(#13650),#13661,.T.);
#13650 = FACE_BOUND('',#13651,.F.);
#13651 = EDGE_LOOP('',(#13652,#13653,#13659,#13660));
#13652 = ORIENTED_EDGE('',*,*,#973,.F.);
#13653 = ORIENTED_EDGE('',*,*,#13654,.T.);
#13654 = EDGE_CURVE('',#966,#12990,#13655,.T.);
#13655 = LINE('',#13656,#13657);
#13656 = CARTESIAN_POINT('',(-2.326216698158,-1.1303,-19.812));
#13657 = VECTOR('',#13658,1.);
#13658 = DIRECTION('',(0.,0.,1.));
#13659 = ORIENTED_EDGE('',*,*,#12989,.T.);
#13660 = ORIENTED_EDGE('',*,*,#13637,.F.);
#13661 = PLANE('',#13662);
#13662 = AXIS2_PLACEMENT_3D('',#13663,#13664,#13665);
#13663 = CARTESIAN_POINT('',(-2.326216698158,-1.1303,-19.812));
#13664 = DIRECTION('',(0.,1.,0.));
#13665 = DIRECTION('',(-1.,0.,0.));
#13666 = ADVANCED_FACE('',(#13667),#13678,.T.);
#13667 = FACE_BOUND('',#13668,.F.);
#13668 = EDGE_LOOP('',(#13669,#13670,#13676,#13677));
#13669 = ORIENTED_EDGE('',*,*,#965,.F.);
#13670 = ORIENTED_EDGE('',*,*,#13671,.T.);
#13671 = EDGE_CURVE('',#958,#12998,#13672,.T.);
#13672 = LINE('',#13673,#13674);
#13673 = CARTESIAN_POINT('',(-2.141008382487,-1.168129782724,-19.812));
#13674 = VECTOR('',#13675,1.);
#13675 = DIRECTION('',(0.,0.,1.));
#13676 = ORIENTED_EDGE('',*,*,#12997,.T.);
#13677 = ORIENTED_EDGE('',*,*,#13654,.F.);
#13678 = PLANE('',#13679);
#13679 = AXIS2_PLACEMENT_3D('',#13680,#13681,#13682);
#13680 = CARTESIAN_POINT('',(-2.141008382487,-1.168129782724,-19.812));
#13681 = DIRECTION('',(0.200123373381,0.979770705536,0.));
#13682 = DIRECTION('',(-0.979770705536,0.200123373381,0.));
#13683 = ADVANCED_FACE('',(#13684),#13695,.T.);
#13684 = FACE_BOUND('',#13685,.F.);
#13685 = EDGE_LOOP('',(#13686,#13687,#13693,#13694));
#13686 = ORIENTED_EDGE('',*,*,#957,.F.);
#13687 = ORIENTED_EDGE('',*,*,#13688,.T.);
#13688 = EDGE_CURVE('',#950,#13006,#13689,.T.);
#13689 = LINE('',#13690,#13691);
#13690 = CARTESIAN_POINT('',(-1.955800013828,-1.281619130898,-19.812));
#13691 = VECTOR('',#13692,1.);
#13692 = DIRECTION('',(0.,0.,1.));
#13693 = ORIENTED_EDGE('',*,*,#13005,.T.);
#13694 = ORIENTED_EDGE('',*,*,#13671,.F.);
#13695 = PLANE('',#13696);
#13696 = AXIS2_PLACEMENT_3D('',#13697,#13698,#13699);
#13697 = CARTESIAN_POINT('',(-1.955800013828,-1.281619130898,-19.812));
#13698 = DIRECTION('',(0.522476856141,0.852653467006,0.));
#13699 = DIRECTION('',(-0.852653467006,0.522476856141,0.));
#13700 = ADVANCED_FACE('',(#13701),#13712,.T.);
#13701 = FACE_BOUND('',#13702,.F.);
#13702 = EDGE_LOOP('',(#13703,#13704,#13710,#13711));
#13703 = ORIENTED_EDGE('',*,*,#949,.F.);
#13704 = ORIENTED_EDGE('',*,*,#13705,.T.);
#13705 = EDGE_CURVE('',#942,#13014,#13706,.T.);
#13706 = LINE('',#13707,#13708);
#13707 = CARTESIAN_POINT('',(-1.844675013828,-1.432938261795,-19.812));
#13708 = VECTOR('',#13709,1.);
#13709 = DIRECTION('',(0.,0.,1.));
#13710 = ORIENTED_EDGE('',*,*,#13013,.T.);
#13711 = ORIENTED_EDGE('',*,*,#13688,.F.);
#13712 = PLANE('',#13713);
#13713 = AXIS2_PLACEMENT_3D('',#13714,#13715,#13716);
#13714 = CARTESIAN_POINT('',(-1.844675013828,-1.432938261795,-19.812));
#13715 = DIRECTION('',(0.806004395831,0.59190954875,0.));
#13716 = DIRECTION('',(-0.59190954875,0.806004395831,0.));
#13717 = ADVANCED_FACE('',(#13718),#13729,.T.);
#13718 = FACE_BOUND('',#13719,.F.);
#13719 = EDGE_LOOP('',(#13720,#13721,#13727,#13728));
#13720 = ORIENTED_EDGE('',*,*,#941,.F.);
#13721 = ORIENTED_EDGE('',*,*,#13722,.T.);
#13722 = EDGE_CURVE('',#934,#13022,#13723,.T.);
#13723 = LINE('',#13724,#13725);
#13724 = CARTESIAN_POINT('',(-1.807633382487,-1.546427609968,-19.812));
#13725 = VECTOR('',#13726,1.);
#13726 = DIRECTION('',(0.,0.,1.));
#13727 = ORIENTED_EDGE('',*,*,#13021,.T.);
#13728 = ORIENTED_EDGE('',*,*,#13705,.F.);
#13729 = PLANE('',#13730);
#13730 = AXIS2_PLACEMENT_3D('',#13731,#13732,#13733);
#13731 = CARTESIAN_POINT('',(-1.807633382487,-1.546427609968,-19.812));
#13732 = DIRECTION('',(0.950645279393,0.310279797551,0.));
#13733 = DIRECTION('',(-0.310279797551,0.950645279393,0.));
#13734 = ADVANCED_FACE('',(#13735),#13746,.T.);
#13735 = FACE_BOUND('',#13736,.F.);
#13736 = EDGE_LOOP('',(#13737,#13738,#13744,#13745));
#13737 = ORIENTED_EDGE('',*,*,#933,.F.);
#13738 = ORIENTED_EDGE('',*,*,#13739,.T.);
#13739 = EDGE_CURVE('',#926,#13030,#13740,.T.);
#13740 = LINE('',#13741,#13742);
#13741 = CARTESIAN_POINT('',(-1.992841645169,-1.546427609968,-19.812));
#13742 = VECTOR('',#13743,1.);
#13743 = DIRECTION('',(0.,0.,1.));
#13744 = ORIENTED_EDGE('',*,*,#13029,.T.);
#13745 = ORIENTED_EDGE('',*,*,#13722,.F.);
#13746 = PLANE('',#13747);
#13747 = AXIS2_PLACEMENT_3D('',#13748,#13749,#13750);
#13748 = CARTESIAN_POINT('',(-1.992841645169,-1.546427609968,-19.812));
#13749 = DIRECTION('',(0.,-1.,0.));
#13750 = DIRECTION('',(1.,0.,0.));
#13751 = ADVANCED_FACE('',(#13752),#13763,.T.);
#13752 = FACE_BOUND('',#13753,.F.);
#13753 = EDGE_LOOP('',(#13754,#13755,#13761,#13762));
#13754 = ORIENTED_EDGE('',*,*,#925,.F.);
#13755 = ORIENTED_EDGE('',*,*,#13756,.T.);
#13756 = EDGE_CURVE('',#918,#13038,#13757,.T.);
#13757 = LINE('',#13758,#13759);
#13758 = CARTESIAN_POINT('',(-2.066925013828,-1.432938261795,-19.812));
#13759 = VECTOR('',#13760,1.);
#13760 = DIRECTION('',(0.,0.,1.));
#13761 = ORIENTED_EDGE('',*,*,#13037,.T.);
#13762 = ORIENTED_EDGE('',*,*,#13739,.F.);
#13763 = PLANE('',#13764);
#13764 = AXIS2_PLACEMENT_3D('',#13765,#13766,#13767);
#13765 = CARTESIAN_POINT('',(-2.066925013828,-1.432938261795,-19.812));
#13766 = DIRECTION('',(-0.837379001234,-0.546622729396,0.));
#13767 = DIRECTION('',(0.546622729396,-0.837379001234,0.));
#13768 = ADVANCED_FACE('',(#13769),#13780,.T.);
#13769 = FACE_BOUND('',#13770,.F.);
#13770 = EDGE_LOOP('',(#13771,#13772,#13778,#13779));
#13771 = ORIENTED_EDGE('',*,*,#917,.F.);
#13772 = ORIENTED_EDGE('',*,*,#13773,.T.);
#13773 = EDGE_CURVE('',#910,#13046,#13774,.T.);
#13774 = LINE('',#13775,#13776);
#13775 = CARTESIAN_POINT('',(-2.178050013828,-1.357278696346,-19.812));
#13776 = VECTOR('',#13777,1.);
#13777 = DIRECTION('',(0.,0.,1.));
#13778 = ORIENTED_EDGE('',*,*,#13045,.T.);
#13779 = ORIENTED_EDGE('',*,*,#13756,.F.);
#13780 = PLANE('',#13781);
#13781 = AXIS2_PLACEMENT_3D('',#13782,#13783,#13784);
#13782 = CARTESIAN_POINT('',(-2.178050013828,-1.357278696346,-19.812));
#13783 = DIRECTION('',(-0.562790931242,-0.8265992788,0.));
#13784 = DIRECTION('',(0.8265992788,-0.562790931242,0.));
#13785 = ADVANCED_FACE('',(#13786),#13797,.T.);
#13786 = FACE_BOUND('',#13787,.F.);
#13787 = EDGE_LOOP('',(#13788,#13789,#13795,#13796));
#13788 = ORIENTED_EDGE('',*,*,#909,.F.);
#13789 = ORIENTED_EDGE('',*,*,#13790,.T.);
#13790 = EDGE_CURVE('',#902,#13054,#13791,.T.);
#13791 = LINE('',#13792,#13793);
#13792 = CARTESIAN_POINT('',(-2.289175013828,-1.319448913622,-19.812));
#13793 = VECTOR('',#13794,1.);
#13794 = DIRECTION('',(0.,0.,1.));
#13795 = ORIENTED_EDGE('',*,*,#13053,.T.);
#13796 = ORIENTED_EDGE('',*,*,#13773,.F.);
#13797 = PLANE('',#13798);
#13798 = AXIS2_PLACEMENT_3D('',#13799,#13800,#13801);
#13799 = CARTESIAN_POINT('',(-2.289175013828,-1.319448913622,-19.812));
#13800 = DIRECTION('',(-0.322263763377,-0.94664991777,0.));
#13801 = DIRECTION('',(0.94664991777,-0.322263763377,0.));
#13802 = ADVANCED_FACE('',(#13803),#13814,.T.);
#13803 = FACE_BOUND('',#13804,.F.);
#13804 = EDGE_LOOP('',(#13805,#13806,#13812,#13813));
#13805 = ORIENTED_EDGE('',*,*,#901,.F.);
#13806 = ORIENTED_EDGE('',*,*,#13807,.T.);
#13807 = EDGE_CURVE('',#894,#13062,#13808,.T.);
#13808 = LINE('',#13809,#13810);
#13809 = CARTESIAN_POINT('',(-2.511425013828,-1.319448913622,-19.812));
#13810 = VECTOR('',#13811,1.);
#13811 = DIRECTION('',(0.,0.,1.));
#13812 = ORIENTED_EDGE('',*,*,#13061,.T.);
#13813 = ORIENTED_EDGE('',*,*,#13790,.F.);
#13814 = PLANE('',#13815);
#13815 = AXIS2_PLACEMENT_3D('',#13816,#13817,#13818);
#13816 = CARTESIAN_POINT('',(-2.511425013828,-1.319448913622,-19.812));
#13817 = DIRECTION('',(0.,-1.,0.));
#13818 = DIRECTION('',(1.,0.,0.));
#13819 = ADVANCED_FACE('',(#13820),#13831,.T.);
#13820 = FACE_BOUND('',#13821,.F.);
#13821 = EDGE_LOOP('',(#13822,#13823,#13829,#13830));
#13822 = ORIENTED_EDGE('',*,*,#893,.F.);
#13823 = ORIENTED_EDGE('',*,*,#13824,.T.);
#13824 = EDGE_CURVE('',#886,#13070,#13825,.T.);
#13825 = LINE('',#13826,#13827);
#13826 = CARTESIAN_POINT('',(-2.622550013828,-1.357278696346,-19.812));
#13827 = VECTOR('',#13828,1.);
#13828 = DIRECTION('',(0.,0.,1.));
#13829 = ORIENTED_EDGE('',*,*,#13069,.T.);
#13830 = ORIENTED_EDGE('',*,*,#13807,.F.);
#13831 = PLANE('',#13832);
#13832 = AXIS2_PLACEMENT_3D('',#13833,#13834,#13835);
#13833 = CARTESIAN_POINT('',(-2.622550013828,-1.357278696346,-19.812));
#13834 = DIRECTION('',(0.322263763377,-0.94664991777,0.));
#13835 = DIRECTION('',(0.94664991777,0.322263763377,0.));
#13836 = ADVANCED_FACE('',(#13837),#13848,.T.);
#13837 = FACE_BOUND('',#13838,.F.);
#13838 = EDGE_LOOP('',(#13839,#13840,#13846,#13847));
#13839 = ORIENTED_EDGE('',*,*,#883,.F.);
#13840 = ORIENTED_EDGE('',*,*,#13841,.T.);
#13841 = EDGE_CURVE('',#884,#13078,#13842,.T.);
#13842 = LINE('',#13843,#13844);
#13843 = CARTESIAN_POINT('',(-2.733675013828,-1.432938261795,-19.812));
#13844 = VECTOR('',#13845,1.);
#13845 = DIRECTION('',(0.,0.,1.));
#13846 = ORIENTED_EDGE('',*,*,#13077,.T.);
#13847 = ORIENTED_EDGE('',*,*,#13824,.F.);
#13848 = PLANE('',#13849);
#13849 = AXIS2_PLACEMENT_3D('',#13850,#13851,#13852);
#13850 = CARTESIAN_POINT('',(-2.733675013828,-1.432938261795,-19.812));
#13851 = DIRECTION('',(0.562790931242,-0.8265992788,0.));
#13852 = DIRECTION('',(0.8265992788,0.562790931242,0.));
#13853 = ADVANCED_FACE('',(#13854),#13865,.T.);
#13854 = FACE_BOUND('',#13855,.F.);
#13855 = EDGE_LOOP('',(#13856,#13857,#13863,#13864));
#13856 = ORIENTED_EDGE('',*,*,#1197,.F.);
#13857 = ORIENTED_EDGE('',*,*,#13858,.T.);
#13858 = EDGE_CURVE('',#1190,#13086,#13859,.T.);
#13859 = LINE('',#13860,#13861);
#13860 = CARTESIAN_POINT('',(-2.807758355993,-1.546427609968,-19.812));
#13861 = VECTOR('',#13862,1.);
#13862 = DIRECTION('',(0.,0.,1.));
#13863 = ORIENTED_EDGE('',*,*,#13085,.T.);
#13864 = ORIENTED_EDGE('',*,*,#13841,.F.);
#13865 = PLANE('',#13866);
#13866 = AXIS2_PLACEMENT_3D('',#13867,#13868,#13869);
#13867 = CARTESIAN_POINT('',(-2.807758355993,-1.546427609968,-19.812));
#13868 = DIRECTION('',(0.837379090715,-0.546622592319,0.));
#13869 = DIRECTION('',(0.546622592319,0.837379090715,0.));
#13870 = ADVANCED_FACE('',(#13871),#13882,.T.);
#13871 = FACE_BOUND('',#13872,.F.);
#13872 = EDGE_LOOP('',(#13873,#13874,#13880,#13881));
#13873 = ORIENTED_EDGE('',*,*,#1189,.F.);
#13874 = ORIENTED_EDGE('',*,*,#13875,.T.);
#13875 = EDGE_CURVE('',#1182,#13094,#13876,.T.);
#13876 = LINE('',#13877,#13878);
#13877 = CARTESIAN_POINT('',(-2.844800013828,-1.659917064118,-19.812));
#13878 = VECTOR('',#13879,1.);
#13879 = DIRECTION('',(0.,0.,1.));
#13880 = ORIENTED_EDGE('',*,*,#13093,.T.);
#13881 = ORIENTED_EDGE('',*,*,#13858,.F.);
#13882 = PLANE('',#13883);
#13883 = AXIS2_PLACEMENT_3D('',#13884,#13885,#13886);
#13884 = CARTESIAN_POINT('',(-2.844800013828,-1.659917064118,-19.812));
#13885 = DIRECTION('',(0.950645299395,-0.310279736268,0.));
#13886 = DIRECTION('',(0.310279736268,0.950645299395,0.));
#13887 = ADVANCED_FACE('',(#13888),#13899,.T.);
#13888 = FACE_BOUND('',#13889,.F.);
#13889 = EDGE_LOOP('',(#13890,#13891,#13897,#13898));
#13890 = ORIENTED_EDGE('',*,*,#1181,.F.);
#13891 = ORIENTED_EDGE('',*,*,#13892,.T.);
#13892 = EDGE_CURVE('',#1174,#13102,#13893,.T.);
#13893 = LINE('',#13894,#13895);
#13894 = CARTESIAN_POINT('',(-2.881841684911,-1.886895760465,-19.812));
#13895 = VECTOR('',#13896,1.);
#13896 = DIRECTION('',(0.,0.,1.));
#13897 = ORIENTED_EDGE('',*,*,#13101,.T.);
#13898 = ORIENTED_EDGE('',*,*,#13875,.F.);
#13899 = PLANE('',#13900);
#13900 = AXIS2_PLACEMENT_3D('',#13901,#13902,#13903);
#13901 = CARTESIAN_POINT('',(-2.881841684911,-1.886895760465,-19.812));
#13902 = DIRECTION('',(0.986943994069,-0.161063815211,0.));
#13903 = DIRECTION('',(0.161063815211,0.986943994069,0.));
#13904 = ADVANCED_FACE('',(#13905),#13916,.T.);
#13905 = FACE_BOUND('',#13906,.F.);
#13906 = EDGE_LOOP('',(#13907,#13908,#13914,#13915));
#13907 = ORIENTED_EDGE('',*,*,#1173,.F.);
#13908 = ORIENTED_EDGE('',*,*,#13909,.T.);
#13909 = EDGE_CURVE('',#1166,#13110,#13910,.T.);
#13910 = LINE('',#13911,#13912);
#13911 = CARTESIAN_POINT('',(-2.881841684911,-1.962555325913,-19.812));
#13912 = VECTOR('',#13913,1.);
#13913 = DIRECTION('',(0.,0.,1.));
#13914 = ORIENTED_EDGE('',*,*,#13109,.T.);
#13915 = ORIENTED_EDGE('',*,*,#13892,.F.);
#13916 = PLANE('',#13917);
#13917 = AXIS2_PLACEMENT_3D('',#13918,#13919,#13920);
#13918 = CARTESIAN_POINT('',(-2.881841684911,-1.962555325913,-19.812));
#13919 = DIRECTION('',(1.,0.,0.));
#13920 = DIRECTION('',(-0.,1.,0.));
#13921 = ADVANCED_FACE('',(#13922),#13933,.T.);
#13922 = FACE_BOUND('',#13923,.F.);
#13923 = EDGE_LOOP('',(#13924,#13925,#13931,#13932));
#13924 = ORIENTED_EDGE('',*,*,#1165,.F.);
#13925 = ORIENTED_EDGE('',*,*,#13926,.T.);
#13926 = EDGE_CURVE('',#1158,#13118,#13927,.T.);
#13927 = LINE('',#13928,#13929);
#13928 = CARTESIAN_POINT('',(-2.659591671664,-1.811236195016,-19.812));
#13929 = VECTOR('',#13930,1.);
#13930 = DIRECTION('',(0.,0.,1.));
#13931 = ORIENTED_EDGE('',*,*,#13117,.T.);
#13932 = ORIENTED_EDGE('',*,*,#13909,.F.);
#13933 = PLANE('',#13934);
#13934 = AXIS2_PLACEMENT_3D('',#13935,#13936,#13937);
#13935 = CARTESIAN_POINT('',(-2.659591671664,-1.811236195016,-19.812));
#13936 = DIRECTION('',(-0.562790908322,0.826599294405,0.));
#13937 = DIRECTION('',(-0.826599294405,-0.562790908322,0.));
#13938 = ADVANCED_FACE('',(#13939),#13950,.T.);
#13939 = FACE_BOUND('',#13940,.F.);
#13940 = EDGE_LOOP('',(#13941,#13942,#13948,#13949));
#13941 = ORIENTED_EDGE('',*,*,#1157,.F.);
#13942 = ORIENTED_EDGE('',*,*,#13943,.T.);
#13943 = EDGE_CURVE('',#1150,#13126,#13944,.T.);
#13944 = LINE('',#13945,#13946);
#13945 = CARTESIAN_POINT('',(-2.474383329499,-1.773406412292,-19.812));
#13946 = VECTOR('',#13947,1.);
#13947 = DIRECTION('',(0.,0.,1.));
#13948 = ORIENTED_EDGE('',*,*,#13125,.T.);
#13949 = ORIENTED_EDGE('',*,*,#13926,.F.);
#13950 = PLANE('',#13951);
#13951 = AXIS2_PLACEMENT_3D('',#13952,#13953,#13954);
#13952 = CARTESIAN_POINT('',(-2.474383329499,-1.773406412292,-19.812));
#13953 = DIRECTION('',(-0.200123345899,0.979770711149,0.));
#13954 = DIRECTION('',(-0.979770711149,-0.200123345899,0.));
#13955 = ADVANCED_FACE('',(#13956),#13967,.T.);
#13956 = FACE_BOUND('',#13957,.F.);
#13957 = EDGE_LOOP('',(#13958,#13959,#13965,#13966));
#13958 = ORIENTED_EDGE('',*,*,#1149,.F.);
#13959 = ORIENTED_EDGE('',*,*,#13960,.T.);
#13960 = EDGE_CURVE('',#1142,#13134,#13961,.T.);
#13961 = LINE('',#13962,#13963);
#13962 = CARTESIAN_POINT('',(-2.289175013828,-1.773406412292,-19.812));
#13963 = VECTOR('',#13964,1.);
#13964 = DIRECTION('',(0.,0.,1.));
#13965 = ORIENTED_EDGE('',*,*,#13133,.T.);
#13966 = ORIENTED_EDGE('',*,*,#13943,.F.);
#13967 = PLANE('',#13968);
#13968 = AXIS2_PLACEMENT_3D('',#13969,#13970,#13971);
#13969 = CARTESIAN_POINT('',(-2.289175013828,-1.773406412292,-19.812));
#13970 = DIRECTION('',(0.,1.,0.));
#13971 = DIRECTION('',(-1.,0.,0.));
#13972 = ADVANCED_FACE('',(#13973),#13984,.T.);
#13973 = FACE_BOUND('',#13974,.F.);
#13974 = EDGE_LOOP('',(#13975,#13976,#13982,#13983));
#13975 = ORIENTED_EDGE('',*,*,#1141,.F.);
#13976 = ORIENTED_EDGE('',*,*,#13977,.T.);
#13977 = EDGE_CURVE('',#1134,#13142,#13978,.T.);
#13978 = LINE('',#13979,#13980);
#13979 = CARTESIAN_POINT('',(-2.103966645169,-1.811236195016,-19.812));
#13980 = VECTOR('',#13981,1.);
#13981 = DIRECTION('',(0.,0.,1.));
#13982 = ORIENTED_EDGE('',*,*,#13141,.T.);
#13983 = ORIENTED_EDGE('',*,*,#13960,.F.);
#13984 = PLANE('',#13985);
#13985 = AXIS2_PLACEMENT_3D('',#13986,#13987,#13988);
#13986 = CARTESIAN_POINT('',(-2.103966645169,-1.811236195016,-19.812));
#13987 = DIRECTION('',(0.200123318418,0.979770716763,0.));
#13988 = DIRECTION('',(-0.979770716763,0.200123318418,0.));
#13989 = ADVANCED_FACE('',(#13990),#13996,.T.);
#13990 = FACE_BOUND('',#13991,.F.);
#13991 = EDGE_LOOP('',(#13992,#13993,#13994,#13995));
#13992 = ORIENTED_EDGE('',*,*,#1133,.F.);
#13993 = ORIENTED_EDGE('',*,*,#13333,.T.);
#13994 = ORIENTED_EDGE('',*,*,#13149,.T.);
#13995 = ORIENTED_EDGE('',*,*,#13977,.F.);
#13996 = PLANE('',#13997);
#13997 = AXIS2_PLACEMENT_3D('',#13998,#13999,#14000);
#13998 = CARTESIAN_POINT('',(-1.918758382487,-1.924725543189,-19.812));
#13999 = DIRECTION('',(0.522477073493,0.85265333382,0.));
#14000 = DIRECTION('',(-0.85265333382,0.522477073493,0.));
#14001 = ADVANCED_FACE('',(#14002),#14018,.T.);
#14002 = FACE_BOUND('',#14003,.F.);
#14003 = EDGE_LOOP('',(#14004,#14005,#14011,#14012));
#14004 = ORIENTED_EDGE('',*,*,#1221,.F.);
#14005 = ORIENTED_EDGE('',*,*,#14006,.T.);
#14006 = EDGE_CURVE('',#1214,#13158,#14007,.T.);
#14007 = LINE('',#14008,#14009);
#14008 = CARTESIAN_POINT('',(-1.955800013828,-2.151704239535,-19.812));
#14009 = VECTOR('',#14010,1.);
#14010 = DIRECTION('',(0.,0.,1.));
#14011 = ORIENTED_EDGE('',*,*,#13157,.T.);
#14012 = ORIENTED_EDGE('',*,*,#14013,.F.);
#14013 = EDGE_CURVE('',#1222,#13160,#14014,.T.);
#14014 = LINE('',#14015,#14016);
#14015 = CARTESIAN_POINT('',(-1.918758382487,-2.265193640697,-19.812));
#14016 = VECTOR('',#14017,1.);
#14017 = DIRECTION('',(0.,0.,1.));
#14018 = PLANE('',#14019);
#14019 = AXIS2_PLACEMENT_3D('',#14020,#14021,#14022);
#14020 = CARTESIAN_POINT('',(-1.955800013828,-2.151704239535,-19.812));
#14021 = DIRECTION('',(-0.950645322125,-0.310279666627,0.));
#14022 = DIRECTION('',(0.310279666627,-0.950645322125,0.));
#14023 = ADVANCED_FACE('',(#14024),#14035,.T.);
#14024 = FACE_BOUND('',#14025,.F.);
#14025 = EDGE_LOOP('',(#14026,#14027,#14033,#14034));
#14026 = ORIENTED_EDGE('',*,*,#1211,.F.);
#14027 = ORIENTED_EDGE('',*,*,#14028,.T.);
#14028 = EDGE_CURVE('',#1212,#13168,#14029,.T.);
#14029 = LINE('',#14030,#14031);
#14030 = CARTESIAN_POINT('',(-2.029883382487,-2.076044674087,-19.812));
#14031 = VECTOR('',#14032,1.);
#14032 = DIRECTION('',(0.,0.,1.));
#14033 = ORIENTED_EDGE('',*,*,#13167,.T.);
#14034 = ORIENTED_EDGE('',*,*,#14006,.F.);
#14035 = PLANE('',#14036);
#14036 = AXIS2_PLACEMENT_3D('',#14037,#14038,#14039);
#14037 = CARTESIAN_POINT('',(-2.029883382487,-2.076044674087,-19.812));
#14038 = DIRECTION('',(-0.714510218035,-0.699625005502,0.));
#14039 = DIRECTION('',(0.699625005502,-0.714510218035,0.));
#14040 = ADVANCED_FACE('',(#14041),#14052,.T.);
#14041 = FACE_BOUND('',#14042,.F.);
#14042 = EDGE_LOOP('',(#14043,#14044,#14050,#14051));
#14043 = ORIENTED_EDGE('',*,*,#1365,.F.);
#14044 = ORIENTED_EDGE('',*,*,#14045,.T.);
#14045 = EDGE_CURVE('',#1358,#13176,#14046,.T.);
#14046 = LINE('',#14047,#14048);
#14047 = CARTESIAN_POINT('',(-2.141008382487,-2.000385108638,-19.812));
#14048 = VECTOR('',#14049,1.);
#14049 = DIRECTION('',(0.,0.,1.));
#14050 = ORIENTED_EDGE('',*,*,#13175,.T.);
#14051 = ORIENTED_EDGE('',*,*,#14028,.F.);
#14052 = PLANE('',#14053);
#14053 = AXIS2_PLACEMENT_3D('',#14054,#14055,#14056);
#14054 = CARTESIAN_POINT('',(-2.141008382487,-2.000385108638,-19.812));
#14055 = DIRECTION('',(-0.562790931242,-0.8265992788,0.));
#14056 = DIRECTION('',(0.8265992788,-0.562790931242,0.));
#14057 = ADVANCED_FACE('',(#14058),#14069,.T.);
#14058 = FACE_BOUND('',#14059,.F.);
#14059 = EDGE_LOOP('',(#14060,#14061,#14067,#14068));
#14060 = ORIENTED_EDGE('',*,*,#1357,.F.);
#14061 = ORIENTED_EDGE('',*,*,#14062,.T.);
#14062 = EDGE_CURVE('',#1350,#13184,#14063,.T.);
#14063 = LINE('',#14064,#14065);
#14064 = CARTESIAN_POINT('',(-2.252133329499,-1.962555325913,-19.812));
#14065 = VECTOR('',#14066,1.);
#14066 = DIRECTION('',(0.,0.,1.));
#14067 = ORIENTED_EDGE('',*,*,#13183,.T.);
#14068 = ORIENTED_EDGE('',*,*,#14045,.F.);
#14069 = PLANE('',#14070);
#14070 = AXIS2_PLACEMENT_3D('',#14071,#14072,#14073);
#14071 = CARTESIAN_POINT('',(-2.252133329499,-1.962555325913,-19.812));
#14072 = DIRECTION('',(-0.322263901086,-0.946649870891,0.));
#14073 = DIRECTION('',(0.946649870891,-0.322263901086,0.));
#14074 = ADVANCED_FACE('',(#14075),#14086,.T.);
#14075 = FACE_BOUND('',#14076,.F.);
#14076 = EDGE_LOOP('',(#14077,#14078,#14084,#14085));
#14077 = ORIENTED_EDGE('',*,*,#1349,.F.);
#14078 = ORIENTED_EDGE('',*,*,#14079,.T.);
#14079 = EDGE_CURVE('',#1342,#13192,#14080,.T.);
#14080 = LINE('',#14081,#14082);
#14081 = CARTESIAN_POINT('',(-2.511425013828,-1.962555325913,-19.812));
#14082 = VECTOR('',#14083,1.);
#14083 = DIRECTION('',(0.,0.,1.));
#14084 = ORIENTED_EDGE('',*,*,#13191,.T.);
#14085 = ORIENTED_EDGE('',*,*,#14062,.F.);
#14086 = PLANE('',#14087);
#14087 = AXIS2_PLACEMENT_3D('',#14088,#14089,#14090);
#14088 = CARTESIAN_POINT('',(-2.511425013828,-1.962555325913,-19.812));
#14089 = DIRECTION('',(0.,-1.,0.));
#14090 = DIRECTION('',(1.,0.,0.));
#14091 = ADVANCED_FACE('',(#14092),#14103,.T.);
#14092 = FACE_BOUND('',#14093,.F.);
#14093 = EDGE_LOOP('',(#14094,#14095,#14101,#14102));
#14094 = ORIENTED_EDGE('',*,*,#1341,.F.);
#14095 = ORIENTED_EDGE('',*,*,#14096,.T.);
#14096 = EDGE_CURVE('',#1334,#13200,#14097,.T.);
#14097 = LINE('',#14098,#14099);
#14098 = CARTESIAN_POINT('',(-2.622550013828,-2.000385108638,-19.812));
#14099 = VECTOR('',#14100,1.);
#14100 = DIRECTION('',(0.,0.,1.));
#14101 = ORIENTED_EDGE('',*,*,#13199,.T.);
#14102 = ORIENTED_EDGE('',*,*,#14079,.F.);
#14103 = PLANE('',#14104);
#14104 = AXIS2_PLACEMENT_3D('',#14105,#14106,#14107);
#14105 = CARTESIAN_POINT('',(-2.622550013828,-2.000385108638,-19.812));
#14106 = DIRECTION('',(0.322263763377,-0.94664991777,0.));
#14107 = DIRECTION('',(0.94664991777,0.322263763377,0.));
#14108 = ADVANCED_FACE('',(#14109),#14120,.T.);
#14109 = FACE_BOUND('',#14110,.F.);
#14110 = EDGE_LOOP('',(#14111,#14112,#14118,#14119));
#14111 = ORIENTED_EDGE('',*,*,#1333,.F.);
#14112 = ORIENTED_EDGE('',*,*,#14113,.T.);
#14113 = EDGE_CURVE('',#1326,#13208,#14114,.T.);
#14114 = LINE('',#14115,#14116);
#14115 = CARTESIAN_POINT('',(-2.733675013828,-2.076044674087,-19.812));
#14116 = VECTOR('',#14117,1.);
#14117 = DIRECTION('',(0.,0.,1.));
#14118 = ORIENTED_EDGE('',*,*,#13207,.T.);
#14119 = ORIENTED_EDGE('',*,*,#14096,.F.);
#14120 = PLANE('',#14121);
#14121 = AXIS2_PLACEMENT_3D('',#14122,#14123,#14124);
#14122 = CARTESIAN_POINT('',(-2.733675013828,-2.076044674087,-19.812));
#14123 = DIRECTION('',(0.562790931242,-0.8265992788,0.));
#14124 = DIRECTION('',(0.8265992788,0.562790931242,0.));
#14125 = ADVANCED_FACE('',(#14126),#14137,.T.);
#14126 = FACE_BOUND('',#14127,.F.);
#14127 = EDGE_LOOP('',(#14128,#14129,#14135,#14136));
#14128 = ORIENTED_EDGE('',*,*,#1325,.F.);
#14129 = ORIENTED_EDGE('',*,*,#14130,.T.);
#14130 = EDGE_CURVE('',#1318,#13216,#14131,.T.);
#14131 = LINE('',#14132,#14133);
#14132 = CARTESIAN_POINT('',(-2.807758355993,-2.151704239535,-19.812));
#14133 = VECTOR('',#14134,1.);
#14134 = DIRECTION('',(0.,0.,1.));
#14135 = ORIENTED_EDGE('',*,*,#13215,.T.);
#14136 = ORIENTED_EDGE('',*,*,#14113,.F.);
#14137 = PLANE('',#14138);
#14138 = AXIS2_PLACEMENT_3D('',#14139,#14140,#14141);
#14139 = CARTESIAN_POINT('',(-2.807758355993,-2.151704239535,-19.812));
#14140 = DIRECTION('',(0.71451034311,-0.699624877766,0.));
#14141 = DIRECTION('',(0.699624877766,0.71451034311,0.));
#14142 = ADVANCED_FACE('',(#14143),#14154,.T.);
#14143 = FACE_BOUND('',#14144,.F.);
#14144 = EDGE_LOOP('',(#14145,#14146,#14152,#14153));
#14145 = ORIENTED_EDGE('',*,*,#1317,.F.);
#14146 = ORIENTED_EDGE('',*,*,#14147,.T.);
#14147 = EDGE_CURVE('',#1310,#13224,#14148,.T.);
#14148 = LINE('',#14149,#14150);
#14149 = CARTESIAN_POINT('',(-2.844800013828,-2.265193640697,-19.812));
#14150 = VECTOR('',#14151,1.);
#14151 = DIRECTION('',(0.,0.,1.));
#14152 = ORIENTED_EDGE('',*,*,#13223,.T.);
#14153 = ORIENTED_EDGE('',*,*,#14130,.F.);
#14154 = PLANE('',#14155);
#14155 = AXIS2_PLACEMENT_3D('',#14156,#14157,#14158);
#14156 = CARTESIAN_POINT('',(-2.844800013828,-2.265193640697,-19.812));
#14157 = DIRECTION('',(0.950645256663,-0.310279867191,0.));
#14158 = DIRECTION('',(0.310279867191,0.950645256663,0.));
#14159 = ADVANCED_FACE('',(#14160),#14171,.T.);
#14160 = FACE_BOUND('',#14161,.F.);
#14161 = EDGE_LOOP('',(#14162,#14163,#14169,#14170));
#14162 = ORIENTED_EDGE('',*,*,#1309,.F.);
#14163 = ORIENTED_EDGE('',*,*,#14164,.T.);
#14164 = EDGE_CURVE('',#1302,#13232,#14165,.T.);
#14165 = LINE('',#14166,#14167);
#14166 = CARTESIAN_POINT('',(-2.844800013828,-2.37868298887,-19.812));
#14167 = VECTOR('',#14168,1.);
#14168 = DIRECTION('',(0.,0.,1.));
#14169 = ORIENTED_EDGE('',*,*,#13231,.T.);
#14170 = ORIENTED_EDGE('',*,*,#14147,.F.);
#14171 = PLANE('',#14172);
#14172 = AXIS2_PLACEMENT_3D('',#14173,#14174,#14175);
#14173 = CARTESIAN_POINT('',(-2.844800013828,-2.37868298887,-19.812));
#14174 = DIRECTION('',(1.,0.,0.));
#14175 = DIRECTION('',(-0.,1.,0.));
#14176 = ADVANCED_FACE('',(#14177),#14188,.T.);
#14177 = FACE_BOUND('',#14178,.F.);
#14178 = EDGE_LOOP('',(#14179,#14180,#14186,#14187));
#14179 = ORIENTED_EDGE('',*,*,#1301,.F.);
#14180 = ORIENTED_EDGE('',*,*,#14181,.T.);
#14181 = EDGE_CURVE('',#1294,#13240,#14182,.T.);
#14182 = LINE('',#14183,#14184);
#14183 = CARTESIAN_POINT('',(-2.807758355993,-2.492172337043,-19.812));
#14184 = VECTOR('',#14185,1.);
#14185 = DIRECTION('',(0.,0.,1.));
#14186 = ORIENTED_EDGE('',*,*,#13239,.T.);
#14187 = ORIENTED_EDGE('',*,*,#14164,.F.);
#14188 = PLANE('',#14189);
#14189 = AXIS2_PLACEMENT_3D('',#14190,#14191,#14192);
#14190 = CARTESIAN_POINT('',(-2.807758355993,-2.492172337043,-19.812));
#14191 = DIRECTION('',(0.950645213931,0.310279998114,0.));
#14192 = DIRECTION('',(-0.310279998114,0.950645213931,0.));
#14193 = ADVANCED_FACE('',(#14194),#14205,.T.);
#14194 = FACE_BOUND('',#14195,.F.);
#14195 = EDGE_LOOP('',(#14196,#14197,#14203,#14204));
#14196 = ORIENTED_EDGE('',*,*,#1293,.F.);
#14197 = ORIENTED_EDGE('',*,*,#14198,.T.);
#14198 = EDGE_CURVE('',#1286,#13248,#14199,.T.);
#14199 = LINE('',#14200,#14201);
#14200 = CARTESIAN_POINT('',(-2.733675013828,-2.605661711711,-19.812));
#14201 = VECTOR('',#14202,1.);
#14202 = DIRECTION('',(0.,0.,1.));
#14203 = ORIENTED_EDGE('',*,*,#13247,.T.);
#14204 = ORIENTED_EDGE('',*,*,#14181,.F.);
#14205 = PLANE('',#14206);
#14206 = AXIS2_PLACEMENT_3D('',#14207,#14208,#14209);
#14207 = CARTESIAN_POINT('',(-2.733675013828,-2.605661711711,-19.812));
#14208 = DIRECTION('',(0.837379149126,0.546622502839,0.));
#14209 = DIRECTION('',(-0.546622502839,0.837379149126,0.));
#14210 = ADVANCED_FACE('',(#14211),#14222,.T.);
#14211 = FACE_BOUND('',#14212,.F.);
#14212 = EDGE_LOOP('',(#14213,#14214,#14220,#14221));
#14213 = ORIENTED_EDGE('',*,*,#1285,.F.);
#14214 = ORIENTED_EDGE('',*,*,#14215,.T.);
#14215 = EDGE_CURVE('',#1278,#13256,#14216,.T.);
#14216 = LINE('',#14217,#14218);
#14217 = CARTESIAN_POINT('',(-2.622550013828,-2.681321277159,-19.812));
#14218 = VECTOR('',#14219,1.);
#14219 = DIRECTION('',(0.,0.,1.));
#14220 = ORIENTED_EDGE('',*,*,#13255,.T.);
#14221 = ORIENTED_EDGE('',*,*,#14198,.F.);
#14222 = PLANE('',#14223);
#14223 = AXIS2_PLACEMENT_3D('',#14224,#14225,#14226);
#14224 = CARTESIAN_POINT('',(-2.622550013828,-2.681321277159,-19.812));
#14225 = DIRECTION('',(0.562790931242,0.8265992788,0.));
#14226 = DIRECTION('',(-0.8265992788,0.562790931242,0.));
#14227 = ADVANCED_FACE('',(#14228),#14239,.T.);
#14228 = FACE_BOUND('',#14229,.F.);
#14229 = EDGE_LOOP('',(#14230,#14231,#14237,#14238));
#14230 = ORIENTED_EDGE('',*,*,#1277,.F.);
#14231 = ORIENTED_EDGE('',*,*,#14232,.T.);
#14232 = EDGE_CURVE('',#1270,#13264,#14233,.T.);
#14233 = LINE('',#14234,#14235);
#14234 = CARTESIAN_POINT('',(-2.511425013828,-2.719151059884,-19.812));
#14235 = VECTOR('',#14236,1.);
#14236 = DIRECTION('',(0.,0.,1.));
#14237 = ORIENTED_EDGE('',*,*,#13263,.T.);
#14238 = ORIENTED_EDGE('',*,*,#14215,.F.);
#14239 = PLANE('',#14240);
#14240 = AXIS2_PLACEMENT_3D('',#14241,#14242,#14243);
#14241 = CARTESIAN_POINT('',(-2.511425013828,-2.719151059884,-19.812));
#14242 = DIRECTION('',(0.322263763377,0.94664991777,0.));
#14243 = DIRECTION('',(-0.94664991777,0.322263763377,0.));
#14244 = ADVANCED_FACE('',(#14245),#14256,.T.);
#14245 = FACE_BOUND('',#14246,.F.);
#14246 = EDGE_LOOP('',(#14247,#14248,#14254,#14255));
#14247 = ORIENTED_EDGE('',*,*,#1269,.F.);
#14248 = ORIENTED_EDGE('',*,*,#14249,.T.);
#14249 = EDGE_CURVE('',#1262,#13272,#14250,.T.);
#14250 = LINE('',#14251,#14252);
#14251 = CARTESIAN_POINT('',(-2.252133329499,-2.719151059884,-19.812));
#14252 = VECTOR('',#14253,1.);
#14253 = DIRECTION('',(0.,0.,1.));
#14254 = ORIENTED_EDGE('',*,*,#13271,.T.);
#14255 = ORIENTED_EDGE('',*,*,#14232,.F.);
#14256 = PLANE('',#14257);
#14257 = AXIS2_PLACEMENT_3D('',#14258,#14259,#14260);
#14258 = CARTESIAN_POINT('',(-2.252133329499,-2.719151059884,-19.812));
#14259 = DIRECTION('',(0.,1.,0.));
#14260 = DIRECTION('',(-1.,0.,0.));
#14261 = ADVANCED_FACE('',(#14262),#14273,.T.);
#14262 = FACE_BOUND('',#14263,.F.);
#14263 = EDGE_LOOP('',(#14264,#14265,#14271,#14272));
#14264 = ORIENTED_EDGE('',*,*,#1261,.F.);
#14265 = ORIENTED_EDGE('',*,*,#14266,.T.);
#14266 = EDGE_CURVE('',#1254,#13280,#14267,.T.);
#14267 = LINE('',#14268,#14269);
#14268 = CARTESIAN_POINT('',(-2.141008382487,-2.681321277159,-19.812));
#14269 = VECTOR('',#14270,1.);
#14270 = DIRECTION('',(0.,0.,1.));
#14271 = ORIENTED_EDGE('',*,*,#13279,.T.);
#14272 = ORIENTED_EDGE('',*,*,#14249,.F.);
#14273 = PLANE('',#14274);
#14274 = AXIS2_PLACEMENT_3D('',#14275,#14276,#14277);
#14275 = CARTESIAN_POINT('',(-2.141008382487,-2.681321277159,-19.812));
#14276 = DIRECTION('',(-0.322263901086,0.946649870891,0.));
#14277 = DIRECTION('',(-0.946649870891,-0.322263901086,0.));
#14278 = ADVANCED_FACE('',(#14279),#14290,.T.);
#14279 = FACE_BOUND('',#14280,.F.);
#14280 = EDGE_LOOP('',(#14281,#14282,#14288,#14289));
#14281 = ORIENTED_EDGE('',*,*,#1253,.F.);
#14282 = ORIENTED_EDGE('',*,*,#14283,.T.);
#14283 = EDGE_CURVE('',#1246,#13288,#14284,.T.);
#14284 = LINE('',#14285,#14286);
#14285 = CARTESIAN_POINT('',(-2.029883382487,-2.605661711711,-19.812));
#14286 = VECTOR('',#14287,1.);
#14287 = DIRECTION('',(0.,0.,1.));
#14288 = ORIENTED_EDGE('',*,*,#13287,.T.);
#14289 = ORIENTED_EDGE('',*,*,#14266,.F.);
#14290 = PLANE('',#14291);
#14291 = AXIS2_PLACEMENT_3D('',#14292,#14293,#14294);
#14292 = CARTESIAN_POINT('',(-2.029883382487,-2.605661711711,-19.812));
#14293 = DIRECTION('',(-0.562790931242,0.8265992788,0.));
#14294 = DIRECTION('',(-0.8265992788,-0.562790931242,0.));
#14295 = ADVANCED_FACE('',(#14296),#14307,.T.);
#14296 = FACE_BOUND('',#14297,.F.);
#14297 = EDGE_LOOP('',(#14298,#14299,#14305,#14306));
#14298 = ORIENTED_EDGE('',*,*,#1245,.F.);
#14299 = ORIENTED_EDGE('',*,*,#14300,.T.);
#14300 = EDGE_CURVE('',#1238,#13296,#14301,.T.);
#14301 = LINE('',#14302,#14303);
#14302 = CARTESIAN_POINT('',(-1.955800013828,-2.492172337043,-19.812));
#14303 = VECTOR('',#14304,1.);
#14304 = DIRECTION('',(0.,0.,1.));
#14305 = ORIENTED_EDGE('',*,*,#13295,.T.);
#14306 = ORIENTED_EDGE('',*,*,#14283,.F.);
#14307 = PLANE('',#14308);
#14308 = AXIS2_PLACEMENT_3D('',#14309,#14310,#14311);
#14309 = CARTESIAN_POINT('',(-1.955800013828,-2.492172337043,-19.812));
#14310 = DIRECTION('',(-0.837379059645,0.546622639915,0.));
#14311 = DIRECTION('',(-0.546622639915,-0.837379059645,0.));
#14312 = ADVANCED_FACE('',(#14313),#14324,.T.);
#14313 = FACE_BOUND('',#14314,.F.);
#14314 = EDGE_LOOP('',(#14315,#14316,#14322,#14323));
#14315 = ORIENTED_EDGE('',*,*,#1237,.F.);
#14316 = ORIENTED_EDGE('',*,*,#14317,.T.);
#14317 = EDGE_CURVE('',#1230,#13304,#14318,.T.);
#14318 = LINE('',#14319,#14320);
#14319 = CARTESIAN_POINT('',(-1.918758382487,-2.37868298887,-19.812));
#14320 = VECTOR('',#14321,1.);
#14321 = DIRECTION('',(0.,0.,1.));
#14322 = ORIENTED_EDGE('',*,*,#13303,.T.);
#14323 = ORIENTED_EDGE('',*,*,#14300,.F.);
#14324 = PLANE('',#14325);
#14325 = AXIS2_PLACEMENT_3D('',#14326,#14327,#14328);
#14326 = CARTESIAN_POINT('',(-1.918758382487,-2.37868298887,-19.812));
#14327 = DIRECTION('',(-0.950645279393,0.310279797551,0.));
#14328 = DIRECTION('',(-0.310279797551,-0.950645279393,0.));
#14329 = ADVANCED_FACE('',(#14330),#14336,.T.);
#14330 = FACE_BOUND('',#14331,.F.);
#14331 = EDGE_LOOP('',(#14332,#14333,#14334,#14335));
#14332 = ORIENTED_EDGE('',*,*,#1229,.F.);
#14333 = ORIENTED_EDGE('',*,*,#14013,.T.);
#14334 = ORIENTED_EDGE('',*,*,#13311,.T.);
#14335 = ORIENTED_EDGE('',*,*,#14317,.F.);
#14336 = PLANE('',#14337);
#14337 = AXIS2_PLACEMENT_3D('',#14338,#14339,#14340);
#14338 = CARTESIAN_POINT('',(-1.918758382487,-2.265193640697,-19.812));
#14339 = DIRECTION('',(-1.,0.,0.));
#14340 = DIRECTION('',(0.,-1.,0.));
#14341 = ( GEOMETRIC_REPRESENTATION_CONTEXT(3) 
GLOBAL_UNCERTAINTY_ASSIGNED_CONTEXT((#14345)) 
GLOBAL_UNIT_ASSIGNED_CONTEXT((#14342,#14343,#14344)) 
REPRESENTATION_CONTEXT('Context #1',
  '3D Context with UNIT and UNCERTAINTY') );
#14342 = ( LENGTH_UNIT() NAMED_UNIT(*) SI_UNIT(.MILLI.,.METRE.) );
#14343 = ( NAMED_UNIT(*) PLANE_ANGLE_UNIT() SI_UNIT($,.RADIAN.) );
#14344 = ( NAMED_UNIT(*) SI_UNIT($,.STERADIAN.) SOLID_ANGLE_UNIT() );
#14345 = UNCERTAINTY_MEASURE_WITH_UNIT(LENGTH_MEASURE(1.E-06),#14342,
  'distance_accuracy_value','confusion accuracy');
#14346 = PRODUCT_RELATED_PRODUCT_CATEGORY('part',$,(#7));
#14347 = REPRESENTATION('material name',(#14348),#14341);
#14348 = DESCRIPTIVE_REPRESENTATION_ITEM('PTC_MODIFIED','NO');
#14349 = PROPERTY_DEFINITION('material property','material name',#5);
#14350 = PROPERTY_DEFINITION_REPRESENTATION(#14349,#14347);
#14351 = MECHANICAL_DESIGN_GEOMETRIC_PRESENTATION_REPRESENTATION('',(
    #14352,#14360,#14367,#14374,#14381,#14388,#14395,#14402,#14409,
    #14416,#14423,#14430,#14437,#14444,#14451,#14458,#14465,#14472,
    #14480,#14487,#14494,#14501,#14508,#14515,#14522,#14529,#14536,
    #14543,#14550,#14557,#14564,#14571,#14578,#14585,#14592,#14599,
    #14606,#14613,#14620,#14627,#14634,#14641,#14648,#14655,#14662,
    #14669,#14676,#14683,#14690,#14697,#14704,#14711,#14718,#14725,
    #14732,#14739,#14746,#14753,#14760,#14767,#14774,#14781,#14788,
    #14795,#14802,#14809,#14816,#14823,#14830,#14837,#14844,#14851,
    #14858,#14865,#14872,#14879,#14886,#14893,#14900,#14907,#14914,
    #14921,#14928,#14935,#14942,#14949,#14956,#14963,#14970,#14977,
    #14984,#14991,#14998,#15005,#15012,#15019,#15026,#15033,#15040,
    #15047,#15054,#15061,#15068,#15075,#15082,#15089,#15096,#15103,
    #15110,#15117,#15124,#15131,#15138,#15145,#15152,#15159,#15166,
    #15173,#15180,#15187,#15194,#15201,#15208,#15215,#15222,#15229,
    #15236,#15243,#15250,#15257,#15264,#15271,#15278,#15285,#15292,
    #15299,#15306,#15313,#15320,#15327,#15334,#15341,#15348,#15355,
    #15362,#15369,#15376,#15383,#15390,#15397,#15404,#15411,#15418,
    #15425,#15432,#15439,#15446,#15453,#15460,#15467,#15474,#15481,
    #15488,#15495,#15502,#15509,#15516,#15523,#15530,#15537,#15544,
    #15551,#15558,#15565,#15572,#15579,#15586,#15593,#15600,#15607,
    #15614,#15621,#15628,#15635,#15642,#15649,#15656,#15663,#15670,
    #15677,#15684,#15691,#15698,#15705,#15712,#15719,#15726,#15733,
    #15740,#15747,#15754,#15761,#15768,#15775,#15782,#15789,#15796,
    #15803,#15810,#15817,#15824,#15831,#15838,#15845,#15852,#15859,
    #15866,#15873,#15880,#15887,#15894,#15901,#15908,#15915,#15922,
    #15929,#15936,#15943,#15950,#15957,#15964,#15971,#15978,#15985,
    #15992,#15999,#16006,#16013,#16020,#16027,#16034,#16041,#16048,
    #16055,#16062,#16069,#16076,#16083,#16090,#16097,#16104,#16111,
    #16118,#16125,#16132,#16139,#16146,#16153,#16160,#16167,#16175,
    #16182,#16189,#16196,#16203,#16210,#16217,#16224,#16231,#16238,
    #16245,#16252,#16259,#16266,#16273,#16280,#16287,#16294,#16302,
    #16309,#16316,#16323,#16330,#16337,#16344,#16351,#16358,#16365,
    #16372,#16379,#16386,#16393,#16400,#16407,#16414,#16421,#16428,
    #16435,#16442,#16449,#16456,#16463,#16470,#16477,#16484,#16491,
    #16498,#16505,#16512,#16519,#16526,#16533,#16540,#16547,#16554,
    #16561,#16568,#16575,#16582,#16589,#16596,#16603,#16610,#16617,
    #16624,#16631,#16638,#16645,#16652,#16659,#16666,#16673,#16680,
    #16687,#16694,#16701,#16708,#16715,#16722,#16729,#16736,#16743,
    #16750,#16757,#16764,#16771,#16778,#16785,#16792,#16799,#16806,
    #16813,#16820,#16827,#16834,#16841,#16848,#16855,#16862,#16869,
    #16876,#16883,#16890,#16897,#16904,#16911,#16918,#16925,#16932,
    #16939,#16946,#16953,#16960,#16967,#16974,#16981,#16988,#16995,
    #17002,#17009,#17016,#17023,#17030,#17037,#17044,#17051,#17058,
    #17065,#17072,#17079,#17086,#17093,#17100,#17107,#17114,#17121,
    #17128,#17135,#17142,#17149,#17156,#17163,#17170,#17177,#17184,
    #17191,#17198,#17205,#17212,#17219),#14341);
#14352 = STYLED_ITEM('color',(#14353),#15);
#14353 = PRESENTATION_STYLE_ASSIGNMENT((#14354));
#14354 = SURFACE_STYLE_USAGE(.BOTH.,#14355);
#14355 = SURFACE_SIDE_STYLE('',(#14356));
#14356 = SURFACE_STYLE_FILL_AREA(#14357);
#14357 = FILL_AREA_STYLE('',(#14358));
#14358 = FILL_AREA_STYLE_COLOUR('',#14359);
#14359 = COLOUR_RGB('',0.55000000909,0.56000001326,0.580000000354);
#14360 = OVER_RIDING_STYLED_ITEM('overriding color',(#14361),#17,#14352
  );
#14361 = PRESENTATION_STYLE_ASSIGNMENT((#14362));
#14362 = SURFACE_STYLE_USAGE(.BOTH.,#14363);
#14363 = SURFACE_SIDE_STYLE('',(#14364));
#14364 = SURFACE_STYLE_FILL_AREA(#14365);
#14365 = FILL_AREA_STYLE('',(#14366));
#14366 = FILL_AREA_STYLE_COLOUR('',#14359);
#14367 = OVER_RIDING_STYLED_ITEM('overriding color',(#14368),#307,#14352
  );
#14368 = PRESENTATION_STYLE_ASSIGNMENT((#14369));
#14369 = SURFACE_STYLE_USAGE(.BOTH.,#14370);
#14370 = SURFACE_SIDE_STYLE('',(#14371));
#14371 = SURFACE_STYLE_FILL_AREA(#14372);
#14372 = FILL_AREA_STYLE('',(#14373));
#14373 = FILL_AREA_STYLE_COLOUR('',#14359);
#14374 = OVER_RIDING_STYLED_ITEM('overriding color',(#14375),#355,#14352
  );
#14375 = PRESENTATION_STYLE_ASSIGNMENT((#14376));
#14376 = SURFACE_STYLE_USAGE(.BOTH.,#14377);
#14377 = SURFACE_SIDE_STYLE('',(#14378));
#14378 = SURFACE_STYLE_FILL_AREA(#14379);
#14379 = FILL_AREA_STYLE('',(#14380));
#14380 = FILL_AREA_STYLE_COLOUR('',#14359);
#14381 = OVER_RIDING_STYLED_ITEM('overriding color',(#14382),#379,#14352
  );
#14382 = PRESENTATION_STYLE_ASSIGNMENT((#14383));
#14383 = SURFACE_STYLE_USAGE(.BOTH.,#14384);
#14384 = SURFACE_SIDE_STYLE('',(#14385));
#14385 = SURFACE_STYLE_FILL_AREA(#14386);
#14386 = FILL_AREA_STYLE('',(#14387));
#14387 = FILL_AREA_STYLE_COLOUR('',#14359);
#14388 = OVER_RIDING_STYLED_ITEM('overriding color',(#14389),#410,#14352
  );
#14389 = PRESENTATION_STYLE_ASSIGNMENT((#14390));
#14390 = SURFACE_STYLE_USAGE(.BOTH.,#14391);
#14391 = SURFACE_SIDE_STYLE('',(#14392));
#14392 = SURFACE_STYLE_FILL_AREA(#14393);
#14393 = FILL_AREA_STYLE('',(#14394));
#14394 = FILL_AREA_STYLE_COLOUR('',#14359);
#14395 = OVER_RIDING_STYLED_ITEM('overriding color',(#14396),#435,#14352
  );
#14396 = PRESENTATION_STYLE_ASSIGNMENT((#14397));
#14397 = SURFACE_STYLE_USAGE(.BOTH.,#14398);
#14398 = SURFACE_SIDE_STYLE('',(#14399));
#14399 = SURFACE_STYLE_FILL_AREA(#14400);
#14400 = FILL_AREA_STYLE('',(#14401));
#14401 = FILL_AREA_STYLE_COLOUR('',#14359);
#14402 = OVER_RIDING_STYLED_ITEM('overriding color',(#14403),#459,#14352
  );
#14403 = PRESENTATION_STYLE_ASSIGNMENT((#14404));
#14404 = SURFACE_STYLE_USAGE(.BOTH.,#14405);
#14405 = SURFACE_SIDE_STYLE('',(#14406));
#14406 = SURFACE_STYLE_FILL_AREA(#14407);
#14407 = FILL_AREA_STYLE('',(#14408));
#14408 = FILL_AREA_STYLE_COLOUR('',#14359);
#14409 = OVER_RIDING_STYLED_ITEM('overriding color',(#14410),#484,#14352
  );
#14410 = PRESENTATION_STYLE_ASSIGNMENT((#14411));
#14411 = SURFACE_STYLE_USAGE(.BOTH.,#14412);
#14412 = SURFACE_SIDE_STYLE('',(#14413));
#14413 = SURFACE_STYLE_FILL_AREA(#14414);
#14414 = FILL_AREA_STYLE('',(#14415));
#14415 = FILL_AREA_STYLE_COLOUR('',#14359);
#14416 = OVER_RIDING_STYLED_ITEM('overriding color',(#14417),#508,#14352
  );
#14417 = PRESENTATION_STYLE_ASSIGNMENT((#14418));
#14418 = SURFACE_STYLE_USAGE(.BOTH.,#14419);
#14419 = SURFACE_SIDE_STYLE('',(#14420));
#14420 = SURFACE_STYLE_FILL_AREA(#14421);
#14421 = FILL_AREA_STYLE('',(#14422));
#14422 = FILL_AREA_STYLE_COLOUR('',#14359);
#14423 = OVER_RIDING_STYLED_ITEM('overriding color',(#14424),#533,#14352
  );
#14424 = PRESENTATION_STYLE_ASSIGNMENT((#14425));
#14425 = SURFACE_STYLE_USAGE(.BOTH.,#14426);
#14426 = SURFACE_SIDE_STYLE('',(#14427));
#14427 = SURFACE_STYLE_FILL_AREA(#14428);
#14428 = FILL_AREA_STYLE('',(#14429));
#14429 = FILL_AREA_STYLE_COLOUR('',#14359);
#14430 = OVER_RIDING_STYLED_ITEM('overriding color',(#14431),#557,#14352
  );
#14431 = PRESENTATION_STYLE_ASSIGNMENT((#14432));
#14432 = SURFACE_STYLE_USAGE(.BOTH.,#14433);
#14433 = SURFACE_SIDE_STYLE('',(#14434));
#14434 = SURFACE_STYLE_FILL_AREA(#14435);
#14435 = FILL_AREA_STYLE('',(#14436));
#14436 = FILL_AREA_STYLE_COLOUR('',#14359);
#14437 = OVER_RIDING_STYLED_ITEM('overriding color',(#14438),#575,#14352
  );
#14438 = PRESENTATION_STYLE_ASSIGNMENT((#14439));
#14439 = SURFACE_STYLE_USAGE(.BOTH.,#14440);
#14440 = SURFACE_SIDE_STYLE('',(#14441));
#14441 = SURFACE_STYLE_FILL_AREA(#14442);
#14442 = FILL_AREA_STYLE('',(#14443));
#14443 = FILL_AREA_STYLE_COLOUR('',#14359);
#14444 = OVER_RIDING_STYLED_ITEM('overriding color',(#14445),#607,#14352
  );
#14445 = PRESENTATION_STYLE_ASSIGNMENT((#14446));
#14446 = SURFACE_STYLE_USAGE(.BOTH.,#14447);
#14447 = SURFACE_SIDE_STYLE('',(#14448));
#14448 = SURFACE_STYLE_FILL_AREA(#14449);
#14449 = FILL_AREA_STYLE('',(#14450));
#14450 = FILL_AREA_STYLE_COLOUR('',#14359);
#14451 = OVER_RIDING_STYLED_ITEM('overriding color',(#14452),#641,#14352
  );
#14452 = PRESENTATION_STYLE_ASSIGNMENT((#14453));
#14453 = SURFACE_STYLE_USAGE(.BOTH.,#14454);
#14454 = SURFACE_SIDE_STYLE('',(#14455));
#14455 = SURFACE_STYLE_FILL_AREA(#14456);
#14456 = FILL_AREA_STYLE('',(#14457));
#14457 = FILL_AREA_STYLE_COLOUR('',#14359);
#14458 = OVER_RIDING_STYLED_ITEM('overriding color',(#14459),#1207,
  #14352);
#14459 = PRESENTATION_STYLE_ASSIGNMENT((#14460));
#14460 = SURFACE_STYLE_USAGE(.BOTH.,#14461);
#14461 = SURFACE_SIDE_STYLE('',(#14462));
#14462 = SURFACE_STYLE_FILL_AREA(#14463);
#14463 = FILL_AREA_STYLE('',(#14464));
#14464 = FILL_AREA_STYLE_COLOUR('',#14359);
#14465 = OVER_RIDING_STYLED_ITEM('overriding color',(#14466),#1375,
  #14352);
#14466 = PRESENTATION_STYLE_ASSIGNMENT((#14467));
#14467 = SURFACE_STYLE_USAGE(.BOTH.,#14468);
#14468 = SURFACE_SIDE_STYLE('',(#14469));
#14469 = SURFACE_STYLE_FILL_AREA(#14470);
#14470 = FILL_AREA_STYLE('',(#14471));
#14471 = FILL_AREA_STYLE_COLOUR('',#14359);
#14472 = OVER_RIDING_STYLED_ITEM('overriding color',(#14473),#1407,
  #14352);
#14473 = PRESENTATION_STYLE_ASSIGNMENT((#14474));
#14474 = SURFACE_STYLE_USAGE(.BOTH.,#14475);
#14475 = SURFACE_SIDE_STYLE('',(#14476));
#14476 = SURFACE_STYLE_FILL_AREA(#14477);
#14477 = FILL_AREA_STYLE('',(#14478));
#14478 = FILL_AREA_STYLE_COLOUR('',#14479);
#14479 = COLOUR_RGB('',0.800000010877,0.800000010877,0.819999987296);
#14480 = OVER_RIDING_STYLED_ITEM('overriding color',(#14481),#1443,
  #14352);
#14481 = PRESENTATION_STYLE_ASSIGNMENT((#14482));
#14482 = SURFACE_STYLE_USAGE(.BOTH.,#14483);
#14483 = SURFACE_SIDE_STYLE('',(#14484));
#14484 = SURFACE_STYLE_FILL_AREA(#14485);
#14485 = FILL_AREA_STYLE('',(#14486));
#14486 = FILL_AREA_STYLE_COLOUR('',#14479);
#14487 = OVER_RIDING_STYLED_ITEM('overriding color',(#14488),#1489,
  #14352);
#14488 = PRESENTATION_STYLE_ASSIGNMENT((#14489));
#14489 = SURFACE_STYLE_USAGE(.BOTH.,#14490);
#14490 = SURFACE_SIDE_STYLE('',(#14491));
#14491 = SURFACE_STYLE_FILL_AREA(#14492);
#14492 = FILL_AREA_STYLE('',(#14493));
#14493 = FILL_AREA_STYLE_COLOUR('',#14479);
#14494 = OVER_RIDING_STYLED_ITEM('overriding color',(#14495),#1535,
  #14352);
#14495 = PRESENTATION_STYLE_ASSIGNMENT((#14496));
#14496 = SURFACE_STYLE_USAGE(.BOTH.,#14497);
#14497 = SURFACE_SIDE_STYLE('',(#14498));
#14498 = SURFACE_STYLE_FILL_AREA(#14499);
#14499 = FILL_AREA_STYLE('',(#14500));
#14500 = FILL_AREA_STYLE_COLOUR('',#14479);
#14501 = OVER_RIDING_STYLED_ITEM('overriding color',(#14502),#1581,
  #14352);
#14502 = PRESENTATION_STYLE_ASSIGNMENT((#14503));
#14503 = SURFACE_STYLE_USAGE(.BOTH.,#14504);
#14504 = SURFACE_SIDE_STYLE('',(#14505));
#14505 = SURFACE_STYLE_FILL_AREA(#14506);
#14506 = FILL_AREA_STYLE('',(#14507));
#14507 = FILL_AREA_STYLE_COLOUR('',#14479);
#14508 = OVER_RIDING_STYLED_ITEM('overriding color',(#14509),#1627,
  #14352);
#14509 = PRESENTATION_STYLE_ASSIGNMENT((#14510));
#14510 = SURFACE_STYLE_USAGE(.BOTH.,#14511);
#14511 = SURFACE_SIDE_STYLE('',(#14512));
#14512 = SURFACE_STYLE_FILL_AREA(#14513);
#14513 = FILL_AREA_STYLE('',(#14514));
#14514 = FILL_AREA_STYLE_COLOUR('',#14479);
#14515 = OVER_RIDING_STYLED_ITEM('overriding color',(#14516),#1673,
  #14352);
#14516 = PRESENTATION_STYLE_ASSIGNMENT((#14517));
#14517 = SURFACE_STYLE_USAGE(.BOTH.,#14518);
#14518 = SURFACE_SIDE_STYLE('',(#14519));
#14519 = SURFACE_STYLE_FILL_AREA(#14520);
#14520 = FILL_AREA_STYLE('',(#14521));
#14521 = FILL_AREA_STYLE_COLOUR('',#14359);
#14522 = OVER_RIDING_STYLED_ITEM('overriding color',(#14523),#1685,
  #14352);
#14523 = PRESENTATION_STYLE_ASSIGNMENT((#14524));
#14524 = SURFACE_STYLE_USAGE(.BOTH.,#14525);
#14525 = SURFACE_SIDE_STYLE('',(#14526));
#14526 = SURFACE_STYLE_FILL_AREA(#14527);
#14527 = FILL_AREA_STYLE('',(#14528));
#14528 = FILL_AREA_STYLE_COLOUR('',#14359);
#14529 = OVER_RIDING_STYLED_ITEM('overriding color',(#14530),#1707,
  #14352);
#14530 = PRESENTATION_STYLE_ASSIGNMENT((#14531));
#14531 = SURFACE_STYLE_USAGE(.BOTH.,#14532);
#14532 = SURFACE_SIDE_STYLE('',(#14533));
#14533 = SURFACE_STYLE_FILL_AREA(#14534);
#14534 = FILL_AREA_STYLE('',(#14535));
#14535 = FILL_AREA_STYLE_COLOUR('',#14359);
#14536 = OVER_RIDING_STYLED_ITEM('overriding color',(#14537),#1719,
  #14352);
#14537 = PRESENTATION_STYLE_ASSIGNMENT((#14538));
#14538 = SURFACE_STYLE_USAGE(.BOTH.,#14539);
#14539 = SURFACE_SIDE_STYLE('',(#14540));
#14540 = SURFACE_STYLE_FILL_AREA(#14541);
#14541 = FILL_AREA_STYLE('',(#14542));
#14542 = FILL_AREA_STYLE_COLOUR('',#14359);
#14543 = OVER_RIDING_STYLED_ITEM('overriding color',(#14544),#1741,
  #14352);
#14544 = PRESENTATION_STYLE_ASSIGNMENT((#14545));
#14545 = SURFACE_STYLE_USAGE(.BOTH.,#14546);
#14546 = SURFACE_SIDE_STYLE('',(#14547));
#14547 = SURFACE_STYLE_FILL_AREA(#14548);
#14548 = FILL_AREA_STYLE('',(#14549));
#14549 = FILL_AREA_STYLE_COLOUR('',#14359);
#14550 = OVER_RIDING_STYLED_ITEM('overriding color',(#14551),#1753,
  #14352);
#14551 = PRESENTATION_STYLE_ASSIGNMENT((#14552));
#14552 = SURFACE_STYLE_USAGE(.BOTH.,#14553);
#14553 = SURFACE_SIDE_STYLE('',(#14554));
#14554 = SURFACE_STYLE_FILL_AREA(#14555);
#14555 = FILL_AREA_STYLE('',(#14556));
#14556 = FILL_AREA_STYLE_COLOUR('',#14359);
#14557 = OVER_RIDING_STYLED_ITEM('overriding color',(#14558),#1775,
  #14352);
#14558 = PRESENTATION_STYLE_ASSIGNMENT((#14559));
#14559 = SURFACE_STYLE_USAGE(.BOTH.,#14560);
#14560 = SURFACE_SIDE_STYLE('',(#14561));
#14561 = SURFACE_STYLE_FILL_AREA(#14562);
#14562 = FILL_AREA_STYLE('',(#14563));
#14563 = FILL_AREA_STYLE_COLOUR('',#14359);
#14564 = OVER_RIDING_STYLED_ITEM('overriding color',(#14565),#1787,
  #14352);
#14565 = PRESENTATION_STYLE_ASSIGNMENT((#14566));
#14566 = SURFACE_STYLE_USAGE(.BOTH.,#14567);
#14567 = SURFACE_SIDE_STYLE('',(#14568));
#14568 = SURFACE_STYLE_FILL_AREA(#14569);
#14569 = FILL_AREA_STYLE('',(#14570));
#14570 = FILL_AREA_STYLE_COLOUR('',#14359);
#14571 = OVER_RIDING_STYLED_ITEM('overriding color',(#14572),#1809,
  #14352);
#14572 = PRESENTATION_STYLE_ASSIGNMENT((#14573));
#14573 = SURFACE_STYLE_USAGE(.BOTH.,#14574);
#14574 = SURFACE_SIDE_STYLE('',(#14575));
#14575 = SURFACE_STYLE_FILL_AREA(#14576);
#14576 = FILL_AREA_STYLE('',(#14577));
#14577 = FILL_AREA_STYLE_COLOUR('',#14359);
#14578 = OVER_RIDING_STYLED_ITEM('overriding color',(#14579),#1821,
  #14352);
#14579 = PRESENTATION_STYLE_ASSIGNMENT((#14580));
#14580 = SURFACE_STYLE_USAGE(.BOTH.,#14581);
#14581 = SURFACE_SIDE_STYLE('',(#14582));
#14582 = SURFACE_STYLE_FILL_AREA(#14583);
#14583 = FILL_AREA_STYLE('',(#14584));
#14584 = FILL_AREA_STYLE_COLOUR('',#14359);
#14585 = OVER_RIDING_STYLED_ITEM('overriding color',(#14586),#1843,
  #14352);
#14586 = PRESENTATION_STYLE_ASSIGNMENT((#14587));
#14587 = SURFACE_STYLE_USAGE(.BOTH.,#14588);
#14588 = SURFACE_SIDE_STYLE('',(#14589));
#14589 = SURFACE_STYLE_FILL_AREA(#14590);
#14590 = FILL_AREA_STYLE('',(#14591));
#14591 = FILL_AREA_STYLE_COLOUR('',#14359);
#14592 = OVER_RIDING_STYLED_ITEM('overriding color',(#14593),#1855,
  #14352);
#14593 = PRESENTATION_STYLE_ASSIGNMENT((#14594));
#14594 = SURFACE_STYLE_USAGE(.BOTH.,#14595);
#14595 = SURFACE_SIDE_STYLE('',(#14596));
#14596 = SURFACE_STYLE_FILL_AREA(#14597);
#14597 = FILL_AREA_STYLE('',(#14598));
#14598 = FILL_AREA_STYLE_COLOUR('',#14479);
#14599 = OVER_RIDING_STYLED_ITEM('overriding color',(#14600),#1887,
  #14352);
#14600 = PRESENTATION_STYLE_ASSIGNMENT((#14601));
#14601 = SURFACE_STYLE_USAGE(.BOTH.,#14602);
#14602 = SURFACE_SIDE_STYLE('',(#14603));
#14603 = SURFACE_STYLE_FILL_AREA(#14604);
#14604 = FILL_AREA_STYLE('',(#14605));
#14605 = FILL_AREA_STYLE_COLOUR('',#14479);
#14606 = OVER_RIDING_STYLED_ITEM('overriding color',(#14607),#1905,
  #14352);
#14607 = PRESENTATION_STYLE_ASSIGNMENT((#14608));
#14608 = SURFACE_STYLE_USAGE(.BOTH.,#14609);
#14609 = SURFACE_SIDE_STYLE('',(#14610));
#14610 = SURFACE_STYLE_FILL_AREA(#14611);
#14611 = FILL_AREA_STYLE('',(#14612));
#14612 = FILL_AREA_STYLE_COLOUR('',#14479);
#14613 = OVER_RIDING_STYLED_ITEM('overriding color',(#14614),#1915,
  #14352);
#14614 = PRESENTATION_STYLE_ASSIGNMENT((#14615));
#14615 = SURFACE_STYLE_USAGE(.BOTH.,#14616);
#14616 = SURFACE_SIDE_STYLE('',(#14617));
#14617 = SURFACE_STYLE_FILL_AREA(#14618);
#14618 = FILL_AREA_STYLE('',(#14619));
#14619 = FILL_AREA_STYLE_COLOUR('',#14479);
#14620 = OVER_RIDING_STYLED_ITEM('overriding color',(#14621),#1947,
  #14352);
#14621 = PRESENTATION_STYLE_ASSIGNMENT((#14622));
#14622 = SURFACE_STYLE_USAGE(.BOTH.,#14623);
#14623 = SURFACE_SIDE_STYLE('',(#14624));
#14624 = SURFACE_STYLE_FILL_AREA(#14625);
#14625 = FILL_AREA_STYLE('',(#14626));
#14626 = FILL_AREA_STYLE_COLOUR('',#14479);
#14627 = OVER_RIDING_STYLED_ITEM('overriding color',(#14628),#1965,
  #14352);
#14628 = PRESENTATION_STYLE_ASSIGNMENT((#14629));
#14629 = SURFACE_STYLE_USAGE(.BOTH.,#14630);
#14630 = SURFACE_SIDE_STYLE('',(#14631));
#14631 = SURFACE_STYLE_FILL_AREA(#14632);
#14632 = FILL_AREA_STYLE('',(#14633));
#14633 = FILL_AREA_STYLE_COLOUR('',#14479);
#14634 = OVER_RIDING_STYLED_ITEM('overriding color',(#14635),#1975,
  #14352);
#14635 = PRESENTATION_STYLE_ASSIGNMENT((#14636));
#14636 = SURFACE_STYLE_USAGE(.BOTH.,#14637);
#14637 = SURFACE_SIDE_STYLE('',(#14638));
#14638 = SURFACE_STYLE_FILL_AREA(#14639);
#14639 = FILL_AREA_STYLE('',(#14640));
#14640 = FILL_AREA_STYLE_COLOUR('',#14479);
#14641 = OVER_RIDING_STYLED_ITEM('overriding color',(#14642),#2007,
  #14352);
#14642 = PRESENTATION_STYLE_ASSIGNMENT((#14643));
#14643 = SURFACE_STYLE_USAGE(.BOTH.,#14644);
#14644 = SURFACE_SIDE_STYLE('',(#14645));
#14645 = SURFACE_STYLE_FILL_AREA(#14646);
#14646 = FILL_AREA_STYLE('',(#14647));
#14647 = FILL_AREA_STYLE_COLOUR('',#14479);
#14648 = OVER_RIDING_STYLED_ITEM('overriding color',(#14649),#2025,
  #14352);
#14649 = PRESENTATION_STYLE_ASSIGNMENT((#14650));
#14650 = SURFACE_STYLE_USAGE(.BOTH.,#14651);
#14651 = SURFACE_SIDE_STYLE('',(#14652));
#14652 = SURFACE_STYLE_FILL_AREA(#14653);
#14653 = FILL_AREA_STYLE('',(#14654));
#14654 = FILL_AREA_STYLE_COLOUR('',#14479);
#14655 = OVER_RIDING_STYLED_ITEM('overriding color',(#14656),#2035,
  #14352);
#14656 = PRESENTATION_STYLE_ASSIGNMENT((#14657));
#14657 = SURFACE_STYLE_USAGE(.BOTH.,#14658);
#14658 = SURFACE_SIDE_STYLE('',(#14659));
#14659 = SURFACE_STYLE_FILL_AREA(#14660);
#14660 = FILL_AREA_STYLE('',(#14661));
#14661 = FILL_AREA_STYLE_COLOUR('',#14479);
#14662 = OVER_RIDING_STYLED_ITEM('overriding color',(#14663),#2067,
  #14352);
#14663 = PRESENTATION_STYLE_ASSIGNMENT((#14664));
#14664 = SURFACE_STYLE_USAGE(.BOTH.,#14665);
#14665 = SURFACE_SIDE_STYLE('',(#14666));
#14666 = SURFACE_STYLE_FILL_AREA(#14667);
#14667 = FILL_AREA_STYLE('',(#14668));
#14668 = FILL_AREA_STYLE_COLOUR('',#14479);
#14669 = OVER_RIDING_STYLED_ITEM('overriding color',(#14670),#2085,
  #14352);
#14670 = PRESENTATION_STYLE_ASSIGNMENT((#14671));
#14671 = SURFACE_STYLE_USAGE(.BOTH.,#14672);
#14672 = SURFACE_SIDE_STYLE('',(#14673));
#14673 = SURFACE_STYLE_FILL_AREA(#14674);
#14674 = FILL_AREA_STYLE('',(#14675));
#14675 = FILL_AREA_STYLE_COLOUR('',#14479);
#14676 = OVER_RIDING_STYLED_ITEM('overriding color',(#14677),#2095,
  #14352);
#14677 = PRESENTATION_STYLE_ASSIGNMENT((#14678));
#14678 = SURFACE_STYLE_USAGE(.BOTH.,#14679);
#14679 = SURFACE_SIDE_STYLE('',(#14680));
#14680 = SURFACE_STYLE_FILL_AREA(#14681);
#14681 = FILL_AREA_STYLE('',(#14682));
#14682 = FILL_AREA_STYLE_COLOUR('',#14479);
#14683 = OVER_RIDING_STYLED_ITEM('overriding color',(#14684),#2127,
  #14352);
#14684 = PRESENTATION_STYLE_ASSIGNMENT((#14685));
#14685 = SURFACE_STYLE_USAGE(.BOTH.,#14686);
#14686 = SURFACE_SIDE_STYLE('',(#14687));
#14687 = SURFACE_STYLE_FILL_AREA(#14688);
#14688 = FILL_AREA_STYLE('',(#14689));
#14689 = FILL_AREA_STYLE_COLOUR('',#14479);
#14690 = OVER_RIDING_STYLED_ITEM('overriding color',(#14691),#2145,
  #14352);
#14691 = PRESENTATION_STYLE_ASSIGNMENT((#14692));
#14692 = SURFACE_STYLE_USAGE(.BOTH.,#14693);
#14693 = SURFACE_SIDE_STYLE('',(#14694));
#14694 = SURFACE_STYLE_FILL_AREA(#14695);
#14695 = FILL_AREA_STYLE('',(#14696));
#14696 = FILL_AREA_STYLE_COLOUR('',#14479);
#14697 = OVER_RIDING_STYLED_ITEM('overriding color',(#14698),#2155,
  #14352);
#14698 = PRESENTATION_STYLE_ASSIGNMENT((#14699));
#14699 = SURFACE_STYLE_USAGE(.BOTH.,#14700);
#14700 = SURFACE_SIDE_STYLE('',(#14701));
#14701 = SURFACE_STYLE_FILL_AREA(#14702);
#14702 = FILL_AREA_STYLE('',(#14703));
#14703 = FILL_AREA_STYLE_COLOUR('',#14479);
#14704 = OVER_RIDING_STYLED_ITEM('overriding color',(#14705),#2187,
  #14352);
#14705 = PRESENTATION_STYLE_ASSIGNMENT((#14706));
#14706 = SURFACE_STYLE_USAGE(.BOTH.,#14707);
#14707 = SURFACE_SIDE_STYLE('',(#14708));
#14708 = SURFACE_STYLE_FILL_AREA(#14709);
#14709 = FILL_AREA_STYLE('',(#14710));
#14710 = FILL_AREA_STYLE_COLOUR('',#14479);
#14711 = OVER_RIDING_STYLED_ITEM('overriding color',(#14712),#2205,
  #14352);
#14712 = PRESENTATION_STYLE_ASSIGNMENT((#14713));
#14713 = SURFACE_STYLE_USAGE(.BOTH.,#14714);
#14714 = SURFACE_SIDE_STYLE('',(#14715));
#14715 = SURFACE_STYLE_FILL_AREA(#14716);
#14716 = FILL_AREA_STYLE('',(#14717));
#14717 = FILL_AREA_STYLE_COLOUR('',#14479);
#14718 = OVER_RIDING_STYLED_ITEM('overriding color',(#14719),#2215,
  #14352);
#14719 = PRESENTATION_STYLE_ASSIGNMENT((#14720));
#14720 = SURFACE_STYLE_USAGE(.BOTH.,#14721);
#14721 = SURFACE_SIDE_STYLE('',(#14722));
#14722 = SURFACE_STYLE_FILL_AREA(#14723);
#14723 = FILL_AREA_STYLE('',(#14724));
#14724 = FILL_AREA_STYLE_COLOUR('',#14359);
#14725 = OVER_RIDING_STYLED_ITEM('overriding color',(#14726),#2240,
  #14352);
#14726 = PRESENTATION_STYLE_ASSIGNMENT((#14727));
#14727 = SURFACE_STYLE_USAGE(.BOTH.,#14728);
#14728 = SURFACE_SIDE_STYLE('',(#14729));
#14729 = SURFACE_STYLE_FILL_AREA(#14730);
#14730 = FILL_AREA_STYLE('',(#14731));
#14731 = FILL_AREA_STYLE_COLOUR('',#14359);
#14732 = OVER_RIDING_STYLED_ITEM('overriding color',(#14733),#2280,
  #14352);
#14733 = PRESENTATION_STYLE_ASSIGNMENT((#14734));
#14734 = SURFACE_STYLE_USAGE(.BOTH.,#14735);
#14735 = SURFACE_SIDE_STYLE('',(#14736));
#14736 = SURFACE_STYLE_FILL_AREA(#14737);
#14737 = FILL_AREA_STYLE('',(#14738));
#14738 = FILL_AREA_STYLE_COLOUR('',#14359);
#14739 = OVER_RIDING_STYLED_ITEM('overriding color',(#14740),#2359,
  #14352);
#14740 = PRESENTATION_STYLE_ASSIGNMENT((#14741));
#14741 = SURFACE_STYLE_USAGE(.BOTH.,#14742);
#14742 = SURFACE_SIDE_STYLE('',(#14743));
#14743 = SURFACE_STYLE_FILL_AREA(#14744);
#14744 = FILL_AREA_STYLE('',(#14745));
#14745 = FILL_AREA_STYLE_COLOUR('',#14359);
#14746 = OVER_RIDING_STYLED_ITEM('overriding color',(#14747),#2400,
  #14352);
#14747 = PRESENTATION_STYLE_ASSIGNMENT((#14748));
#14748 = SURFACE_STYLE_USAGE(.BOTH.,#14749);
#14749 = SURFACE_SIDE_STYLE('',(#14750));
#14750 = SURFACE_STYLE_FILL_AREA(#14751);
#14751 = FILL_AREA_STYLE('',(#14752));
#14752 = FILL_AREA_STYLE_COLOUR('',#14359);
#14753 = OVER_RIDING_STYLED_ITEM('overriding color',(#14754),#2471,
  #14352);
#14754 = PRESENTATION_STYLE_ASSIGNMENT((#14755));
#14755 = SURFACE_STYLE_USAGE(.BOTH.,#14756);
#14756 = SURFACE_SIDE_STYLE('',(#14757));
#14757 = SURFACE_STYLE_FILL_AREA(#14758);
#14758 = FILL_AREA_STYLE('',(#14759));
#14759 = FILL_AREA_STYLE_COLOUR('',#14359);
#14760 = OVER_RIDING_STYLED_ITEM('overriding color',(#14761),#2527,
  #14352);
#14761 = PRESENTATION_STYLE_ASSIGNMENT((#14762));
#14762 = SURFACE_STYLE_USAGE(.BOTH.,#14763);
#14763 = SURFACE_SIDE_STYLE('',(#14764));
#14764 = SURFACE_STYLE_FILL_AREA(#14765);
#14765 = FILL_AREA_STYLE('',(#14766));
#14766 = FILL_AREA_STYLE_COLOUR('',#14359);
#14767 = OVER_RIDING_STYLED_ITEM('overriding color',(#14768),#2551,
  #14352);
#14768 = PRESENTATION_STYLE_ASSIGNMENT((#14769));
#14769 = SURFACE_STYLE_USAGE(.BOTH.,#14770);
#14770 = SURFACE_SIDE_STYLE('',(#14771));
#14771 = SURFACE_STYLE_FILL_AREA(#14772);
#14772 = FILL_AREA_STYLE('',(#14773));
#14773 = FILL_AREA_STYLE_COLOUR('',#14359);
#14774 = OVER_RIDING_STYLED_ITEM('overriding color',(#14775),#2582,
  #14352);
#14775 = PRESENTATION_STYLE_ASSIGNMENT((#14776));
#14776 = SURFACE_STYLE_USAGE(.BOTH.,#14777);
#14777 = SURFACE_SIDE_STYLE('',(#14778));
#14778 = SURFACE_STYLE_FILL_AREA(#14779);
#14779 = FILL_AREA_STYLE('',(#14780));
#14780 = FILL_AREA_STYLE_COLOUR('',#14359);
#14781 = OVER_RIDING_STYLED_ITEM('overriding color',(#14782),#2655,
  #14352);
#14782 = PRESENTATION_STYLE_ASSIGNMENT((#14783));
#14783 = SURFACE_STYLE_USAGE(.BOTH.,#14784);
#14784 = SURFACE_SIDE_STYLE('',(#14785));
#14785 = SURFACE_STYLE_FILL_AREA(#14786);
#14786 = FILL_AREA_STYLE('',(#14787));
#14787 = FILL_AREA_STYLE_COLOUR('',#14359);
#14788 = OVER_RIDING_STYLED_ITEM('overriding color',(#14789),#2713,
  #14352);
#14789 = PRESENTATION_STYLE_ASSIGNMENT((#14790));
#14790 = SURFACE_STYLE_USAGE(.BOTH.,#14791);
#14791 = SURFACE_SIDE_STYLE('',(#14792));
#14792 = SURFACE_STYLE_FILL_AREA(#14793);
#14793 = FILL_AREA_STYLE('',(#14794));
#14794 = FILL_AREA_STYLE_COLOUR('',#14359);
#14795 = OVER_RIDING_STYLED_ITEM('overriding color',(#14796),#2779,
  #14352);
#14796 = PRESENTATION_STYLE_ASSIGNMENT((#14797));
#14797 = SURFACE_STYLE_USAGE(.BOTH.,#14798);
#14798 = SURFACE_SIDE_STYLE('',(#14799));
#14799 = SURFACE_STYLE_FILL_AREA(#14800);
#14800 = FILL_AREA_STYLE('',(#14801));
#14801 = FILL_AREA_STYLE_COLOUR('',#14359);
#14802 = OVER_RIDING_STYLED_ITEM('overriding color',(#14803),#2803,
  #14352);
#14803 = PRESENTATION_STYLE_ASSIGNMENT((#14804));
#14804 = SURFACE_STYLE_USAGE(.BOTH.,#14805);
#14805 = SURFACE_SIDE_STYLE('',(#14806));
#14806 = SURFACE_STYLE_FILL_AREA(#14807);
#14807 = FILL_AREA_STYLE('',(#14808));
#14808 = FILL_AREA_STYLE_COLOUR('',#14359);
#14809 = OVER_RIDING_STYLED_ITEM('overriding color',(#14810),#2828,
  #14352);
#14810 = PRESENTATION_STYLE_ASSIGNMENT((#14811));
#14811 = SURFACE_STYLE_USAGE(.BOTH.,#14812);
#14812 = SURFACE_SIDE_STYLE('',(#14813));
#14813 = SURFACE_STYLE_FILL_AREA(#14814);
#14814 = FILL_AREA_STYLE('',(#14815));
#14815 = FILL_AREA_STYLE_COLOUR('',#14359);
#14816 = OVER_RIDING_STYLED_ITEM('overriding color',(#14817),#2854,
  #14352);
#14817 = PRESENTATION_STYLE_ASSIGNMENT((#14818));
#14818 = SURFACE_STYLE_USAGE(.BOTH.,#14819);
#14819 = SURFACE_SIDE_STYLE('',(#14820));
#14820 = SURFACE_STYLE_FILL_AREA(#14821);
#14821 = FILL_AREA_STYLE('',(#14822));
#14822 = FILL_AREA_STYLE_COLOUR('',#14359);
#14823 = OVER_RIDING_STYLED_ITEM('overriding color',(#14824),#2879,
  #14352);
#14824 = PRESENTATION_STYLE_ASSIGNMENT((#14825));
#14825 = SURFACE_STYLE_USAGE(.BOTH.,#14826);
#14826 = SURFACE_SIDE_STYLE('',(#14827));
#14827 = SURFACE_STYLE_FILL_AREA(#14828);
#14828 = FILL_AREA_STYLE('',(#14829));
#14829 = FILL_AREA_STYLE_COLOUR('',#14359);
#14830 = OVER_RIDING_STYLED_ITEM('overriding color',(#14831),#2905,
  #14352);
#14831 = PRESENTATION_STYLE_ASSIGNMENT((#14832));
#14832 = SURFACE_STYLE_USAGE(.BOTH.,#14833);
#14833 = SURFACE_SIDE_STYLE('',(#14834));
#14834 = SURFACE_STYLE_FILL_AREA(#14835);
#14835 = FILL_AREA_STYLE('',(#14836));
#14836 = FILL_AREA_STYLE_COLOUR('',#14359);
#14837 = OVER_RIDING_STYLED_ITEM('overriding color',(#14838),#2931,
  #14352);
#14838 = PRESENTATION_STYLE_ASSIGNMENT((#14839));
#14839 = SURFACE_STYLE_USAGE(.BOTH.,#14840);
#14840 = SURFACE_SIDE_STYLE('',(#14841));
#14841 = SURFACE_STYLE_FILL_AREA(#14842);
#14842 = FILL_AREA_STYLE('',(#14843));
#14843 = FILL_AREA_STYLE_COLOUR('',#14359);
#14844 = OVER_RIDING_STYLED_ITEM('overriding color',(#14845),#2956,
  #14352);
#14845 = PRESENTATION_STYLE_ASSIGNMENT((#14846));
#14846 = SURFACE_STYLE_USAGE(.BOTH.,#14847);
#14847 = SURFACE_SIDE_STYLE('',(#14848));
#14848 = SURFACE_STYLE_FILL_AREA(#14849);
#14849 = FILL_AREA_STYLE('',(#14850));
#14850 = FILL_AREA_STYLE_COLOUR('',#14359);
#14851 = OVER_RIDING_STYLED_ITEM('overriding color',(#14852),#2982,
  #14352);
#14852 = PRESENTATION_STYLE_ASSIGNMENT((#14853));
#14853 = SURFACE_STYLE_USAGE(.BOTH.,#14854);
#14854 = SURFACE_SIDE_STYLE('',(#14855));
#14855 = SURFACE_STYLE_FILL_AREA(#14856);
#14856 = FILL_AREA_STYLE('',(#14857));
#14857 = FILL_AREA_STYLE_COLOUR('',#14359);
#14858 = OVER_RIDING_STYLED_ITEM('overriding color',(#14859),#3007,
  #14352);
#14859 = PRESENTATION_STYLE_ASSIGNMENT((#14860));
#14860 = SURFACE_STYLE_USAGE(.BOTH.,#14861);
#14861 = SURFACE_SIDE_STYLE('',(#14862));
#14862 = SURFACE_STYLE_FILL_AREA(#14863);
#14863 = FILL_AREA_STYLE('',(#14864));
#14864 = FILL_AREA_STYLE_COLOUR('',#14359);
#14865 = OVER_RIDING_STYLED_ITEM('overriding color',(#14866),#3033,
  #14352);
#14866 = PRESENTATION_STYLE_ASSIGNMENT((#14867));
#14867 = SURFACE_STYLE_USAGE(.BOTH.,#14868);
#14868 = SURFACE_SIDE_STYLE('',(#14869));
#14869 = SURFACE_STYLE_FILL_AREA(#14870);
#14870 = FILL_AREA_STYLE('',(#14871));
#14871 = FILL_AREA_STYLE_COLOUR('',#14359);
#14872 = OVER_RIDING_STYLED_ITEM('overriding color',(#14873),#3058,
  #14352);
#14873 = PRESENTATION_STYLE_ASSIGNMENT((#14874));
#14874 = SURFACE_STYLE_USAGE(.BOTH.,#14875);
#14875 = SURFACE_SIDE_STYLE('',(#14876));
#14876 = SURFACE_STYLE_FILL_AREA(#14877);
#14877 = FILL_AREA_STYLE('',(#14878));
#14878 = FILL_AREA_STYLE_COLOUR('',#14359);
#14879 = OVER_RIDING_STYLED_ITEM('overriding color',(#14880),#3084,
  #14352);
#14880 = PRESENTATION_STYLE_ASSIGNMENT((#14881));
#14881 = SURFACE_STYLE_USAGE(.BOTH.,#14882);
#14882 = SURFACE_SIDE_STYLE('',(#14883));
#14883 = SURFACE_STYLE_FILL_AREA(#14884);
#14884 = FILL_AREA_STYLE('',(#14885));
#14885 = FILL_AREA_STYLE_COLOUR('',#14359);
#14886 = OVER_RIDING_STYLED_ITEM('overriding color',(#14887),#3110,
  #14352);
#14887 = PRESENTATION_STYLE_ASSIGNMENT((#14888));
#14888 = SURFACE_STYLE_USAGE(.BOTH.,#14889);
#14889 = SURFACE_SIDE_STYLE('',(#14890));
#14890 = SURFACE_STYLE_FILL_AREA(#14891);
#14891 = FILL_AREA_STYLE('',(#14892));
#14892 = FILL_AREA_STYLE_COLOUR('',#14359);
#14893 = OVER_RIDING_STYLED_ITEM('overriding color',(#14894),#3127,
  #14352);
#14894 = PRESENTATION_STYLE_ASSIGNMENT((#14895));
#14895 = SURFACE_STYLE_USAGE(.BOTH.,#14896);
#14896 = SURFACE_SIDE_STYLE('',(#14897));
#14897 = SURFACE_STYLE_FILL_AREA(#14898);
#14898 = FILL_AREA_STYLE('',(#14899));
#14899 = FILL_AREA_STYLE_COLOUR('',#14359);
#14900 = OVER_RIDING_STYLED_ITEM('overriding color',(#14901),#3151,
  #14352);
#14901 = PRESENTATION_STYLE_ASSIGNMENT((#14902));
#14902 = SURFACE_STYLE_USAGE(.BOTH.,#14903);
#14903 = SURFACE_SIDE_STYLE('',(#14904));
#14904 = SURFACE_STYLE_FILL_AREA(#14905);
#14905 = FILL_AREA_STYLE('',(#14906));
#14906 = FILL_AREA_STYLE_COLOUR('',#14359);
#14907 = OVER_RIDING_STYLED_ITEM('overriding color',(#14908),#3175,
  #14352);
#14908 = PRESENTATION_STYLE_ASSIGNMENT((#14909));
#14909 = SURFACE_STYLE_USAGE(.BOTH.,#14910);
#14910 = SURFACE_SIDE_STYLE('',(#14911));
#14911 = SURFACE_STYLE_FILL_AREA(#14912);
#14912 = FILL_AREA_STYLE('',(#14913));
#14913 = FILL_AREA_STYLE_COLOUR('',#14359);
#14914 = OVER_RIDING_STYLED_ITEM('overriding color',(#14915),#3419,
  #14352);
#14915 = PRESENTATION_STYLE_ASSIGNMENT((#14916));
#14916 = SURFACE_STYLE_USAGE(.BOTH.,#14917);
#14917 = SURFACE_SIDE_STYLE('',(#14918));
#14918 = SURFACE_STYLE_FILL_AREA(#14919);
#14919 = FILL_AREA_STYLE('',(#14920));
#14920 = FILL_AREA_STYLE_COLOUR('',#14359);
#14921 = OVER_RIDING_STYLED_ITEM('overriding color',(#14922),#3702,
  #14352);
#14922 = PRESENTATION_STYLE_ASSIGNMENT((#14923));
#14923 = SURFACE_STYLE_USAGE(.BOTH.,#14924);
#14924 = SURFACE_SIDE_STYLE('',(#14925));
#14925 = SURFACE_STYLE_FILL_AREA(#14926);
#14926 = FILL_AREA_STYLE('',(#14927));
#14927 = FILL_AREA_STYLE_COLOUR('',#14359);
#14928 = OVER_RIDING_STYLED_ITEM('overriding color',(#14929),#3724,
  #14352);
#14929 = PRESENTATION_STYLE_ASSIGNMENT((#14930));
#14930 = SURFACE_STYLE_USAGE(.BOTH.,#14931);
#14931 = SURFACE_SIDE_STYLE('',(#14932));
#14932 = SURFACE_STYLE_FILL_AREA(#14933);
#14933 = FILL_AREA_STYLE('',(#14934));
#14934 = FILL_AREA_STYLE_COLOUR('',#14359);
#14935 = OVER_RIDING_STYLED_ITEM('overriding color',(#14936),#3741,
  #14352);
#14936 = PRESENTATION_STYLE_ASSIGNMENT((#14937));
#14937 = SURFACE_STYLE_USAGE(.BOTH.,#14938);
#14938 = SURFACE_SIDE_STYLE('',(#14939));
#14939 = SURFACE_STYLE_FILL_AREA(#14940);
#14940 = FILL_AREA_STYLE('',(#14941));
#14941 = FILL_AREA_STYLE_COLOUR('',#14359);
#14942 = OVER_RIDING_STYLED_ITEM('overriding color',(#14943),#3758,
  #14352);
#14943 = PRESENTATION_STYLE_ASSIGNMENT((#14944));
#14944 = SURFACE_STYLE_USAGE(.BOTH.,#14945);
#14945 = SURFACE_SIDE_STYLE('',(#14946));
#14946 = SURFACE_STYLE_FILL_AREA(#14947);
#14947 = FILL_AREA_STYLE('',(#14948));
#14948 = FILL_AREA_STYLE_COLOUR('',#14359);
#14949 = OVER_RIDING_STYLED_ITEM('overriding color',(#14950),#3775,
  #14352);
#14950 = PRESENTATION_STYLE_ASSIGNMENT((#14951));
#14951 = SURFACE_STYLE_USAGE(.BOTH.,#14952);
#14952 = SURFACE_SIDE_STYLE('',(#14953));
#14953 = SURFACE_STYLE_FILL_AREA(#14954);
#14954 = FILL_AREA_STYLE('',(#14955));
#14955 = FILL_AREA_STYLE_COLOUR('',#14359);
#14956 = OVER_RIDING_STYLED_ITEM('overriding color',(#14957),#3792,
  #14352);
#14957 = PRESENTATION_STYLE_ASSIGNMENT((#14958));
#14958 = SURFACE_STYLE_USAGE(.BOTH.,#14959);
#14959 = SURFACE_SIDE_STYLE('',(#14960));
#14960 = SURFACE_STYLE_FILL_AREA(#14961);
#14961 = FILL_AREA_STYLE('',(#14962));
#14962 = FILL_AREA_STYLE_COLOUR('',#14359);
#14963 = OVER_RIDING_STYLED_ITEM('overriding color',(#14964),#3809,
  #14352);
#14964 = PRESENTATION_STYLE_ASSIGNMENT((#14965));
#14965 = SURFACE_STYLE_USAGE(.BOTH.,#14966);
#14966 = SURFACE_SIDE_STYLE('',(#14967));
#14967 = SURFACE_STYLE_FILL_AREA(#14968);
#14968 = FILL_AREA_STYLE('',(#14969));
#14969 = FILL_AREA_STYLE_COLOUR('',#14359);
#14970 = OVER_RIDING_STYLED_ITEM('overriding color',(#14971),#3828,
  #14352);
#14971 = PRESENTATION_STYLE_ASSIGNMENT((#14972));
#14972 = SURFACE_STYLE_USAGE(.BOTH.,#14973);
#14973 = SURFACE_SIDE_STYLE('',(#14974));
#14974 = SURFACE_STYLE_FILL_AREA(#14975);
#14975 = FILL_AREA_STYLE('',(#14976));
#14976 = FILL_AREA_STYLE_COLOUR('',#14359);
#14977 = OVER_RIDING_STYLED_ITEM('overriding color',(#14978),#3852,
  #14352);
#14978 = PRESENTATION_STYLE_ASSIGNMENT((#14979));
#14979 = SURFACE_STYLE_USAGE(.BOTH.,#14980);
#14980 = SURFACE_SIDE_STYLE('',(#14981));
#14981 = SURFACE_STYLE_FILL_AREA(#14982);
#14982 = FILL_AREA_STYLE('',(#14983));
#14983 = FILL_AREA_STYLE_COLOUR('',#14359);
#14984 = OVER_RIDING_STYLED_ITEM('overriding color',(#14985),#3901,
  #14352);
#14985 = PRESENTATION_STYLE_ASSIGNMENT((#14986));
#14986 = SURFACE_STYLE_USAGE(.BOTH.,#14987);
#14987 = SURFACE_SIDE_STYLE('',(#14988));
#14988 = SURFACE_STYLE_FILL_AREA(#14989);
#14989 = FILL_AREA_STYLE('',(#14990));
#14990 = FILL_AREA_STYLE_COLOUR('',#14359);
#14991 = OVER_RIDING_STYLED_ITEM('overriding color',(#14992),#3959,
  #14352);
#14992 = PRESENTATION_STYLE_ASSIGNMENT((#14993));
#14993 = SURFACE_STYLE_USAGE(.BOTH.,#14994);
#14994 = SURFACE_SIDE_STYLE('',(#14995));
#14995 = SURFACE_STYLE_FILL_AREA(#14996);
#14996 = FILL_AREA_STYLE('',(#14997));
#14997 = FILL_AREA_STYLE_COLOUR('',#14359);
#14998 = OVER_RIDING_STYLED_ITEM('overriding color',(#14999),#4004,
  #14352);
#14999 = PRESENTATION_STYLE_ASSIGNMENT((#15000));
#15000 = SURFACE_STYLE_USAGE(.BOTH.,#15001);
#15001 = SURFACE_SIDE_STYLE('',(#15002));
#15002 = SURFACE_STYLE_FILL_AREA(#15003);
#15003 = FILL_AREA_STYLE('',(#15004));
#15004 = FILL_AREA_STYLE_COLOUR('',#14359);
#15005 = OVER_RIDING_STYLED_ITEM('overriding color',(#15006),#4016,
  #14352);
#15006 = PRESENTATION_STYLE_ASSIGNMENT((#15007));
#15007 = SURFACE_STYLE_USAGE(.BOTH.,#15008);
#15008 = SURFACE_SIDE_STYLE('',(#15009));
#15009 = SURFACE_STYLE_FILL_AREA(#15010);
#15010 = FILL_AREA_STYLE('',(#15011));
#15011 = FILL_AREA_STYLE_COLOUR('',#14359);
#15012 = OVER_RIDING_STYLED_ITEM('overriding color',(#15013),#4034,
  #14352);
#15013 = PRESENTATION_STYLE_ASSIGNMENT((#15014));
#15014 = SURFACE_STYLE_USAGE(.BOTH.,#15015);
#15015 = SURFACE_SIDE_STYLE('',(#15016));
#15016 = SURFACE_STYLE_FILL_AREA(#15017);
#15017 = FILL_AREA_STYLE('',(#15018));
#15018 = FILL_AREA_STYLE_COLOUR('',#14359);
#15019 = OVER_RIDING_STYLED_ITEM('overriding color',(#15020),#4046,
  #14352);
#15020 = PRESENTATION_STYLE_ASSIGNMENT((#15021));
#15021 = SURFACE_STYLE_USAGE(.BOTH.,#15022);
#15022 = SURFACE_SIDE_STYLE('',(#15023));
#15023 = SURFACE_STYLE_FILL_AREA(#15024);
#15024 = FILL_AREA_STYLE('',(#15025));
#15025 = FILL_AREA_STYLE_COLOUR('',#14359);
#15026 = OVER_RIDING_STYLED_ITEM('overriding color',(#15027),#4077,
  #14352);
#15027 = PRESENTATION_STYLE_ASSIGNMENT((#15028));
#15028 = SURFACE_STYLE_USAGE(.BOTH.,#15029);
#15029 = SURFACE_SIDE_STYLE('',(#15030));
#15030 = SURFACE_STYLE_FILL_AREA(#15031);
#15031 = FILL_AREA_STYLE('',(#15032));
#15032 = FILL_AREA_STYLE_COLOUR('',#14359);
#15033 = OVER_RIDING_STYLED_ITEM('overriding color',(#15034),#4094,
  #14352);
#15034 = PRESENTATION_STYLE_ASSIGNMENT((#15035));
#15035 = SURFACE_STYLE_USAGE(.BOTH.,#15036);
#15036 = SURFACE_SIDE_STYLE('',(#15037));
#15037 = SURFACE_STYLE_FILL_AREA(#15038);
#15038 = FILL_AREA_STYLE('',(#15039));
#15039 = FILL_AREA_STYLE_COLOUR('',#14359);
#15040 = OVER_RIDING_STYLED_ITEM('overriding color',(#15041),#4111,
  #14352);
#15041 = PRESENTATION_STYLE_ASSIGNMENT((#15042));
#15042 = SURFACE_STYLE_USAGE(.BOTH.,#15043);
#15043 = SURFACE_SIDE_STYLE('',(#15044));
#15044 = SURFACE_STYLE_FILL_AREA(#15045);
#15045 = FILL_AREA_STYLE('',(#15046));
#15046 = FILL_AREA_STYLE_COLOUR('',#14359);
#15047 = OVER_RIDING_STYLED_ITEM('overriding color',(#15048),#4137,
  #14352);
#15048 = PRESENTATION_STYLE_ASSIGNMENT((#15049));
#15049 = SURFACE_STYLE_USAGE(.BOTH.,#15050);
#15050 = SURFACE_SIDE_STYLE('',(#15051));
#15051 = SURFACE_STYLE_FILL_AREA(#15052);
#15052 = FILL_AREA_STYLE('',(#15053));
#15053 = FILL_AREA_STYLE_COLOUR('',#14359);
#15054 = OVER_RIDING_STYLED_ITEM('overriding color',(#15055),#4149,
  #14352);
#15055 = PRESENTATION_STYLE_ASSIGNMENT((#15056));
#15056 = SURFACE_STYLE_USAGE(.BOTH.,#15057);
#15057 = SURFACE_SIDE_STYLE('',(#15058));
#15058 = SURFACE_STYLE_FILL_AREA(#15059);
#15059 = FILL_AREA_STYLE('',(#15060));
#15060 = FILL_AREA_STYLE_COLOUR('',#14359);
#15061 = OVER_RIDING_STYLED_ITEM('overriding color',(#15062),#4166,
  #14352);
#15062 = PRESENTATION_STYLE_ASSIGNMENT((#15063));
#15063 = SURFACE_STYLE_USAGE(.BOTH.,#15064);
#15064 = SURFACE_SIDE_STYLE('',(#15065));
#15065 = SURFACE_STYLE_FILL_AREA(#15066);
#15066 = FILL_AREA_STYLE('',(#15067));
#15067 = FILL_AREA_STYLE_COLOUR('',#14359);
#15068 = OVER_RIDING_STYLED_ITEM('overriding color',(#15069),#4178,
  #14352);
#15069 = PRESENTATION_STYLE_ASSIGNMENT((#15070));
#15070 = SURFACE_STYLE_USAGE(.BOTH.,#15071);
#15071 = SURFACE_SIDE_STYLE('',(#15072));
#15072 = SURFACE_STYLE_FILL_AREA(#15073);
#15073 = FILL_AREA_STYLE('',(#15074));
#15074 = FILL_AREA_STYLE_COLOUR('',#14359);
#15075 = OVER_RIDING_STYLED_ITEM('overriding color',(#15076),#4219,
  #14352);
#15076 = PRESENTATION_STYLE_ASSIGNMENT((#15077));
#15077 = SURFACE_STYLE_USAGE(.BOTH.,#15078);
#15078 = SURFACE_SIDE_STYLE('',(#15079));
#15079 = SURFACE_STYLE_FILL_AREA(#15080);
#15080 = FILL_AREA_STYLE('',(#15081));
#15081 = FILL_AREA_STYLE_COLOUR('',#14359);
#15082 = OVER_RIDING_STYLED_ITEM('overriding color',(#15083),#4231,
  #14352);
#15083 = PRESENTATION_STYLE_ASSIGNMENT((#15084));
#15084 = SURFACE_STYLE_USAGE(.BOTH.,#15085);
#15085 = SURFACE_SIDE_STYLE('',(#15086));
#15086 = SURFACE_STYLE_FILL_AREA(#15087);
#15087 = FILL_AREA_STYLE('',(#15088));
#15088 = FILL_AREA_STYLE_COLOUR('',#14359);
#15089 = OVER_RIDING_STYLED_ITEM('overriding color',(#15090),#4248,
  #14352);
#15090 = PRESENTATION_STYLE_ASSIGNMENT((#15091));
#15091 = SURFACE_STYLE_USAGE(.BOTH.,#15092);
#15092 = SURFACE_SIDE_STYLE('',(#15093));
#15093 = SURFACE_STYLE_FILL_AREA(#15094);
#15094 = FILL_AREA_STYLE('',(#15095));
#15095 = FILL_AREA_STYLE_COLOUR('',#14359);
#15096 = OVER_RIDING_STYLED_ITEM('overriding color',(#15097),#4272,
  #14352);
#15097 = PRESENTATION_STYLE_ASSIGNMENT((#15098));
#15098 = SURFACE_STYLE_USAGE(.BOTH.,#15099);
#15099 = SURFACE_SIDE_STYLE('',(#15100));
#15100 = SURFACE_STYLE_FILL_AREA(#15101);
#15101 = FILL_AREA_STYLE('',(#15102));
#15102 = FILL_AREA_STYLE_COLOUR('',#14359);
#15103 = OVER_RIDING_STYLED_ITEM('overriding color',(#15104),#4284,
  #14352);
#15104 = PRESENTATION_STYLE_ASSIGNMENT((#15105));
#15105 = SURFACE_STYLE_USAGE(.BOTH.,#15106);
#15106 = SURFACE_SIDE_STYLE('',(#15107));
#15107 = SURFACE_STYLE_FILL_AREA(#15108);
#15108 = FILL_AREA_STYLE('',(#15109));
#15109 = FILL_AREA_STYLE_COLOUR('',#14359);
#15110 = OVER_RIDING_STYLED_ITEM('overriding color',(#15111),#4302,
  #14352);
#15111 = PRESENTATION_STYLE_ASSIGNMENT((#15112));
#15112 = SURFACE_STYLE_USAGE(.BOTH.,#15113);
#15113 = SURFACE_SIDE_STYLE('',(#15114));
#15114 = SURFACE_STYLE_FILL_AREA(#15115);
#15115 = FILL_AREA_STYLE('',(#15116));
#15116 = FILL_AREA_STYLE_COLOUR('',#14359);
#15117 = OVER_RIDING_STYLED_ITEM('overriding color',(#15118),#4314,
  #14352);
#15118 = PRESENTATION_STYLE_ASSIGNMENT((#15119));
#15119 = SURFACE_STYLE_USAGE(.BOTH.,#15120);
#15120 = SURFACE_SIDE_STYLE('',(#15121));
#15121 = SURFACE_STYLE_FILL_AREA(#15122);
#15122 = FILL_AREA_STYLE('',(#15123));
#15123 = FILL_AREA_STYLE_COLOUR('',#14359);
#15124 = OVER_RIDING_STYLED_ITEM('overriding color',(#15125),#4326,
  #14352);
#15125 = PRESENTATION_STYLE_ASSIGNMENT((#15126));
#15126 = SURFACE_STYLE_USAGE(.BOTH.,#15127);
#15127 = SURFACE_SIDE_STYLE('',(#15128));
#15128 = SURFACE_STYLE_FILL_AREA(#15129);
#15129 = FILL_AREA_STYLE('',(#15130));
#15130 = FILL_AREA_STYLE_COLOUR('',#14359);
#15131 = OVER_RIDING_STYLED_ITEM('overriding color',(#15132),#4357,
  #14352);
#15132 = PRESENTATION_STYLE_ASSIGNMENT((#15133));
#15133 = SURFACE_STYLE_USAGE(.BOTH.,#15134);
#15134 = SURFACE_SIDE_STYLE('',(#15135));
#15135 = SURFACE_STYLE_FILL_AREA(#15136);
#15136 = FILL_AREA_STYLE('',(#15137));
#15137 = FILL_AREA_STYLE_COLOUR('',#14359);
#15138 = OVER_RIDING_STYLED_ITEM('overriding color',(#15139),#4381,
  #14352);
#15139 = PRESENTATION_STYLE_ASSIGNMENT((#15140));
#15140 = SURFACE_STYLE_USAGE(.BOTH.,#15141);
#15141 = SURFACE_SIDE_STYLE('',(#15142));
#15142 = SURFACE_STYLE_FILL_AREA(#15143);
#15143 = FILL_AREA_STYLE('',(#15144));
#15144 = FILL_AREA_STYLE_COLOUR('',#14359);
#15145 = OVER_RIDING_STYLED_ITEM('overriding color',(#15146),#4405,
  #14352);
#15146 = PRESENTATION_STYLE_ASSIGNMENT((#15147));
#15147 = SURFACE_STYLE_USAGE(.BOTH.,#15148);
#15148 = SURFACE_SIDE_STYLE('',(#15149));
#15149 = SURFACE_STYLE_FILL_AREA(#15150);
#15150 = FILL_AREA_STYLE('',(#15151));
#15151 = FILL_AREA_STYLE_COLOUR('',#14359);
#15152 = OVER_RIDING_STYLED_ITEM('overriding color',(#15153),#4429,
  #14352);
#15153 = PRESENTATION_STYLE_ASSIGNMENT((#15154));
#15154 = SURFACE_STYLE_USAGE(.BOTH.,#15155);
#15155 = SURFACE_SIDE_STYLE('',(#15156));
#15156 = SURFACE_STYLE_FILL_AREA(#15157);
#15157 = FILL_AREA_STYLE('',(#15158));
#15158 = FILL_AREA_STYLE_COLOUR('',#14359);
#15159 = OVER_RIDING_STYLED_ITEM('overriding color',(#15160),#4453,
  #14352);
#15160 = PRESENTATION_STYLE_ASSIGNMENT((#15161));
#15161 = SURFACE_STYLE_USAGE(.BOTH.,#15162);
#15162 = SURFACE_SIDE_STYLE('',(#15163));
#15163 = SURFACE_STYLE_FILL_AREA(#15164);
#15164 = FILL_AREA_STYLE('',(#15165));
#15165 = FILL_AREA_STYLE_COLOUR('',#14359);
#15166 = OVER_RIDING_STYLED_ITEM('overriding color',(#15167),#4477,
  #14352);
#15167 = PRESENTATION_STYLE_ASSIGNMENT((#15168));
#15168 = SURFACE_STYLE_USAGE(.BOTH.,#15169);
#15169 = SURFACE_SIDE_STYLE('',(#15170));
#15170 = SURFACE_STYLE_FILL_AREA(#15171);
#15171 = FILL_AREA_STYLE('',(#15172));
#15172 = FILL_AREA_STYLE_COLOUR('',#14359);
#15173 = OVER_RIDING_STYLED_ITEM('overriding color',(#15174),#4501,
  #14352);
#15174 = PRESENTATION_STYLE_ASSIGNMENT((#15175));
#15175 = SURFACE_STYLE_USAGE(.BOTH.,#15176);
#15176 = SURFACE_SIDE_STYLE('',(#15177));
#15177 = SURFACE_STYLE_FILL_AREA(#15178);
#15178 = FILL_AREA_STYLE('',(#15179));
#15179 = FILL_AREA_STYLE_COLOUR('',#14359);
#15180 = OVER_RIDING_STYLED_ITEM('overriding color',(#15181),#4518,
  #14352);
#15181 = PRESENTATION_STYLE_ASSIGNMENT((#15182));
#15182 = SURFACE_STYLE_USAGE(.BOTH.,#15183);
#15183 = SURFACE_SIDE_STYLE('',(#15184));
#15184 = SURFACE_STYLE_FILL_AREA(#15185);
#15185 = FILL_AREA_STYLE('',(#15186));
#15186 = FILL_AREA_STYLE_COLOUR('',#14359);
#15187 = OVER_RIDING_STYLED_ITEM('overriding color',(#15188),#4604,
  #14352);
#15188 = PRESENTATION_STYLE_ASSIGNMENT((#15189));
#15189 = SURFACE_STYLE_USAGE(.BOTH.,#15190);
#15190 = SURFACE_SIDE_STYLE('',(#15191));
#15191 = SURFACE_STYLE_FILL_AREA(#15192);
#15192 = FILL_AREA_STYLE('',(#15193));
#15193 = FILL_AREA_STYLE_COLOUR('',#14359);
#15194 = OVER_RIDING_STYLED_ITEM('overriding color',(#15195),#4638,
  #14352);
#15195 = PRESENTATION_STYLE_ASSIGNMENT((#15196));
#15196 = SURFACE_STYLE_USAGE(.BOTH.,#15197);
#15197 = SURFACE_SIDE_STYLE('',(#15198));
#15198 = SURFACE_STYLE_FILL_AREA(#15199);
#15199 = FILL_AREA_STYLE('',(#15200));
#15200 = FILL_AREA_STYLE_COLOUR('',#14359);
#15201 = OVER_RIDING_STYLED_ITEM('overriding color',(#15202),#4663,
  #14352);
#15202 = PRESENTATION_STYLE_ASSIGNMENT((#15203));
#15203 = SURFACE_STYLE_USAGE(.BOTH.,#15204);
#15204 = SURFACE_SIDE_STYLE('',(#15205));
#15205 = SURFACE_STYLE_FILL_AREA(#15206);
#15206 = FILL_AREA_STYLE('',(#15207));
#15207 = FILL_AREA_STYLE_COLOUR('',#14359);
#15208 = OVER_RIDING_STYLED_ITEM('overriding color',(#15209),#4689,
  #14352);
#15209 = PRESENTATION_STYLE_ASSIGNMENT((#15210));
#15210 = SURFACE_STYLE_USAGE(.BOTH.,#15211);
#15211 = SURFACE_SIDE_STYLE('',(#15212));
#15212 = SURFACE_STYLE_FILL_AREA(#15213);
#15213 = FILL_AREA_STYLE('',(#15214));
#15214 = FILL_AREA_STYLE_COLOUR('',#14359);
#15215 = OVER_RIDING_STYLED_ITEM('overriding color',(#15216),#4714,
  #14352);
#15216 = PRESENTATION_STYLE_ASSIGNMENT((#15217));
#15217 = SURFACE_STYLE_USAGE(.BOTH.,#15218);
#15218 = SURFACE_SIDE_STYLE('',(#15219));
#15219 = SURFACE_STYLE_FILL_AREA(#15220);
#15220 = FILL_AREA_STYLE('',(#15221));
#15221 = FILL_AREA_STYLE_COLOUR('',#14359);
#15222 = OVER_RIDING_STYLED_ITEM('overriding color',(#15223),#4740,
  #14352);
#15223 = PRESENTATION_STYLE_ASSIGNMENT((#15224));
#15224 = SURFACE_STYLE_USAGE(.BOTH.,#15225);
#15225 = SURFACE_SIDE_STYLE('',(#15226));
#15226 = SURFACE_STYLE_FILL_AREA(#15227);
#15227 = FILL_AREA_STYLE('',(#15228));
#15228 = FILL_AREA_STYLE_COLOUR('',#14359);
#15229 = OVER_RIDING_STYLED_ITEM('overriding color',(#15230),#4765,
  #14352);
#15230 = PRESENTATION_STYLE_ASSIGNMENT((#15231));
#15231 = SURFACE_STYLE_USAGE(.BOTH.,#15232);
#15232 = SURFACE_SIDE_STYLE('',(#15233));
#15233 = SURFACE_STYLE_FILL_AREA(#15234);
#15234 = FILL_AREA_STYLE('',(#15235));
#15235 = FILL_AREA_STYLE_COLOUR('',#14359);
#15236 = OVER_RIDING_STYLED_ITEM('overriding color',(#15237),#4791,
  #14352);
#15237 = PRESENTATION_STYLE_ASSIGNMENT((#15238));
#15238 = SURFACE_STYLE_USAGE(.BOTH.,#15239);
#15239 = SURFACE_SIDE_STYLE('',(#15240));
#15240 = SURFACE_STYLE_FILL_AREA(#15241);
#15241 = FILL_AREA_STYLE('',(#15242));
#15242 = FILL_AREA_STYLE_COLOUR('',#14359);
#15243 = OVER_RIDING_STYLED_ITEM('overriding color',(#15244),#4808,
  #14352);
#15244 = PRESENTATION_STYLE_ASSIGNMENT((#15245));
#15245 = SURFACE_STYLE_USAGE(.BOTH.,#15246);
#15246 = SURFACE_SIDE_STYLE('',(#15247));
#15247 = SURFACE_STYLE_FILL_AREA(#15248);
#15248 = FILL_AREA_STYLE('',(#15249));
#15249 = FILL_AREA_STYLE_COLOUR('',#14359);
#15250 = OVER_RIDING_STYLED_ITEM('overriding color',(#15251),#4839,
  #14352);
#15251 = PRESENTATION_STYLE_ASSIGNMENT((#15252));
#15252 = SURFACE_STYLE_USAGE(.BOTH.,#15253);
#15253 = SURFACE_SIDE_STYLE('',(#15254));
#15254 = SURFACE_STYLE_FILL_AREA(#15255);
#15255 = FILL_AREA_STYLE('',(#15256));
#15256 = FILL_AREA_STYLE_COLOUR('',#14359);
#15257 = OVER_RIDING_STYLED_ITEM('overriding color',(#15258),#4872,
  #14352);
#15258 = PRESENTATION_STYLE_ASSIGNMENT((#15259));
#15259 = SURFACE_STYLE_USAGE(.BOTH.,#15260);
#15260 = SURFACE_SIDE_STYLE('',(#15261));
#15261 = SURFACE_STYLE_FILL_AREA(#15262);
#15262 = FILL_AREA_STYLE('',(#15263));
#15263 = FILL_AREA_STYLE_COLOUR('',#14359);
#15264 = OVER_RIDING_STYLED_ITEM('overriding color',(#15265),#4931,
  #14352);
#15265 = PRESENTATION_STYLE_ASSIGNMENT((#15266));
#15266 = SURFACE_STYLE_USAGE(.BOTH.,#15267);
#15267 = SURFACE_SIDE_STYLE('',(#15268));
#15268 = SURFACE_STYLE_FILL_AREA(#15269);
#15269 = FILL_AREA_STYLE('',(#15270));
#15270 = FILL_AREA_STYLE_COLOUR('',#14359);
#15271 = OVER_RIDING_STYLED_ITEM('overriding color',(#15272),#5245,
  #14352);
#15272 = PRESENTATION_STYLE_ASSIGNMENT((#15273));
#15273 = SURFACE_STYLE_USAGE(.BOTH.,#15274);
#15274 = SURFACE_SIDE_STYLE('',(#15275));
#15275 = SURFACE_STYLE_FILL_AREA(#15276);
#15276 = FILL_AREA_STYLE('',(#15277));
#15277 = FILL_AREA_STYLE_COLOUR('',#14359);
#15278 = OVER_RIDING_STYLED_ITEM('overriding color',(#15279),#5304,
  #14352);
#15279 = PRESENTATION_STYLE_ASSIGNMENT((#15280));
#15280 = SURFACE_STYLE_USAGE(.BOTH.,#15281);
#15281 = SURFACE_SIDE_STYLE('',(#15282));
#15282 = SURFACE_STYLE_FILL_AREA(#15283);
#15283 = FILL_AREA_STYLE('',(#15284));
#15284 = FILL_AREA_STYLE_COLOUR('',#14359);
#15285 = OVER_RIDING_STYLED_ITEM('overriding color',(#15286),#5336,
  #14352);
#15286 = PRESENTATION_STYLE_ASSIGNMENT((#15287));
#15287 = SURFACE_STYLE_USAGE(.BOTH.,#15288);
#15288 = SURFACE_SIDE_STYLE('',(#15289));
#15289 = SURFACE_STYLE_FILL_AREA(#15290);
#15290 = FILL_AREA_STYLE('',(#15291));
#15291 = FILL_AREA_STYLE_COLOUR('',#14359);
#15292 = OVER_RIDING_STYLED_ITEM('overriding color',(#15293),#5370,
  #14352);
#15293 = PRESENTATION_STYLE_ASSIGNMENT((#15294));
#15294 = SURFACE_STYLE_USAGE(.BOTH.,#15295);
#15295 = SURFACE_SIDE_STYLE('',(#15296));
#15296 = SURFACE_STYLE_FILL_AREA(#15297);
#15297 = FILL_AREA_STYLE('',(#15298));
#15298 = FILL_AREA_STYLE_COLOUR('',#14359);
#15299 = OVER_RIDING_STYLED_ITEM('overriding color',(#15300),#5673,
  #14352);
#15300 = PRESENTATION_STYLE_ASSIGNMENT((#15301));
#15301 = SURFACE_STYLE_USAGE(.BOTH.,#15302);
#15302 = SURFACE_SIDE_STYLE('',(#15303));
#15303 = SURFACE_STYLE_FILL_AREA(#15304);
#15304 = FILL_AREA_STYLE('',(#15305));
#15305 = FILL_AREA_STYLE_COLOUR('',#14359);
#15306 = OVER_RIDING_STYLED_ITEM('overriding color',(#15307),#5689,
  #14352);
#15307 = PRESENTATION_STYLE_ASSIGNMENT((#15308));
#15308 = SURFACE_STYLE_USAGE(.BOTH.,#15309);
#15309 = SURFACE_SIDE_STYLE('',(#15310));
#15310 = SURFACE_STYLE_FILL_AREA(#15311);
#15311 = FILL_AREA_STYLE('',(#15312));
#15312 = FILL_AREA_STYLE_COLOUR('',#14359);
#15313 = OVER_RIDING_STYLED_ITEM('overriding color',(#15314),#5772,
  #14352);
#15314 = PRESENTATION_STYLE_ASSIGNMENT((#15315));
#15315 = SURFACE_STYLE_USAGE(.BOTH.,#15316);
#15316 = SURFACE_SIDE_STYLE('',(#15317));
#15317 = SURFACE_STYLE_FILL_AREA(#15318);
#15318 = FILL_AREA_STYLE('',(#15319));
#15319 = FILL_AREA_STYLE_COLOUR('',#14359);
#15320 = OVER_RIDING_STYLED_ITEM('overriding color',(#15321),#5806,
  #14352);
#15321 = PRESENTATION_STYLE_ASSIGNMENT((#15322));
#15322 = SURFACE_STYLE_USAGE(.BOTH.,#15323);
#15323 = SURFACE_SIDE_STYLE('',(#15324));
#15324 = SURFACE_STYLE_FILL_AREA(#15325);
#15325 = FILL_AREA_STYLE('',(#15326));
#15326 = FILL_AREA_STYLE_COLOUR('',#14359);
#15327 = OVER_RIDING_STYLED_ITEM('overriding color',(#15328),#5842,
  #14352);
#15328 = PRESENTATION_STYLE_ASSIGNMENT((#15329));
#15329 = SURFACE_STYLE_USAGE(.BOTH.,#15330);
#15330 = SURFACE_SIDE_STYLE('',(#15331));
#15331 = SURFACE_STYLE_FILL_AREA(#15332);
#15332 = FILL_AREA_STYLE('',(#15333));
#15333 = FILL_AREA_STYLE_COLOUR('',#14359);
#15334 = OVER_RIDING_STYLED_ITEM('overriding color',(#15335),#5888,
  #14352);
#15335 = PRESENTATION_STYLE_ASSIGNMENT((#15336));
#15336 = SURFACE_STYLE_USAGE(.BOTH.,#15337);
#15337 = SURFACE_SIDE_STYLE('',(#15338));
#15338 = SURFACE_STYLE_FILL_AREA(#15339);
#15339 = FILL_AREA_STYLE('',(#15340));
#15340 = FILL_AREA_STYLE_COLOUR('',#14359);
#15341 = OVER_RIDING_STYLED_ITEM('overriding color',(#15342),#5934,
  #14352);
#15342 = PRESENTATION_STYLE_ASSIGNMENT((#15343));
#15343 = SURFACE_STYLE_USAGE(.BOTH.,#15344);
#15344 = SURFACE_SIDE_STYLE('',(#15345));
#15345 = SURFACE_STYLE_FILL_AREA(#15346);
#15346 = FILL_AREA_STYLE('',(#15347));
#15347 = FILL_AREA_STYLE_COLOUR('',#14359);
#15348 = OVER_RIDING_STYLED_ITEM('overriding color',(#15349),#5980,
  #14352);
#15349 = PRESENTATION_STYLE_ASSIGNMENT((#15350));
#15350 = SURFACE_STYLE_USAGE(.BOTH.,#15351);
#15351 = SURFACE_SIDE_STYLE('',(#15352));
#15352 = SURFACE_STYLE_FILL_AREA(#15353);
#15353 = FILL_AREA_STYLE('',(#15354));
#15354 = FILL_AREA_STYLE_COLOUR('',#14359);
#15355 = OVER_RIDING_STYLED_ITEM('overriding color',(#15356),#6012,
  #14352);
#15356 = PRESENTATION_STYLE_ASSIGNMENT((#15357));
#15357 = SURFACE_STYLE_USAGE(.BOTH.,#15358);
#15358 = SURFACE_SIDE_STYLE('',(#15359));
#15359 = SURFACE_STYLE_FILL_AREA(#15360);
#15360 = FILL_AREA_STYLE('',(#15361));
#15361 = FILL_AREA_STYLE_COLOUR('',#14359);
#15362 = OVER_RIDING_STYLED_ITEM('overriding color',(#15363),#6030,
  #14352);
#15363 = PRESENTATION_STYLE_ASSIGNMENT((#15364));
#15364 = SURFACE_STYLE_USAGE(.BOTH.,#15365);
#15365 = SURFACE_SIDE_STYLE('',(#15366));
#15366 = SURFACE_STYLE_FILL_AREA(#15367);
#15367 = FILL_AREA_STYLE('',(#15368));
#15368 = FILL_AREA_STYLE_COLOUR('',#14359);
#15369 = OVER_RIDING_STYLED_ITEM('overriding color',(#15370),#6040,
  #14352);
#15370 = PRESENTATION_STYLE_ASSIGNMENT((#15371));
#15371 = SURFACE_STYLE_USAGE(.BOTH.,#15372);
#15372 = SURFACE_SIDE_STYLE('',(#15373));
#15373 = SURFACE_STYLE_FILL_AREA(#15374);
#15374 = FILL_AREA_STYLE('',(#15375));
#15375 = FILL_AREA_STYLE_COLOUR('',#14359);
#15376 = OVER_RIDING_STYLED_ITEM('overriding color',(#15377),#6066,
  #14352);
#15377 = PRESENTATION_STYLE_ASSIGNMENT((#15378));
#15378 = SURFACE_STYLE_USAGE(.BOTH.,#15379);
#15379 = SURFACE_SIDE_STYLE('',(#15380));
#15380 = SURFACE_STYLE_FILL_AREA(#15381);
#15381 = FILL_AREA_STYLE('',(#15382));
#15382 = FILL_AREA_STYLE_COLOUR('',#14359);
#15383 = OVER_RIDING_STYLED_ITEM('overriding color',(#15384),#6092,
  #14352);
#15384 = PRESENTATION_STYLE_ASSIGNMENT((#15385));
#15385 = SURFACE_STYLE_USAGE(.BOTH.,#15386);
#15386 = SURFACE_SIDE_STYLE('',(#15387));
#15387 = SURFACE_STYLE_FILL_AREA(#15388);
#15388 = FILL_AREA_STYLE('',(#15389));
#15389 = FILL_AREA_STYLE_COLOUR('',#14359);
#15390 = OVER_RIDING_STYLED_ITEM('overriding color',(#15391),#6118,
  #14352);
#15391 = PRESENTATION_STYLE_ASSIGNMENT((#15392));
#15392 = SURFACE_STYLE_USAGE(.BOTH.,#15393);
#15393 = SURFACE_SIDE_STYLE('',(#15394));
#15394 = SURFACE_STYLE_FILL_AREA(#15395);
#15395 = FILL_AREA_STYLE('',(#15396));
#15396 = FILL_AREA_STYLE_COLOUR('',#14359);
#15397 = OVER_RIDING_STYLED_ITEM('overriding color',(#15398),#6140,
  #14352);
#15398 = PRESENTATION_STYLE_ASSIGNMENT((#15399));
#15399 = SURFACE_STYLE_USAGE(.BOTH.,#15400);
#15400 = SURFACE_SIDE_STYLE('',(#15401));
#15401 = SURFACE_STYLE_FILL_AREA(#15402);
#15402 = FILL_AREA_STYLE('',(#15403));
#15403 = FILL_AREA_STYLE_COLOUR('',#14359);
#15404 = OVER_RIDING_STYLED_ITEM('overriding color',(#15405),#6152,
  #14352);
#15405 = PRESENTATION_STYLE_ASSIGNMENT((#15406));
#15406 = SURFACE_STYLE_USAGE(.BOTH.,#15407);
#15407 = SURFACE_SIDE_STYLE('',(#15408));
#15408 = SURFACE_STYLE_FILL_AREA(#15409);
#15409 = FILL_AREA_STYLE('',(#15410));
#15410 = FILL_AREA_STYLE_COLOUR('',#14359);
#15411 = OVER_RIDING_STYLED_ITEM('overriding color',(#15412),#6174,
  #14352);
#15412 = PRESENTATION_STYLE_ASSIGNMENT((#15413));
#15413 = SURFACE_STYLE_USAGE(.BOTH.,#15414);
#15414 = SURFACE_SIDE_STYLE('',(#15415));
#15415 = SURFACE_STYLE_FILL_AREA(#15416);
#15416 = FILL_AREA_STYLE('',(#15417));
#15417 = FILL_AREA_STYLE_COLOUR('',#14359);
#15418 = OVER_RIDING_STYLED_ITEM('overriding color',(#15419),#6186,
  #14352);
#15419 = PRESENTATION_STYLE_ASSIGNMENT((#15420));
#15420 = SURFACE_STYLE_USAGE(.BOTH.,#15421);
#15421 = SURFACE_SIDE_STYLE('',(#15422));
#15422 = SURFACE_STYLE_FILL_AREA(#15423);
#15423 = FILL_AREA_STYLE('',(#15424));
#15424 = FILL_AREA_STYLE_COLOUR('',#14359);
#15425 = OVER_RIDING_STYLED_ITEM('overriding color',(#15426),#6208,
  #14352);
#15426 = PRESENTATION_STYLE_ASSIGNMENT((#15427));
#15427 = SURFACE_STYLE_USAGE(.BOTH.,#15428);
#15428 = SURFACE_SIDE_STYLE('',(#15429));
#15429 = SURFACE_STYLE_FILL_AREA(#15430);
#15430 = FILL_AREA_STYLE('',(#15431));
#15431 = FILL_AREA_STYLE_COLOUR('',#14359);
#15432 = OVER_RIDING_STYLED_ITEM('overriding color',(#15433),#6220,
  #14352);
#15433 = PRESENTATION_STYLE_ASSIGNMENT((#15434));
#15434 = SURFACE_STYLE_USAGE(.BOTH.,#15435);
#15435 = SURFACE_SIDE_STYLE('',(#15436));
#15436 = SURFACE_STYLE_FILL_AREA(#15437);
#15437 = FILL_AREA_STYLE('',(#15438));
#15438 = FILL_AREA_STYLE_COLOUR('',#14359);
#15439 = OVER_RIDING_STYLED_ITEM('overriding color',(#15440),#6238,
  #14352);
#15440 = PRESENTATION_STYLE_ASSIGNMENT((#15441));
#15441 = SURFACE_STYLE_USAGE(.BOTH.,#15442);
#15442 = SURFACE_SIDE_STYLE('',(#15443));
#15443 = SURFACE_STYLE_FILL_AREA(#15444);
#15444 = FILL_AREA_STYLE('',(#15445));
#15445 = FILL_AREA_STYLE_COLOUR('',#14359);
#15446 = OVER_RIDING_STYLED_ITEM('overriding color',(#15447),#6294,
  #14352);
#15447 = PRESENTATION_STYLE_ASSIGNMENT((#15448));
#15448 = SURFACE_STYLE_USAGE(.BOTH.,#15449);
#15449 = SURFACE_SIDE_STYLE('',(#15450));
#15450 = SURFACE_STYLE_FILL_AREA(#15451);
#15451 = FILL_AREA_STYLE('',(#15452));
#15452 = FILL_AREA_STYLE_COLOUR('',#14359);
#15453 = OVER_RIDING_STYLED_ITEM('overriding color',(#15454),#6340,
  #14352);
#15454 = PRESENTATION_STYLE_ASSIGNMENT((#15455));
#15455 = SURFACE_STYLE_USAGE(.BOTH.,#15456);
#15456 = SURFACE_SIDE_STYLE('',(#15457));
#15457 = SURFACE_STYLE_FILL_AREA(#15458);
#15458 = FILL_AREA_STYLE('',(#15459));
#15459 = FILL_AREA_STYLE_COLOUR('',#14359);
#15460 = OVER_RIDING_STYLED_ITEM('overriding color',(#15461),#6435,
  #14352);
#15461 = PRESENTATION_STYLE_ASSIGNMENT((#15462));
#15462 = SURFACE_STYLE_USAGE(.BOTH.,#15463);
#15463 = SURFACE_SIDE_STYLE('',(#15464));
#15464 = SURFACE_STYLE_FILL_AREA(#15465);
#15465 = FILL_AREA_STYLE('',(#15466));
#15466 = FILL_AREA_STYLE_COLOUR('',#14359);
#15467 = OVER_RIDING_STYLED_ITEM('overriding color',(#15468),#6467,
  #14352);
#15468 = PRESENTATION_STYLE_ASSIGNMENT((#15469));
#15469 = SURFACE_STYLE_USAGE(.BOTH.,#15470);
#15470 = SURFACE_SIDE_STYLE('',(#15471));
#15471 = SURFACE_STYLE_FILL_AREA(#15472);
#15472 = FILL_AREA_STYLE('',(#15473));
#15473 = FILL_AREA_STYLE_COLOUR('',#14359);
#15474 = OVER_RIDING_STYLED_ITEM('overriding color',(#15475),#6491,
  #14352);
#15475 = PRESENTATION_STYLE_ASSIGNMENT((#15476));
#15476 = SURFACE_STYLE_USAGE(.BOTH.,#15477);
#15477 = SURFACE_SIDE_STYLE('',(#15478));
#15478 = SURFACE_STYLE_FILL_AREA(#15479);
#15479 = FILL_AREA_STYLE('',(#15480));
#15480 = FILL_AREA_STYLE_COLOUR('',#14359);
#15481 = OVER_RIDING_STYLED_ITEM('overriding color',(#15482),#6579,
  #14352);
#15482 = PRESENTATION_STYLE_ASSIGNMENT((#15483));
#15483 = SURFACE_STYLE_USAGE(.BOTH.,#15484);
#15484 = SURFACE_SIDE_STYLE('',(#15485));
#15485 = SURFACE_STYLE_FILL_AREA(#15486);
#15486 = FILL_AREA_STYLE('',(#15487));
#15487 = FILL_AREA_STYLE_COLOUR('',#14359);
#15488 = OVER_RIDING_STYLED_ITEM('overriding color',(#15489),#6908,
  #14352);
#15489 = PRESENTATION_STYLE_ASSIGNMENT((#15490));
#15490 = SURFACE_STYLE_USAGE(.BOTH.,#15491);
#15491 = SURFACE_SIDE_STYLE('',(#15492));
#15492 = SURFACE_STYLE_FILL_AREA(#15493);
#15493 = FILL_AREA_STYLE('',(#15494));
#15494 = FILL_AREA_STYLE_COLOUR('',#14359);
#15495 = OVER_RIDING_STYLED_ITEM('overriding color',(#15496),#6940,
  #14352);
#15496 = PRESENTATION_STYLE_ASSIGNMENT((#15497));
#15497 = SURFACE_STYLE_USAGE(.BOTH.,#15498);
#15498 = SURFACE_SIDE_STYLE('',(#15499));
#15499 = SURFACE_STYLE_FILL_AREA(#15500);
#15500 = FILL_AREA_STYLE('',(#15501));
#15501 = FILL_AREA_STYLE_COLOUR('',#14359);
#15502 = OVER_RIDING_STYLED_ITEM('overriding color',(#15503),#7059,
  #14352);
#15503 = PRESENTATION_STYLE_ASSIGNMENT((#15504));
#15504 = SURFACE_STYLE_USAGE(.BOTH.,#15505);
#15505 = SURFACE_SIDE_STYLE('',(#15506));
#15506 = SURFACE_STYLE_FILL_AREA(#15507);
#15507 = FILL_AREA_STYLE('',(#15508));
#15508 = FILL_AREA_STYLE_COLOUR('',#14359);
#15509 = OVER_RIDING_STYLED_ITEM('overriding color',(#15510),#7083,
  #14352);
#15510 = PRESENTATION_STYLE_ASSIGNMENT((#15511));
#15511 = SURFACE_STYLE_USAGE(.BOTH.,#15512);
#15512 = SURFACE_SIDE_STYLE('',(#15513));
#15513 = SURFACE_STYLE_FILL_AREA(#15514);
#15514 = FILL_AREA_STYLE('',(#15515));
#15515 = FILL_AREA_STYLE_COLOUR('',#14359);
#15516 = OVER_RIDING_STYLED_ITEM('overriding color',(#15517),#7109,
  #14352);
#15517 = PRESENTATION_STYLE_ASSIGNMENT((#15518));
#15518 = SURFACE_STYLE_USAGE(.BOTH.,#15519);
#15519 = SURFACE_SIDE_STYLE('',(#15520));
#15520 = SURFACE_STYLE_FILL_AREA(#15521);
#15521 = FILL_AREA_STYLE('',(#15522));
#15522 = FILL_AREA_STYLE_COLOUR('',#14359);
#15523 = OVER_RIDING_STYLED_ITEM('overriding color',(#15524),#7134,
  #14352);
#15524 = PRESENTATION_STYLE_ASSIGNMENT((#15525));
#15525 = SURFACE_STYLE_USAGE(.BOTH.,#15526);
#15526 = SURFACE_SIDE_STYLE('',(#15527));
#15527 = SURFACE_STYLE_FILL_AREA(#15528);
#15528 = FILL_AREA_STYLE('',(#15529));
#15529 = FILL_AREA_STYLE_COLOUR('',#14359);
#15530 = OVER_RIDING_STYLED_ITEM('overriding color',(#15531),#7152,
  #14352);
#15531 = PRESENTATION_STYLE_ASSIGNMENT((#15532));
#15532 = SURFACE_STYLE_USAGE(.BOTH.,#15533);
#15533 = SURFACE_SIDE_STYLE('',(#15534));
#15534 = SURFACE_STYLE_FILL_AREA(#15535);
#15535 = FILL_AREA_STYLE('',(#15536));
#15536 = FILL_AREA_STYLE_COLOUR('',#14359);
#15537 = OVER_RIDING_STYLED_ITEM('overriding color',(#15538),#7169,
  #14352);
#15538 = PRESENTATION_STYLE_ASSIGNMENT((#15539));
#15539 = SURFACE_STYLE_USAGE(.BOTH.,#15540);
#15540 = SURFACE_SIDE_STYLE('',(#15541));
#15541 = SURFACE_STYLE_FILL_AREA(#15542);
#15542 = FILL_AREA_STYLE('',(#15543));
#15543 = FILL_AREA_STYLE_COLOUR('',#14359);
#15544 = OVER_RIDING_STYLED_ITEM('overriding color',(#15545),#7186,
  #14352);
#15545 = PRESENTATION_STYLE_ASSIGNMENT((#15546));
#15546 = SURFACE_STYLE_USAGE(.BOTH.,#15547);
#15547 = SURFACE_SIDE_STYLE('',(#15548));
#15548 = SURFACE_STYLE_FILL_AREA(#15549);
#15549 = FILL_AREA_STYLE('',(#15550));
#15550 = FILL_AREA_STYLE_COLOUR('',#14359);
#15551 = OVER_RIDING_STYLED_ITEM('overriding color',(#15552),#7198,
  #14352);
#15552 = PRESENTATION_STYLE_ASSIGNMENT((#15553));
#15553 = SURFACE_STYLE_USAGE(.BOTH.,#15554);
#15554 = SURFACE_SIDE_STYLE('',(#15555));
#15555 = SURFACE_STYLE_FILL_AREA(#15556);
#15556 = FILL_AREA_STYLE('',(#15557));
#15557 = FILL_AREA_STYLE_COLOUR('',#14359);
#15558 = OVER_RIDING_STYLED_ITEM('overriding color',(#15559),#7215,
  #14352);
#15559 = PRESENTATION_STYLE_ASSIGNMENT((#15560));
#15560 = SURFACE_STYLE_USAGE(.BOTH.,#15561);
#15561 = SURFACE_SIDE_STYLE('',(#15562));
#15562 = SURFACE_STYLE_FILL_AREA(#15563);
#15563 = FILL_AREA_STYLE('',(#15564));
#15564 = FILL_AREA_STYLE_COLOUR('',#14359);
#15565 = OVER_RIDING_STYLED_ITEM('overriding color',(#15566),#7227,
  #14352);
#15566 = PRESENTATION_STYLE_ASSIGNMENT((#15567));
#15567 = SURFACE_STYLE_USAGE(.BOTH.,#15568);
#15568 = SURFACE_SIDE_STYLE('',(#15569));
#15569 = SURFACE_STYLE_FILL_AREA(#15570);
#15570 = FILL_AREA_STYLE('',(#15571));
#15571 = FILL_AREA_STYLE_COLOUR('',#14359);
#15572 = OVER_RIDING_STYLED_ITEM('overriding color',(#15573),#7252,
  #14352);
#15573 = PRESENTATION_STYLE_ASSIGNMENT((#15574));
#15574 = SURFACE_STYLE_USAGE(.BOTH.,#15575);
#15575 = SURFACE_SIDE_STYLE('',(#15576));
#15576 = SURFACE_STYLE_FILL_AREA(#15577);
#15577 = FILL_AREA_STYLE('',(#15578));
#15578 = FILL_AREA_STYLE_COLOUR('',#14359);
#15579 = OVER_RIDING_STYLED_ITEM('overriding color',(#15580),#7276,
  #14352);
#15580 = PRESENTATION_STYLE_ASSIGNMENT((#15581));
#15581 = SURFACE_STYLE_USAGE(.BOTH.,#15582);
#15582 = SURFACE_SIDE_STYLE('',(#15583));
#15583 = SURFACE_STYLE_FILL_AREA(#15584);
#15584 = FILL_AREA_STYLE('',(#15585));
#15585 = FILL_AREA_STYLE_COLOUR('',#14359);
#15586 = OVER_RIDING_STYLED_ITEM('overriding color',(#15587),#7294,
  #14352);
#15587 = PRESENTATION_STYLE_ASSIGNMENT((#15588));
#15588 = SURFACE_STYLE_USAGE(.BOTH.,#15589);
#15589 = SURFACE_SIDE_STYLE('',(#15590));
#15590 = SURFACE_STYLE_FILL_AREA(#15591);
#15591 = FILL_AREA_STYLE('',(#15592));
#15592 = FILL_AREA_STYLE_COLOUR('',#14359);
#15593 = OVER_RIDING_STYLED_ITEM('overriding color',(#15594),#7319,
  #14352);
#15594 = PRESENTATION_STYLE_ASSIGNMENT((#15595));
#15595 = SURFACE_STYLE_USAGE(.BOTH.,#15596);
#15596 = SURFACE_SIDE_STYLE('',(#15597));
#15597 = SURFACE_STYLE_FILL_AREA(#15598);
#15598 = FILL_AREA_STYLE('',(#15599));
#15599 = FILL_AREA_STYLE_COLOUR('',#14359);
#15600 = OVER_RIDING_STYLED_ITEM('overriding color',(#15601),#7369,
  #14352);
#15601 = PRESENTATION_STYLE_ASSIGNMENT((#15602));
#15602 = SURFACE_STYLE_USAGE(.BOTH.,#15603);
#15603 = SURFACE_SIDE_STYLE('',(#15604));
#15604 = SURFACE_STYLE_FILL_AREA(#15605);
#15605 = FILL_AREA_STYLE('',(#15606));
#15606 = FILL_AREA_STYLE_COLOUR('',#14359);
#15607 = OVER_RIDING_STYLED_ITEM('overriding color',(#15608),#7432,
  #14352);
#15608 = PRESENTATION_STYLE_ASSIGNMENT((#15609));
#15609 = SURFACE_STYLE_USAGE(.BOTH.,#15610);
#15610 = SURFACE_SIDE_STYLE('',(#15611));
#15611 = SURFACE_STYLE_FILL_AREA(#15612);
#15612 = FILL_AREA_STYLE('',(#15613));
#15613 = FILL_AREA_STYLE_COLOUR('',#14359);
#15614 = OVER_RIDING_STYLED_ITEM('overriding color',(#15615),#7475,
  #14352);
#15615 = PRESENTATION_STYLE_ASSIGNMENT((#15616));
#15616 = SURFACE_STYLE_USAGE(.BOTH.,#15617);
#15617 = SURFACE_SIDE_STYLE('',(#15618));
#15618 = SURFACE_STYLE_FILL_AREA(#15619);
#15619 = FILL_AREA_STYLE('',(#15620));
#15620 = FILL_AREA_STYLE_COLOUR('',#14359);
#15621 = OVER_RIDING_STYLED_ITEM('overriding color',(#15622),#7500,
  #14352);
#15622 = PRESENTATION_STYLE_ASSIGNMENT((#15623));
#15623 = SURFACE_STYLE_USAGE(.BOTH.,#15624);
#15624 = SURFACE_SIDE_STYLE('',(#15625));
#15625 = SURFACE_STYLE_FILL_AREA(#15626);
#15626 = FILL_AREA_STYLE('',(#15627));
#15627 = FILL_AREA_STYLE_COLOUR('',#14359);
#15628 = OVER_RIDING_STYLED_ITEM('overriding color',(#15629),#7525,
  #14352);
#15629 = PRESENTATION_STYLE_ASSIGNMENT((#15630));
#15630 = SURFACE_STYLE_USAGE(.BOTH.,#15631);
#15631 = SURFACE_SIDE_STYLE('',(#15632));
#15632 = SURFACE_STYLE_FILL_AREA(#15633);
#15633 = FILL_AREA_STYLE('',(#15634));
#15634 = FILL_AREA_STYLE_COLOUR('',#14359);
#15635 = OVER_RIDING_STYLED_ITEM('overriding color',(#15636),#7572,
  #14352);
#15636 = PRESENTATION_STYLE_ASSIGNMENT((#15637));
#15637 = SURFACE_STYLE_USAGE(.BOTH.,#15638);
#15638 = SURFACE_SIDE_STYLE('',(#15639));
#15639 = SURFACE_STYLE_FILL_AREA(#15640);
#15640 = FILL_AREA_STYLE('',(#15641));
#15641 = FILL_AREA_STYLE_COLOUR('',#14359);
#15642 = OVER_RIDING_STYLED_ITEM('overriding color',(#15643),#7605,
  #14352);
#15643 = PRESENTATION_STYLE_ASSIGNMENT((#15644));
#15644 = SURFACE_STYLE_USAGE(.BOTH.,#15645);
#15645 = SURFACE_SIDE_STYLE('',(#15646));
#15646 = SURFACE_STYLE_FILL_AREA(#15647);
#15647 = FILL_AREA_STYLE('',(#15648));
#15648 = FILL_AREA_STYLE_COLOUR('',#14359);
#15649 = OVER_RIDING_STYLED_ITEM('overriding color',(#15650),#7802,
  #14352);
#15650 = PRESENTATION_STYLE_ASSIGNMENT((#15651));
#15651 = SURFACE_STYLE_USAGE(.BOTH.,#15652);
#15652 = SURFACE_SIDE_STYLE('',(#15653));
#15653 = SURFACE_STYLE_FILL_AREA(#15654);
#15654 = FILL_AREA_STYLE('',(#15655));
#15655 = FILL_AREA_STYLE_COLOUR('',#14359);
#15656 = OVER_RIDING_STYLED_ITEM('overriding color',(#15657),#7854,
  #14352);
#15657 = PRESENTATION_STYLE_ASSIGNMENT((#15658));
#15658 = SURFACE_STYLE_USAGE(.BOTH.,#15659);
#15659 = SURFACE_SIDE_STYLE('',(#15660));
#15660 = SURFACE_STYLE_FILL_AREA(#15661);
#15661 = FILL_AREA_STYLE('',(#15662));
#15662 = FILL_AREA_STYLE_COLOUR('',#14359);
#15663 = OVER_RIDING_STYLED_ITEM('overriding color',(#15664),#7901,
  #14352);
#15664 = PRESENTATION_STYLE_ASSIGNMENT((#15665));
#15665 = SURFACE_STYLE_USAGE(.BOTH.,#15666);
#15666 = SURFACE_SIDE_STYLE('',(#15667));
#15667 = SURFACE_STYLE_FILL_AREA(#15668);
#15668 = FILL_AREA_STYLE('',(#15669));
#15669 = FILL_AREA_STYLE_COLOUR('',#14359);
#15670 = OVER_RIDING_STYLED_ITEM('overriding color',(#15671),#7925,
  #14352);
#15671 = PRESENTATION_STYLE_ASSIGNMENT((#15672));
#15672 = SURFACE_STYLE_USAGE(.BOTH.,#15673);
#15673 = SURFACE_SIDE_STYLE('',(#15674));
#15674 = SURFACE_STYLE_FILL_AREA(#15675);
#15675 = FILL_AREA_STYLE('',(#15676));
#15676 = FILL_AREA_STYLE_COLOUR('',#14359);
#15677 = OVER_RIDING_STYLED_ITEM('overriding color',(#15678),#7950,
  #14352);
#15678 = PRESENTATION_STYLE_ASSIGNMENT((#15679));
#15679 = SURFACE_STYLE_USAGE(.BOTH.,#15680);
#15680 = SURFACE_SIDE_STYLE('',(#15681));
#15681 = SURFACE_STYLE_FILL_AREA(#15682);
#15682 = FILL_AREA_STYLE('',(#15683));
#15683 = FILL_AREA_STYLE_COLOUR('',#14359);
#15684 = OVER_RIDING_STYLED_ITEM('overriding color',(#15685),#7968,
  #14352);
#15685 = PRESENTATION_STYLE_ASSIGNMENT((#15686));
#15686 = SURFACE_STYLE_USAGE(.BOTH.,#15687);
#15687 = SURFACE_SIDE_STYLE('',(#15688));
#15688 = SURFACE_STYLE_FILL_AREA(#15689);
#15689 = FILL_AREA_STYLE('',(#15690));
#15690 = FILL_AREA_STYLE_COLOUR('',#14359);
#15691 = OVER_RIDING_STYLED_ITEM('overriding color',(#15692),#7992,
  #14352);
#15692 = PRESENTATION_STYLE_ASSIGNMENT((#15693));
#15693 = SURFACE_STYLE_USAGE(.BOTH.,#15694);
#15694 = SURFACE_SIDE_STYLE('',(#15695));
#15695 = SURFACE_STYLE_FILL_AREA(#15696);
#15696 = FILL_AREA_STYLE('',(#15697));
#15697 = FILL_AREA_STYLE_COLOUR('',#14359);
#15698 = OVER_RIDING_STYLED_ITEM('overriding color',(#15699),#8016,
  #14352);
#15699 = PRESENTATION_STYLE_ASSIGNMENT((#15700));
#15700 = SURFACE_STYLE_USAGE(.BOTH.,#15701);
#15701 = SURFACE_SIDE_STYLE('',(#15702));
#15702 = SURFACE_STYLE_FILL_AREA(#15703);
#15703 = FILL_AREA_STYLE('',(#15704));
#15704 = FILL_AREA_STYLE_COLOUR('',#14359);
#15705 = OVER_RIDING_STYLED_ITEM('overriding color',(#15706),#8040,
  #14352);
#15706 = PRESENTATION_STYLE_ASSIGNMENT((#15707));
#15707 = SURFACE_STYLE_USAGE(.BOTH.,#15708);
#15708 = SURFACE_SIDE_STYLE('',(#15709));
#15709 = SURFACE_STYLE_FILL_AREA(#15710);
#15710 = FILL_AREA_STYLE('',(#15711));
#15711 = FILL_AREA_STYLE_COLOUR('',#14359);
#15712 = OVER_RIDING_STYLED_ITEM('overriding color',(#15713),#8365,
  #14352);
#15713 = PRESENTATION_STYLE_ASSIGNMENT((#15714));
#15714 = SURFACE_STYLE_USAGE(.BOTH.,#15715);
#15715 = SURFACE_SIDE_STYLE('',(#15716));
#15716 = SURFACE_STYLE_FILL_AREA(#15717);
#15717 = FILL_AREA_STYLE('',(#15718));
#15718 = FILL_AREA_STYLE_COLOUR('',#14359);
#15719 = OVER_RIDING_STYLED_ITEM('overriding color',(#15720),#8377,
  #14352);
#15720 = PRESENTATION_STYLE_ASSIGNMENT((#15721));
#15721 = SURFACE_STYLE_USAGE(.BOTH.,#15722);
#15722 = SURFACE_SIDE_STYLE('',(#15723));
#15723 = SURFACE_STYLE_FILL_AREA(#15724);
#15724 = FILL_AREA_STYLE('',(#15725));
#15725 = FILL_AREA_STYLE_COLOUR('',#14359);
#15726 = OVER_RIDING_STYLED_ITEM('overriding color',(#15727),#8389,
  #14352);
#15727 = PRESENTATION_STYLE_ASSIGNMENT((#15728));
#15728 = SURFACE_STYLE_USAGE(.BOTH.,#15729);
#15729 = SURFACE_SIDE_STYLE('',(#15730));
#15730 = SURFACE_STYLE_FILL_AREA(#15731);
#15731 = FILL_AREA_STYLE('',(#15732));
#15732 = FILL_AREA_STYLE_COLOUR('',#14359);
#15733 = OVER_RIDING_STYLED_ITEM('overriding color',(#15734),#8449,
  #14352);
#15734 = PRESENTATION_STYLE_ASSIGNMENT((#15735));
#15735 = SURFACE_STYLE_USAGE(.BOTH.,#15736);
#15736 = SURFACE_SIDE_STYLE('',(#15737));
#15737 = SURFACE_STYLE_FILL_AREA(#15738);
#15738 = FILL_AREA_STYLE('',(#15739));
#15739 = FILL_AREA_STYLE_COLOUR('',#14359);
#15740 = OVER_RIDING_STYLED_ITEM('overriding color',(#15741),#8466,
  #14352);
#15741 = PRESENTATION_STYLE_ASSIGNMENT((#15742));
#15742 = SURFACE_STYLE_USAGE(.BOTH.,#15743);
#15743 = SURFACE_SIDE_STYLE('',(#15744));
#15744 = SURFACE_STYLE_FILL_AREA(#15745);
#15745 = FILL_AREA_STYLE('',(#15746));
#15746 = FILL_AREA_STYLE_COLOUR('',#14359);
#15747 = OVER_RIDING_STYLED_ITEM('overriding color',(#15748),#8483,
  #14352);
#15748 = PRESENTATION_STYLE_ASSIGNMENT((#15749));
#15749 = SURFACE_STYLE_USAGE(.BOTH.,#15750);
#15750 = SURFACE_SIDE_STYLE('',(#15751));
#15751 = SURFACE_STYLE_FILL_AREA(#15752);
#15752 = FILL_AREA_STYLE('',(#15753));
#15753 = FILL_AREA_STYLE_COLOUR('',#14359);
#15754 = OVER_RIDING_STYLED_ITEM('overriding color',(#15755),#8495,
  #14352);
#15755 = PRESENTATION_STYLE_ASSIGNMENT((#15756));
#15756 = SURFACE_STYLE_USAGE(.BOTH.,#15757);
#15757 = SURFACE_SIDE_STYLE('',(#15758));
#15758 = SURFACE_STYLE_FILL_AREA(#15759);
#15759 = FILL_AREA_STYLE('',(#15760));
#15760 = FILL_AREA_STYLE_COLOUR('',#14359);
#15761 = OVER_RIDING_STYLED_ITEM('overriding color',(#15762),#8520,
  #14352);
#15762 = PRESENTATION_STYLE_ASSIGNMENT((#15763));
#15763 = SURFACE_STYLE_USAGE(.BOTH.,#15764);
#15764 = SURFACE_SIDE_STYLE('',(#15765));
#15765 = SURFACE_STYLE_FILL_AREA(#15766);
#15766 = FILL_AREA_STYLE('',(#15767));
#15767 = FILL_AREA_STYLE_COLOUR('',#14359);
#15768 = OVER_RIDING_STYLED_ITEM('overriding color',(#15769),#8554,
  #14352);
#15769 = PRESENTATION_STYLE_ASSIGNMENT((#15770));
#15770 = SURFACE_STYLE_USAGE(.BOTH.,#15771);
#15771 = SURFACE_SIDE_STYLE('',(#15772));
#15772 = SURFACE_STYLE_FILL_AREA(#15773);
#15773 = FILL_AREA_STYLE('',(#15774));
#15774 = FILL_AREA_STYLE_COLOUR('',#14359);
#15775 = OVER_RIDING_STYLED_ITEM('overriding color',(#15776),#8572,
  #14352);
#15776 = PRESENTATION_STYLE_ASSIGNMENT((#15777));
#15777 = SURFACE_STYLE_USAGE(.BOTH.,#15778);
#15778 = SURFACE_SIDE_STYLE('',(#15779));
#15779 = SURFACE_STYLE_FILL_AREA(#15780);
#15780 = FILL_AREA_STYLE('',(#15781));
#15781 = FILL_AREA_STYLE_COLOUR('',#14359);
#15782 = OVER_RIDING_STYLED_ITEM('overriding color',(#15783),#8590,
  #14352);
#15783 = PRESENTATION_STYLE_ASSIGNMENT((#15784));
#15784 = SURFACE_STYLE_USAGE(.BOTH.,#15785);
#15785 = SURFACE_SIDE_STYLE('',(#15786));
#15786 = SURFACE_STYLE_FILL_AREA(#15787);
#15787 = FILL_AREA_STYLE('',(#15788));
#15788 = FILL_AREA_STYLE_COLOUR('',#14359);
#15789 = OVER_RIDING_STYLED_ITEM('overriding color',(#15790),#8602,
  #14352);
#15790 = PRESENTATION_STYLE_ASSIGNMENT((#15791));
#15791 = SURFACE_STYLE_USAGE(.BOTH.,#15792);
#15792 = SURFACE_SIDE_STYLE('',(#15793));
#15793 = SURFACE_STYLE_FILL_AREA(#15794);
#15794 = FILL_AREA_STYLE('',(#15795));
#15795 = FILL_AREA_STYLE_COLOUR('',#14359);
#15796 = OVER_RIDING_STYLED_ITEM('overriding color',(#15797),#8648,
  #14352);
#15797 = PRESENTATION_STYLE_ASSIGNMENT((#15798));
#15798 = SURFACE_STYLE_USAGE(.BOTH.,#15799);
#15799 = SURFACE_SIDE_STYLE('',(#15800));
#15800 = SURFACE_STYLE_FILL_AREA(#15801);
#15801 = FILL_AREA_STYLE('',(#15802));
#15802 = FILL_AREA_STYLE_COLOUR('',#14359);
#15803 = OVER_RIDING_STYLED_ITEM('overriding color',(#15804),#8672,
  #14352);
#15804 = PRESENTATION_STYLE_ASSIGNMENT((#15805));
#15805 = SURFACE_STYLE_USAGE(.BOTH.,#15806);
#15806 = SURFACE_SIDE_STYLE('',(#15807));
#15807 = SURFACE_STYLE_FILL_AREA(#15808);
#15808 = FILL_AREA_STYLE('',(#15809));
#15809 = FILL_AREA_STYLE_COLOUR('',#14359);
#15810 = OVER_RIDING_STYLED_ITEM('overriding color',(#15811),#8684,
  #14352);
#15811 = PRESENTATION_STYLE_ASSIGNMENT((#15812));
#15812 = SURFACE_STYLE_USAGE(.BOTH.,#15813);
#15813 = SURFACE_SIDE_STYLE('',(#15814));
#15814 = SURFACE_STYLE_FILL_AREA(#15815);
#15815 = FILL_AREA_STYLE('',(#15816));
#15816 = FILL_AREA_STYLE_COLOUR('',#14359);
#15817 = OVER_RIDING_STYLED_ITEM('overriding color',(#15818),#8709,
  #14352);
#15818 = PRESENTATION_STYLE_ASSIGNMENT((#15819));
#15819 = SURFACE_STYLE_USAGE(.BOTH.,#15820);
#15820 = SURFACE_SIDE_STYLE('',(#15821));
#15821 = SURFACE_STYLE_FILL_AREA(#15822);
#15822 = FILL_AREA_STYLE('',(#15823));
#15823 = FILL_AREA_STYLE_COLOUR('',#14359);
#15824 = OVER_RIDING_STYLED_ITEM('overriding color',(#15825),#8727,
  #14352);
#15825 = PRESENTATION_STYLE_ASSIGNMENT((#15826));
#15826 = SURFACE_STYLE_USAGE(.BOTH.,#15827);
#15827 = SURFACE_SIDE_STYLE('',(#15828));
#15828 = SURFACE_STYLE_FILL_AREA(#15829);
#15829 = FILL_AREA_STYLE('',(#15830));
#15830 = FILL_AREA_STYLE_COLOUR('',#14359);
#15831 = OVER_RIDING_STYLED_ITEM('overriding color',(#15832),#8752,
  #14352);
#15832 = PRESENTATION_STYLE_ASSIGNMENT((#15833));
#15833 = SURFACE_STYLE_USAGE(.BOTH.,#15834);
#15834 = SURFACE_SIDE_STYLE('',(#15835));
#15835 = SURFACE_STYLE_FILL_AREA(#15836);
#15836 = FILL_AREA_STYLE('',(#15837));
#15837 = FILL_AREA_STYLE_COLOUR('',#14359);
#15838 = OVER_RIDING_STYLED_ITEM('overriding color',(#15839),#8769,
  #14352);
#15839 = PRESENTATION_STYLE_ASSIGNMENT((#15840));
#15840 = SURFACE_STYLE_USAGE(.BOTH.,#15841);
#15841 = SURFACE_SIDE_STYLE('',(#15842));
#15842 = SURFACE_STYLE_FILL_AREA(#15843);
#15843 = FILL_AREA_STYLE('',(#15844));
#15844 = FILL_AREA_STYLE_COLOUR('',#14359);
#15845 = OVER_RIDING_STYLED_ITEM('overriding color',(#15846),#8794,
  #14352);
#15846 = PRESENTATION_STYLE_ASSIGNMENT((#15847));
#15847 = SURFACE_STYLE_USAGE(.BOTH.,#15848);
#15848 = SURFACE_SIDE_STYLE('',(#15849));
#15849 = SURFACE_STYLE_FILL_AREA(#15850);
#15850 = FILL_AREA_STYLE('',(#15851));
#15851 = FILL_AREA_STYLE_COLOUR('',#14359);
#15852 = OVER_RIDING_STYLED_ITEM('overriding color',(#15853),#8812,
  #14352);
#15853 = PRESENTATION_STYLE_ASSIGNMENT((#15854));
#15854 = SURFACE_STYLE_USAGE(.BOTH.,#15855);
#15855 = SURFACE_SIDE_STYLE('',(#15856));
#15856 = SURFACE_STYLE_FILL_AREA(#15857);
#15857 = FILL_AREA_STYLE('',(#15858));
#15858 = FILL_AREA_STYLE_COLOUR('',#14359);
#15859 = OVER_RIDING_STYLED_ITEM('overriding color',(#15860),#8838,
  #14352);
#15860 = PRESENTATION_STYLE_ASSIGNMENT((#15861));
#15861 = SURFACE_STYLE_USAGE(.BOTH.,#15862);
#15862 = SURFACE_SIDE_STYLE('',(#15863));
#15863 = SURFACE_STYLE_FILL_AREA(#15864);
#15864 = FILL_AREA_STYLE('',(#15865));
#15865 = FILL_AREA_STYLE_COLOUR('',#14359);
#15866 = OVER_RIDING_STYLED_ITEM('overriding color',(#15867),#8855,
  #14352);
#15867 = PRESENTATION_STYLE_ASSIGNMENT((#15868));
#15868 = SURFACE_STYLE_USAGE(.BOTH.,#15869);
#15869 = SURFACE_SIDE_STYLE('',(#15870));
#15870 = SURFACE_STYLE_FILL_AREA(#15871);
#15871 = FILL_AREA_STYLE('',(#15872));
#15872 = FILL_AREA_STYLE_COLOUR('',#14359);
#15873 = OVER_RIDING_STYLED_ITEM('overriding color',(#15874),#8880,
  #14352);
#15874 = PRESENTATION_STYLE_ASSIGNMENT((#15875));
#15875 = SURFACE_STYLE_USAGE(.BOTH.,#15876);
#15876 = SURFACE_SIDE_STYLE('',(#15877));
#15877 = SURFACE_STYLE_FILL_AREA(#15878);
#15878 = FILL_AREA_STYLE('',(#15879));
#15879 = FILL_AREA_STYLE_COLOUR('',#14359);
#15880 = OVER_RIDING_STYLED_ITEM('overriding color',(#15881),#8898,
  #14352);
#15881 = PRESENTATION_STYLE_ASSIGNMENT((#15882));
#15882 = SURFACE_STYLE_USAGE(.BOTH.,#15883);
#15883 = SURFACE_SIDE_STYLE('',(#15884));
#15884 = SURFACE_STYLE_FILL_AREA(#15885);
#15885 = FILL_AREA_STYLE('',(#15886));
#15886 = FILL_AREA_STYLE_COLOUR('',#14359);
#15887 = OVER_RIDING_STYLED_ITEM('overriding color',(#15888),#8923,
  #14352);
#15888 = PRESENTATION_STYLE_ASSIGNMENT((#15889));
#15889 = SURFACE_STYLE_USAGE(.BOTH.,#15890);
#15890 = SURFACE_SIDE_STYLE('',(#15891));
#15891 = SURFACE_STYLE_FILL_AREA(#15892);
#15892 = FILL_AREA_STYLE('',(#15893));
#15893 = FILL_AREA_STYLE_COLOUR('',#14359);
#15894 = OVER_RIDING_STYLED_ITEM('overriding color',(#15895),#8958,
  #14352);
#15895 = PRESENTATION_STYLE_ASSIGNMENT((#15896));
#15896 = SURFACE_STYLE_USAGE(.BOTH.,#15897);
#15897 = SURFACE_SIDE_STYLE('',(#15898));
#15898 = SURFACE_STYLE_FILL_AREA(#15899);
#15899 = FILL_AREA_STYLE('',(#15900));
#15900 = FILL_AREA_STYLE_COLOUR('',#14359);
#15901 = OVER_RIDING_STYLED_ITEM('overriding color',(#15902),#8980,
  #14352);
#15902 = PRESENTATION_STYLE_ASSIGNMENT((#15903));
#15903 = SURFACE_STYLE_USAGE(.BOTH.,#15904);
#15904 = SURFACE_SIDE_STYLE('',(#15905));
#15905 = SURFACE_STYLE_FILL_AREA(#15906);
#15906 = FILL_AREA_STYLE('',(#15907));
#15907 = FILL_AREA_STYLE_COLOUR('',#14359);
#15908 = OVER_RIDING_STYLED_ITEM('overriding color',(#15909),#8992,
  #14352);
#15909 = PRESENTATION_STYLE_ASSIGNMENT((#15910));
#15910 = SURFACE_STYLE_USAGE(.BOTH.,#15911);
#15911 = SURFACE_SIDE_STYLE('',(#15912));
#15912 = SURFACE_STYLE_FILL_AREA(#15913);
#15913 = FILL_AREA_STYLE('',(#15914));
#15914 = FILL_AREA_STYLE_COLOUR('',#14359);
#15915 = OVER_RIDING_STYLED_ITEM('overriding color',(#15916),#9053,
  #14352);
#15916 = PRESENTATION_STYLE_ASSIGNMENT((#15917));
#15917 = SURFACE_STYLE_USAGE(.BOTH.,#15918);
#15918 = SURFACE_SIDE_STYLE('',(#15919));
#15919 = SURFACE_STYLE_FILL_AREA(#15920);
#15920 = FILL_AREA_STYLE('',(#15921));
#15921 = FILL_AREA_STYLE_COLOUR('',#14359);
#15922 = OVER_RIDING_STYLED_ITEM('overriding color',(#15923),#9077,
  #14352);
#15923 = PRESENTATION_STYLE_ASSIGNMENT((#15924));
#15924 = SURFACE_STYLE_USAGE(.BOTH.,#15925);
#15925 = SURFACE_SIDE_STYLE('',(#15926));
#15926 = SURFACE_STYLE_FILL_AREA(#15927);
#15927 = FILL_AREA_STYLE('',(#15928));
#15928 = FILL_AREA_STYLE_COLOUR('',#14359);
#15929 = OVER_RIDING_STYLED_ITEM('overriding color',(#15930),#9095,
  #14352);
#15930 = PRESENTATION_STYLE_ASSIGNMENT((#15931));
#15931 = SURFACE_STYLE_USAGE(.BOTH.,#15932);
#15932 = SURFACE_SIDE_STYLE('',(#15933));
#15933 = SURFACE_STYLE_FILL_AREA(#15934);
#15934 = FILL_AREA_STYLE('',(#15935));
#15935 = FILL_AREA_STYLE_COLOUR('',#14359);
#15936 = OVER_RIDING_STYLED_ITEM('overriding color',(#15937),#9107,
  #14352);
#15937 = PRESENTATION_STYLE_ASSIGNMENT((#15938));
#15938 = SURFACE_STYLE_USAGE(.BOTH.,#15939);
#15939 = SURFACE_SIDE_STYLE('',(#15940));
#15940 = SURFACE_STYLE_FILL_AREA(#15941);
#15941 = FILL_AREA_STYLE('',(#15942));
#15942 = FILL_AREA_STYLE_COLOUR('',#14359);
#15943 = OVER_RIDING_STYLED_ITEM('overriding color',(#15944),#9132,
  #14352);
#15944 = PRESENTATION_STYLE_ASSIGNMENT((#15945));
#15945 = SURFACE_STYLE_USAGE(.BOTH.,#15946);
#15946 = SURFACE_SIDE_STYLE('',(#15947));
#15947 = SURFACE_STYLE_FILL_AREA(#15948);
#15948 = FILL_AREA_STYLE('',(#15949));
#15949 = FILL_AREA_STYLE_COLOUR('',#14359);
#15950 = OVER_RIDING_STYLED_ITEM('overriding color',(#15951),#9150,
  #14352);
#15951 = PRESENTATION_STYLE_ASSIGNMENT((#15952));
#15952 = SURFACE_STYLE_USAGE(.BOTH.,#15953);
#15953 = SURFACE_SIDE_STYLE('',(#15954));
#15954 = SURFACE_STYLE_FILL_AREA(#15955);
#15955 = FILL_AREA_STYLE('',(#15956));
#15956 = FILL_AREA_STYLE_COLOUR('',#14359);
#15957 = OVER_RIDING_STYLED_ITEM('overriding color',(#15958),#9175,
  #14352);
#15958 = PRESENTATION_STYLE_ASSIGNMENT((#15959));
#15959 = SURFACE_STYLE_USAGE(.BOTH.,#15960);
#15960 = SURFACE_SIDE_STYLE('',(#15961));
#15961 = SURFACE_STYLE_FILL_AREA(#15962);
#15962 = FILL_AREA_STYLE('',(#15963));
#15963 = FILL_AREA_STYLE_COLOUR('',#14359);
#15964 = OVER_RIDING_STYLED_ITEM('overriding color',(#15965),#9211,
  #14352);
#15965 = PRESENTATION_STYLE_ASSIGNMENT((#15966));
#15966 = SURFACE_STYLE_USAGE(.BOTH.,#15967);
#15967 = SURFACE_SIDE_STYLE('',(#15968));
#15968 = SURFACE_STYLE_FILL_AREA(#15969);
#15969 = FILL_AREA_STYLE('',(#15970));
#15970 = FILL_AREA_STYLE_COLOUR('',#14359);
#15971 = OVER_RIDING_STYLED_ITEM('overriding color',(#15972),#9233,
  #14352);
#15972 = PRESENTATION_STYLE_ASSIGNMENT((#15973));
#15973 = SURFACE_STYLE_USAGE(.BOTH.,#15974);
#15974 = SURFACE_SIDE_STYLE('',(#15975));
#15975 = SURFACE_STYLE_FILL_AREA(#15976);
#15976 = FILL_AREA_STYLE('',(#15977));
#15977 = FILL_AREA_STYLE_COLOUR('',#14359);
#15978 = OVER_RIDING_STYLED_ITEM('overriding color',(#15979),#9245,
  #14352);
#15979 = PRESENTATION_STYLE_ASSIGNMENT((#15980));
#15980 = SURFACE_STYLE_USAGE(.BOTH.,#15981);
#15981 = SURFACE_SIDE_STYLE('',(#15982));
#15982 = SURFACE_STYLE_FILL_AREA(#15983);
#15983 = FILL_AREA_STYLE('',(#15984));
#15984 = FILL_AREA_STYLE_COLOUR('',#14359);
#15985 = OVER_RIDING_STYLED_ITEM('overriding color',(#15986),#9305,
  #14352);
#15986 = PRESENTATION_STYLE_ASSIGNMENT((#15987));
#15987 = SURFACE_STYLE_USAGE(.BOTH.,#15988);
#15988 = SURFACE_SIDE_STYLE('',(#15989));
#15989 = SURFACE_STYLE_FILL_AREA(#15990);
#15990 = FILL_AREA_STYLE('',(#15991));
#15991 = FILL_AREA_STYLE_COLOUR('',#14359);
#15992 = OVER_RIDING_STYLED_ITEM('overriding color',(#15993),#9329,
  #14352);
#15993 = PRESENTATION_STYLE_ASSIGNMENT((#15994));
#15994 = SURFACE_STYLE_USAGE(.BOTH.,#15995);
#15995 = SURFACE_SIDE_STYLE('',(#15996));
#15996 = SURFACE_STYLE_FILL_AREA(#15997);
#15997 = FILL_AREA_STYLE('',(#15998));
#15998 = FILL_AREA_STYLE_COLOUR('',#14359);
#15999 = OVER_RIDING_STYLED_ITEM('overriding color',(#16000),#9347,
  #14352);
#16000 = PRESENTATION_STYLE_ASSIGNMENT((#16001));
#16001 = SURFACE_STYLE_USAGE(.BOTH.,#16002);
#16002 = SURFACE_SIDE_STYLE('',(#16003));
#16003 = SURFACE_STYLE_FILL_AREA(#16004);
#16004 = FILL_AREA_STYLE('',(#16005));
#16005 = FILL_AREA_STYLE_COLOUR('',#14359);
#16006 = OVER_RIDING_STYLED_ITEM('overriding color',(#16007),#9359,
  #14352);
#16007 = PRESENTATION_STYLE_ASSIGNMENT((#16008));
#16008 = SURFACE_STYLE_USAGE(.BOTH.,#16009);
#16009 = SURFACE_SIDE_STYLE('',(#16010));
#16010 = SURFACE_STYLE_FILL_AREA(#16011);
#16011 = FILL_AREA_STYLE('',(#16012));
#16012 = FILL_AREA_STYLE_COLOUR('',#14359);
#16013 = OVER_RIDING_STYLED_ITEM('overriding color',(#16014),#9384,
  #14352);
#16014 = PRESENTATION_STYLE_ASSIGNMENT((#16015));
#16015 = SURFACE_STYLE_USAGE(.BOTH.,#16016);
#16016 = SURFACE_SIDE_STYLE('',(#16017));
#16017 = SURFACE_STYLE_FILL_AREA(#16018);
#16018 = FILL_AREA_STYLE('',(#16019));
#16019 = FILL_AREA_STYLE_COLOUR('',#14359);
#16020 = OVER_RIDING_STYLED_ITEM('overriding color',(#16021),#9402,
  #14352);
#16021 = PRESENTATION_STYLE_ASSIGNMENT((#16022));
#16022 = SURFACE_STYLE_USAGE(.BOTH.,#16023);
#16023 = SURFACE_SIDE_STYLE('',(#16024));
#16024 = SURFACE_STYLE_FILL_AREA(#16025);
#16025 = FILL_AREA_STYLE('',(#16026));
#16026 = FILL_AREA_STYLE_COLOUR('',#14359);
#16027 = OVER_RIDING_STYLED_ITEM('overriding color',(#16028),#9427,
  #14352);
#16028 = PRESENTATION_STYLE_ASSIGNMENT((#16029));
#16029 = SURFACE_STYLE_USAGE(.BOTH.,#16030);
#16030 = SURFACE_SIDE_STYLE('',(#16031));
#16031 = SURFACE_STYLE_FILL_AREA(#16032);
#16032 = FILL_AREA_STYLE('',(#16033));
#16033 = FILL_AREA_STYLE_COLOUR('',#14359);
#16034 = OVER_RIDING_STYLED_ITEM('overriding color',(#16035),#9445,
  #14352);
#16035 = PRESENTATION_STYLE_ASSIGNMENT((#16036));
#16036 = SURFACE_STYLE_USAGE(.BOTH.,#16037);
#16037 = SURFACE_SIDE_STYLE('',(#16038));
#16038 = SURFACE_STYLE_FILL_AREA(#16039);
#16039 = FILL_AREA_STYLE('',(#16040));
#16040 = FILL_AREA_STYLE_COLOUR('',#14359);
#16041 = OVER_RIDING_STYLED_ITEM('overriding color',(#16042),#9462,
  #14352);
#16042 = PRESENTATION_STYLE_ASSIGNMENT((#16043));
#16043 = SURFACE_STYLE_USAGE(.BOTH.,#16044);
#16044 = SURFACE_SIDE_STYLE('',(#16045));
#16045 = SURFACE_STYLE_FILL_AREA(#16046);
#16046 = FILL_AREA_STYLE('',(#16047));
#16047 = FILL_AREA_STYLE_COLOUR('',#14359);
#16048 = OVER_RIDING_STYLED_ITEM('overriding color',(#16049),#9474,
  #14352);
#16049 = PRESENTATION_STYLE_ASSIGNMENT((#16050));
#16050 = SURFACE_STYLE_USAGE(.BOTH.,#16051);
#16051 = SURFACE_SIDE_STYLE('',(#16052));
#16052 = SURFACE_STYLE_FILL_AREA(#16053);
#16053 = FILL_AREA_STYLE('',(#16054));
#16054 = FILL_AREA_STYLE_COLOUR('',#14359);
#16055 = OVER_RIDING_STYLED_ITEM('overriding color',(#16056),#9562,
  #14352);
#16056 = PRESENTATION_STYLE_ASSIGNMENT((#16057));
#16057 = SURFACE_STYLE_USAGE(.BOTH.,#16058);
#16058 = SURFACE_SIDE_STYLE('',(#16059));
#16059 = SURFACE_STYLE_FILL_AREA(#16060);
#16060 = FILL_AREA_STYLE('',(#16061));
#16061 = FILL_AREA_STYLE_COLOUR('',#14359);
#16062 = OVER_RIDING_STYLED_ITEM('overriding color',(#16063),#9820,
  #14352);
#16063 = PRESENTATION_STYLE_ASSIGNMENT((#16064));
#16064 = SURFACE_STYLE_USAGE(.BOTH.,#16065);
#16065 = SURFACE_SIDE_STYLE('',(#16066));
#16066 = SURFACE_STYLE_FILL_AREA(#16067);
#16067 = FILL_AREA_STYLE('',(#16068));
#16068 = FILL_AREA_STYLE_COLOUR('',#14359);
#16069 = OVER_RIDING_STYLED_ITEM('overriding color',(#16070),#9837,
  #14352);
#16070 = PRESENTATION_STYLE_ASSIGNMENT((#16071));
#16071 = SURFACE_STYLE_USAGE(.BOTH.,#16072);
#16072 = SURFACE_SIDE_STYLE('',(#16073));
#16073 = SURFACE_STYLE_FILL_AREA(#16074);
#16074 = FILL_AREA_STYLE('',(#16075));
#16075 = FILL_AREA_STYLE_COLOUR('',#14359);
#16076 = OVER_RIDING_STYLED_ITEM('overriding color',(#16077),#9854,
  #14352);
#16077 = PRESENTATION_STYLE_ASSIGNMENT((#16078));
#16078 = SURFACE_STYLE_USAGE(.BOTH.,#16079);
#16079 = SURFACE_SIDE_STYLE('',(#16080));
#16080 = SURFACE_STYLE_FILL_AREA(#16081);
#16081 = FILL_AREA_STYLE('',(#16082));
#16082 = FILL_AREA_STYLE_COLOUR('',#14359);
#16083 = OVER_RIDING_STYLED_ITEM('overriding color',(#16084),#9885,
  #14352);
#16084 = PRESENTATION_STYLE_ASSIGNMENT((#16085));
#16085 = SURFACE_STYLE_USAGE(.BOTH.,#16086);
#16086 = SURFACE_SIDE_STYLE('',(#16087));
#16087 = SURFACE_STYLE_FILL_AREA(#16088);
#16088 = FILL_AREA_STYLE('',(#16089));
#16089 = FILL_AREA_STYLE_COLOUR('',#14359);
#16090 = OVER_RIDING_STYLED_ITEM('overriding color',(#16091),#9915,
  #14352);
#16091 = PRESENTATION_STYLE_ASSIGNMENT((#16092));
#16092 = SURFACE_STYLE_USAGE(.BOTH.,#16093);
#16093 = SURFACE_SIDE_STYLE('',(#16094));
#16094 = SURFACE_STYLE_FILL_AREA(#16095);
#16095 = FILL_AREA_STYLE('',(#16096));
#16096 = FILL_AREA_STYLE_COLOUR('',#14359);
#16097 = OVER_RIDING_STYLED_ITEM('overriding color',(#16098),#9940,
  #14352);
#16098 = PRESENTATION_STYLE_ASSIGNMENT((#16099));
#16099 = SURFACE_STYLE_USAGE(.BOTH.,#16100);
#16100 = SURFACE_SIDE_STYLE('',(#16101));
#16101 = SURFACE_STYLE_FILL_AREA(#16102);
#16102 = FILL_AREA_STYLE('',(#16103));
#16103 = FILL_AREA_STYLE_COLOUR('',#14359);
#16104 = OVER_RIDING_STYLED_ITEM('overriding color',(#16105),#10259,
  #14352);
#16105 = PRESENTATION_STYLE_ASSIGNMENT((#16106));
#16106 = SURFACE_STYLE_USAGE(.BOTH.,#16107);
#16107 = SURFACE_SIDE_STYLE('',(#16108));
#16108 = SURFACE_STYLE_FILL_AREA(#16109);
#16109 = FILL_AREA_STYLE('',(#16110));
#16110 = FILL_AREA_STYLE_COLOUR('',#14359);
#16111 = OVER_RIDING_STYLED_ITEM('overriding color',(#16112),#10276,
  #14352);
#16112 = PRESENTATION_STYLE_ASSIGNMENT((#16113));
#16113 = SURFACE_STYLE_USAGE(.BOTH.,#16114);
#16114 = SURFACE_SIDE_STYLE('',(#16115));
#16115 = SURFACE_STYLE_FILL_AREA(#16116);
#16116 = FILL_AREA_STYLE('',(#16117));
#16117 = FILL_AREA_STYLE_COLOUR('',#14359);
#16118 = OVER_RIDING_STYLED_ITEM('overriding color',(#16119),#10288,
  #14352);
#16119 = PRESENTATION_STYLE_ASSIGNMENT((#16120));
#16120 = SURFACE_STYLE_USAGE(.BOTH.,#16121);
#16121 = SURFACE_SIDE_STYLE('',(#16122));
#16122 = SURFACE_STYLE_FILL_AREA(#16123);
#16123 = FILL_AREA_STYLE('',(#16124));
#16124 = FILL_AREA_STYLE_COLOUR('',#14359);
#16125 = OVER_RIDING_STYLED_ITEM('overriding color',(#16126),#10360,
  #14352);
#16126 = PRESENTATION_STYLE_ASSIGNMENT((#16127));
#16127 = SURFACE_STYLE_USAGE(.BOTH.,#16128);
#16128 = SURFACE_SIDE_STYLE('',(#16129));
#16129 = SURFACE_STYLE_FILL_AREA(#16130);
#16130 = FILL_AREA_STYLE('',(#16131));
#16131 = FILL_AREA_STYLE_COLOUR('',#14359);
#16132 = OVER_RIDING_STYLED_ITEM('overriding color',(#16133),#10385,
  #14352);
#16133 = PRESENTATION_STYLE_ASSIGNMENT((#16134));
#16134 = SURFACE_STYLE_USAGE(.BOTH.,#16135);
#16135 = SURFACE_SIDE_STYLE('',(#16136));
#16136 = SURFACE_STYLE_FILL_AREA(#16137);
#16137 = FILL_AREA_STYLE('',(#16138));
#16138 = FILL_AREA_STYLE_COLOUR('',#14359);
#16139 = OVER_RIDING_STYLED_ITEM('overriding color',(#16140),#10402,
  #14352);
#16140 = PRESENTATION_STYLE_ASSIGNMENT((#16141));
#16141 = SURFACE_STYLE_USAGE(.BOTH.,#16142);
#16142 = SURFACE_SIDE_STYLE('',(#16143));
#16143 = SURFACE_STYLE_FILL_AREA(#16144);
#16144 = FILL_AREA_STYLE('',(#16145));
#16145 = FILL_AREA_STYLE_COLOUR('',#14359);
#16146 = OVER_RIDING_STYLED_ITEM('overriding color',(#16147),#10420,
  #14352);
#16147 = PRESENTATION_STYLE_ASSIGNMENT((#16148));
#16148 = SURFACE_STYLE_USAGE(.BOTH.,#16149);
#16149 = SURFACE_SIDE_STYLE('',(#16150));
#16150 = SURFACE_STYLE_FILL_AREA(#16151);
#16151 = FILL_AREA_STYLE('',(#16152));
#16152 = FILL_AREA_STYLE_COLOUR('',#14359);
#16153 = OVER_RIDING_STYLED_ITEM('overriding color',(#16154),#10432,
  #14352);
#16154 = PRESENTATION_STYLE_ASSIGNMENT((#16155));
#16155 = SURFACE_STYLE_USAGE(.BOTH.,#16156);
#16156 = SURFACE_SIDE_STYLE('',(#16157));
#16157 = SURFACE_STYLE_FILL_AREA(#16158);
#16158 = FILL_AREA_STYLE('',(#16159));
#16159 = FILL_AREA_STYLE_COLOUR('',#14359);
#16160 = OVER_RIDING_STYLED_ITEM('overriding color',(#16161),#10450,
  #14352);
#16161 = PRESENTATION_STYLE_ASSIGNMENT((#16162));
#16162 = SURFACE_STYLE_USAGE(.BOTH.,#16163);
#16163 = SURFACE_SIDE_STYLE('',(#16164));
#16164 = SURFACE_STYLE_FILL_AREA(#16165);
#16165 = FILL_AREA_STYLE('',(#16166));
#16166 = FILL_AREA_STYLE_COLOUR('',#14359);
#16167 = OVER_RIDING_STYLED_ITEM('overriding color',(#16168),#10462,
  #14352);
#16168 = PRESENTATION_STYLE_ASSIGNMENT((#16169));
#16169 = SURFACE_STYLE_USAGE(.BOTH.,#16170);
#16170 = SURFACE_SIDE_STYLE('',(#16171));
#16171 = SURFACE_STYLE_FILL_AREA(#16172);
#16172 = FILL_AREA_STYLE('',(#16173));
#16173 = FILL_AREA_STYLE_COLOUR('',#16174);
#16174 = COLOUR_RGB('',0.740000011925,0.750000000934,0.769999993182);
#16175 = OVER_RIDING_STYLED_ITEM('overriding color',(#16176),#10494,
  #14352);
#16176 = PRESENTATION_STYLE_ASSIGNMENT((#16177));
#16177 = SURFACE_STYLE_USAGE(.BOTH.,#16178);
#16178 = SURFACE_SIDE_STYLE('',(#16179));
#16179 = SURFACE_STYLE_FILL_AREA(#16180);
#16180 = FILL_AREA_STYLE('',(#16181));
#16181 = FILL_AREA_STYLE_COLOUR('',#16174);
#16182 = OVER_RIDING_STYLED_ITEM('overriding color',(#16183),#10512,
  #14352);
#16183 = PRESENTATION_STYLE_ASSIGNMENT((#16184));
#16184 = SURFACE_STYLE_USAGE(.BOTH.,#16185);
#16185 = SURFACE_SIDE_STYLE('',(#16186));
#16186 = SURFACE_STYLE_FILL_AREA(#16187);
#16187 = FILL_AREA_STYLE('',(#16188));
#16188 = FILL_AREA_STYLE_COLOUR('',#16174);
#16189 = OVER_RIDING_STYLED_ITEM('overriding color',(#16190),#10522,
  #14352);
#16190 = PRESENTATION_STYLE_ASSIGNMENT((#16191));
#16191 = SURFACE_STYLE_USAGE(.BOTH.,#16192);
#16192 = SURFACE_SIDE_STYLE('',(#16193));
#16193 = SURFACE_STYLE_FILL_AREA(#16194);
#16194 = FILL_AREA_STYLE('',(#16195));
#16195 = FILL_AREA_STYLE_COLOUR('',#16174);
#16196 = OVER_RIDING_STYLED_ITEM('overriding color',(#16197),#10554,
  #14352);
#16197 = PRESENTATION_STYLE_ASSIGNMENT((#16198));
#16198 = SURFACE_STYLE_USAGE(.BOTH.,#16199);
#16199 = SURFACE_SIDE_STYLE('',(#16200));
#16200 = SURFACE_STYLE_FILL_AREA(#16201);
#16201 = FILL_AREA_STYLE('',(#16202));
#16202 = FILL_AREA_STYLE_COLOUR('',#16174);
#16203 = OVER_RIDING_STYLED_ITEM('overriding color',(#16204),#10572,
  #14352);
#16204 = PRESENTATION_STYLE_ASSIGNMENT((#16205));
#16205 = SURFACE_STYLE_USAGE(.BOTH.,#16206);
#16206 = SURFACE_SIDE_STYLE('',(#16207));
#16207 = SURFACE_STYLE_FILL_AREA(#16208);
#16208 = FILL_AREA_STYLE('',(#16209));
#16209 = FILL_AREA_STYLE_COLOUR('',#16174);
#16210 = OVER_RIDING_STYLED_ITEM('overriding color',(#16211),#10582,
  #14352);
#16211 = PRESENTATION_STYLE_ASSIGNMENT((#16212));
#16212 = SURFACE_STYLE_USAGE(.BOTH.,#16213);
#16213 = SURFACE_SIDE_STYLE('',(#16214));
#16214 = SURFACE_STYLE_FILL_AREA(#16215);
#16215 = FILL_AREA_STYLE('',(#16216));
#16216 = FILL_AREA_STYLE_COLOUR('',#16174);
#16217 = OVER_RIDING_STYLED_ITEM('overriding color',(#16218),#10614,
  #14352);
#16218 = PRESENTATION_STYLE_ASSIGNMENT((#16219));
#16219 = SURFACE_STYLE_USAGE(.BOTH.,#16220);
#16220 = SURFACE_SIDE_STYLE('',(#16221));
#16221 = SURFACE_STYLE_FILL_AREA(#16222);
#16222 = FILL_AREA_STYLE('',(#16223));
#16223 = FILL_AREA_STYLE_COLOUR('',#16174);
#16224 = OVER_RIDING_STYLED_ITEM('overriding color',(#16225),#10632,
  #14352);
#16225 = PRESENTATION_STYLE_ASSIGNMENT((#16226));
#16226 = SURFACE_STYLE_USAGE(.BOTH.,#16227);
#16227 = SURFACE_SIDE_STYLE('',(#16228));
#16228 = SURFACE_STYLE_FILL_AREA(#16229);
#16229 = FILL_AREA_STYLE('',(#16230));
#16230 = FILL_AREA_STYLE_COLOUR('',#16174);
#16231 = OVER_RIDING_STYLED_ITEM('overriding color',(#16232),#10642,
  #14352);
#16232 = PRESENTATION_STYLE_ASSIGNMENT((#16233));
#16233 = SURFACE_STYLE_USAGE(.BOTH.,#16234);
#16234 = SURFACE_SIDE_STYLE('',(#16235));
#16235 = SURFACE_STYLE_FILL_AREA(#16236);
#16236 = FILL_AREA_STYLE('',(#16237));
#16237 = FILL_AREA_STYLE_COLOUR('',#16174);
#16238 = OVER_RIDING_STYLED_ITEM('overriding color',(#16239),#10674,
  #14352);
#16239 = PRESENTATION_STYLE_ASSIGNMENT((#16240));
#16240 = SURFACE_STYLE_USAGE(.BOTH.,#16241);
#16241 = SURFACE_SIDE_STYLE('',(#16242));
#16242 = SURFACE_STYLE_FILL_AREA(#16243);
#16243 = FILL_AREA_STYLE('',(#16244));
#16244 = FILL_AREA_STYLE_COLOUR('',#16174);
#16245 = OVER_RIDING_STYLED_ITEM('overriding color',(#16246),#10692,
  #14352);
#16246 = PRESENTATION_STYLE_ASSIGNMENT((#16247));
#16247 = SURFACE_STYLE_USAGE(.BOTH.,#16248);
#16248 = SURFACE_SIDE_STYLE('',(#16249));
#16249 = SURFACE_STYLE_FILL_AREA(#16250);
#16250 = FILL_AREA_STYLE('',(#16251));
#16251 = FILL_AREA_STYLE_COLOUR('',#16174);
#16252 = OVER_RIDING_STYLED_ITEM('overriding color',(#16253),#10702,
  #14352);
#16253 = PRESENTATION_STYLE_ASSIGNMENT((#16254));
#16254 = SURFACE_STYLE_USAGE(.BOTH.,#16255);
#16255 = SURFACE_SIDE_STYLE('',(#16256));
#16256 = SURFACE_STYLE_FILL_AREA(#16257);
#16257 = FILL_AREA_STYLE('',(#16258));
#16258 = FILL_AREA_STYLE_COLOUR('',#16174);
#16259 = OVER_RIDING_STYLED_ITEM('overriding color',(#16260),#10734,
  #14352);
#16260 = PRESENTATION_STYLE_ASSIGNMENT((#16261));
#16261 = SURFACE_STYLE_USAGE(.BOTH.,#16262);
#16262 = SURFACE_SIDE_STYLE('',(#16263));
#16263 = SURFACE_STYLE_FILL_AREA(#16264);
#16264 = FILL_AREA_STYLE('',(#16265));
#16265 = FILL_AREA_STYLE_COLOUR('',#16174);
#16266 = OVER_RIDING_STYLED_ITEM('overriding color',(#16267),#10752,
  #14352);
#16267 = PRESENTATION_STYLE_ASSIGNMENT((#16268));
#16268 = SURFACE_STYLE_USAGE(.BOTH.,#16269);
#16269 = SURFACE_SIDE_STYLE('',(#16270));
#16270 = SURFACE_STYLE_FILL_AREA(#16271);
#16271 = FILL_AREA_STYLE('',(#16272));
#16272 = FILL_AREA_STYLE_COLOUR('',#16174);
#16273 = OVER_RIDING_STYLED_ITEM('overriding color',(#16274),#10762,
  #14352);
#16274 = PRESENTATION_STYLE_ASSIGNMENT((#16275));
#16275 = SURFACE_STYLE_USAGE(.BOTH.,#16276);
#16276 = SURFACE_SIDE_STYLE('',(#16277));
#16277 = SURFACE_STYLE_FILL_AREA(#16278);
#16278 = FILL_AREA_STYLE('',(#16279));
#16279 = FILL_AREA_STYLE_COLOUR('',#16174);
#16280 = OVER_RIDING_STYLED_ITEM('overriding color',(#16281),#10794,
  #14352);
#16281 = PRESENTATION_STYLE_ASSIGNMENT((#16282));
#16282 = SURFACE_STYLE_USAGE(.BOTH.,#16283);
#16283 = SURFACE_SIDE_STYLE('',(#16284));
#16284 = SURFACE_STYLE_FILL_AREA(#16285);
#16285 = FILL_AREA_STYLE('',(#16286));
#16286 = FILL_AREA_STYLE_COLOUR('',#16174);
#16287 = OVER_RIDING_STYLED_ITEM('overriding color',(#16288),#10812,
  #14352);
#16288 = PRESENTATION_STYLE_ASSIGNMENT((#16289));
#16289 = SURFACE_STYLE_USAGE(.BOTH.,#16290);
#16290 = SURFACE_SIDE_STYLE('',(#16291));
#16291 = SURFACE_STYLE_FILL_AREA(#16292);
#16292 = FILL_AREA_STYLE('',(#16293));
#16293 = FILL_AREA_STYLE_COLOUR('',#16174);
#16294 = OVER_RIDING_STYLED_ITEM('overriding color',(#16295),#10822,
  #14352);
#16295 = PRESENTATION_STYLE_ASSIGNMENT((#16296));
#16296 = SURFACE_STYLE_USAGE(.BOTH.,#16297);
#16297 = SURFACE_SIDE_STYLE('',(#16298));
#16298 = SURFACE_STYLE_FILL_AREA(#16299);
#16299 = FILL_AREA_STYLE('',(#16300));
#16300 = FILL_AREA_STYLE_COLOUR('',#16301);
#16301 = COLOUR_RGB('',0.850000012718,0.299999996101,0.120000001395);
#16302 = OVER_RIDING_STYLED_ITEM('overriding color',(#16303),#10888,
  #14352);
#16303 = PRESENTATION_STYLE_ASSIGNMENT((#16304));
#16304 = SURFACE_STYLE_USAGE(.BOTH.,#16305);
#16305 = SURFACE_SIDE_STYLE('',(#16306));
#16306 = SURFACE_STYLE_FILL_AREA(#16307);
#16307 = FILL_AREA_STYLE('',(#16308));
#16308 = FILL_AREA_STYLE_COLOUR('',#16301);
#16309 = OVER_RIDING_STYLED_ITEM('overriding color',(#16310),#10954,
  #14352);
#16310 = PRESENTATION_STYLE_ASSIGNMENT((#16311));
#16311 = SURFACE_STYLE_USAGE(.BOTH.,#16312);
#16312 = SURFACE_SIDE_STYLE('',(#16313));
#16313 = SURFACE_STYLE_FILL_AREA(#16314);
#16314 = FILL_AREA_STYLE('',(#16315));
#16315 = FILL_AREA_STYLE_COLOUR('',#16301);
#16316 = OVER_RIDING_STYLED_ITEM('overriding color',(#16317),#10979,
  #14352);
#16317 = PRESENTATION_STYLE_ASSIGNMENT((#16318));
#16318 = SURFACE_STYLE_USAGE(.BOTH.,#16319);
#16319 = SURFACE_SIDE_STYLE('',(#16320));
#16320 = SURFACE_STYLE_FILL_AREA(#16321);
#16321 = FILL_AREA_STYLE('',(#16322));
#16322 = FILL_AREA_STYLE_COLOUR('',#16301);
#16323 = OVER_RIDING_STYLED_ITEM('overriding color',(#16324),#11004,
  #14352);
#16324 = PRESENTATION_STYLE_ASSIGNMENT((#16325));
#16325 = SURFACE_STYLE_USAGE(.BOTH.,#16326);
#16326 = SURFACE_SIDE_STYLE('',(#16327));
#16327 = SURFACE_STYLE_FILL_AREA(#16328);
#16328 = FILL_AREA_STYLE('',(#16329));
#16329 = FILL_AREA_STYLE_COLOUR('',#16301);
#16330 = OVER_RIDING_STYLED_ITEM('overriding color',(#16331),#11360,
  #14352);
#16331 = PRESENTATION_STYLE_ASSIGNMENT((#16332));
#16332 = SURFACE_STYLE_USAGE(.BOTH.,#16333);
#16333 = SURFACE_SIDE_STYLE('',(#16334));
#16334 = SURFACE_STYLE_FILL_AREA(#16335);
#16335 = FILL_AREA_STYLE('',(#16336));
#16336 = FILL_AREA_STYLE_COLOUR('',#16301);
#16337 = OVER_RIDING_STYLED_ITEM('overriding color',(#16338),#11378,
  #14352);
#16338 = PRESENTATION_STYLE_ASSIGNMENT((#16339));
#16339 = SURFACE_STYLE_USAGE(.BOTH.,#16340);
#16340 = SURFACE_SIDE_STYLE('',(#16341));
#16341 = SURFACE_STYLE_FILL_AREA(#16342);
#16342 = FILL_AREA_STYLE('',(#16343));
#16343 = FILL_AREA_STYLE_COLOUR('',#16301);
#16344 = OVER_RIDING_STYLED_ITEM('overriding color',(#16345),#11396,
  #14352);
#16345 = PRESENTATION_STYLE_ASSIGNMENT((#16346));
#16346 = SURFACE_STYLE_USAGE(.BOTH.,#16347);
#16347 = SURFACE_SIDE_STYLE('',(#16348));
#16348 = SURFACE_STYLE_FILL_AREA(#16349);
#16349 = FILL_AREA_STYLE('',(#16350));
#16350 = FILL_AREA_STYLE_COLOUR('',#16301);
#16351 = OVER_RIDING_STYLED_ITEM('overriding color',(#16352),#11414,
  #14352);
#16352 = PRESENTATION_STYLE_ASSIGNMENT((#16353));
#16353 = SURFACE_STYLE_USAGE(.BOTH.,#16354);
#16354 = SURFACE_SIDE_STYLE('',(#16355));
#16355 = SURFACE_STYLE_FILL_AREA(#16356);
#16356 = FILL_AREA_STYLE('',(#16357));
#16357 = FILL_AREA_STYLE_COLOUR('',#16301);
#16358 = OVER_RIDING_STYLED_ITEM('overriding color',(#16359),#11432,
  #14352);
#16359 = PRESENTATION_STYLE_ASSIGNMENT((#16360));
#16360 = SURFACE_STYLE_USAGE(.BOTH.,#16361);
#16361 = SURFACE_SIDE_STYLE('',(#16362));
#16362 = SURFACE_STYLE_FILL_AREA(#16363);
#16363 = FILL_AREA_STYLE('',(#16364));
#16364 = FILL_AREA_STYLE_COLOUR('',#16301);
#16365 = OVER_RIDING_STYLED_ITEM('overriding color',(#16366),#11450,
  #14352);
#16366 = PRESENTATION_STYLE_ASSIGNMENT((#16367));
#16367 = SURFACE_STYLE_USAGE(.BOTH.,#16368);
#16368 = SURFACE_SIDE_STYLE('',(#16369));
#16369 = SURFACE_STYLE_FILL_AREA(#16370);
#16370 = FILL_AREA_STYLE('',(#16371));
#16371 = FILL_AREA_STYLE_COLOUR('',#16301);
#16372 = OVER_RIDING_STYLED_ITEM('overriding color',(#16373),#11468,
  #14352);
#16373 = PRESENTATION_STYLE_ASSIGNMENT((#16374));
#16374 = SURFACE_STYLE_USAGE(.BOTH.,#16375);
#16375 = SURFACE_SIDE_STYLE('',(#16376));
#16376 = SURFACE_STYLE_FILL_AREA(#16377);
#16377 = FILL_AREA_STYLE('',(#16378));
#16378 = FILL_AREA_STYLE_COLOUR('',#16301);
#16379 = OVER_RIDING_STYLED_ITEM('overriding color',(#16380),#11486,
  #14352);
#16380 = PRESENTATION_STYLE_ASSIGNMENT((#16381));
#16381 = SURFACE_STYLE_USAGE(.BOTH.,#16382);
#16382 = SURFACE_SIDE_STYLE('',(#16383));
#16383 = SURFACE_STYLE_FILL_AREA(#16384);
#16384 = FILL_AREA_STYLE('',(#16385));
#16385 = FILL_AREA_STYLE_COLOUR('',#16301);
#16386 = OVER_RIDING_STYLED_ITEM('overriding color',(#16387),#11504,
  #14352);
#16387 = PRESENTATION_STYLE_ASSIGNMENT((#16388));
#16388 = SURFACE_STYLE_USAGE(.BOTH.,#16389);
#16389 = SURFACE_SIDE_STYLE('',(#16390));
#16390 = SURFACE_STYLE_FILL_AREA(#16391);
#16391 = FILL_AREA_STYLE('',(#16392));
#16392 = FILL_AREA_STYLE_COLOUR('',#16301);
#16393 = OVER_RIDING_STYLED_ITEM('overriding color',(#16394),#11522,
  #14352);
#16394 = PRESENTATION_STYLE_ASSIGNMENT((#16395));
#16395 = SURFACE_STYLE_USAGE(.BOTH.,#16396);
#16396 = SURFACE_SIDE_STYLE('',(#16397));
#16397 = SURFACE_STYLE_FILL_AREA(#16398);
#16398 = FILL_AREA_STYLE('',(#16399));
#16399 = FILL_AREA_STYLE_COLOUR('',#16301);
#16400 = OVER_RIDING_STYLED_ITEM('overriding color',(#16401),#11562,
  #14352);
#16401 = PRESENTATION_STYLE_ASSIGNMENT((#16402));
#16402 = SURFACE_STYLE_USAGE(.BOTH.,#16403);
#16403 = SURFACE_SIDE_STYLE('',(#16404));
#16404 = SURFACE_STYLE_FILL_AREA(#16405);
#16405 = FILL_AREA_STYLE('',(#16406));
#16406 = FILL_AREA_STYLE_COLOUR('',#16301);
#16407 = OVER_RIDING_STYLED_ITEM('overriding color',(#16408),#11596,
  #14352);
#16408 = PRESENTATION_STYLE_ASSIGNMENT((#16409));
#16409 = SURFACE_STYLE_USAGE(.BOTH.,#16410);
#16410 = SURFACE_SIDE_STYLE('',(#16411));
#16411 = SURFACE_STYLE_FILL_AREA(#16412);
#16412 = FILL_AREA_STYLE('',(#16413));
#16413 = FILL_AREA_STYLE_COLOUR('',#16301);
#16414 = OVER_RIDING_STYLED_ITEM('overriding color',(#16415),#11614,
  #14352);
#16415 = PRESENTATION_STYLE_ASSIGNMENT((#16416));
#16416 = SURFACE_STYLE_USAGE(.BOTH.,#16417);
#16417 = SURFACE_SIDE_STYLE('',(#16418));
#16418 = SURFACE_STYLE_FILL_AREA(#16419);
#16419 = FILL_AREA_STYLE('',(#16420));
#16420 = FILL_AREA_STYLE_COLOUR('',#16301);
#16421 = OVER_RIDING_STYLED_ITEM('overriding color',(#16422),#11632,
  #14352);
#16422 = PRESENTATION_STYLE_ASSIGNMENT((#16423));
#16423 = SURFACE_STYLE_USAGE(.BOTH.,#16424);
#16424 = SURFACE_SIDE_STYLE('',(#16425));
#16425 = SURFACE_STYLE_FILL_AREA(#16426);
#16426 = FILL_AREA_STYLE('',(#16427));
#16427 = FILL_AREA_STYLE_COLOUR('',#16301);
#16428 = OVER_RIDING_STYLED_ITEM('overriding color',(#16429),#11650,
  #14352);
#16429 = PRESENTATION_STYLE_ASSIGNMENT((#16430));
#16430 = SURFACE_STYLE_USAGE(.BOTH.,#16431);
#16431 = SURFACE_SIDE_STYLE('',(#16432));
#16432 = SURFACE_STYLE_FILL_AREA(#16433);
#16433 = FILL_AREA_STYLE('',(#16434));
#16434 = FILL_AREA_STYLE_COLOUR('',#16301);
#16435 = OVER_RIDING_STYLED_ITEM('overriding color',(#16436),#11668,
  #14352);
#16436 = PRESENTATION_STYLE_ASSIGNMENT((#16437));
#16437 = SURFACE_STYLE_USAGE(.BOTH.,#16438);
#16438 = SURFACE_SIDE_STYLE('',(#16439));
#16439 = SURFACE_STYLE_FILL_AREA(#16440);
#16440 = FILL_AREA_STYLE('',(#16441));
#16441 = FILL_AREA_STYLE_COLOUR('',#16301);
#16442 = OVER_RIDING_STYLED_ITEM('overriding color',(#16443),#11686,
  #14352);
#16443 = PRESENTATION_STYLE_ASSIGNMENT((#16444));
#16444 = SURFACE_STYLE_USAGE(.BOTH.,#16445);
#16445 = SURFACE_SIDE_STYLE('',(#16446));
#16446 = SURFACE_STYLE_FILL_AREA(#16447);
#16447 = FILL_AREA_STYLE('',(#16448));
#16448 = FILL_AREA_STYLE_COLOUR('',#16301);
#16449 = OVER_RIDING_STYLED_ITEM('overriding color',(#16450),#11704,
  #14352);
#16450 = PRESENTATION_STYLE_ASSIGNMENT((#16451));
#16451 = SURFACE_STYLE_USAGE(.BOTH.,#16452);
#16452 = SURFACE_SIDE_STYLE('',(#16453));
#16453 = SURFACE_STYLE_FILL_AREA(#16454);
#16454 = FILL_AREA_STYLE('',(#16455));
#16455 = FILL_AREA_STYLE_COLOUR('',#16301);
#16456 = OVER_RIDING_STYLED_ITEM('overriding color',(#16457),#11716,
  #14352);
#16457 = PRESENTATION_STYLE_ASSIGNMENT((#16458));
#16458 = SURFACE_STYLE_USAGE(.BOTH.,#16459);
#16459 = SURFACE_SIDE_STYLE('',(#16460));
#16460 = SURFACE_STYLE_FILL_AREA(#16461);
#16461 = FILL_AREA_STYLE('',(#16462));
#16462 = FILL_AREA_STYLE_COLOUR('',#16301);
#16463 = OVER_RIDING_STYLED_ITEM('overriding color',(#16464),#11728,
  #14352);
#16464 = PRESENTATION_STYLE_ASSIGNMENT((#16465));
#16465 = SURFACE_STYLE_USAGE(.BOTH.,#16466);
#16466 = SURFACE_SIDE_STYLE('',(#16467));
#16467 = SURFACE_STYLE_FILL_AREA(#16468);
#16468 = FILL_AREA_STYLE('',(#16469));
#16469 = FILL_AREA_STYLE_COLOUR('',#16301);
#16470 = OVER_RIDING_STYLED_ITEM('overriding color',(#16471),#11784,
  #14352);
#16471 = PRESENTATION_STYLE_ASSIGNMENT((#16472));
#16472 = SURFACE_STYLE_USAGE(.BOTH.,#16473);
#16473 = SURFACE_SIDE_STYLE('',(#16474));
#16474 = SURFACE_STYLE_FILL_AREA(#16475);
#16475 = FILL_AREA_STYLE('',(#16476));
#16476 = FILL_AREA_STYLE_COLOUR('',#16301);
#16477 = OVER_RIDING_STYLED_ITEM('overriding color',(#16478),#11802,
  #14352);
#16478 = PRESENTATION_STYLE_ASSIGNMENT((#16479));
#16479 = SURFACE_STYLE_USAGE(.BOTH.,#16480);
#16480 = SURFACE_SIDE_STYLE('',(#16481));
#16481 = SURFACE_STYLE_FILL_AREA(#16482);
#16482 = FILL_AREA_STYLE('',(#16483));
#16483 = FILL_AREA_STYLE_COLOUR('',#16301);
#16484 = OVER_RIDING_STYLED_ITEM('overriding color',(#16485),#11820,
  #14352);
#16485 = PRESENTATION_STYLE_ASSIGNMENT((#16486));
#16486 = SURFACE_STYLE_USAGE(.BOTH.,#16487);
#16487 = SURFACE_SIDE_STYLE('',(#16488));
#16488 = SURFACE_STYLE_FILL_AREA(#16489);
#16489 = FILL_AREA_STYLE('',(#16490));
#16490 = FILL_AREA_STYLE_COLOUR('',#16301);
#16491 = OVER_RIDING_STYLED_ITEM('overriding color',(#16492),#11838,
  #14352);
#16492 = PRESENTATION_STYLE_ASSIGNMENT((#16493));
#16493 = SURFACE_STYLE_USAGE(.BOTH.,#16494);
#16494 = SURFACE_SIDE_STYLE('',(#16495));
#16495 = SURFACE_STYLE_FILL_AREA(#16496);
#16496 = FILL_AREA_STYLE('',(#16497));
#16497 = FILL_AREA_STYLE_COLOUR('',#16301);
#16498 = OVER_RIDING_STYLED_ITEM('overriding color',(#16499),#11856,
  #14352);
#16499 = PRESENTATION_STYLE_ASSIGNMENT((#16500));
#16500 = SURFACE_STYLE_USAGE(.BOTH.,#16501);
#16501 = SURFACE_SIDE_STYLE('',(#16502));
#16502 = SURFACE_STYLE_FILL_AREA(#16503);
#16503 = FILL_AREA_STYLE('',(#16504));
#16504 = FILL_AREA_STYLE_COLOUR('',#16301);
#16505 = OVER_RIDING_STYLED_ITEM('overriding color',(#16506),#11874,
  #14352);
#16506 = PRESENTATION_STYLE_ASSIGNMENT((#16507));
#16507 = SURFACE_STYLE_USAGE(.BOTH.,#16508);
#16508 = SURFACE_SIDE_STYLE('',(#16509));
#16509 = SURFACE_STYLE_FILL_AREA(#16510);
#16510 = FILL_AREA_STYLE('',(#16511));
#16511 = FILL_AREA_STYLE_COLOUR('',#16301);
#16512 = OVER_RIDING_STYLED_ITEM('overriding color',(#16513),#11892,
  #14352);
#16513 = PRESENTATION_STYLE_ASSIGNMENT((#16514));
#16514 = SURFACE_STYLE_USAGE(.BOTH.,#16515);
#16515 = SURFACE_SIDE_STYLE('',(#16516));
#16516 = SURFACE_STYLE_FILL_AREA(#16517);
#16517 = FILL_AREA_STYLE('',(#16518));
#16518 = FILL_AREA_STYLE_COLOUR('',#16301);
#16519 = OVER_RIDING_STYLED_ITEM('overriding color',(#16520),#11910,
  #14352);
#16520 = PRESENTATION_STYLE_ASSIGNMENT((#16521));
#16521 = SURFACE_STYLE_USAGE(.BOTH.,#16522);
#16522 = SURFACE_SIDE_STYLE('',(#16523));
#16523 = SURFACE_STYLE_FILL_AREA(#16524);
#16524 = FILL_AREA_STYLE('',(#16525));
#16525 = FILL_AREA_STYLE_COLOUR('',#16301);
#16526 = OVER_RIDING_STYLED_ITEM('overriding color',(#16527),#11928,
  #14352);
#16527 = PRESENTATION_STYLE_ASSIGNMENT((#16528));
#16528 = SURFACE_STYLE_USAGE(.BOTH.,#16529);
#16529 = SURFACE_SIDE_STYLE('',(#16530));
#16530 = SURFACE_STYLE_FILL_AREA(#16531);
#16531 = FILL_AREA_STYLE('',(#16532));
#16532 = FILL_AREA_STYLE_COLOUR('',#16301);
#16533 = OVER_RIDING_STYLED_ITEM('overriding color',(#16534),#11940,
  #14352);
#16534 = PRESENTATION_STYLE_ASSIGNMENT((#16535));
#16535 = SURFACE_STYLE_USAGE(.BOTH.,#16536);
#16536 = SURFACE_SIDE_STYLE('',(#16537));
#16537 = SURFACE_STYLE_FILL_AREA(#16538);
#16538 = FILL_AREA_STYLE('',(#16539));
#16539 = FILL_AREA_STYLE_COLOUR('',#16301);
#16540 = OVER_RIDING_STYLED_ITEM('overriding color',(#16541),#11958,
  #14352);
#16541 = PRESENTATION_STYLE_ASSIGNMENT((#16542));
#16542 = SURFACE_STYLE_USAGE(.BOTH.,#16543);
#16543 = SURFACE_SIDE_STYLE('',(#16544));
#16544 = SURFACE_STYLE_FILL_AREA(#16545);
#16545 = FILL_AREA_STYLE('',(#16546));
#16546 = FILL_AREA_STYLE_COLOUR('',#16301);
#16547 = OVER_RIDING_STYLED_ITEM('overriding color',(#16548),#11976,
  #14352);
#16548 = PRESENTATION_STYLE_ASSIGNMENT((#16549));
#16549 = SURFACE_STYLE_USAGE(.BOTH.,#16550);
#16550 = SURFACE_SIDE_STYLE('',(#16551));
#16551 = SURFACE_STYLE_FILL_AREA(#16552);
#16552 = FILL_AREA_STYLE('',(#16553));
#16553 = FILL_AREA_STYLE_COLOUR('',#16301);
#16554 = OVER_RIDING_STYLED_ITEM('overriding color',(#16555),#11994,
  #14352);
#16555 = PRESENTATION_STYLE_ASSIGNMENT((#16556));
#16556 = SURFACE_STYLE_USAGE(.BOTH.,#16557);
#16557 = SURFACE_SIDE_STYLE('',(#16558));
#16558 = SURFACE_STYLE_FILL_AREA(#16559);
#16559 = FILL_AREA_STYLE('',(#16560));
#16560 = FILL_AREA_STYLE_COLOUR('',#16301);
#16561 = OVER_RIDING_STYLED_ITEM('overriding color',(#16562),#12012,
  #14352);
#16562 = PRESENTATION_STYLE_ASSIGNMENT((#16563));
#16563 = SURFACE_STYLE_USAGE(.BOTH.,#16564);
#16564 = SURFACE_SIDE_STYLE('',(#16565));
#16565 = SURFACE_STYLE_FILL_AREA(#16566);
#16566 = FILL_AREA_STYLE('',(#16567));
#16567 = FILL_AREA_STYLE_COLOUR('',#16301);
#16568 = OVER_RIDING_STYLED_ITEM('overriding color',(#16569),#12030,
  #14352);
#16569 = PRESENTATION_STYLE_ASSIGNMENT((#16570));
#16570 = SURFACE_STYLE_USAGE(.BOTH.,#16571);
#16571 = SURFACE_SIDE_STYLE('',(#16572));
#16572 = SURFACE_STYLE_FILL_AREA(#16573);
#16573 = FILL_AREA_STYLE('',(#16574));
#16574 = FILL_AREA_STYLE_COLOUR('',#16301);
#16575 = OVER_RIDING_STYLED_ITEM('overriding color',(#16576),#12048,
  #14352);
#16576 = PRESENTATION_STYLE_ASSIGNMENT((#16577));
#16577 = SURFACE_STYLE_USAGE(.BOTH.,#16578);
#16578 = SURFACE_SIDE_STYLE('',(#16579));
#16579 = SURFACE_STYLE_FILL_AREA(#16580);
#16580 = FILL_AREA_STYLE('',(#16581));
#16581 = FILL_AREA_STYLE_COLOUR('',#16301);
#16582 = OVER_RIDING_STYLED_ITEM('overriding color',(#16583),#12060,
  #14352);
#16583 = PRESENTATION_STYLE_ASSIGNMENT((#16584));
#16584 = SURFACE_STYLE_USAGE(.BOTH.,#16585);
#16585 = SURFACE_SIDE_STYLE('',(#16586));
#16586 = SURFACE_STYLE_FILL_AREA(#16587);
#16587 = FILL_AREA_STYLE('',(#16588));
#16588 = FILL_AREA_STYLE_COLOUR('',#16301);
#16589 = OVER_RIDING_STYLED_ITEM('overriding color',(#16590),#12146,
  #14352);
#16590 = PRESENTATION_STYLE_ASSIGNMENT((#16591));
#16591 = SURFACE_STYLE_USAGE(.BOTH.,#16592);
#16592 = SURFACE_SIDE_STYLE('',(#16593));
#16593 = SURFACE_STYLE_FILL_AREA(#16594);
#16594 = FILL_AREA_STYLE('',(#16595));
#16595 = FILL_AREA_STYLE_COLOUR('',#14359);
#16596 = OVER_RIDING_STYLED_ITEM('overriding color',(#16597),#12178,
  #14352);
#16597 = PRESENTATION_STYLE_ASSIGNMENT((#16598));
#16598 = SURFACE_STYLE_USAGE(.BOTH.,#16599);
#16599 = SURFACE_SIDE_STYLE('',(#16600));
#16600 = SURFACE_STYLE_FILL_AREA(#16601);
#16601 = FILL_AREA_STYLE('',(#16602));
#16602 = FILL_AREA_STYLE_COLOUR('',#14359);
#16603 = OVER_RIDING_STYLED_ITEM('overriding color',(#16604),#12204,
  #14352);
#16604 = PRESENTATION_STYLE_ASSIGNMENT((#16605));
#16605 = SURFACE_STYLE_USAGE(.BOTH.,#16606);
#16606 = SURFACE_SIDE_STYLE('',(#16607));
#16607 = SURFACE_STYLE_FILL_AREA(#16608);
#16608 = FILL_AREA_STYLE('',(#16609));
#16609 = FILL_AREA_STYLE_COLOUR('',#16301);
#16610 = OVER_RIDING_STYLED_ITEM('overriding color',(#16611),#12216,
  #14352);
#16611 = PRESENTATION_STYLE_ASSIGNMENT((#16612));
#16612 = SURFACE_STYLE_USAGE(.BOTH.,#16613);
#16613 = SURFACE_SIDE_STYLE('',(#16614));
#16614 = SURFACE_STYLE_FILL_AREA(#16615);
#16615 = FILL_AREA_STYLE('',(#16616));
#16616 = FILL_AREA_STYLE_COLOUR('',#14359);
#16617 = OVER_RIDING_STYLED_ITEM('overriding color',(#16618),#12226,
  #14352);
#16618 = PRESENTATION_STYLE_ASSIGNMENT((#16619));
#16619 = SURFACE_STYLE_USAGE(.BOTH.,#16620);
#16620 = SURFACE_SIDE_STYLE('',(#16621));
#16621 = SURFACE_STYLE_FILL_AREA(#16622);
#16622 = FILL_AREA_STYLE('',(#16623));
#16623 = FILL_AREA_STYLE_COLOUR('',#16301);
#16624 = OVER_RIDING_STYLED_ITEM('overriding color',(#16625),#12314,
  #14352);
#16625 = PRESENTATION_STYLE_ASSIGNMENT((#16626));
#16626 = SURFACE_STYLE_USAGE(.BOTH.,#16627);
#16627 = SURFACE_SIDE_STYLE('',(#16628));
#16628 = SURFACE_STYLE_FILL_AREA(#16629);
#16629 = FILL_AREA_STYLE('',(#16630));
#16630 = FILL_AREA_STYLE_COLOUR('',#16301);
#16631 = OVER_RIDING_STYLED_ITEM('overriding color',(#16632),#12332,
  #14352);
#16632 = PRESENTATION_STYLE_ASSIGNMENT((#16633));
#16633 = SURFACE_STYLE_USAGE(.BOTH.,#16634);
#16634 = SURFACE_SIDE_STYLE('',(#16635));
#16635 = SURFACE_STYLE_FILL_AREA(#16636);
#16636 = FILL_AREA_STYLE('',(#16637));
#16637 = FILL_AREA_STYLE_COLOUR('',#14359);
#16638 = OVER_RIDING_STYLED_ITEM('overriding color',(#16639),#12366,
  #14352);
#16639 = PRESENTATION_STYLE_ASSIGNMENT((#16640));
#16640 = SURFACE_STYLE_USAGE(.BOTH.,#16641);
#16641 = SURFACE_SIDE_STYLE('',(#16642));
#16642 = SURFACE_STYLE_FILL_AREA(#16643);
#16643 = FILL_AREA_STYLE('',(#16644));
#16644 = FILL_AREA_STYLE_COLOUR('',#14359);
#16645 = OVER_RIDING_STYLED_ITEM('overriding color',(#16646),#12384,
  #14352);
#16646 = PRESENTATION_STYLE_ASSIGNMENT((#16647));
#16647 = SURFACE_STYLE_USAGE(.BOTH.,#16648);
#16648 = SURFACE_SIDE_STYLE('',(#16649));
#16649 = SURFACE_STYLE_FILL_AREA(#16650);
#16650 = FILL_AREA_STYLE('',(#16651));
#16651 = FILL_AREA_STYLE_COLOUR('',#14359);
#16652 = OVER_RIDING_STYLED_ITEM('overriding color',(#16653),#12394,
  #14352);
#16653 = PRESENTATION_STYLE_ASSIGNMENT((#16654));
#16654 = SURFACE_STYLE_USAGE(.BOTH.,#16655);
#16655 = SURFACE_SIDE_STYLE('',(#16656));
#16656 = SURFACE_STYLE_FILL_AREA(#16657);
#16657 = FILL_AREA_STYLE('',(#16658));
#16658 = FILL_AREA_STYLE_COLOUR('',#14359);
#16659 = OVER_RIDING_STYLED_ITEM('overriding color',(#16660),#12406,
  #14352);
#16660 = PRESENTATION_STYLE_ASSIGNMENT((#16661));
#16661 = SURFACE_STYLE_USAGE(.BOTH.,#16662);
#16662 = SURFACE_SIDE_STYLE('',(#16663));
#16663 = SURFACE_STYLE_FILL_AREA(#16664);
#16664 = FILL_AREA_STYLE('',(#16665));
#16665 = FILL_AREA_STYLE_COLOUR('',#14359);
#16666 = OVER_RIDING_STYLED_ITEM('overriding color',(#16667),#12431,
  #14352);
#16667 = PRESENTATION_STYLE_ASSIGNMENT((#16668));
#16668 = SURFACE_STYLE_USAGE(.BOTH.,#16669);
#16669 = SURFACE_SIDE_STYLE('',(#16670));
#16670 = SURFACE_STYLE_FILL_AREA(#16671);
#16671 = FILL_AREA_STYLE('',(#16672));
#16672 = FILL_AREA_STYLE_COLOUR('',#14359);
#16673 = OVER_RIDING_STYLED_ITEM('overriding color',(#16674),#12449,
  #14352);
#16674 = PRESENTATION_STYLE_ASSIGNMENT((#16675));
#16675 = SURFACE_STYLE_USAGE(.BOTH.,#16676);
#16676 = SURFACE_SIDE_STYLE('',(#16677));
#16677 = SURFACE_STYLE_FILL_AREA(#16678);
#16678 = FILL_AREA_STYLE('',(#16679));
#16679 = FILL_AREA_STYLE_COLOUR('',#14359);
#16680 = OVER_RIDING_STYLED_ITEM('overriding color',(#16681),#12474,
  #14352);
#16681 = PRESENTATION_STYLE_ASSIGNMENT((#16682));
#16682 = SURFACE_STYLE_USAGE(.BOTH.,#16683);
#16683 = SURFACE_SIDE_STYLE('',(#16684));
#16684 = SURFACE_STYLE_FILL_AREA(#16685);
#16685 = FILL_AREA_STYLE('',(#16686));
#16686 = FILL_AREA_STYLE_COLOUR('',#14359);
#16687 = OVER_RIDING_STYLED_ITEM('overriding color',(#16688),#12491,
  #14352);
#16688 = PRESENTATION_STYLE_ASSIGNMENT((#16689));
#16689 = SURFACE_STYLE_USAGE(.BOTH.,#16690);
#16690 = SURFACE_SIDE_STYLE('',(#16691));
#16691 = SURFACE_STYLE_FILL_AREA(#16692);
#16692 = FILL_AREA_STYLE('',(#16693));
#16693 = FILL_AREA_STYLE_COLOUR('',#14359);
#16694 = OVER_RIDING_STYLED_ITEM('overriding color',(#16695),#12516,
  #14352);
#16695 = PRESENTATION_STYLE_ASSIGNMENT((#16696));
#16696 = SURFACE_STYLE_USAGE(.BOTH.,#16697);
#16697 = SURFACE_SIDE_STYLE('',(#16698));
#16698 = SURFACE_STYLE_FILL_AREA(#16699);
#16699 = FILL_AREA_STYLE('',(#16700));
#16700 = FILL_AREA_STYLE_COLOUR('',#14359);
#16701 = OVER_RIDING_STYLED_ITEM('overriding color',(#16702),#12534,
  #14352);
#16702 = PRESENTATION_STYLE_ASSIGNMENT((#16703));
#16703 = SURFACE_STYLE_USAGE(.BOTH.,#16704);
#16704 = SURFACE_SIDE_STYLE('',(#16705));
#16705 = SURFACE_STYLE_FILL_AREA(#16706);
#16706 = FILL_AREA_STYLE('',(#16707));
#16707 = FILL_AREA_STYLE_COLOUR('',#14359);
#16708 = OVER_RIDING_STYLED_ITEM('overriding color',(#16709),#12559,
  #14352);
#16709 = PRESENTATION_STYLE_ASSIGNMENT((#16710));
#16710 = SURFACE_STYLE_USAGE(.BOTH.,#16711);
#16711 = SURFACE_SIDE_STYLE('',(#16712));
#16712 = SURFACE_STYLE_FILL_AREA(#16713);
#16713 = FILL_AREA_STYLE('',(#16714));
#16714 = FILL_AREA_STYLE_COLOUR('',#14359);
#16715 = OVER_RIDING_STYLED_ITEM('overriding color',(#16716),#12576,
  #14352);
#16716 = PRESENTATION_STYLE_ASSIGNMENT((#16717));
#16717 = SURFACE_STYLE_USAGE(.BOTH.,#16718);
#16718 = SURFACE_SIDE_STYLE('',(#16719));
#16719 = SURFACE_STYLE_FILL_AREA(#16720);
#16720 = FILL_AREA_STYLE('',(#16721));
#16721 = FILL_AREA_STYLE_COLOUR('',#14359);
#16722 = OVER_RIDING_STYLED_ITEM('overriding color',(#16723),#12601,
  #14352);
#16723 = PRESENTATION_STYLE_ASSIGNMENT((#16724));
#16724 = SURFACE_STYLE_USAGE(.BOTH.,#16725);
#16725 = SURFACE_SIDE_STYLE('',(#16726));
#16726 = SURFACE_STYLE_FILL_AREA(#16727);
#16727 = FILL_AREA_STYLE('',(#16728));
#16728 = FILL_AREA_STYLE_COLOUR('',#14359);
#16729 = OVER_RIDING_STYLED_ITEM('overriding color',(#16730),#12619,
  #14352);
#16730 = PRESENTATION_STYLE_ASSIGNMENT((#16731));
#16731 = SURFACE_STYLE_USAGE(.BOTH.,#16732);
#16732 = SURFACE_SIDE_STYLE('',(#16733));
#16733 = SURFACE_STYLE_FILL_AREA(#16734);
#16734 = FILL_AREA_STYLE('',(#16735));
#16735 = FILL_AREA_STYLE_COLOUR('',#14359);
#16736 = OVER_RIDING_STYLED_ITEM('overriding color',(#16737),#12636,
  #14352);
#16737 = PRESENTATION_STYLE_ASSIGNMENT((#16738));
#16738 = SURFACE_STYLE_USAGE(.BOTH.,#16739);
#16739 = SURFACE_SIDE_STYLE('',(#16740));
#16740 = SURFACE_STYLE_FILL_AREA(#16741);
#16741 = FILL_AREA_STYLE('',(#16742));
#16742 = FILL_AREA_STYLE_COLOUR('',#14359);
#16743 = OVER_RIDING_STYLED_ITEM('overriding color',(#16744),#12648,
  #14352);
#16744 = PRESENTATION_STYLE_ASSIGNMENT((#16745));
#16745 = SURFACE_STYLE_USAGE(.BOTH.,#16746);
#16746 = SURFACE_SIDE_STYLE('',(#16747));
#16747 = SURFACE_STYLE_FILL_AREA(#16748);
#16748 = FILL_AREA_STYLE('',(#16749));
#16749 = FILL_AREA_STYLE_COLOUR('',#14359);
#16750 = OVER_RIDING_STYLED_ITEM('overriding color',(#16751),#12679,
  #14352);
#16751 = PRESENTATION_STYLE_ASSIGNMENT((#16752));
#16752 = SURFACE_STYLE_USAGE(.BOTH.,#16753);
#16753 = SURFACE_SIDE_STYLE('',(#16754));
#16754 = SURFACE_STYLE_FILL_AREA(#16755);
#16755 = FILL_AREA_STYLE('',(#16756));
#16756 = FILL_AREA_STYLE_COLOUR('',#14359);
#16757 = OVER_RIDING_STYLED_ITEM('overriding color',(#16758),#12703,
  #14352);
#16758 = PRESENTATION_STYLE_ASSIGNMENT((#16759));
#16759 = SURFACE_STYLE_USAGE(.BOTH.,#16760);
#16760 = SURFACE_SIDE_STYLE('',(#16761));
#16761 = SURFACE_STYLE_FILL_AREA(#16762);
#16762 = FILL_AREA_STYLE('',(#16763));
#16763 = FILL_AREA_STYLE_COLOUR('',#14359);
#16764 = OVER_RIDING_STYLED_ITEM('overriding color',(#16765),#12727,
  #14352);
#16765 = PRESENTATION_STYLE_ASSIGNMENT((#16766));
#16766 = SURFACE_STYLE_USAGE(.BOTH.,#16767);
#16767 = SURFACE_SIDE_STYLE('',(#16768));
#16768 = SURFACE_STYLE_FILL_AREA(#16769);
#16769 = FILL_AREA_STYLE('',(#16770));
#16770 = FILL_AREA_STYLE_COLOUR('',#14359);
#16771 = OVER_RIDING_STYLED_ITEM('overriding color',(#16772),#12751,
  #14352);
#16772 = PRESENTATION_STYLE_ASSIGNMENT((#16773));
#16773 = SURFACE_STYLE_USAGE(.BOTH.,#16774);
#16774 = SURFACE_SIDE_STYLE('',(#16775));
#16775 = SURFACE_STYLE_FILL_AREA(#16776);
#16776 = FILL_AREA_STYLE('',(#16777));
#16777 = FILL_AREA_STYLE_COLOUR('',#14359);
#16778 = OVER_RIDING_STYLED_ITEM('overriding color',(#16779),#12775,
  #14352);
#16779 = PRESENTATION_STYLE_ASSIGNMENT((#16780));
#16780 = SURFACE_STYLE_USAGE(.BOTH.,#16781);
#16781 = SURFACE_SIDE_STYLE('',(#16782));
#16782 = SURFACE_STYLE_FILL_AREA(#16783);
#16783 = FILL_AREA_STYLE('',(#16784));
#16784 = FILL_AREA_STYLE_COLOUR('',#14359);
#16785 = OVER_RIDING_STYLED_ITEM('overriding color',(#16786),#12799,
  #14352);
#16786 = PRESENTATION_STYLE_ASSIGNMENT((#16787));
#16787 = SURFACE_STYLE_USAGE(.BOTH.,#16788);
#16788 = SURFACE_SIDE_STYLE('',(#16789));
#16789 = SURFACE_STYLE_FILL_AREA(#16790);
#16790 = FILL_AREA_STYLE('',(#16791));
#16791 = FILL_AREA_STYLE_COLOUR('',#14359);
#16792 = OVER_RIDING_STYLED_ITEM('overriding color',(#16793),#12816,
  #14352);
#16793 = PRESENTATION_STYLE_ASSIGNMENT((#16794));
#16794 = SURFACE_STYLE_USAGE(.BOTH.,#16795);
#16795 = SURFACE_SIDE_STYLE('',(#16796));
#16796 = SURFACE_STYLE_FILL_AREA(#16797);
#16797 = FILL_AREA_STYLE('',(#16798));
#16798 = FILL_AREA_STYLE_COLOUR('',#14359);
#16799 = OVER_RIDING_STYLED_ITEM('overriding color',(#16800),#12831,
  #14352);
#16800 = PRESENTATION_STYLE_ASSIGNMENT((#16801));
#16801 = SURFACE_STYLE_USAGE(.BOTH.,#16802);
#16802 = SURFACE_SIDE_STYLE('',(#16803));
#16803 = SURFACE_STYLE_FILL_AREA(#16804);
#16804 = FILL_AREA_STYLE('',(#16805));
#16805 = FILL_AREA_STYLE_COLOUR('',#14359);
#16806 = OVER_RIDING_STYLED_ITEM('overriding color',(#16807),#13321,
  #14352);
#16807 = PRESENTATION_STYLE_ASSIGNMENT((#16808));
#16808 = SURFACE_STYLE_USAGE(.BOTH.,#16809);
#16809 = SURFACE_SIDE_STYLE('',(#16810));
#16810 = SURFACE_STYLE_FILL_AREA(#16811);
#16811 = FILL_AREA_STYLE('',(#16812));
#16812 = FILL_AREA_STYLE_COLOUR('',#14359);
#16813 = OVER_RIDING_STYLED_ITEM('overriding color',(#16814),#13343,
  #14352);
#16814 = PRESENTATION_STYLE_ASSIGNMENT((#16815));
#16815 = SURFACE_STYLE_USAGE(.BOTH.,#16816);
#16816 = SURFACE_SIDE_STYLE('',(#16817));
#16817 = SURFACE_STYLE_FILL_AREA(#16818);
#16818 = FILL_AREA_STYLE('',(#16819));
#16819 = FILL_AREA_STYLE_COLOUR('',#14359);
#16820 = OVER_RIDING_STYLED_ITEM('overriding color',(#16821),#13360,
  #14352);
#16821 = PRESENTATION_STYLE_ASSIGNMENT((#16822));
#16822 = SURFACE_STYLE_USAGE(.BOTH.,#16823);
#16823 = SURFACE_SIDE_STYLE('',(#16824));
#16824 = SURFACE_STYLE_FILL_AREA(#16825);
#16825 = FILL_AREA_STYLE('',(#16826));
#16826 = FILL_AREA_STYLE_COLOUR('',#14359);
#16827 = OVER_RIDING_STYLED_ITEM('overriding color',(#16828),#13377,
  #14352);
#16828 = PRESENTATION_STYLE_ASSIGNMENT((#16829));
#16829 = SURFACE_STYLE_USAGE(.BOTH.,#16830);
#16830 = SURFACE_SIDE_STYLE('',(#16831));
#16831 = SURFACE_STYLE_FILL_AREA(#16832);
#16832 = FILL_AREA_STYLE('',(#16833));
#16833 = FILL_AREA_STYLE_COLOUR('',#14359);
#16834 = OVER_RIDING_STYLED_ITEM('overriding color',(#16835),#13394,
  #14352);
#16835 = PRESENTATION_STYLE_ASSIGNMENT((#16836));
#16836 = SURFACE_STYLE_USAGE(.BOTH.,#16837);
#16837 = SURFACE_SIDE_STYLE('',(#16838));
#16838 = SURFACE_STYLE_FILL_AREA(#16839);
#16839 = FILL_AREA_STYLE('',(#16840));
#16840 = FILL_AREA_STYLE_COLOUR('',#14359);
#16841 = OVER_RIDING_STYLED_ITEM('overriding color',(#16842),#13411,
  #14352);
#16842 = PRESENTATION_STYLE_ASSIGNMENT((#16843));
#16843 = SURFACE_STYLE_USAGE(.BOTH.,#16844);
#16844 = SURFACE_SIDE_STYLE('',(#16845));
#16845 = SURFACE_STYLE_FILL_AREA(#16846);
#16846 = FILL_AREA_STYLE('',(#16847));
#16847 = FILL_AREA_STYLE_COLOUR('',#14359);
#16848 = OVER_RIDING_STYLED_ITEM('overriding color',(#16849),#13428,
  #14352);
#16849 = PRESENTATION_STYLE_ASSIGNMENT((#16850));
#16850 = SURFACE_STYLE_USAGE(.BOTH.,#16851);
#16851 = SURFACE_SIDE_STYLE('',(#16852));
#16852 = SURFACE_STYLE_FILL_AREA(#16853);
#16853 = FILL_AREA_STYLE('',(#16854));
#16854 = FILL_AREA_STYLE_COLOUR('',#14359);
#16855 = OVER_RIDING_STYLED_ITEM('overriding color',(#16856),#13445,
  #14352);
#16856 = PRESENTATION_STYLE_ASSIGNMENT((#16857));
#16857 = SURFACE_STYLE_USAGE(.BOTH.,#16858);
#16858 = SURFACE_SIDE_STYLE('',(#16859));
#16859 = SURFACE_STYLE_FILL_AREA(#16860);
#16860 = FILL_AREA_STYLE('',(#16861));
#16861 = FILL_AREA_STYLE_COLOUR('',#14359);
#16862 = OVER_RIDING_STYLED_ITEM('overriding color',(#16863),#13462,
  #14352);
#16863 = PRESENTATION_STYLE_ASSIGNMENT((#16864));
#16864 = SURFACE_STYLE_USAGE(.BOTH.,#16865);
#16865 = SURFACE_SIDE_STYLE('',(#16866));
#16866 = SURFACE_STYLE_FILL_AREA(#16867);
#16867 = FILL_AREA_STYLE('',(#16868));
#16868 = FILL_AREA_STYLE_COLOUR('',#14359);
#16869 = OVER_RIDING_STYLED_ITEM('overriding color',(#16870),#13479,
  #14352);
#16870 = PRESENTATION_STYLE_ASSIGNMENT((#16871));
#16871 = SURFACE_STYLE_USAGE(.BOTH.,#16872);
#16872 = SURFACE_SIDE_STYLE('',(#16873));
#16873 = SURFACE_STYLE_FILL_AREA(#16874);
#16874 = FILL_AREA_STYLE('',(#16875));
#16875 = FILL_AREA_STYLE_COLOUR('',#14359);
#16876 = OVER_RIDING_STYLED_ITEM('overriding color',(#16877),#13496,
  #14352);
#16877 = PRESENTATION_STYLE_ASSIGNMENT((#16878));
#16878 = SURFACE_STYLE_USAGE(.BOTH.,#16879);
#16879 = SURFACE_SIDE_STYLE('',(#16880));
#16880 = SURFACE_STYLE_FILL_AREA(#16881);
#16881 = FILL_AREA_STYLE('',(#16882));
#16882 = FILL_AREA_STYLE_COLOUR('',#14359);
#16883 = OVER_RIDING_STYLED_ITEM('overriding color',(#16884),#13513,
  #14352);
#16884 = PRESENTATION_STYLE_ASSIGNMENT((#16885));
#16885 = SURFACE_STYLE_USAGE(.BOTH.,#16886);
#16886 = SURFACE_SIDE_STYLE('',(#16887));
#16887 = SURFACE_STYLE_FILL_AREA(#16888);
#16888 = FILL_AREA_STYLE('',(#16889));
#16889 = FILL_AREA_STYLE_COLOUR('',#14359);
#16890 = OVER_RIDING_STYLED_ITEM('overriding color',(#16891),#13530,
  #14352);
#16891 = PRESENTATION_STYLE_ASSIGNMENT((#16892));
#16892 = SURFACE_STYLE_USAGE(.BOTH.,#16893);
#16893 = SURFACE_SIDE_STYLE('',(#16894));
#16894 = SURFACE_STYLE_FILL_AREA(#16895);
#16895 = FILL_AREA_STYLE('',(#16896));
#16896 = FILL_AREA_STYLE_COLOUR('',#14359);
#16897 = OVER_RIDING_STYLED_ITEM('overriding color',(#16898),#13547,
  #14352);
#16898 = PRESENTATION_STYLE_ASSIGNMENT((#16899));
#16899 = SURFACE_STYLE_USAGE(.BOTH.,#16900);
#16900 = SURFACE_SIDE_STYLE('',(#16901));
#16901 = SURFACE_STYLE_FILL_AREA(#16902);
#16902 = FILL_AREA_STYLE('',(#16903));
#16903 = FILL_AREA_STYLE_COLOUR('',#14359);
#16904 = OVER_RIDING_STYLED_ITEM('overriding color',(#16905),#13564,
  #14352);
#16905 = PRESENTATION_STYLE_ASSIGNMENT((#16906));
#16906 = SURFACE_STYLE_USAGE(.BOTH.,#16907);
#16907 = SURFACE_SIDE_STYLE('',(#16908));
#16908 = SURFACE_STYLE_FILL_AREA(#16909);
#16909 = FILL_AREA_STYLE('',(#16910));
#16910 = FILL_AREA_STYLE_COLOUR('',#14359);
#16911 = OVER_RIDING_STYLED_ITEM('overriding color',(#16912),#13581,
  #14352);
#16912 = PRESENTATION_STYLE_ASSIGNMENT((#16913));
#16913 = SURFACE_STYLE_USAGE(.BOTH.,#16914);
#16914 = SURFACE_SIDE_STYLE('',(#16915));
#16915 = SURFACE_STYLE_FILL_AREA(#16916);
#16916 = FILL_AREA_STYLE('',(#16917));
#16917 = FILL_AREA_STYLE_COLOUR('',#14359);
#16918 = OVER_RIDING_STYLED_ITEM('overriding color',(#16919),#13598,
  #14352);
#16919 = PRESENTATION_STYLE_ASSIGNMENT((#16920));
#16920 = SURFACE_STYLE_USAGE(.BOTH.,#16921);
#16921 = SURFACE_SIDE_STYLE('',(#16922));
#16922 = SURFACE_STYLE_FILL_AREA(#16923);
#16923 = FILL_AREA_STYLE('',(#16924));
#16924 = FILL_AREA_STYLE_COLOUR('',#14359);
#16925 = OVER_RIDING_STYLED_ITEM('overriding color',(#16926),#13615,
  #14352);
#16926 = PRESENTATION_STYLE_ASSIGNMENT((#16927));
#16927 = SURFACE_STYLE_USAGE(.BOTH.,#16928);
#16928 = SURFACE_SIDE_STYLE('',(#16929));
#16929 = SURFACE_STYLE_FILL_AREA(#16930);
#16930 = FILL_AREA_STYLE('',(#16931));
#16931 = FILL_AREA_STYLE_COLOUR('',#14359);
#16932 = OVER_RIDING_STYLED_ITEM('overriding color',(#16933),#13632,
  #14352);
#16933 = PRESENTATION_STYLE_ASSIGNMENT((#16934));
#16934 = SURFACE_STYLE_USAGE(.BOTH.,#16935);
#16935 = SURFACE_SIDE_STYLE('',(#16936));
#16936 = SURFACE_STYLE_FILL_AREA(#16937);
#16937 = FILL_AREA_STYLE('',(#16938));
#16938 = FILL_AREA_STYLE_COLOUR('',#14359);
#16939 = OVER_RIDING_STYLED_ITEM('overriding color',(#16940),#13649,
  #14352);
#16940 = PRESENTATION_STYLE_ASSIGNMENT((#16941));
#16941 = SURFACE_STYLE_USAGE(.BOTH.,#16942);
#16942 = SURFACE_SIDE_STYLE('',(#16943));
#16943 = SURFACE_STYLE_FILL_AREA(#16944);
#16944 = FILL_AREA_STYLE('',(#16945));
#16945 = FILL_AREA_STYLE_COLOUR('',#14359);
#16946 = OVER_RIDING_STYLED_ITEM('overriding color',(#16947),#13666,
  #14352);
#16947 = PRESENTATION_STYLE_ASSIGNMENT((#16948));
#16948 = SURFACE_STYLE_USAGE(.BOTH.,#16949);
#16949 = SURFACE_SIDE_STYLE('',(#16950));
#16950 = SURFACE_STYLE_FILL_AREA(#16951);
#16951 = FILL_AREA_STYLE('',(#16952));
#16952 = FILL_AREA_STYLE_COLOUR('',#14359);
#16953 = OVER_RIDING_STYLED_ITEM('overriding color',(#16954),#13683,
  #14352);
#16954 = PRESENTATION_STYLE_ASSIGNMENT((#16955));
#16955 = SURFACE_STYLE_USAGE(.BOTH.,#16956);
#16956 = SURFACE_SIDE_STYLE('',(#16957));
#16957 = SURFACE_STYLE_FILL_AREA(#16958);
#16958 = FILL_AREA_STYLE('',(#16959));
#16959 = FILL_AREA_STYLE_COLOUR('',#14359);
#16960 = OVER_RIDING_STYLED_ITEM('overriding color',(#16961),#13700,
  #14352);
#16961 = PRESENTATION_STYLE_ASSIGNMENT((#16962));
#16962 = SURFACE_STYLE_USAGE(.BOTH.,#16963);
#16963 = SURFACE_SIDE_STYLE('',(#16964));
#16964 = SURFACE_STYLE_FILL_AREA(#16965);
#16965 = FILL_AREA_STYLE('',(#16966));
#16966 = FILL_AREA_STYLE_COLOUR('',#14359);
#16967 = OVER_RIDING_STYLED_ITEM('overriding color',(#16968),#13717,
  #14352);
#16968 = PRESENTATION_STYLE_ASSIGNMENT((#16969));
#16969 = SURFACE_STYLE_USAGE(.BOTH.,#16970);
#16970 = SURFACE_SIDE_STYLE('',(#16971));
#16971 = SURFACE_STYLE_FILL_AREA(#16972);
#16972 = FILL_AREA_STYLE('',(#16973));
#16973 = FILL_AREA_STYLE_COLOUR('',#14359);
#16974 = OVER_RIDING_STYLED_ITEM('overriding color',(#16975),#13734,
  #14352);
#16975 = PRESENTATION_STYLE_ASSIGNMENT((#16976));
#16976 = SURFACE_STYLE_USAGE(.BOTH.,#16977);
#16977 = SURFACE_SIDE_STYLE('',(#16978));
#16978 = SURFACE_STYLE_FILL_AREA(#16979);
#16979 = FILL_AREA_STYLE('',(#16980));
#16980 = FILL_AREA_STYLE_COLOUR('',#14359);
#16981 = OVER_RIDING_STYLED_ITEM('overriding color',(#16982),#13751,
  #14352);
#16982 = PRESENTATION_STYLE_ASSIGNMENT((#16983));
#16983 = SURFACE_STYLE_USAGE(.BOTH.,#16984);
#16984 = SURFACE_SIDE_STYLE('',(#16985));
#16985 = SURFACE_STYLE_FILL_AREA(#16986);
#16986 = FILL_AREA_STYLE('',(#16987));
#16987 = FILL_AREA_STYLE_COLOUR('',#14359);
#16988 = OVER_RIDING_STYLED_ITEM('overriding color',(#16989),#13768,
  #14352);
#16989 = PRESENTATION_STYLE_ASSIGNMENT((#16990));
#16990 = SURFACE_STYLE_USAGE(.BOTH.,#16991);
#16991 = SURFACE_SIDE_STYLE('',(#16992));
#16992 = SURFACE_STYLE_FILL_AREA(#16993);
#16993 = FILL_AREA_STYLE('',(#16994));
#16994 = FILL_AREA_STYLE_COLOUR('',#14359);
#16995 = OVER_RIDING_STYLED_ITEM('overriding color',(#16996),#13785,
  #14352);
#16996 = PRESENTATION_STYLE_ASSIGNMENT((#16997));
#16997 = SURFACE_STYLE_USAGE(.BOTH.,#16998);
#16998 = SURFACE_SIDE_STYLE('',(#16999));
#16999 = SURFACE_STYLE_FILL_AREA(#17000);
#17000 = FILL_AREA_STYLE('',(#17001));
#17001 = FILL_AREA_STYLE_COLOUR('',#14359);
#17002 = OVER_RIDING_STYLED_ITEM('overriding color',(#17003),#13802,
  #14352);
#17003 = PRESENTATION_STYLE_ASSIGNMENT((#17004));
#17004 = SURFACE_STYLE_USAGE(.BOTH.,#17005);
#17005 = SURFACE_SIDE_STYLE('',(#17006));
#17006 = SURFACE_STYLE_FILL_AREA(#17007);
#17007 = FILL_AREA_STYLE('',(#17008));
#17008 = FILL_AREA_STYLE_COLOUR('',#14359);
#17009 = OVER_RIDING_STYLED_ITEM('overriding color',(#17010),#13819,
  #14352);
#17010 = PRESENTATION_STYLE_ASSIGNMENT((#17011));
#17011 = SURFACE_STYLE_USAGE(.BOTH.,#17012);
#17012 = SURFACE_SIDE_STYLE('',(#17013));
#17013 = SURFACE_STYLE_FILL_AREA(#17014);
#17014 = FILL_AREA_STYLE('',(#17015));
#17015 = FILL_AREA_STYLE_COLOUR('',#14359);
#17016 = OVER_RIDING_STYLED_ITEM('overriding color',(#17017),#13836,
  #14352);
#17017 = PRESENTATION_STYLE_ASSIGNMENT((#17018));
#17018 = SURFACE_STYLE_USAGE(.BOTH.,#17019);
#17019 = SURFACE_SIDE_STYLE('',(#17020));
#17020 = SURFACE_STYLE_FILL_AREA(#17021);
#17021 = FILL_AREA_STYLE('',(#17022));
#17022 = FILL_AREA_STYLE_COLOUR('',#14359);
#17023 = OVER_RIDING_STYLED_ITEM('overriding color',(#17024),#13853,
  #14352);
#17024 = PRESENTATION_STYLE_ASSIGNMENT((#17025));
#17025 = SURFACE_STYLE_USAGE(.BOTH.,#17026);
#17026 = SURFACE_SIDE_STYLE('',(#17027));
#17027 = SURFACE_STYLE_FILL_AREA(#17028);
#17028 = FILL_AREA_STYLE('',(#17029));
#17029 = FILL_AREA_STYLE_COLOUR('',#14359);
#17030 = OVER_RIDING_STYLED_ITEM('overriding color',(#17031),#13870,
  #14352);
#17031 = PRESENTATION_STYLE_ASSIGNMENT((#17032));
#17032 = SURFACE_STYLE_USAGE(.BOTH.,#17033);
#17033 = SURFACE_SIDE_STYLE('',(#17034));
#17034 = SURFACE_STYLE_FILL_AREA(#17035);
#17035 = FILL_AREA_STYLE('',(#17036));
#17036 = FILL_AREA_STYLE_COLOUR('',#14359);
#17037 = OVER_RIDING_STYLED_ITEM('overriding color',(#17038),#13887,
  #14352);
#17038 = PRESENTATION_STYLE_ASSIGNMENT((#17039));
#17039 = SURFACE_STYLE_USAGE(.BOTH.,#17040);
#17040 = SURFACE_SIDE_STYLE('',(#17041));
#17041 = SURFACE_STYLE_FILL_AREA(#17042);
#17042 = FILL_AREA_STYLE('',(#17043));
#17043 = FILL_AREA_STYLE_COLOUR('',#14359);
#17044 = OVER_RIDING_STYLED_ITEM('overriding color',(#17045),#13904,
  #14352);
#17045 = PRESENTATION_STYLE_ASSIGNMENT((#17046));
#17046 = SURFACE_STYLE_USAGE(.BOTH.,#17047);
#17047 = SURFACE_SIDE_STYLE('',(#17048));
#17048 = SURFACE_STYLE_FILL_AREA(#17049);
#17049 = FILL_AREA_STYLE('',(#17050));
#17050 = FILL_AREA_STYLE_COLOUR('',#14359);
#17051 = OVER_RIDING_STYLED_ITEM('overriding color',(#17052),#13921,
  #14352);
#17052 = PRESENTATION_STYLE_ASSIGNMENT((#17053));
#17053 = SURFACE_STYLE_USAGE(.BOTH.,#17054);
#17054 = SURFACE_SIDE_STYLE('',(#17055));
#17055 = SURFACE_STYLE_FILL_AREA(#17056);
#17056 = FILL_AREA_STYLE('',(#17057));
#17057 = FILL_AREA_STYLE_COLOUR('',#14359);
#17058 = OVER_RIDING_STYLED_ITEM('overriding color',(#17059),#13938,
  #14352);
#17059 = PRESENTATION_STYLE_ASSIGNMENT((#17060));
#17060 = SURFACE_STYLE_USAGE(.BOTH.,#17061);
#17061 = SURFACE_SIDE_STYLE('',(#17062));
#17062 = SURFACE_STYLE_FILL_AREA(#17063);
#17063 = FILL_AREA_STYLE('',(#17064));
#17064 = FILL_AREA_STYLE_COLOUR('',#14359);
#17065 = OVER_RIDING_STYLED_ITEM('overriding color',(#17066),#13955,
  #14352);
#17066 = PRESENTATION_STYLE_ASSIGNMENT((#17067));
#17067 = SURFACE_STYLE_USAGE(.BOTH.,#17068);
#17068 = SURFACE_SIDE_STYLE('',(#17069));
#17069 = SURFACE_STYLE_FILL_AREA(#17070);
#17070 = FILL_AREA_STYLE('',(#17071));
#17071 = FILL_AREA_STYLE_COLOUR('',#14359);
#17072 = OVER_RIDING_STYLED_ITEM('overriding color',(#17073),#13972,
  #14352);
#17073 = PRESENTATION_STYLE_ASSIGNMENT((#17074));
#17074 = SURFACE_STYLE_USAGE(.BOTH.,#17075);
#17075 = SURFACE_SIDE_STYLE('',(#17076));
#17076 = SURFACE_STYLE_FILL_AREA(#17077);
#17077 = FILL_AREA_STYLE('',(#17078));
#17078 = FILL_AREA_STYLE_COLOUR('',#14359);
#17079 = OVER_RIDING_STYLED_ITEM('overriding color',(#17080),#13989,
  #14352);
#17080 = PRESENTATION_STYLE_ASSIGNMENT((#17081));
#17081 = SURFACE_STYLE_USAGE(.BOTH.,#17082);
#17082 = SURFACE_SIDE_STYLE('',(#17083));
#17083 = SURFACE_STYLE_FILL_AREA(#17084);
#17084 = FILL_AREA_STYLE('',(#17085));
#17085 = FILL_AREA_STYLE_COLOUR('',#14359);
#17086 = OVER_RIDING_STYLED_ITEM('overriding color',(#17087),#14001,
  #14352);
#17087 = PRESENTATION_STYLE_ASSIGNMENT((#17088));
#17088 = SURFACE_STYLE_USAGE(.BOTH.,#17089);
#17089 = SURFACE_SIDE_STYLE('',(#17090));
#17090 = SURFACE_STYLE_FILL_AREA(#17091);
#17091 = FILL_AREA_STYLE('',(#17092));
#17092 = FILL_AREA_STYLE_COLOUR('',#14359);
#17093 = OVER_RIDING_STYLED_ITEM('overriding color',(#17094),#14023,
  #14352);
#17094 = PRESENTATION_STYLE_ASSIGNMENT((#17095));
#17095 = SURFACE_STYLE_USAGE(.BOTH.,#17096);
#17096 = SURFACE_SIDE_STYLE('',(#17097));
#17097 = SURFACE_STYLE_FILL_AREA(#17098);
#17098 = FILL_AREA_STYLE('',(#17099));
#17099 = FILL_AREA_STYLE_COLOUR('',#14359);
#17100 = OVER_RIDING_STYLED_ITEM('overriding color',(#17101),#14040,
  #14352);
#17101 = PRESENTATION_STYLE_ASSIGNMENT((#17102));
#17102 = SURFACE_STYLE_USAGE(.BOTH.,#17103);
#17103 = SURFACE_SIDE_STYLE('',(#17104));
#17104 = SURFACE_STYLE_FILL_AREA(#17105);
#17105 = FILL_AREA_STYLE('',(#17106));
#17106 = FILL_AREA_STYLE_COLOUR('',#14359);
#17107 = OVER_RIDING_STYLED_ITEM('overriding color',(#17108),#14057,
  #14352);
#17108 = PRESENTATION_STYLE_ASSIGNMENT((#17109));
#17109 = SURFACE_STYLE_USAGE(.BOTH.,#17110);
#17110 = SURFACE_SIDE_STYLE('',(#17111));
#17111 = SURFACE_STYLE_FILL_AREA(#17112);
#17112 = FILL_AREA_STYLE('',(#17113));
#17113 = FILL_AREA_STYLE_COLOUR('',#14359);
#17114 = OVER_RIDING_STYLED_ITEM('overriding color',(#17115),#14074,
  #14352);
#17115 = PRESENTATION_STYLE_ASSIGNMENT((#17116));
#17116 = SURFACE_STYLE_USAGE(.BOTH.,#17117);
#17117 = SURFACE_SIDE_STYLE('',(#17118));
#17118 = SURFACE_STYLE_FILL_AREA(#17119);
#17119 = FILL_AREA_STYLE('',(#17120));
#17120 = FILL_AREA_STYLE_COLOUR('',#14359);
#17121 = OVER_RIDING_STYLED_ITEM('overriding color',(#17122),#14091,
  #14352);
#17122 = PRESENTATION_STYLE_ASSIGNMENT((#17123));
#17123 = SURFACE_STYLE_USAGE(.BOTH.,#17124);
#17124 = SURFACE_SIDE_STYLE('',(#17125));
#17125 = SURFACE_STYLE_FILL_AREA(#17126);
#17126 = FILL_AREA_STYLE('',(#17127));
#17127 = FILL_AREA_STYLE_COLOUR('',#14359);
#17128 = OVER_RIDING_STYLED_ITEM('overriding color',(#17129),#14108,
  #14352);
#17129 = PRESENTATION_STYLE_ASSIGNMENT((#17130));
#17130 = SURFACE_STYLE_USAGE(.BOTH.,#17131);
#17131 = SURFACE_SIDE_STYLE('',(#17132));
#17132 = SURFACE_STYLE_FILL_AREA(#17133);
#17133 = FILL_AREA_STYLE('',(#17134));
#17134 = FILL_AREA_STYLE_COLOUR('',#14359);
#17135 = OVER_RIDING_STYLED_ITEM('overriding color',(#17136),#14125,
  #14352);
#17136 = PRESENTATION_STYLE_ASSIGNMENT((#17137));
#17137 = SURFACE_STYLE_USAGE(.BOTH.,#17138);
#17138 = SURFACE_SIDE_STYLE('',(#17139));
#17139 = SURFACE_STYLE_FILL_AREA(#17140);
#17140 = FILL_AREA_STYLE('',(#17141));
#17141 = FILL_AREA_STYLE_COLOUR('',#14359);
#17142 = OVER_RIDING_STYLED_ITEM('overriding color',(#17143),#14142,
  #14352);
#17143 = PRESENTATION_STYLE_ASSIGNMENT((#17144));
#17144 = SURFACE_STYLE_USAGE(.BOTH.,#17145);
#17145 = SURFACE_SIDE_STYLE('',(#17146));
#17146 = SURFACE_STYLE_FILL_AREA(#17147);
#17147 = FILL_AREA_STYLE('',(#17148));
#17148 = FILL_AREA_STYLE_COLOUR('',#14359);
#17149 = OVER_RIDING_STYLED_ITEM('overriding color',(#17150),#14159,
  #14352);
#17150 = PRESENTATION_STYLE_ASSIGNMENT((#17151));
#17151 = SURFACE_STYLE_USAGE(.BOTH.,#17152);
#17152 = SURFACE_SIDE_STYLE('',(#17153));
#17153 = SURFACE_STYLE_FILL_AREA(#17154);
#17154 = FILL_AREA_STYLE('',(#17155));
#17155 = FILL_AREA_STYLE_COLOUR('',#14359);
#17156 = OVER_RIDING_STYLED_ITEM('overriding color',(#17157),#14176,
  #14352);
#17157 = PRESENTATION_STYLE_ASSIGNMENT((#17158));
#17158 = SURFACE_STYLE_USAGE(.BOTH.,#17159);
#17159 = SURFACE_SIDE_STYLE('',(#17160));
#17160 = SURFACE_STYLE_FILL_AREA(#17161);
#17161 = FILL_AREA_STYLE('',(#17162));
#17162 = FILL_AREA_STYLE_COLOUR('',#14359);
#17163 = OVER_RIDING_STYLED_ITEM('overriding color',(#17164),#14193,
  #14352);
#17164 = PRESENTATION_STYLE_ASSIGNMENT((#17165));
#17165 = SURFACE_STYLE_USAGE(.BOTH.,#17166);
#17166 = SURFACE_SIDE_STYLE('',(#17167));
#17167 = SURFACE_STYLE_FILL_AREA(#17168);
#17168 = FILL_AREA_STYLE('',(#17169));
#17169 = FILL_AREA_STYLE_COLOUR('',#14359);
#17170 = OVER_RIDING_STYLED_ITEM('overriding color',(#17171),#14210,
  #14352);
#17171 = PRESENTATION_STYLE_ASSIGNMENT((#17172));
#17172 = SURFACE_STYLE_USAGE(.BOTH.,#17173);
#17173 = SURFACE_SIDE_STYLE('',(#17174));
#17174 = SURFACE_STYLE_FILL_AREA(#17175);
#17175 = FILL_AREA_STYLE('',(#17176));
#17176 = FILL_AREA_STYLE_COLOUR('',#14359);
#17177 = OVER_RIDING_STYLED_ITEM('overriding color',(#17178),#14227,
  #14352);
#17178 = PRESENTATION_STYLE_ASSIGNMENT((#17179));
#17179 = SURFACE_STYLE_USAGE(.BOTH.,#17180);
#17180 = SURFACE_SIDE_STYLE('',(#17181));
#17181 = SURFACE_STYLE_FILL_AREA(#17182);
#17182 = FILL_AREA_STYLE('',(#17183));
#17183 = FILL_AREA_STYLE_COLOUR('',#14359);
#17184 = OVER_RIDING_STYLED_ITEM('overriding color',(#17185),#14244,
  #14352);
#17185 = PRESENTATION_STYLE_ASSIGNMENT((#17186));
#17186 = SURFACE_STYLE_USAGE(.BOTH.,#17187);
#17187 = SURFACE_SIDE_STYLE('',(#17188));
#17188 = SURFACE_STYLE_FILL_AREA(#17189);
#17189 = FILL_AREA_STYLE('',(#17190));
#17190 = FILL_AREA_STYLE_COLOUR('',#14359);
#17191 = OVER_RIDING_STYLED_ITEM('overriding color',(#17192),#14261,
  #14352);
#17192 = PRESENTATION_STYLE_ASSIGNMENT((#17193));
#17193 = SURFACE_STYLE_USAGE(.BOTH.,#17194);
#17194 = SURFACE_SIDE_STYLE('',(#17195));
#17195 = SURFACE_STYLE_FILL_AREA(#17196);
#17196 = FILL_AREA_STYLE('',(#17197));
#17197 = FILL_AREA_STYLE_COLOUR('',#14359);
#17198 = OVER_RIDING_STYLED_ITEM('overriding color',(#17199),#14278,
  #14352);
#17199 = PRESENTATION_STYLE_ASSIGNMENT((#17200));
#17200 = SURFACE_STYLE_USAGE(.BOTH.,#17201);
#17201 = SURFACE_SIDE_STYLE('',(#17202));
#17202 = SURFACE_STYLE_FILL_AREA(#17203);
#17203 = FILL_AREA_STYLE('',(#17204));
#17204 = FILL_AREA_STYLE_COLOUR('',#14359);
#17205 = OVER_RIDING_STYLED_ITEM('overriding color',(#17206),#14295,
  #14352);
#17206 = PRESENTATION_STYLE_ASSIGNMENT((#17207));
#17207 = SURFACE_STYLE_USAGE(.BOTH.,#17208);
#17208 = SURFACE_SIDE_STYLE('',(#17209));
#17209 = SURFACE_STYLE_FILL_AREA(#17210);
#17210 = FILL_AREA_STYLE('',(#17211));
#17211 = FILL_AREA_STYLE_COLOUR('',#14359);
#17212 = OVER_RIDING_STYLED_ITEM('overriding color',(#17213),#14312,
  #14352);
#17213 = PRESENTATION_STYLE_ASSIGNMENT((#17214));
#17214 = SURFACE_STYLE_USAGE(.BOTH.,#17215);
#17215 = SURFACE_SIDE_STYLE('',(#17216));
#17216 = SURFACE_STYLE_FILL_AREA(#17217);
#17217 = FILL_AREA_STYLE('',(#17218));
#17218 = FILL_AREA_STYLE_COLOUR('',#14359);
#17219 = OVER_RIDING_STYLED_ITEM('overriding color',(#17220),#14329,
  #14352);
#17220 = PRESENTATION_STYLE_ASSIGNMENT((#17221));
#17221 = SURFACE_STYLE_USAGE(.BOTH.,#17222);
#17222 = SURFACE_SIDE_STYLE('',(#17223));
#17223 = SURFACE_STYLE_FILL_AREA(#17224);
#17224 = FILL_AREA_STYLE('',(#17225));
#17225 = FILL_AREA_STYLE_COLOUR('',#14359);
#17226 = SHAPE_DEFINITION_REPRESENTATION(#17227,#17229);
#17227 = PROPERTY_DEFINITION('shape with specific properties',
  'properties for subshape',#17228);
#17228 = SHAPE_ASPECT('','',#4,.F.);
#17229 = SHAPE_REPRESENTATION('',(#15),#14341);
#17230 = PROPERTY_DEFINITION_REPRESENTATION(#17231,#17232);
#17231 = PROPERTY_DEFINITION('geometric validation property',
  'surface area',#17228);
#17232 = REPRESENTATION('surface area',(#17233),#14341);
#17233 = MEASURE_REPRESENTATION_ITEM('surface area measure',AREA_MEASURE
  (8.213974850216E+03),#17234);
#17234 = DERIVED_UNIT((#17235));
#17235 = DERIVED_UNIT_ELEMENT(#17236,2.);
#17236 = ( LENGTH_UNIT() NAMED_UNIT(*) SI_UNIT(.MILLI.,.METRE.) );
#17237 = PROPERTY_DEFINITION_REPRESENTATION(#17238,#17239);
#17238 = PROPERTY_DEFINITION('geometric validation property','volume',
  #17228);
#17239 = REPRESENTATION('volume',(#17240),#14341);
#17240 = MEASURE_REPRESENTATION_ITEM('volume measure',VOLUME_MEASURE(
    1.801827137913E+04),#17241);
#17241 = DERIVED_UNIT((#17242));
#17242 = DERIVED_UNIT_ELEMENT(#17243,3.);
#17243 = ( LENGTH_UNIT() NAMED_UNIT(*) SI_UNIT(.MILLI.,.METRE.) );
#17244 = PROPERTY_DEFINITION_REPRESENTATION(#17245,#17246);
#17245 = PROPERTY_DEFINITION('geometric validation property','centroid',
  #17228);
#17246 = REPRESENTATION('centroid',(#17247),#14341);
#17247 = CARTESIAN_POINT('centre point',(0.491414703437,0.552918077317,
    -20.42430646796));
ENDSEC;
END-ISO-10303-21;
