ISO-10303-21;
HEADER;
FILE_DESCRIPTION(('Open CASCADE Model'),'2;1');
FILE_NAME('Open CASCADE Shape Model','2026-09-28T14:47:26',('Author'),(
    'Open CASCADE'),'Open CASCADE STEP processor 7.8','Open CASCADE 7.8'
  ,'Unknown');
FILE_SCHEMA(('AUTOMOTIVE_DESIGN { 1 0 10303 214 1 1 1 1 }'));
ENDSEC;
DATA;
#1 = APPLICATION_PROTOCOL_DEFINITION('international standard',
  'automotive_design',2000,#2);
#2 = APPLICATION_CONTEXT(
  'core data for automotive mechanical design processes');
#3 = SHAPE_DEFINITION_REPRESENTATION(#4,#10);
#4 = PRODUCT_DEFINITION_SHAPE('','',#5);
#5 = PRODUCT_DEFINITION('design','',#6,#9);
#6 = PRODUCT_DEFINITION_FORMATION('','',#7);
#7 = PRODUCT('C-DT15-4P','C-DT15-4P','',(#8));
#8 = PRODUCT_CONTEXT('',#2,'mechanical');
#9 = PRODUCT_DEFINITION_CONTEXT('part definition',#2,'design');
#10 = ADVANCED_BREP_SHAPE_REPRESENTATION('',(#11,#15),#13050);
#11 = AXIS2_PLACEMENT_3D('',#12,#13,#14);
#12 = CARTESIAN_POINT('',(0.,0.,0.));
#13 = DIRECTION('',(0.,0.,1.));
#14 = DIRECTION('',(1.,0.,-0.));
#15 = MANIFOLD_SOLID_BREP('',#16);
#16 = CLOSED_SHELL('',(#17,#307,#353,#377,#408,#433,#457,#482,#506,#531,
    #555,#573,#605,#637,#671,#965,#997,#1029,#1065,#1111,#1157,#1203,
    #1215,#1237,#1249,#1271,#1283,#1305,#1317,#1349,#1367,#1377,#1409,
    #1427,#1437,#1469,#1487,#1497,#1529,#1547,#1557,#1582,#1730,#1811,
    #1856,#1926,#1938,#1962,#2002,#2034,#2099,#2146,#2209,#2233,#2259,
    #2284,#2310,#2335,#2361,#2387,#2412,#2438,#2463,#2489,#2514,#2540,
    #2558,#2583,#2827,#3110,#3132,#3149,#3166,#3183,#3200,#3212,#3229,
    #3246,#3286,#3320,#3376,#3406,#3432,#3444,#3481,#3505,#3530,#3554,
    #3578,#3616,#3634,#3651,#3663,#3688,#3713,#3731,#3756,#3780,#3797,
    #3822,#3847,#3865,#3890,#3914,#3931,#3956,#3981,#3999,#4016,#4033,
    #4045,#4066,#4078,#4090,#4102,#4114,#4126,#4157,#4181,#4205,#4229,
    #4253,#4277,#4301,#4318,#4404,#4438,#4463,#4489,#4514,#4540,#4565,
    #4591,#4608,#4639,#4672,#4731,#5045,#5104,#5136,#5170,#5433,#5449,
    #5533,#5567,#5603,#5649,#5695,#5741,#5773,#5791,#5801,#5827,#5853,
    #5879,#5901,#5913,#5935,#5947,#5969,#5981,#5999,#6055,#6102,#6127,
    #6152,#6178,#6203,#6221,#6238,#6255,#6272,#6449,#6474,#6498,#6516,
    #6541,#6592,#6623,#6656,#6687,#6777,#6833,#6866,#7079,#7112,#7129,
    #7154,#7178,#7211,#7229,#7254,#7279,#7311,#7336,#7366,#7392,#7440,
    #7465,#7539,#7557,#7581,#7599,#7616,#7658,#7748,#7784,#7808,#7826,
    #7890,#7915,#7939,#7963,#7989,#8006,#8031,#8049,#8075,#8092,#8116,
    #8134,#8170,#8187,#8248,#8272,#8290,#8302,#8327,#8351,#8376,#8453,
    #8477,#8495,#8507,#8532,#8556,#8580,#8598,#8610,#8622,#8640,#8658,
    #8670,#8682,#8706,#8724,#8742,#8787,#8805,#8823,#8841,#8866,#8902,
    #8933,#8964,#8988,#9067,#9331,#9349,#9668,#9680,#9698,#9728,#9746,
    #10002,#10014,#10044,#10062,#10387,#10405,#10422,#10434,#10446,
    #10522,#10567,#10579,#10591,#10616,#10633,#10651,#10663,#10681,
    #10693,#10725,#10743,#10753,#10785,#10803,#10813,#10845,#10863,
    #10873,#10905,#10923,#10933,#10999,#11065,#11090,#11115,#11471,
    #11489,#11507,#11525,#11543,#11561,#11579,#11597,#11615,#11633,
    #11673,#11707,#11725,#11743,#11761,#11779,#11797,#11815,#11827,
    #11839,#11895,#11913,#11931,#11949,#11967,#11985,#12003,#12021,
    #12039,#12051,#12069,#12087,#12105,#12123,#12141,#12159,#12171,
    #12259,#12291,#12317,#12329,#12339,#12427,#12445,#12479,#12497,
    #12507,#12538,#12562,#12586,#12610,#12634,#12658,#12675,#12690,
    #12812,#12834,#12851,#12868,#12885,#12902,#12919,#12936,#12953,
    #12970,#12987,#12999,#13021,#13038));
#17 = ADVANCED_FACE('',(#18,#140),#302,.T.);
#18 = FACE_BOUND('',#19,.F.);
#19 = EDGE_LOOP('',(#20,#31,#39,#48,#56,#65,#73,#82,#91,#99,#108,#116,
    #125,#133));
#20 = ORIENTED_EDGE('',*,*,#21,.F.);
#21 = EDGE_CURVE('',#22,#24,#26,.T.);
#22 = VERTEX_POINT('',#23);
#23 = CARTESIAN_POINT('',(-1.237628127664,10.16,0.));
#24 = VERTEX_POINT('',#25);
#25 = CARTESIAN_POINT('',(-6.529792187621,5.49275,0.));
#26 = CIRCLE('',#27,5.334);
#27 = AXIS2_PLACEMENT_3D('',#28,#29,#30);
#28 = CARTESIAN_POINT('',(-1.237628127664,4.826,0.));
#29 = DIRECTION('',(0.,-0.,1.));
#30 = DIRECTION('',(0.,1.,0.));
#31 = ORIENTED_EDGE('',*,*,#32,.F.);
#32 = EDGE_CURVE('',#33,#22,#35,.T.);
#33 = VERTEX_POINT('',#34);
#34 = CARTESIAN_POINT('',(4.2672,10.16,0.));
#35 = LINE('',#36,#37);
#36 = CARTESIAN_POINT('',(4.2672,10.16,0.));
#37 = VECTOR('',#38,1.);
#38 = DIRECTION('',(-1.,0.,0.));
#39 = ORIENTED_EDGE('',*,*,#40,.F.);
#40 = EDGE_CURVE('',#41,#33,#43,.T.);
#41 = VERTEX_POINT('',#42);
#42 = CARTESIAN_POINT('',(9.6012,4.826,0.));
#43 = CIRCLE('',#44,5.334);
#44 = AXIS2_PLACEMENT_3D('',#45,#46,#47);
#45 = CARTESIAN_POINT('',(4.2672,4.826,0.));
#46 = DIRECTION('',(0.,0.,1.));
#47 = DIRECTION('',(1.,0.,-0.));
#48 = ORIENTED_EDGE('',*,*,#49,.F.);
#49 = EDGE_CURVE('',#50,#41,#52,.T.);
#50 = VERTEX_POINT('',#51);
#51 = CARTESIAN_POINT('',(9.6012,-4.826,0.));
#52 = LINE('',#53,#54);
#53 = CARTESIAN_POINT('',(9.6012,-4.826,0.));
#54 = VECTOR('',#55,1.);
#55 = DIRECTION('',(0.,1.,0.));
#56 = ORIENTED_EDGE('',*,*,#57,.F.);
#57 = EDGE_CURVE('',#58,#50,#60,.T.);
#58 = VERTEX_POINT('',#59);
#59 = CARTESIAN_POINT('',(4.2672,-10.16,0.));
#60 = CIRCLE('',#61,5.334);
#61 = AXIS2_PLACEMENT_3D('',#62,#63,#64);
#62 = CARTESIAN_POINT('',(4.2672,-4.826,0.));
#63 = DIRECTION('',(0.,0.,1.));
#64 = DIRECTION('',(0.,-1.,0.));
#65 = ORIENTED_EDGE('',*,*,#66,.F.);
#66 = EDGE_CURVE('',#67,#58,#69,.T.);
#67 = VERTEX_POINT('',#68);
#68 = CARTESIAN_POINT('',(-1.237628127664,-10.16,0.));
#69 = LINE('',#70,#71);
#70 = CARTESIAN_POINT('',(-1.237628127664,-10.16,0.));
#71 = VECTOR('',#72,1.);
#72 = DIRECTION('',(1.,0.,0.));
#73 = ORIENTED_EDGE('',*,*,#74,.F.);
#74 = EDGE_CURVE('',#75,#67,#77,.T.);
#75 = VERTEX_POINT('',#76);
#76 = CARTESIAN_POINT('',(-6.529792187621,-5.49275,0.));
#77 = CIRCLE('',#78,5.334);
#78 = AXIS2_PLACEMENT_3D('',#79,#80,#81);
#79 = CARTESIAN_POINT('',(-1.237628127664,-4.826,0.));
#80 = DIRECTION('',(0.,0.,1.));
#81 = DIRECTION('',(-0.992156741649,-0.125,0.));
#82 = ORIENTED_EDGE('',*,*,#83,.F.);
#83 = EDGE_CURVE('',#84,#75,#86,.T.);
#84 = VERTEX_POINT('',#85);
#85 = CARTESIAN_POINT('',(-7.285815624758,-4.826,0.));
#86 = CIRCLE('',#87,0.762);
#87 = AXIS2_PLACEMENT_3D('',#88,#89,#90);
#88 = CARTESIAN_POINT('',(-7.285815624758,-5.588,0.));
#89 = DIRECTION('',(0.,0.,-1.));
#90 = DIRECTION('',(0.,1.,0.));
#91 = ORIENTED_EDGE('',*,*,#92,.F.);
#92 = EDGE_CURVE('',#93,#84,#95,.T.);
#93 = VERTEX_POINT('',#94);
#94 = CARTESIAN_POINT('',(-8.3312,-4.826,0.));
#95 = LINE('',#96,#97);
#96 = CARTESIAN_POINT('',(-8.3312,-4.826,0.));
#97 = VECTOR('',#98,1.);
#98 = DIRECTION('',(1.,-5.012752055931E-14,0.));
#99 = ORIENTED_EDGE('',*,*,#100,.F.);
#100 = EDGE_CURVE('',#101,#93,#103,.T.);
#101 = VERTEX_POINT('',#102);
#102 = CARTESIAN_POINT('',(-9.6012,-3.556,0.));
#103 = CIRCLE('',#104,1.27);
#104 = AXIS2_PLACEMENT_3D('',#105,#106,#107);
#105 = CARTESIAN_POINT('',(-8.3312,-3.556,0.));
#106 = DIRECTION('',(0.,0.,1.));
#107 = DIRECTION('',(-1.,0.,0.));
#108 = ORIENTED_EDGE('',*,*,#109,.F.);
#109 = EDGE_CURVE('',#110,#101,#112,.T.);
#110 = VERTEX_POINT('',#111);
#111 = CARTESIAN_POINT('',(-9.6012,3.556,0.));
#112 = LINE('',#113,#114);
#113 = CARTESIAN_POINT('',(-9.6012,3.556,0.));
#114 = VECTOR('',#115,1.);
#115 = DIRECTION('',(0.,-1.,0.));
#116 = ORIENTED_EDGE('',*,*,#117,.F.);
#117 = EDGE_CURVE('',#118,#110,#120,.T.);
#118 = VERTEX_POINT('',#119);
#119 = CARTESIAN_POINT('',(-8.3312,4.826,0.));
#120 = CIRCLE('',#121,1.27);
#121 = AXIS2_PLACEMENT_3D('',#122,#123,#124);
#122 = CARTESIAN_POINT('',(-8.3312,3.556,0.));
#123 = DIRECTION('',(0.,-0.,1.));
#124 = DIRECTION('',(0.,1.,0.));
#125 = ORIENTED_EDGE('',*,*,#126,.F.);
#126 = EDGE_CURVE('',#127,#118,#129,.T.);
#127 = VERTEX_POINT('',#128);
#128 = CARTESIAN_POINT('',(-7.285815624758,4.826,0.));
#129 = LINE('',#130,#131);
#130 = CARTESIAN_POINT('',(-7.285815624758,4.826,0.));
#131 = VECTOR('',#132,1.);
#132 = DIRECTION('',(-1.,-2.039085582073E-14,0.));
#133 = ORIENTED_EDGE('',*,*,#134,.F.);
#134 = EDGE_CURVE('',#24,#127,#135,.T.);
#135 = CIRCLE('',#136,0.762);
#136 = AXIS2_PLACEMENT_3D('',#137,#138,#139);
#137 = CARTESIAN_POINT('',(-7.285815624758,5.588,0.));
#138 = DIRECTION('',(0.,0.,-1.));
#139 = DIRECTION('',(0.992156741649,-0.125,0.));
#140 = FACE_BOUND('',#141,.F.);
#141 = EDGE_LOOP('',(#142,#158,#166,#174,#182,#190,#198,#206,#214,#228,
    #236,#245,#253,#262,#270,#279,#287,#296));
#142 = ORIENTED_EDGE('',*,*,#143,.F.);
#143 = EDGE_CURVE('',#144,#146,#148,.T.);
#144 = VERTEX_POINT('',#145);
#145 = CARTESIAN_POINT('',(-6.802111669323,4.0132,0.));
#146 = VERTEX_POINT('',#147);
#147 = CARTESIAN_POINT('',(-6.215523795827,4.5212,0.));
#148 = B_SPLINE_CURVE_WITH_KNOTS('',3,(#149,#150,#151,#152,#153,#154,
    #155,#156,#157),.UNSPECIFIED.,.F.,.F.,(4,1,1,1,1,1,4),(0.,0.125,0.25
    ,0.5,0.75,0.875,1.),.UNSPECIFIED.);
#149 = CARTESIAN_POINT('',(-6.802111669323,4.0132,0.));
#150 = CARTESIAN_POINT('',(-6.756503841261,4.0132,0.));
#151 = CARTESIAN_POINT('',(-6.674121772654,4.022033587518,0.));
#152 = CARTESIAN_POINT('',(-6.53223203251,4.062575159623,0.));
#153 = CARTESIAN_POINT('',(-6.388508904335,4.14689117176,0.));
#154 = CARTESIAN_POINT('',(-6.282934947422,4.269356355158,0.));
#155 = CARTESIAN_POINT('',(-6.22868090964,4.397533629626,0.));
#156 = CARTESIAN_POINT('',(-6.215523795827,4.475592171938,0.));
#157 = CARTESIAN_POINT('',(-6.215523795827,4.5212,0.));
#158 = ORIENTED_EDGE('',*,*,#159,.F.);
#159 = EDGE_CURVE('',#160,#144,#162,.T.);
#160 = VERTEX_POINT('',#161);
#161 = CARTESIAN_POINT('',(-8.003387873497,4.0132,0.));
#162 = LINE('',#163,#164);
#163 = CARTESIAN_POINT('',(-8.003387873497,4.0132,0.));
#164 = VECTOR('',#165,1.);
#165 = DIRECTION('',(1.,0.,0.));
#166 = ORIENTED_EDGE('',*,*,#167,.F.);
#167 = EDGE_CURVE('',#168,#160,#170,.T.);
#168 = VERTEX_POINT('',#169);
#169 = CARTESIAN_POINT('',(-8.003387873497,2.6162,0.));
#170 = LINE('',#171,#172);
#171 = CARTESIAN_POINT('',(-8.003387873497,2.6162,0.));
#172 = VECTOR('',#173,1.);
#173 = DIRECTION('',(0.,1.,0.));
#174 = ORIENTED_EDGE('',*,*,#175,.T.);
#175 = EDGE_CURVE('',#168,#176,#178,.T.);
#176 = VERTEX_POINT('',#177);
#177 = CARTESIAN_POINT('',(-8.8392,2.6162,0.));
#178 = LINE('',#179,#180);
#179 = CARTESIAN_POINT('',(-8.003387873497,2.6162,0.));
#180 = VECTOR('',#181,1.);
#181 = DIRECTION('',(-1.,0.,0.));
#182 = ORIENTED_EDGE('',*,*,#183,.T.);
#183 = EDGE_CURVE('',#176,#184,#186,.T.);
#184 = VERTEX_POINT('',#185);
#185 = CARTESIAN_POINT('',(-8.8392,-2.6162,0.));
#186 = LINE('',#187,#188);
#187 = CARTESIAN_POINT('',(-8.8392,2.6162,0.));
#188 = VECTOR('',#189,1.);
#189 = DIRECTION('',(0.,-1.,0.));
#190 = ORIENTED_EDGE('',*,*,#191,.T.);
#191 = EDGE_CURVE('',#184,#192,#194,.T.);
#192 = VERTEX_POINT('',#193);
#193 = CARTESIAN_POINT('',(-8.003387873497,-2.6162,0.));
#194 = LINE('',#195,#196);
#195 = CARTESIAN_POINT('',(-8.8392,-2.6162,0.));
#196 = VECTOR('',#197,1.);
#197 = DIRECTION('',(1.,0.,0.));
#198 = ORIENTED_EDGE('',*,*,#199,.F.);
#199 = EDGE_CURVE('',#200,#192,#202,.T.);
#200 = VERTEX_POINT('',#201);
#201 = CARTESIAN_POINT('',(-8.003387873497,-4.0132,0.));
#202 = LINE('',#203,#204);
#203 = CARTESIAN_POINT('',(-8.003387873497,-4.0132,0.));
#204 = VECTOR('',#205,1.);
#205 = DIRECTION('',(0.,1.,0.));
#206 = ORIENTED_EDGE('',*,*,#207,.F.);
#207 = EDGE_CURVE('',#208,#200,#210,.T.);
#208 = VERTEX_POINT('',#209);
#209 = CARTESIAN_POINT('',(-6.802111669323,-4.0132,0.));
#210 = LINE('',#211,#212);
#211 = CARTESIAN_POINT('',(-6.802111669323,-4.0132,0.));
#212 = VECTOR('',#213,1.);
#213 = DIRECTION('',(-1.,0.,0.));
#214 = ORIENTED_EDGE('',*,*,#215,.F.);
#215 = EDGE_CURVE('',#216,#208,#218,.T.);
#216 = VERTEX_POINT('',#217);
#217 = CARTESIAN_POINT('',(-6.215523795827,-4.5212,0.));
#218 = B_SPLINE_CURVE_WITH_KNOTS('',3,(#219,#220,#221,#222,#223,#224,
    #225,#226,#227),.UNSPECIFIED.,.F.,.F.,(4,1,1,1,1,1,4),(0.,0.125,0.25
    ,0.5,0.75,0.875,1.),.UNSPECIFIED.);
#219 = CARTESIAN_POINT('',(-6.215523795827,-4.5212,0.));
#220 = CARTESIAN_POINT('',(-6.215523795827,-4.475592171938,0.));
#221 = CARTESIAN_POINT('',(-6.22868090964,-4.397533629626,0.));
#222 = CARTESIAN_POINT('',(-6.282934947422,-4.269356355158,0.));
#223 = CARTESIAN_POINT('',(-6.388508904335,-4.14689117176,0.));
#224 = CARTESIAN_POINT('',(-6.53223203251,-4.062575159623,0.));
#225 = CARTESIAN_POINT('',(-6.674121772654,-4.022033587518,0.));
#226 = CARTESIAN_POINT('',(-6.756503841261,-4.0132,0.));
#227 = CARTESIAN_POINT('',(-6.802111669323,-4.0132,0.));
#228 = ORIENTED_EDGE('',*,*,#229,.T.);
#229 = EDGE_CURVE('',#216,#230,#232,.T.);
#230 = VERTEX_POINT('',#231);
#231 = CARTESIAN_POINT('',(-6.215523795827,-4.826,0.));
#232 = LINE('',#233,#234);
#233 = CARTESIAN_POINT('',(-6.215523795827,-4.5212,0.));
#234 = VECTOR('',#235,1.);
#235 = DIRECTION('',(0.,-1.,0.));
#236 = ORIENTED_EDGE('',*,*,#237,.T.);
#237 = EDGE_CURVE('',#230,#238,#240,.T.);
#238 = VERTEX_POINT('',#239);
#239 = CARTESIAN_POINT('',(-1.1938,-9.847723795827,0.));
#240 = CIRCLE('',#241,5.021723795827);
#241 = AXIS2_PLACEMENT_3D('',#242,#243,#244);
#242 = CARTESIAN_POINT('',(-1.1938,-4.826,0.));
#243 = DIRECTION('',(0.,0.,1.));
#244 = DIRECTION('',(-1.,-1.750985660012E-14,0.));
#245 = ORIENTED_EDGE('',*,*,#246,.T.);
#246 = EDGE_CURVE('',#238,#247,#249,.T.);
#247 = VERTEX_POINT('',#248);
#248 = CARTESIAN_POINT('',(4.2672,-9.847723795827,0.));
#249 = LINE('',#250,#251);
#250 = CARTESIAN_POINT('',(-1.1938,-9.847723795827,0.));
#251 = VECTOR('',#252,1.);
#252 = DIRECTION('',(1.,0.,0.));
#253 = ORIENTED_EDGE('',*,*,#254,.T.);
#254 = EDGE_CURVE('',#247,#255,#257,.T.);
#255 = VERTEX_POINT('',#256);
#256 = CARTESIAN_POINT('',(9.288923795827,-4.826,0.));
#257 = CIRCLE('',#258,5.021723795827);
#258 = AXIS2_PLACEMENT_3D('',#259,#260,#261);
#259 = CARTESIAN_POINT('',(4.2672,-4.826,0.));
#260 = DIRECTION('',(0.,0.,1.));
#261 = DIRECTION('',(0.,-1.,0.));
#262 = ORIENTED_EDGE('',*,*,#263,.T.);
#263 = EDGE_CURVE('',#255,#264,#266,.T.);
#264 = VERTEX_POINT('',#265);
#265 = CARTESIAN_POINT('',(9.288923795827,4.826,0.));
#266 = LINE('',#267,#268);
#267 = CARTESIAN_POINT('',(9.288923795827,-4.826,0.));
#268 = VECTOR('',#269,1.);
#269 = DIRECTION('',(0.,1.,0.));
#270 = ORIENTED_EDGE('',*,*,#271,.T.);
#271 = EDGE_CURVE('',#264,#272,#274,.T.);
#272 = VERTEX_POINT('',#273);
#273 = CARTESIAN_POINT('',(4.2672,9.847723795827,0.));
#274 = CIRCLE('',#275,5.021723795827);
#275 = AXIS2_PLACEMENT_3D('',#276,#277,#278);
#276 = CARTESIAN_POINT('',(4.2672,4.826,0.));
#277 = DIRECTION('',(0.,0.,1.));
#278 = DIRECTION('',(1.,1.167323773341E-14,-0.));
#279 = ORIENTED_EDGE('',*,*,#280,.T.);
#280 = EDGE_CURVE('',#272,#281,#283,.T.);
#281 = VERTEX_POINT('',#282);
#282 = CARTESIAN_POINT('',(-1.1938,9.847723795827,0.));
#283 = LINE('',#284,#285);
#284 = CARTESIAN_POINT('',(4.2672,9.847723795827,0.));
#285 = VECTOR('',#286,1.);
#286 = DIRECTION('',(-1.,0.,0.));
#287 = ORIENTED_EDGE('',*,*,#288,.T.);
#288 = EDGE_CURVE('',#281,#289,#291,.T.);
#289 = VERTEX_POINT('',#290);
#290 = CARTESIAN_POINT('',(-6.215523795827,4.826,0.));
#291 = CIRCLE('',#292,5.021723795827);
#292 = AXIS2_PLACEMENT_3D('',#293,#294,#295);
#293 = CARTESIAN_POINT('',(-1.1938,4.826,0.));
#294 = DIRECTION('',(0.,-0.,1.));
#295 = DIRECTION('',(0.,1.,0.));
#296 = ORIENTED_EDGE('',*,*,#297,.T.);
#297 = EDGE_CURVE('',#289,#146,#298,.T.);
#298 = LINE('',#299,#300);
#299 = CARTESIAN_POINT('',(-6.215523795827,4.826,0.));
#300 = VECTOR('',#301,1.);
#301 = DIRECTION('',(0.,-1.,1.341321830489E-14));
#302 = PLANE('',#303);
#303 = AXIS2_PLACEMENT_3D('',#304,#305,#306);
#304 = CARTESIAN_POINT('',(0.,0.,0.));
#305 = DIRECTION('',(0.,0.,1.));
#306 = DIRECTION('',(1.,0.,-0.));
#307 = ADVANCED_FACE('',(#308),#348,.T.);
#308 = FACE_BOUND('',#309,.T.);
#309 = EDGE_LOOP('',(#310,#318,#341,#347));
#310 = ORIENTED_EDGE('',*,*,#311,.F.);
#311 = EDGE_CURVE('',#312,#144,#314,.T.);
#312 = VERTEX_POINT('',#313);
#313 = CARTESIAN_POINT('',(-6.135616134287,4.0132,-1.1544041297));
#314 = LINE('',#315,#316);
#315 = CARTESIAN_POINT('',(-6.135616134287,4.0132,-1.1544041297));
#316 = VECTOR('',#317,1.);
#317 = DIRECTION('',(-0.5,0.,0.866025403784));
#318 = ORIENTED_EDGE('',*,*,#319,.F.);
#319 = EDGE_CURVE('',#320,#312,#322,.T.);
#320 = VERTEX_POINT('',#321);
#321 = CARTESIAN_POINT('',(-5.62893592233,4.5212,-1.016));
#322 = B_SPLINE_CURVE_WITH_KNOTS('',3,(#323,#324,#325,#326,#327,#328,
    #329,#330,#331,#332,#333,#334,#335,#336,#337,#338,#339,#340),
  .UNSPECIFIED.,.F.,.F.,(4,1,1,1,1,1,1,1,1,1,1,1,1,1,1,4),(0.,
    6.666666666667E-02,0.133333333333,0.2,0.266666666667,0.333333333333,
    0.4,0.466666666667,0.533333333333,0.6,0.666666666667,0.733333333333,
    0.8,0.866666666667,0.933333333333,1.),.UNSPECIFIED.);
#323 = CARTESIAN_POINT('',(-5.62893592233,4.5212,-1.016));
#324 = CARTESIAN_POINT('',(-5.62893592233,4.503045742423,-1.016));
#325 = CARTESIAN_POINT('',(-5.630879125713,4.466795863791,
    -1.016530802993));
#326 = CARTESIAN_POINT('',(-5.639533075727,4.41321967258,-1.018894705099
    ));
#327 = CARTESIAN_POINT('',(-5.653774918398,4.361031779973,
    -1.022784988938));
#328 = CARTESIAN_POINT('',(-5.673392988577,4.310807037503,
    -1.028143836324));
#329 = CARTESIAN_POINT('',(-5.698117982788,4.263089869055,
    -1.034897684659));
#330 = CARTESIAN_POINT('',(-5.727625660212,4.218391003116,
    -1.042957964727));
#331 = CARTESIAN_POINT('',(-5.761542765833,4.177178406324,
    -1.052222718658));
#332 = CARTESIAN_POINT('',(-5.799452819658,4.139873022657,-1.0625781813)
  );
#333 = CARTESIAN_POINT('',(-5.840902669385,4.106844699669,
    -1.073900570141));
#334 = CARTESIAN_POINT('',(-5.885409365947,4.078409492532,-1.08605796342
    ));
#335 = CARTESIAN_POINT('',(-5.932466853985,4.054828085237,
    -1.098912127692));
#336 = CARTESIAN_POINT('',(-5.981553502647,4.03630511289,-1.112320574929
    ));
#337 = CARTESIAN_POINT('',(-6.032135196136,4.022990253574,
    -1.126137406731));
#338 = CARTESIAN_POINT('',(-6.083676497573,4.014978268626,
    -1.140216363834));
#339 = CARTESIAN_POINT('',(-6.118312780404,4.0132,-1.149677567307));
#340 = CARTESIAN_POINT('',(-6.135616134287,4.0132,-1.1544041297));
#341 = ORIENTED_EDGE('',*,*,#342,.T.);
#342 = EDGE_CURVE('',#320,#146,#343,.T.);
#343 = LINE('',#344,#345);
#344 = CARTESIAN_POINT('',(-5.62893592233,4.5212,-1.016));
#345 = VECTOR('',#346,1.);
#346 = DIRECTION('',(-0.5,1.287022270414E-14,0.866025403784));
#347 = ORIENTED_EDGE('',*,*,#143,.F.);
#348 = CYLINDRICAL_SURFACE('',#349,0.508);
#349 = AXIS2_PLACEMENT_3D('',#350,#351,#352);
#350 = CARTESIAN_POINT('',(33.56689511411,4.5212,-69.9211708));
#351 = DIRECTION('',(-0.5,0.,0.866025403784));
#352 = DIRECTION('',(0.,-1.,0.));
#353 = ADVANCED_FACE('',(#354),#372,.F.);
#354 = FACE_BOUND('',#355,.F.);
#355 = EDGE_LOOP('',(#356,#357,#358,#366));
#356 = ORIENTED_EDGE('',*,*,#342,.T.);
#357 = ORIENTED_EDGE('',*,*,#297,.F.);
#358 = ORIENTED_EDGE('',*,*,#359,.T.);
#359 = EDGE_CURVE('',#289,#360,#362,.T.);
#360 = VERTEX_POINT('',#361);
#361 = CARTESIAN_POINT('',(-5.62893592233,4.826,-1.016));
#362 = LINE('',#363,#364);
#363 = CARTESIAN_POINT('',(-6.215523795827,4.826,0.));
#364 = VECTOR('',#365,1.);
#365 = DIRECTION('',(0.5,0.,-0.866025403784));
#366 = ORIENTED_EDGE('',*,*,#367,.T.);
#367 = EDGE_CURVE('',#360,#320,#368,.T.);
#368 = LINE('',#369,#370);
#369 = CARTESIAN_POINT('',(-5.62893592233,4.826,-1.016));
#370 = VECTOR('',#371,1.);
#371 = DIRECTION('',(0.,-1.,2.185478394932E-14));
#372 = PLANE('',#373);
#373 = AXIS2_PLACEMENT_3D('',#374,#375,#376);
#374 = CARTESIAN_POINT('',(-6.215523795827,4.826,0.));
#375 = DIRECTION('',(-0.866025403784,0.,-0.5));
#376 = DIRECTION('',(0.5,0.,-0.866025403784));
#377 = ADVANCED_FACE('',(#378),#403,.F.);
#378 = FACE_BOUND('',#379,.F.);
#379 = EDGE_LOOP('',(#380,#388,#396,#402));
#380 = ORIENTED_EDGE('',*,*,#381,.T.);
#381 = EDGE_CURVE('',#216,#382,#384,.T.);
#382 = VERTEX_POINT('',#383);
#383 = CARTESIAN_POINT('',(-5.62893592233,-4.5212,-1.016));
#384 = LINE('',#385,#386);
#385 = CARTESIAN_POINT('',(-6.215523795827,-4.5212,0.));
#386 = VECTOR('',#387,1.);
#387 = DIRECTION('',(0.5,0.,-0.866025403784));
#388 = ORIENTED_EDGE('',*,*,#389,.T.);
#389 = EDGE_CURVE('',#382,#390,#392,.T.);
#390 = VERTEX_POINT('',#391);
#391 = CARTESIAN_POINT('',(-5.62893592233,-4.826,-1.016));
#392 = LINE('',#393,#394);
#393 = CARTESIAN_POINT('',(-5.62893592233,-4.5212,-1.016));
#394 = VECTOR('',#395,1.);
#395 = DIRECTION('',(0.,-1.,0.));
#396 = ORIENTED_EDGE('',*,*,#397,.F.);
#397 = EDGE_CURVE('',#230,#390,#398,.T.);
#398 = LINE('',#399,#400);
#399 = CARTESIAN_POINT('',(-6.215523795827,-4.826,0.));
#400 = VECTOR('',#401,1.);
#401 = DIRECTION('',(0.5,2.422630156074E-14,-0.866025403784));
#402 = ORIENTED_EDGE('',*,*,#229,.F.);
#403 = PLANE('',#404);
#404 = AXIS2_PLACEMENT_3D('',#405,#406,#407);
#405 = CARTESIAN_POINT('',(-6.215523795827,4.826,0.));
#406 = DIRECTION('',(-0.866025403784,0.,-0.5));
#407 = DIRECTION('',(0.5,0.,-0.866025403784));
#408 = ADVANCED_FACE('',(#409),#428,.F.);
#409 = FACE_BOUND('',#410,.F.);
#410 = EDGE_LOOP('',(#411,#412,#420,#427));
#411 = ORIENTED_EDGE('',*,*,#288,.F.);
#412 = ORIENTED_EDGE('',*,*,#413,.T.);
#413 = EDGE_CURVE('',#281,#414,#416,.T.);
#414 = VERTEX_POINT('',#415);
#415 = CARTESIAN_POINT('',(-1.1938,9.26113592233,-1.016));
#416 = LINE('',#417,#418);
#417 = CARTESIAN_POINT('',(-1.1938,9.847723795827,0.));
#418 = VECTOR('',#419,1.);
#419 = DIRECTION('',(0.,-0.5,-0.866025403784));
#420 = ORIENTED_EDGE('',*,*,#421,.T.);
#421 = EDGE_CURVE('',#414,#360,#422,.T.);
#422 = CIRCLE('',#423,4.43513592233);
#423 = AXIS2_PLACEMENT_3D('',#424,#425,#426);
#424 = CARTESIAN_POINT('',(-1.1938,4.826,-1.016));
#425 = DIRECTION('',(0.,-0.,1.));
#426 = DIRECTION('',(0.,1.,0.));
#427 = ORIENTED_EDGE('',*,*,#359,.F.);
#428 = CONICAL_SURFACE('',#429,4.728429859078,0.523598775598);
#429 = AXIS2_PLACEMENT_3D('',#430,#431,#432);
#430 = CARTESIAN_POINT('',(-1.1938,4.826,-0.508));
#431 = DIRECTION('',(0.,0.,1.));
#432 = DIRECTION('',(0.,-1.,0.));
#433 = ADVANCED_FACE('',(#434),#452,.F.);
#434 = FACE_BOUND('',#435,.F.);
#435 = EDGE_LOOP('',(#436,#437,#445,#451));
#436 = ORIENTED_EDGE('',*,*,#280,.F.);
#437 = ORIENTED_EDGE('',*,*,#438,.T.);
#438 = EDGE_CURVE('',#272,#439,#441,.T.);
#439 = VERTEX_POINT('',#440);
#440 = CARTESIAN_POINT('',(4.2672,9.26113592233,-1.016));
#441 = LINE('',#442,#443);
#442 = CARTESIAN_POINT('',(4.2672,9.847723795827,0.));
#443 = VECTOR('',#444,1.);
#444 = DIRECTION('',(0.,-0.5,-0.866025403784));
#445 = ORIENTED_EDGE('',*,*,#446,.T.);
#446 = EDGE_CURVE('',#439,#414,#447,.T.);
#447 = LINE('',#448,#449);
#448 = CARTESIAN_POINT('',(4.2672,9.26113592233,-1.016));
#449 = VECTOR('',#450,1.);
#450 = DIRECTION('',(-1.,0.,0.));
#451 = ORIENTED_EDGE('',*,*,#413,.F.);
#452 = PLANE('',#453);
#453 = AXIS2_PLACEMENT_3D('',#454,#455,#456);
#454 = CARTESIAN_POINT('',(4.2672,9.847723795827,0.));
#455 = DIRECTION('',(0.,0.866025403784,-0.5));
#456 = DIRECTION('',(0.,-0.5,-0.866025403784));
#457 = ADVANCED_FACE('',(#458),#477,.F.);
#458 = FACE_BOUND('',#459,.F.);
#459 = EDGE_LOOP('',(#460,#461,#469,#476));
#460 = ORIENTED_EDGE('',*,*,#271,.F.);
#461 = ORIENTED_EDGE('',*,*,#462,.T.);
#462 = EDGE_CURVE('',#264,#463,#465,.T.);
#463 = VERTEX_POINT('',#464);
#464 = CARTESIAN_POINT('',(8.70233592233,4.826,-1.016));
#465 = LINE('',#466,#467);
#466 = CARTESIAN_POINT('',(9.288923795827,4.826,0.));
#467 = VECTOR('',#468,1.);
#468 = DIRECTION('',(-0.5,-1.741265424678E-14,-0.866025403784));
#469 = ORIENTED_EDGE('',*,*,#470,.T.);
#470 = EDGE_CURVE('',#463,#439,#471,.T.);
#471 = CIRCLE('',#472,4.43513592233);
#472 = AXIS2_PLACEMENT_3D('',#473,#474,#475);
#473 = CARTESIAN_POINT('',(4.2672,4.826,-1.016));
#474 = DIRECTION('',(0.,0.,1.));
#475 = DIRECTION('',(1.,0.,-0.));
#476 = ORIENTED_EDGE('',*,*,#438,.F.);
#477 = CONICAL_SURFACE('',#478,4.728429859078,0.523598775598);
#478 = AXIS2_PLACEMENT_3D('',#479,#480,#481);
#479 = CARTESIAN_POINT('',(4.2672,4.826,-0.508));
#480 = DIRECTION('',(0.,0.,1.));
#481 = DIRECTION('',(-1.,0.,0.));
#482 = ADVANCED_FACE('',(#483),#501,.F.);
#483 = FACE_BOUND('',#484,.F.);
#484 = EDGE_LOOP('',(#485,#486,#494,#500));
#485 = ORIENTED_EDGE('',*,*,#263,.F.);
#486 = ORIENTED_EDGE('',*,*,#487,.T.);
#487 = EDGE_CURVE('',#255,#488,#490,.T.);
#488 = VERTEX_POINT('',#489);
#489 = CARTESIAN_POINT('',(8.70233592233,-4.826,-1.016));
#490 = LINE('',#491,#492);
#491 = CARTESIAN_POINT('',(9.288923795827,-4.826,0.));
#492 = VECTOR('',#493,1.);
#493 = DIRECTION('',(-0.5,1.665558232301E-14,-0.866025403784));
#494 = ORIENTED_EDGE('',*,*,#495,.T.);
#495 = EDGE_CURVE('',#488,#463,#496,.T.);
#496 = LINE('',#497,#498);
#497 = CARTESIAN_POINT('',(8.70233592233,-4.826,-1.016));
#498 = VECTOR('',#499,1.);
#499 = DIRECTION('',(0.,1.,0.));
#500 = ORIENTED_EDGE('',*,*,#462,.F.);
#501 = PLANE('',#502);
#502 = AXIS2_PLACEMENT_3D('',#503,#504,#505);
#503 = CARTESIAN_POINT('',(9.288923795827,-4.826,0.));
#504 = DIRECTION('',(0.866025403784,0.,-0.5));
#505 = DIRECTION('',(-0.5,0.,-0.866025403784));
#506 = ADVANCED_FACE('',(#507),#526,.F.);
#507 = FACE_BOUND('',#508,.F.);
#508 = EDGE_LOOP('',(#509,#510,#518,#525));
#509 = ORIENTED_EDGE('',*,*,#254,.F.);
#510 = ORIENTED_EDGE('',*,*,#511,.T.);
#511 = EDGE_CURVE('',#247,#512,#514,.T.);
#512 = VERTEX_POINT('',#513);
#513 = CARTESIAN_POINT('',(4.2672,-9.26113592233,-1.016));
#514 = LINE('',#515,#516);
#515 = CARTESIAN_POINT('',(4.2672,-9.847723795827,0.));
#516 = VECTOR('',#517,1.);
#517 = DIRECTION('',(0.,0.5,-0.866025403784));
#518 = ORIENTED_EDGE('',*,*,#519,.T.);
#519 = EDGE_CURVE('',#512,#488,#520,.T.);
#520 = CIRCLE('',#521,4.43513592233);
#521 = AXIS2_PLACEMENT_3D('',#522,#523,#524);
#522 = CARTESIAN_POINT('',(4.2672,-4.826,-1.016));
#523 = DIRECTION('',(0.,0.,1.));
#524 = DIRECTION('',(0.,-1.,0.));
#525 = ORIENTED_EDGE('',*,*,#487,.F.);
#526 = CONICAL_SURFACE('',#527,4.728429859078,0.523598775598);
#527 = AXIS2_PLACEMENT_3D('',#528,#529,#530);
#528 = CARTESIAN_POINT('',(4.2672,-4.826,-0.508));
#529 = DIRECTION('',(0.,0.,1.));
#530 = DIRECTION('',(0.,1.,0.));
#531 = ADVANCED_FACE('',(#532),#550,.F.);
#532 = FACE_BOUND('',#533,.F.);
#533 = EDGE_LOOP('',(#534,#535,#543,#549));
#534 = ORIENTED_EDGE('',*,*,#246,.F.);
#535 = ORIENTED_EDGE('',*,*,#536,.T.);
#536 = EDGE_CURVE('',#238,#537,#539,.T.);
#537 = VERTEX_POINT('',#538);
#538 = CARTESIAN_POINT('',(-1.1938,-9.26113592233,-1.016));
#539 = LINE('',#540,#541);
#540 = CARTESIAN_POINT('',(-1.1938,-9.847723795827,0.));
#541 = VECTOR('',#542,1.);
#542 = DIRECTION('',(0.,0.5,-0.866025403784));
#543 = ORIENTED_EDGE('',*,*,#544,.T.);
#544 = EDGE_CURVE('',#537,#512,#545,.T.);
#545 = LINE('',#546,#547);
#546 = CARTESIAN_POINT('',(-1.1938,-9.26113592233,-1.016));
#547 = VECTOR('',#548,1.);
#548 = DIRECTION('',(1.,0.,0.));
#549 = ORIENTED_EDGE('',*,*,#511,.F.);
#550 = PLANE('',#551);
#551 = AXIS2_PLACEMENT_3D('',#552,#553,#554);
#552 = CARTESIAN_POINT('',(-1.1938,-9.847723795827,0.));
#553 = DIRECTION('',(0.,-0.866025403784,-0.5));
#554 = DIRECTION('',(0.,0.5,-0.866025403784));
#555 = ADVANCED_FACE('',(#556),#568,.F.);
#556 = FACE_BOUND('',#557,.F.);
#557 = EDGE_LOOP('',(#558,#559,#560,#567));
#558 = ORIENTED_EDGE('',*,*,#237,.F.);
#559 = ORIENTED_EDGE('',*,*,#397,.T.);
#560 = ORIENTED_EDGE('',*,*,#561,.T.);
#561 = EDGE_CURVE('',#390,#537,#562,.T.);
#562 = CIRCLE('',#563,4.43513592233);
#563 = AXIS2_PLACEMENT_3D('',#564,#565,#566);
#564 = CARTESIAN_POINT('',(-1.1938,-4.826,-1.016));
#565 = DIRECTION('',(0.,0.,1.));
#566 = DIRECTION('',(-1.,0.,0.));
#567 = ORIENTED_EDGE('',*,*,#536,.F.);
#568 = CONICAL_SURFACE('',#569,4.728429859078,0.523598775598);
#569 = AXIS2_PLACEMENT_3D('',#570,#571,#572);
#570 = CARTESIAN_POINT('',(-1.1938,-4.826,-0.508));
#571 = DIRECTION('',(0.,0.,1.));
#572 = DIRECTION('',(1.,0.,-0.));
#573 = ADVANCED_FACE('',(#574),#600,.F.);
#574 = FACE_BOUND('',#575,.F.);
#575 = EDGE_LOOP('',(#576,#587,#593,#594));
#576 = ORIENTED_EDGE('',*,*,#577,.T.);
#577 = EDGE_CURVE('',#578,#580,#582,.T.);
#578 = VERTEX_POINT('',#579);
#579 = CARTESIAN_POINT('',(-5.5118,-4.826,-13.081));
#580 = VERTEX_POINT('',#581);
#581 = CARTESIAN_POINT('',(-1.1938,-9.144,-13.081));
#582 = CIRCLE('',#583,4.318);
#583 = AXIS2_PLACEMENT_3D('',#584,#585,#586);
#584 = CARTESIAN_POINT('',(-1.1938,-4.826,-13.081));
#585 = DIRECTION('',(0.,0.,1.));
#586 = DIRECTION('',(-1.,0.,0.));
#587 = ORIENTED_EDGE('',*,*,#588,.F.);
#588 = EDGE_CURVE('',#537,#580,#589,.T.);
#589 = LINE('',#590,#591);
#590 = CARTESIAN_POINT('',(-1.1938,-9.26113592233,-1.016));
#591 = VECTOR('',#592,1.);
#592 = DIRECTION('',(0.,9.708280325593E-03,-0.999952873536));
#593 = ORIENTED_EDGE('',*,*,#561,.F.);
#594 = ORIENTED_EDGE('',*,*,#595,.T.);
#595 = EDGE_CURVE('',#390,#578,#596,.T.);
#596 = LINE('',#597,#598);
#597 = CARTESIAN_POINT('',(-5.62893592233,-4.826,-1.016));
#598 = VECTOR('',#599,1.);
#599 = DIRECTION('',(9.708280325593E-03,0.,-0.999952873536));
#600 = CONICAL_SURFACE('',#601,4.376567961165,9.708432834108E-03);
#601 = AXIS2_PLACEMENT_3D('',#602,#603,#604);
#602 = CARTESIAN_POINT('',(-1.1938,-4.826,-7.0485));
#603 = DIRECTION('',(0.,0.,1.));
#604 = DIRECTION('',(1.,0.,-0.));
#605 = ADVANCED_FACE('',(#606),#632,.F.);
#606 = FACE_BOUND('',#607,.F.);
#607 = EDGE_LOOP('',(#608,#619,#625,#626));
#608 = ORIENTED_EDGE('',*,*,#609,.F.);
#609 = EDGE_CURVE('',#610,#612,#614,.T.);
#610 = VERTEX_POINT('',#611);
#611 = CARTESIAN_POINT('',(-1.1938,-9.144,-19.6088));
#612 = VERTEX_POINT('',#613);
#613 = CARTESIAN_POINT('',(-5.5118,-4.826,-19.6088));
#614 = CIRCLE('',#615,4.318);
#615 = AXIS2_PLACEMENT_3D('',#616,#617,#618);
#616 = CARTESIAN_POINT('',(-1.1938,-4.826,-19.6088));
#617 = DIRECTION('',(0.,0.,-1.));
#618 = DIRECTION('',(0.,-1.,0.));
#619 = ORIENTED_EDGE('',*,*,#620,.F.);
#620 = EDGE_CURVE('',#580,#610,#621,.T.);
#621 = LINE('',#622,#623);
#622 = CARTESIAN_POINT('',(-1.1938,-9.144,-13.081));
#623 = VECTOR('',#624,1.);
#624 = DIRECTION('',(0.,0.,-1.));
#625 = ORIENTED_EDGE('',*,*,#577,.F.);
#626 = ORIENTED_EDGE('',*,*,#627,.T.);
#627 = EDGE_CURVE('',#578,#612,#628,.T.);
#628 = LINE('',#629,#630);
#629 = CARTESIAN_POINT('',(-5.5118,-4.826,-13.081));
#630 = VECTOR('',#631,1.);
#631 = DIRECTION('',(0.,0.,-1.));
#632 = CYLINDRICAL_SURFACE('',#633,4.318);
#633 = AXIS2_PLACEMENT_3D('',#634,#635,#636);
#634 = CARTESIAN_POINT('',(-1.1938,-4.826,0.));
#635 = DIRECTION('',(0.,0.,1.));
#636 = DIRECTION('',(0.,1.,0.));
#637 = ADVANCED_FACE('',(#638),#666,.F.);
#638 = FACE_BOUND('',#639,.F.);
#639 = EDGE_LOOP('',(#640,#651,#658,#659));
#640 = ORIENTED_EDGE('',*,*,#641,.F.);
#641 = EDGE_CURVE('',#642,#644,#646,.T.);
#642 = VERTEX_POINT('',#643);
#643 = CARTESIAN_POINT('',(-1.1938,-8.9408,-19.812));
#644 = VERTEX_POINT('',#645);
#645 = CARTESIAN_POINT('',(-5.3086,-4.826,-19.812));
#646 = CIRCLE('',#647,4.1148);
#647 = AXIS2_PLACEMENT_3D('',#648,#649,#650);
#648 = CARTESIAN_POINT('',(-1.1938,-4.826,-19.812));
#649 = DIRECTION('',(0.,0.,-1.));
#650 = DIRECTION('',(0.,-1.,0.));
#651 = ORIENTED_EDGE('',*,*,#652,.T.);
#652 = EDGE_CURVE('',#642,#610,#653,.T.);
#653 = CIRCLE('',#654,0.2032);
#654 = AXIS2_PLACEMENT_3D('',#655,#656,#657);
#655 = CARTESIAN_POINT('',(-1.1938,-8.9408,-19.6088));
#656 = DIRECTION('',(-1.,0.,0.));
#657 = DIRECTION('',(0.,0.,-1.));
#658 = ORIENTED_EDGE('',*,*,#609,.T.);
#659 = ORIENTED_EDGE('',*,*,#660,.F.);
#660 = EDGE_CURVE('',#644,#612,#661,.T.);
#661 = CIRCLE('',#662,0.2032);
#662 = AXIS2_PLACEMENT_3D('',#663,#664,#665);
#663 = CARTESIAN_POINT('',(-5.3086,-4.826,-19.6088));
#664 = DIRECTION('',(0.,1.,0.));
#665 = DIRECTION('',(0.,0.,-1.));
#666 = TOROIDAL_SURFACE('',#667,4.1148,0.2032);
#667 = AXIS2_PLACEMENT_3D('',#668,#669,#670);
#668 = CARTESIAN_POINT('',(-1.1938,-4.826,-19.6088));
#669 = DIRECTION('',(0.,0.,1.));
#670 = DIRECTION('',(3.049941103526E-03,-0.999995348919,0.));
#671 = ADVANCED_FACE('',(#672,#732,#752,#772,#792,#812,#870),#960,.T.);
#672 = FACE_BOUND('',#673,.F.);
#673 = EDGE_LOOP('',(#674,#682,#691,#699,#708,#716,#725,#731));
#674 = ORIENTED_EDGE('',*,*,#675,.T.);
#675 = EDGE_CURVE('',#644,#676,#678,.T.);
#676 = VERTEX_POINT('',#677);
#677 = CARTESIAN_POINT('',(-5.3086,4.826,-19.812));
#678 = LINE('',#679,#680);
#679 = CARTESIAN_POINT('',(-5.3086,-4.826,-19.812));
#680 = VECTOR('',#681,1.);
#681 = DIRECTION('',(0.,1.,0.));
#682 = ORIENTED_EDGE('',*,*,#683,.T.);
#683 = EDGE_CURVE('',#676,#684,#686,.T.);
#684 = VERTEX_POINT('',#685);
#685 = CARTESIAN_POINT('',(-1.1938,8.9408,-19.812));
#686 = CIRCLE('',#687,4.1148);
#687 = AXIS2_PLACEMENT_3D('',#688,#689,#690);
#688 = CARTESIAN_POINT('',(-1.1938,4.826,-19.812));
#689 = DIRECTION('',(0.,0.,-1.));
#690 = DIRECTION('',(-1.,0.,0.));
#691 = ORIENTED_EDGE('',*,*,#692,.T.);
#692 = EDGE_CURVE('',#684,#693,#695,.T.);
#693 = VERTEX_POINT('',#694);
#694 = CARTESIAN_POINT('',(4.2672,8.9408,-19.812));
#695 = LINE('',#696,#697);
#696 = CARTESIAN_POINT('',(-1.1938,8.9408,-19.812));
#697 = VECTOR('',#698,1.);
#698 = DIRECTION('',(1.,0.,0.));
#699 = ORIENTED_EDGE('',*,*,#700,.T.);
#700 = EDGE_CURVE('',#693,#701,#703,.T.);
#701 = VERTEX_POINT('',#702);
#702 = CARTESIAN_POINT('',(8.382,4.826,-19.812));
#703 = CIRCLE('',#704,4.1148);
#704 = AXIS2_PLACEMENT_3D('',#705,#706,#707);
#705 = CARTESIAN_POINT('',(4.2672,4.826,-19.812));
#706 = DIRECTION('',(0.,0.,-1.));
#707 = DIRECTION('',(0.,1.,0.));
#708 = ORIENTED_EDGE('',*,*,#709,.T.);
#709 = EDGE_CURVE('',#701,#710,#712,.T.);
#710 = VERTEX_POINT('',#711);
#711 = CARTESIAN_POINT('',(8.382,-4.826,-19.812));
#712 = LINE('',#713,#714);
#713 = CARTESIAN_POINT('',(8.382,4.826,-19.812));
#714 = VECTOR('',#715,1.);
#715 = DIRECTION('',(0.,-1.,0.));
#716 = ORIENTED_EDGE('',*,*,#717,.T.);
#717 = EDGE_CURVE('',#710,#718,#720,.T.);
#718 = VERTEX_POINT('',#719);
#719 = CARTESIAN_POINT('',(4.2672,-8.9408,-19.812));
#720 = CIRCLE('',#721,4.1148);
#721 = AXIS2_PLACEMENT_3D('',#722,#723,#724);
#722 = CARTESIAN_POINT('',(4.2672,-4.826,-19.812));
#723 = DIRECTION('',(0.,0.,-1.));
#724 = DIRECTION('',(1.,0.,0.));
#725 = ORIENTED_EDGE('',*,*,#726,.T.);
#726 = EDGE_CURVE('',#718,#642,#727,.T.);
#727 = LINE('',#728,#729);
#728 = CARTESIAN_POINT('',(4.2672,-8.9408,-19.812));
#729 = VECTOR('',#730,1.);
#730 = DIRECTION('',(-1.,0.,0.));
#731 = ORIENTED_EDGE('',*,*,#641,.T.);
#732 = FACE_BOUND('',#733,.F.);
#733 = EDGE_LOOP('',(#734,#745));
#734 = ORIENTED_EDGE('',*,*,#735,.T.);
#735 = EDGE_CURVE('',#736,#738,#740,.T.);
#736 = VERTEX_POINT('',#737);
#737 = CARTESIAN_POINT('',(-0.6858,-3.5179,-19.812));
#738 = VERTEX_POINT('',#739);
#739 = CARTESIAN_POINT('',(-0.6858,-5.6007,-19.812));
#740 = CIRCLE('',#741,1.0414);
#741 = AXIS2_PLACEMENT_3D('',#742,#743,#744);
#742 = CARTESIAN_POINT('',(-0.6858,-4.5593,-19.812));
#743 = DIRECTION('',(0.,-0.,1.));
#744 = DIRECTION('',(0.,1.,0.));
#745 = ORIENTED_EDGE('',*,*,#746,.T.);
#746 = EDGE_CURVE('',#738,#736,#747,.T.);
#747 = CIRCLE('',#748,1.0414);
#748 = AXIS2_PLACEMENT_3D('',#749,#750,#751);
#749 = CARTESIAN_POINT('',(-0.6858,-4.5593,-19.812));
#750 = DIRECTION('',(0.,0.,1.));
#751 = DIRECTION('',(0.,-1.,0.));
#752 = FACE_BOUND('',#753,.F.);
#753 = EDGE_LOOP('',(#754,#765));
#754 = ORIENTED_EDGE('',*,*,#755,.T.);
#755 = EDGE_CURVE('',#756,#758,#760,.T.);
#756 = VERTEX_POINT('',#757);
#757 = CARTESIAN_POINT('',(3.7592,-3.5179,-19.812));
#758 = VERTEX_POINT('',#759);
#759 = CARTESIAN_POINT('',(3.7592,-5.6007,-19.812));
#760 = CIRCLE('',#761,1.0414);
#761 = AXIS2_PLACEMENT_3D('',#762,#763,#764);
#762 = CARTESIAN_POINT('',(3.7592,-4.5593,-19.812));
#763 = DIRECTION('',(0.,-0.,1.));
#764 = DIRECTION('',(0.,1.,0.));
#765 = ORIENTED_EDGE('',*,*,#766,.T.);
#766 = EDGE_CURVE('',#758,#756,#767,.T.);
#767 = CIRCLE('',#768,1.0414);
#768 = AXIS2_PLACEMENT_3D('',#769,#770,#771);
#769 = CARTESIAN_POINT('',(3.7592,-4.5593,-19.812));
#770 = DIRECTION('',(0.,0.,1.));
#771 = DIRECTION('',(0.,-1.,0.));
#772 = FACE_BOUND('',#773,.F.);
#773 = EDGE_LOOP('',(#774,#785));
#774 = ORIENTED_EDGE('',*,*,#775,.T.);
#775 = EDGE_CURVE('',#776,#778,#780,.T.);
#776 = VERTEX_POINT('',#777);
#777 = CARTESIAN_POINT('',(3.7592,5.6007,-19.812));
#778 = VERTEX_POINT('',#779);
#779 = CARTESIAN_POINT('',(3.7592,3.5179,-19.812));
#780 = CIRCLE('',#781,1.0414);
#781 = AXIS2_PLACEMENT_3D('',#782,#783,#784);
#782 = CARTESIAN_POINT('',(3.7592,4.5593,-19.812));
#783 = DIRECTION('',(0.,-0.,1.));
#784 = DIRECTION('',(0.,1.,0.));
#785 = ORIENTED_EDGE('',*,*,#786,.T.);
#786 = EDGE_CURVE('',#778,#776,#787,.T.);
#787 = CIRCLE('',#788,1.0414);
#788 = AXIS2_PLACEMENT_3D('',#789,#790,#791);
#789 = CARTESIAN_POINT('',(3.7592,4.5593,-19.812));
#790 = DIRECTION('',(0.,0.,1.));
#791 = DIRECTION('',(0.,-1.,0.));
#792 = FACE_BOUND('',#793,.F.);
#793 = EDGE_LOOP('',(#794,#805));
#794 = ORIENTED_EDGE('',*,*,#795,.T.);
#795 = EDGE_CURVE('',#796,#798,#800,.T.);
#796 = VERTEX_POINT('',#797);
#797 = CARTESIAN_POINT('',(-0.6858,5.6007,-19.812));
#798 = VERTEX_POINT('',#799);
#799 = CARTESIAN_POINT('',(-0.6858,3.5179,-19.812));
#800 = CIRCLE('',#801,1.0414);
#801 = AXIS2_PLACEMENT_3D('',#802,#803,#804);
#802 = CARTESIAN_POINT('',(-0.6858,4.5593,-19.812));
#803 = DIRECTION('',(0.,-0.,1.));
#804 = DIRECTION('',(0.,1.,0.));
#805 = ORIENTED_EDGE('',*,*,#806,.T.);
#806 = EDGE_CURVE('',#798,#796,#807,.T.);
#807 = CIRCLE('',#808,1.0414);
#808 = AXIS2_PLACEMENT_3D('',#809,#810,#811);
#809 = CARTESIAN_POINT('',(-0.6858,4.5593,-19.812));
#810 = DIRECTION('',(0.,0.,1.));
#811 = DIRECTION('',(0.,-1.,0.));
#812 = FACE_BOUND('',#813,.F.);
#813 = EDGE_LOOP('',(#814,#824,#832,#840,#848,#856,#864));
#814 = ORIENTED_EDGE('',*,*,#815,.T.);
#815 = EDGE_CURVE('',#816,#818,#820,.T.);
#816 = VERTEX_POINT('',#817);
#817 = CARTESIAN_POINT('',(-0.463550007093,6.2103,-19.812));
#818 = VERTEX_POINT('',#819);
#819 = CARTESIAN_POINT('',(-0.463550007093,7.9883,-19.812));
#820 = LINE('',#821,#822);
#821 = CARTESIAN_POINT('',(-0.463550007093,6.2103,-19.812));
#822 = VECTOR('',#823,1.);
#823 = DIRECTION('',(0.,1.,0.));
#824 = ORIENTED_EDGE('',*,*,#825,.T.);
#825 = EDGE_CURVE('',#818,#826,#828,.T.);
#826 = VERTEX_POINT('',#827);
#827 = CARTESIAN_POINT('',(-0.685800007093,7.9883,-19.812));
#828 = LINE('',#829,#830);
#829 = CARTESIAN_POINT('',(-0.463550007093,7.9883,-19.812));
#830 = VECTOR('',#831,1.);
#831 = DIRECTION('',(-1.,0.,0.));
#832 = ORIENTED_EDGE('',*,*,#833,.T.);
#833 = EDGE_CURVE('',#826,#834,#836,.T.);
#834 = VERTEX_POINT('',#835);
#835 = CARTESIAN_POINT('',(-0.908050007093,7.723491520929,-19.812));
#836 = LINE('',#837,#838);
#837 = CARTESIAN_POINT('',(-0.685800007093,7.9883,-19.812));
#838 = VECTOR('',#839,1.);
#839 = DIRECTION('',(-0.642871293714,-0.765974216093,0.));
#840 = ORIENTED_EDGE('',*,*,#841,.T.);
#841 = EDGE_CURVE('',#834,#842,#844,.T.);
#842 = VERTEX_POINT('',#843);
#843 = CARTESIAN_POINT('',(-0.908050007093,7.420853153157,-19.812));
#844 = LINE('',#845,#846);
#845 = CARTESIAN_POINT('',(-0.908050007093,7.723491520929,-19.812));
#846 = VECTOR('',#847,1.);
#847 = DIRECTION('',(0.,-1.,0.));
#848 = ORIENTED_EDGE('',*,*,#849,.T.);
#849 = EDGE_CURVE('',#842,#850,#852,.T.);
#850 = VERTEX_POINT('',#851);
#851 = CARTESIAN_POINT('',(-0.685800007093,7.685661738205,-19.812));
#852 = LINE('',#853,#854);
#853 = CARTESIAN_POINT('',(-0.908050007093,7.420853153157,-19.812));
#854 = VECTOR('',#855,1.);
#855 = DIRECTION('',(0.642871142764,0.765974342782,0.));
#856 = ORIENTED_EDGE('',*,*,#857,.T.);
#857 = EDGE_CURVE('',#850,#858,#860,.T.);
#858 = VERTEX_POINT('',#859);
#859 = CARTESIAN_POINT('',(-0.685800007093,6.2103,-19.812));
#860 = LINE('',#861,#862);
#861 = CARTESIAN_POINT('',(-0.685800007093,7.685661738205,-19.812));
#862 = VECTOR('',#863,1.);
#863 = DIRECTION('',(0.,-1.,0.));
#864 = ORIENTED_EDGE('',*,*,#865,.T.);
#865 = EDGE_CURVE('',#858,#816,#866,.T.);
#866 = LINE('',#867,#868);
#867 = CARTESIAN_POINT('',(-0.685800007093,6.2103,-19.812));
#868 = VECTOR('',#869,1.);
#869 = DIRECTION('',(1.,0.,0.));
#870 = FACE_BOUND('',#871,.F.);
#871 = EDGE_LOOP('',(#872,#882,#890,#898,#906,#914,#922,#930,#938,#946,
    #954));
#872 = ORIENTED_EDGE('',*,*,#873,.T.);
#873 = EDGE_CURVE('',#874,#876,#878,.T.);
#874 = VERTEX_POINT('',#875);
#875 = CARTESIAN_POINT('',(-0.537633342075,-6.2103,-19.812));
#876 = VERTEX_POINT('',#877);
#877 = CARTESIAN_POINT('',(-1.426633342075,-7.231704239535,-19.812));
#878 = LINE('',#879,#880);
#879 = CARTESIAN_POINT('',(-0.537633342075,-6.2103,-19.812));
#880 = VECTOR('',#881,1.);
#881 = DIRECTION('',(-0.656524483796,-0.754304714407,0.));
#882 = ORIENTED_EDGE('',*,*,#883,.T.);
#883 = EDGE_CURVE('',#876,#884,#886,.T.);
#884 = VERTEX_POINT('',#885);
#885 = CARTESIAN_POINT('',(-1.426633342075,-7.45868298887,-19.812));
#886 = LINE('',#887,#888);
#887 = CARTESIAN_POINT('',(-1.426633342075,-7.231704239535,-19.812));
#888 = VECTOR('',#889,1.);
#889 = DIRECTION('',(0.,-1.,0.));
#890 = ORIENTED_EDGE('',*,*,#891,.T.);
#891 = EDGE_CURVE('',#884,#892,#894,.T.);
#892 = VERTEX_POINT('',#893);
#893 = CARTESIAN_POINT('',(-0.537633342075,-7.45868298887,-19.812));
#894 = LINE('',#895,#896);
#895 = CARTESIAN_POINT('',(-1.426633342075,-7.45868298887,-19.812));
#896 = VECTOR('',#897,1.);
#897 = DIRECTION('',(1.,0.,0.));
#898 = ORIENTED_EDGE('',*,*,#899,.T.);
#899 = EDGE_CURVE('',#892,#900,#902,.T.);
#900 = VERTEX_POINT('',#901);
#901 = CARTESIAN_POINT('',(-0.537633342075,-7.9883,-19.812));
#902 = LINE('',#903,#904);
#903 = CARTESIAN_POINT('',(-0.537633342075,-7.45868298887,-19.812));
#904 = VECTOR('',#905,1.);
#905 = DIRECTION('',(0.,-1.,0.));
#906 = ORIENTED_EDGE('',*,*,#907,.T.);
#907 = EDGE_CURVE('',#900,#908,#910,.T.);
#908 = VERTEX_POINT('',#909);
#909 = CARTESIAN_POINT('',(-0.315383342075,-7.9883,-19.812));
#910 = LINE('',#911,#912);
#911 = CARTESIAN_POINT('',(-0.537633342075,-7.9883,-19.812));
#912 = VECTOR('',#913,1.);
#913 = DIRECTION('',(1.,0.,0.));
#914 = ORIENTED_EDGE('',*,*,#915,.T.);
#915 = EDGE_CURVE('',#908,#916,#918,.T.);
#916 = VERTEX_POINT('',#917);
#917 = CARTESIAN_POINT('',(-0.315383342075,-7.45868298887,-19.812));
#918 = LINE('',#919,#920);
#919 = CARTESIAN_POINT('',(-0.315383342075,-7.9883,-19.812));
#920 = VECTOR('',#921,1.);
#921 = DIRECTION('',(0.,1.,0.));
#922 = ORIENTED_EDGE('',*,*,#923,.T.);
#923 = EDGE_CURVE('',#916,#924,#926,.T.);
#924 = VERTEX_POINT('',#925);
#925 = CARTESIAN_POINT('',(5.503328926563E-02,-7.45868298887,-19.812));
#926 = LINE('',#927,#928);
#927 = CARTESIAN_POINT('',(-0.315383342075,-7.45868298887,-19.812));
#928 = VECTOR('',#929,1.);
#929 = DIRECTION('',(1.,0.,0.));
#930 = ORIENTED_EDGE('',*,*,#931,.T.);
#931 = EDGE_CURVE('',#924,#932,#934,.T.);
#932 = VERTEX_POINT('',#933);
#933 = CARTESIAN_POINT('',(5.503328926563E-02,-7.231704239535,-19.812));
#934 = LINE('',#935,#936);
#935 = CARTESIAN_POINT('',(5.503328926563E-02,-7.45868298887,-19.812));
#936 = VECTOR('',#937,1.);
#937 = DIRECTION('',(0.,1.,0.));
#938 = ORIENTED_EDGE('',*,*,#939,.T.);
#939 = EDGE_CURVE('',#932,#940,#942,.T.);
#940 = VERTEX_POINT('',#941);
#941 = CARTESIAN_POINT('',(-0.315383342075,-7.231704239535,-19.812));
#942 = LINE('',#943,#944);
#943 = CARTESIAN_POINT('',(5.503328926563E-02,-7.231704239535,-19.812));
#944 = VECTOR('',#945,1.);
#945 = DIRECTION('',(-1.,0.,0.));
#946 = ORIENTED_EDGE('',*,*,#947,.T.);
#947 = EDGE_CURVE('',#940,#948,#950,.T.);
#948 = VERTEX_POINT('',#949);
#949 = CARTESIAN_POINT('',(-0.315383342075,-6.2103,-19.812));
#950 = LINE('',#951,#952);
#951 = CARTESIAN_POINT('',(-0.315383342075,-7.231704239535,-19.812));
#952 = VECTOR('',#953,1.);
#953 = DIRECTION('',(0.,1.,0.));
#954 = ORIENTED_EDGE('',*,*,#955,.T.);
#955 = EDGE_CURVE('',#948,#874,#956,.T.);
#956 = LINE('',#957,#958);
#957 = CARTESIAN_POINT('',(-0.315383342075,-6.2103,-19.812));
#958 = VECTOR('',#959,1.);
#959 = DIRECTION('',(-1.,0.,0.));
#960 = PLANE('',#961);
#961 = AXIS2_PLACEMENT_3D('',#962,#963,#964);
#962 = CARTESIAN_POINT('',(0.,0.,-19.812));
#963 = DIRECTION('',(0.,0.,1.));
#964 = DIRECTION('',(0.,1.,0.));
#965 = ADVANCED_FACE('',(#966),#992,.T.);
#966 = FACE_BOUND('',#967,.F.);
#967 = EDGE_LOOP('',(#968,#978,#986));
#968 = ORIENTED_EDGE('',*,*,#969,.T.);
#969 = EDGE_CURVE('',#970,#972,#974,.T.);
#970 = VERTEX_POINT('',#971);
#971 = CARTESIAN_POINT('',(-1.16734168424,-7.231704239535,-19.812));
#972 = VERTEX_POINT('',#973);
#973 = CARTESIAN_POINT('',(-0.537633342075,-6.512938261795,-19.812));
#974 = LINE('',#975,#976);
#975 = CARTESIAN_POINT('',(-1.16734168424,-7.231704239535,-19.812));
#976 = VECTOR('',#977,1.);
#977 = DIRECTION('',(0.658971588179,0.752167830988,0.));
#978 = ORIENTED_EDGE('',*,*,#979,.T.);
#979 = EDGE_CURVE('',#972,#980,#982,.T.);
#980 = VERTEX_POINT('',#981);
#981 = CARTESIAN_POINT('',(-0.537633342075,-7.231704239535,-19.812));
#982 = LINE('',#983,#984);
#983 = CARTESIAN_POINT('',(-0.537633342075,-6.512938261795,-19.812));
#984 = VECTOR('',#985,1.);
#985 = DIRECTION('',(0.,-1.,0.));
#986 = ORIENTED_EDGE('',*,*,#987,.T.);
#987 = EDGE_CURVE('',#980,#970,#988,.T.);
#988 = LINE('',#989,#990);
#989 = CARTESIAN_POINT('',(-0.537633342075,-7.231704239535,-19.812));
#990 = VECTOR('',#991,1.);
#991 = DIRECTION('',(-1.,0.,0.));
#992 = PLANE('',#993);
#993 = AXIS2_PLACEMENT_3D('',#994,#995,#996);
#994 = CARTESIAN_POINT('',(0.,0.,-19.812));
#995 = DIRECTION('',(0.,0.,1.));
#996 = DIRECTION('',(0.,1.,0.));
#997 = ADVANCED_FACE('',(#998),#1024,.T.);
#998 = FACE_BOUND('',#999,.T.);
#999 = EDGE_LOOP('',(#1000,#1008,#1009,#1017));
#1000 = ORIENTED_EDGE('',*,*,#1001,.T.);
#1001 = EDGE_CURVE('',#1002,#736,#1004,.T.);
#1002 = VERTEX_POINT('',#1003);
#1003 = CARTESIAN_POINT('',(-0.6858,-3.7719,-19.558));
#1004 = LINE('',#1005,#1006);
#1005 = CARTESIAN_POINT('',(-0.6858,-3.7719,-19.558));
#1006 = VECTOR('',#1007,1.);
#1007 = DIRECTION('',(-3.684153958172E-13,0.707106781186,-0.707106781187
    ));
#1008 = ORIENTED_EDGE('',*,*,#735,.T.);
#1009 = ORIENTED_EDGE('',*,*,#1010,.F.);
#1010 = EDGE_CURVE('',#1011,#738,#1013,.T.);
#1011 = VERTEX_POINT('',#1012);
#1012 = CARTESIAN_POINT('',(-0.6858,-5.3467,-19.558));
#1013 = LINE('',#1014,#1015);
#1014 = CARTESIAN_POINT('',(-0.6858,-5.3467,-19.558));
#1015 = VECTOR('',#1016,1.);
#1016 = DIRECTION('',(3.684153958172E-13,-0.707106781186,-0.707106781187
    ));
#1017 = ORIENTED_EDGE('',*,*,#1018,.F.);
#1018 = EDGE_CURVE('',#1002,#1011,#1019,.T.);
#1019 = CIRCLE('',#1020,0.7874);
#1020 = AXIS2_PLACEMENT_3D('',#1021,#1022,#1023);
#1021 = CARTESIAN_POINT('',(-0.6858,-4.5593,-19.558));
#1022 = DIRECTION('',(0.,-0.,1.));
#1023 = DIRECTION('',(0.,1.,0.));
#1024 = CONICAL_SURFACE('',#1025,0.9144,0.785398163397);
#1025 = AXIS2_PLACEMENT_3D('',#1026,#1027,#1028);
#1026 = CARTESIAN_POINT('',(-0.6858,-4.5593,-19.685));
#1027 = DIRECTION('',(0.,0.,-1.));
#1028 = DIRECTION('',(0.,-1.,0.));
#1029 = ADVANCED_FACE('',(#1030,#1040),#1060,.T.);
#1030 = FACE_BOUND('',#1031,.F.);
#1031 = EDGE_LOOP('',(#1032,#1033));
#1032 = ORIENTED_EDGE('',*,*,#1018,.F.);
#1033 = ORIENTED_EDGE('',*,*,#1034,.F.);
#1034 = EDGE_CURVE('',#1011,#1002,#1035,.T.);
#1035 = CIRCLE('',#1036,0.7874);
#1036 = AXIS2_PLACEMENT_3D('',#1037,#1038,#1039);
#1037 = CARTESIAN_POINT('',(-0.6858,-4.5593,-19.558));
#1038 = DIRECTION('',(0.,0.,1.));
#1039 = DIRECTION('',(0.,-1.,0.));
#1040 = FACE_BOUND('',#1041,.F.);
#1041 = EDGE_LOOP('',(#1042,#1053));
#1042 = ORIENTED_EDGE('',*,*,#1043,.T.);
#1043 = EDGE_CURVE('',#1044,#1046,#1048,.T.);
#1044 = VERTEX_POINT('',#1045);
#1045 = CARTESIAN_POINT('',(-0.6858,-3.77571,-19.558));
#1046 = VERTEX_POINT('',#1047);
#1047 = CARTESIAN_POINT('',(-0.6858,-5.34289,-19.558));
#1048 = CIRCLE('',#1049,0.78359);
#1049 = AXIS2_PLACEMENT_3D('',#1050,#1051,#1052);
#1050 = CARTESIAN_POINT('',(-0.6858,-4.5593,-19.558));
#1051 = DIRECTION('',(0.,-0.,1.));
#1052 = DIRECTION('',(0.,1.,0.));
#1053 = ORIENTED_EDGE('',*,*,#1054,.T.);
#1054 = EDGE_CURVE('',#1046,#1044,#1055,.T.);
#1055 = CIRCLE('',#1056,0.78359);
#1056 = AXIS2_PLACEMENT_3D('',#1057,#1058,#1059);
#1057 = CARTESIAN_POINT('',(-0.6858,-4.5593,-19.558));
#1058 = DIRECTION('',(0.,0.,1.));
#1059 = DIRECTION('',(0.,-1.,0.));
#1060 = PLANE('',#1061);
#1061 = AXIS2_PLACEMENT_3D('',#1062,#1063,#1064);
#1062 = CARTESIAN_POINT('',(0.,0.,-19.558));
#1063 = DIRECTION('',(0.,0.,1.));
#1064 = DIRECTION('',(0.,-1.,0.));
#1065 = ADVANCED_FACE('',(#1066,#1086),#1106,.T.);
#1066 = FACE_BOUND('',#1067,.F.);
#1067 = EDGE_LOOP('',(#1068,#1079));
#1068 = ORIENTED_EDGE('',*,*,#1069,.F.);
#1069 = EDGE_CURVE('',#1070,#1072,#1074,.T.);
#1070 = VERTEX_POINT('',#1071);
#1071 = CARTESIAN_POINT('',(3.7592,-3.7719,-19.558));
#1072 = VERTEX_POINT('',#1073);
#1073 = CARTESIAN_POINT('',(3.7592,-5.3467,-19.558));
#1074 = CIRCLE('',#1075,0.7874);
#1075 = AXIS2_PLACEMENT_3D('',#1076,#1077,#1078);
#1076 = CARTESIAN_POINT('',(3.7592,-4.5593,-19.558));
#1077 = DIRECTION('',(0.,-0.,1.));
#1078 = DIRECTION('',(0.,1.,0.));
#1079 = ORIENTED_EDGE('',*,*,#1080,.F.);
#1080 = EDGE_CURVE('',#1072,#1070,#1081,.T.);
#1081 = CIRCLE('',#1082,0.7874);
#1082 = AXIS2_PLACEMENT_3D('',#1083,#1084,#1085);
#1083 = CARTESIAN_POINT('',(3.7592,-4.5593,-19.558));
#1084 = DIRECTION('',(0.,0.,1.));
#1085 = DIRECTION('',(0.,-1.,0.));
#1086 = FACE_BOUND('',#1087,.F.);
#1087 = EDGE_LOOP('',(#1088,#1099));
#1088 = ORIENTED_EDGE('',*,*,#1089,.T.);
#1089 = EDGE_CURVE('',#1090,#1092,#1094,.T.);
#1090 = VERTEX_POINT('',#1091);
#1091 = CARTESIAN_POINT('',(3.7592,-3.77571,-19.558));
#1092 = VERTEX_POINT('',#1093);
#1093 = CARTESIAN_POINT('',(3.7592,-5.34289,-19.558));
#1094 = CIRCLE('',#1095,0.78359);
#1095 = AXIS2_PLACEMENT_3D('',#1096,#1097,#1098);
#1096 = CARTESIAN_POINT('',(3.7592,-4.5593,-19.558));
#1097 = DIRECTION('',(0.,-0.,1.));
#1098 = DIRECTION('',(0.,1.,0.));
#1099 = ORIENTED_EDGE('',*,*,#1100,.T.);
#1100 = EDGE_CURVE('',#1092,#1090,#1101,.T.);
#1101 = CIRCLE('',#1102,0.78359);
#1102 = AXIS2_PLACEMENT_3D('',#1103,#1104,#1105);
#1103 = CARTESIAN_POINT('',(3.7592,-4.5593,-19.558));
#1104 = DIRECTION('',(0.,0.,1.));
#1105 = DIRECTION('',(0.,-1.,0.));
#1106 = PLANE('',#1107);
#1107 = AXIS2_PLACEMENT_3D('',#1108,#1109,#1110);
#1108 = CARTESIAN_POINT('',(0.,0.,-19.558));
#1109 = DIRECTION('',(0.,0.,1.));
#1110 = DIRECTION('',(0.,-1.,0.));
#1111 = ADVANCED_FACE('',(#1112,#1132),#1152,.T.);
#1112 = FACE_BOUND('',#1113,.F.);
#1113 = EDGE_LOOP('',(#1114,#1125));
#1114 = ORIENTED_EDGE('',*,*,#1115,.F.);
#1115 = EDGE_CURVE('',#1116,#1118,#1120,.T.);
#1116 = VERTEX_POINT('',#1117);
#1117 = CARTESIAN_POINT('',(3.7592,5.3467,-19.558));
#1118 = VERTEX_POINT('',#1119);
#1119 = CARTESIAN_POINT('',(3.7592,3.7719,-19.558));
#1120 = CIRCLE('',#1121,0.7874);
#1121 = AXIS2_PLACEMENT_3D('',#1122,#1123,#1124);
#1122 = CARTESIAN_POINT('',(3.7592,4.5593,-19.558));
#1123 = DIRECTION('',(0.,-0.,1.));
#1124 = DIRECTION('',(0.,1.,0.));
#1125 = ORIENTED_EDGE('',*,*,#1126,.F.);
#1126 = EDGE_CURVE('',#1118,#1116,#1127,.T.);
#1127 = CIRCLE('',#1128,0.7874);
#1128 = AXIS2_PLACEMENT_3D('',#1129,#1130,#1131);
#1129 = CARTESIAN_POINT('',(3.7592,4.5593,-19.558));
#1130 = DIRECTION('',(0.,0.,1.));
#1131 = DIRECTION('',(0.,-1.,0.));
#1132 = FACE_BOUND('',#1133,.F.);
#1133 = EDGE_LOOP('',(#1134,#1145));
#1134 = ORIENTED_EDGE('',*,*,#1135,.T.);
#1135 = EDGE_CURVE('',#1136,#1138,#1140,.T.);
#1136 = VERTEX_POINT('',#1137);
#1137 = CARTESIAN_POINT('',(3.7592,5.34289,-19.558));
#1138 = VERTEX_POINT('',#1139);
#1139 = CARTESIAN_POINT('',(3.7592,3.77571,-19.558));
#1140 = CIRCLE('',#1141,0.78359);
#1141 = AXIS2_PLACEMENT_3D('',#1142,#1143,#1144);
#1142 = CARTESIAN_POINT('',(3.7592,4.5593,-19.558));
#1143 = DIRECTION('',(0.,-0.,1.));
#1144 = DIRECTION('',(0.,1.,0.));
#1145 = ORIENTED_EDGE('',*,*,#1146,.T.);
#1146 = EDGE_CURVE('',#1138,#1136,#1147,.T.);
#1147 = CIRCLE('',#1148,0.78359);
#1148 = AXIS2_PLACEMENT_3D('',#1149,#1150,#1151);
#1149 = CARTESIAN_POINT('',(3.7592,4.5593,-19.558));
#1150 = DIRECTION('',(0.,0.,1.));
#1151 = DIRECTION('',(0.,-1.,0.));
#1152 = PLANE('',#1153);
#1153 = AXIS2_PLACEMENT_3D('',#1154,#1155,#1156);
#1154 = CARTESIAN_POINT('',(0.,0.,-19.558));
#1155 = DIRECTION('',(0.,0.,1.));
#1156 = DIRECTION('',(0.,-1.,0.));
#1157 = ADVANCED_FACE('',(#1158,#1178),#1198,.T.);
#1158 = FACE_BOUND('',#1159,.F.);
#1159 = EDGE_LOOP('',(#1160,#1171));
#1160 = ORIENTED_EDGE('',*,*,#1161,.F.);
#1161 = EDGE_CURVE('',#1162,#1164,#1166,.T.);
#1162 = VERTEX_POINT('',#1163);
#1163 = CARTESIAN_POINT('',(-0.6858,5.3467,-19.558));
#1164 = VERTEX_POINT('',#1165);
#1165 = CARTESIAN_POINT('',(-0.6858,3.7719,-19.558));
#1166 = CIRCLE('',#1167,0.7874);
#1167 = AXIS2_PLACEMENT_3D('',#1168,#1169,#1170);
#1168 = CARTESIAN_POINT('',(-0.6858,4.5593,-19.558));
#1169 = DIRECTION('',(0.,-0.,1.));
#1170 = DIRECTION('',(0.,1.,0.));
#1171 = ORIENTED_EDGE('',*,*,#1172,.F.);
#1172 = EDGE_CURVE('',#1164,#1162,#1173,.T.);
#1173 = CIRCLE('',#1174,0.7874);
#1174 = AXIS2_PLACEMENT_3D('',#1175,#1176,#1177);
#1175 = CARTESIAN_POINT('',(-0.6858,4.5593,-19.558));
#1176 = DIRECTION('',(0.,0.,1.));
#1177 = DIRECTION('',(0.,-1.,0.));
#1178 = FACE_BOUND('',#1179,.F.);
#1179 = EDGE_LOOP('',(#1180,#1191));
#1180 = ORIENTED_EDGE('',*,*,#1181,.T.);
#1181 = EDGE_CURVE('',#1182,#1184,#1186,.T.);
#1182 = VERTEX_POINT('',#1183);
#1183 = CARTESIAN_POINT('',(-0.6858,5.34289,-19.558));
#1184 = VERTEX_POINT('',#1185);
#1185 = CARTESIAN_POINT('',(-0.6858,3.77571,-19.558));
#1186 = CIRCLE('',#1187,0.78359);
#1187 = AXIS2_PLACEMENT_3D('',#1188,#1189,#1190);
#1188 = CARTESIAN_POINT('',(-0.6858,4.5593,-19.558));
#1189 = DIRECTION('',(0.,-0.,1.));
#1190 = DIRECTION('',(0.,1.,0.));
#1191 = ORIENTED_EDGE('',*,*,#1192,.T.);
#1192 = EDGE_CURVE('',#1184,#1182,#1193,.T.);
#1193 = CIRCLE('',#1194,0.78359);
#1194 = AXIS2_PLACEMENT_3D('',#1195,#1196,#1197);
#1195 = CARTESIAN_POINT('',(-0.6858,4.5593,-19.558));
#1196 = DIRECTION('',(0.,0.,1.));
#1197 = DIRECTION('',(0.,-1.,0.));
#1198 = PLANE('',#1199);
#1199 = AXIS2_PLACEMENT_3D('',#1200,#1201,#1202);
#1200 = CARTESIAN_POINT('',(0.,0.,-19.558));
#1201 = DIRECTION('',(0.,0.,1.));
#1202 = DIRECTION('',(0.,-1.,0.));
#1203 = ADVANCED_FACE('',(#1204),#1210,.T.);
#1204 = FACE_BOUND('',#1205,.T.);
#1205 = EDGE_LOOP('',(#1206,#1207,#1208,#1209));
#1206 = ORIENTED_EDGE('',*,*,#1010,.T.);
#1207 = ORIENTED_EDGE('',*,*,#746,.T.);
#1208 = ORIENTED_EDGE('',*,*,#1001,.F.);
#1209 = ORIENTED_EDGE('',*,*,#1034,.F.);
#1210 = CONICAL_SURFACE('',#1211,0.9144,0.785398163397);
#1211 = AXIS2_PLACEMENT_3D('',#1212,#1213,#1214);
#1212 = CARTESIAN_POINT('',(-0.6858,-4.5593,-19.685));
#1213 = DIRECTION('',(0.,0.,-1.));
#1214 = DIRECTION('',(0.,-1.,0.));
#1215 = ADVANCED_FACE('',(#1216),#1232,.T.);
#1216 = FACE_BOUND('',#1217,.T.);
#1217 = EDGE_LOOP('',(#1218,#1224,#1225,#1231));
#1218 = ORIENTED_EDGE('',*,*,#1219,.T.);
#1219 = EDGE_CURVE('',#1070,#756,#1220,.T.);
#1220 = LINE('',#1221,#1222);
#1221 = CARTESIAN_POINT('',(3.7592,-3.7719,-19.558));
#1222 = VECTOR('',#1223,1.);
#1223 = DIRECTION('',(-3.684153958172E-13,0.707106781186,-0.707106781187
    ));
#1224 = ORIENTED_EDGE('',*,*,#755,.T.);
#1225 = ORIENTED_EDGE('',*,*,#1226,.F.);
#1226 = EDGE_CURVE('',#1072,#758,#1227,.T.);
#1227 = LINE('',#1228,#1229);
#1228 = CARTESIAN_POINT('',(3.7592,-5.3467,-19.558));
#1229 = VECTOR('',#1230,1.);
#1230 = DIRECTION('',(3.696516890918E-13,-0.707106781186,-0.707106781187
    ));
#1231 = ORIENTED_EDGE('',*,*,#1069,.F.);
#1232 = CONICAL_SURFACE('',#1233,0.9144,0.785398163397);
#1233 = AXIS2_PLACEMENT_3D('',#1234,#1235,#1236);
#1234 = CARTESIAN_POINT('',(3.7592,-4.5593,-19.685));
#1235 = DIRECTION('',(0.,0.,-1.));
#1236 = DIRECTION('',(0.,-1.,0.));
#1237 = ADVANCED_FACE('',(#1238),#1244,.T.);
#1238 = FACE_BOUND('',#1239,.T.);
#1239 = EDGE_LOOP('',(#1240,#1241,#1242,#1243));
#1240 = ORIENTED_EDGE('',*,*,#1226,.T.);
#1241 = ORIENTED_EDGE('',*,*,#766,.T.);
#1242 = ORIENTED_EDGE('',*,*,#1219,.F.);
#1243 = ORIENTED_EDGE('',*,*,#1080,.F.);
#1244 = CONICAL_SURFACE('',#1245,0.9144,0.785398163397);
#1245 = AXIS2_PLACEMENT_3D('',#1246,#1247,#1248);
#1246 = CARTESIAN_POINT('',(3.7592,-4.5593,-19.685));
#1247 = DIRECTION('',(0.,0.,-1.));
#1248 = DIRECTION('',(0.,-1.,0.));
#1249 = ADVANCED_FACE('',(#1250),#1266,.T.);
#1250 = FACE_BOUND('',#1251,.T.);
#1251 = EDGE_LOOP('',(#1252,#1258,#1259,#1265));
#1252 = ORIENTED_EDGE('',*,*,#1253,.T.);
#1253 = EDGE_CURVE('',#1116,#776,#1254,.T.);
#1254 = LINE('',#1255,#1256);
#1255 = CARTESIAN_POINT('',(3.7592,5.3467,-19.558));
#1256 = VECTOR('',#1257,1.);
#1257 = DIRECTION('',(-3.696516890918E-13,0.707106781186,-0.707106781187
    ));
#1258 = ORIENTED_EDGE('',*,*,#775,.T.);
#1259 = ORIENTED_EDGE('',*,*,#1260,.F.);
#1260 = EDGE_CURVE('',#1118,#778,#1261,.T.);
#1261 = LINE('',#1262,#1263);
#1262 = CARTESIAN_POINT('',(3.7592,3.7719,-19.558));
#1263 = VECTOR('',#1264,1.);
#1264 = DIRECTION('',(3.671791025427E-13,-0.707106781186,-0.707106781187
    ));
#1265 = ORIENTED_EDGE('',*,*,#1115,.F.);
#1266 = CONICAL_SURFACE('',#1267,0.9144,0.785398163397);
#1267 = AXIS2_PLACEMENT_3D('',#1268,#1269,#1270);
#1268 = CARTESIAN_POINT('',(3.7592,4.5593,-19.685));
#1269 = DIRECTION('',(0.,0.,-1.));
#1270 = DIRECTION('',(0.,-1.,0.));
#1271 = ADVANCED_FACE('',(#1272),#1278,.T.);
#1272 = FACE_BOUND('',#1273,.T.);
#1273 = EDGE_LOOP('',(#1274,#1275,#1276,#1277));
#1274 = ORIENTED_EDGE('',*,*,#1260,.T.);
#1275 = ORIENTED_EDGE('',*,*,#786,.T.);
#1276 = ORIENTED_EDGE('',*,*,#1253,.F.);
#1277 = ORIENTED_EDGE('',*,*,#1126,.F.);
#1278 = CONICAL_SURFACE('',#1279,0.9144,0.785398163397);
#1279 = AXIS2_PLACEMENT_3D('',#1280,#1281,#1282);
#1280 = CARTESIAN_POINT('',(3.7592,4.5593,-19.685));
#1281 = DIRECTION('',(0.,0.,-1.));
#1282 = DIRECTION('',(0.,-1.,0.));
#1283 = ADVANCED_FACE('',(#1284),#1300,.T.);
#1284 = FACE_BOUND('',#1285,.T.);
#1285 = EDGE_LOOP('',(#1286,#1292,#1293,#1299));
#1286 = ORIENTED_EDGE('',*,*,#1287,.T.);
#1287 = EDGE_CURVE('',#1162,#796,#1288,.T.);
#1288 = LINE('',#1289,#1290);
#1289 = CARTESIAN_POINT('',(-0.6858,5.3467,-19.558));
#1290 = VECTOR('',#1291,1.);
#1291 = DIRECTION('',(-3.684153958172E-13,0.707106781186,-0.707106781187
    ));
#1292 = ORIENTED_EDGE('',*,*,#795,.T.);
#1293 = ORIENTED_EDGE('',*,*,#1294,.F.);
#1294 = EDGE_CURVE('',#1164,#798,#1295,.T.);
#1295 = LINE('',#1296,#1297);
#1296 = CARTESIAN_POINT('',(-0.6858,3.7719,-19.558));
#1297 = VECTOR('',#1298,1.);
#1298 = DIRECTION('',(3.684153958172E-13,-0.707106781186,-0.707106781187
    ));
#1299 = ORIENTED_EDGE('',*,*,#1161,.F.);
#1300 = CONICAL_SURFACE('',#1301,0.9144,0.785398163397);
#1301 = AXIS2_PLACEMENT_3D('',#1302,#1303,#1304);
#1302 = CARTESIAN_POINT('',(-0.6858,4.5593,-19.685));
#1303 = DIRECTION('',(0.,0.,-1.));
#1304 = DIRECTION('',(0.,-1.,0.));
#1305 = ADVANCED_FACE('',(#1306),#1312,.T.);
#1306 = FACE_BOUND('',#1307,.T.);
#1307 = EDGE_LOOP('',(#1308,#1309,#1310,#1311));
#1308 = ORIENTED_EDGE('',*,*,#1294,.T.);
#1309 = ORIENTED_EDGE('',*,*,#806,.T.);
#1310 = ORIENTED_EDGE('',*,*,#1287,.F.);
#1311 = ORIENTED_EDGE('',*,*,#1172,.F.);
#1312 = CONICAL_SURFACE('',#1313,0.9144,0.785398163397);
#1313 = AXIS2_PLACEMENT_3D('',#1314,#1315,#1316);
#1314 = CARTESIAN_POINT('',(-0.6858,4.5593,-19.685));
#1315 = DIRECTION('',(0.,0.,-1.));
#1316 = DIRECTION('',(0.,-1.,0.));
#1317 = ADVANCED_FACE('',(#1318),#1344,.T.);
#1318 = FACE_BOUND('',#1319,.T.);
#1319 = EDGE_LOOP('',(#1320,#1321,#1329,#1338));
#1320 = ORIENTED_EDGE('',*,*,#1181,.T.);
#1321 = ORIENTED_EDGE('',*,*,#1322,.T.);
#1322 = EDGE_CURVE('',#1184,#1323,#1325,.T.);
#1323 = VERTEX_POINT('',#1324);
#1324 = CARTESIAN_POINT('',(-0.6858,3.77571,-13.462));
#1325 = LINE('',#1326,#1327);
#1326 = CARTESIAN_POINT('',(-0.6858,3.77571,-19.558));
#1327 = VECTOR('',#1328,1.);
#1328 = DIRECTION('',(0.,0.,1.));
#1329 = ORIENTED_EDGE('',*,*,#1330,.F.);
#1330 = EDGE_CURVE('',#1331,#1323,#1333,.T.);
#1331 = VERTEX_POINT('',#1332);
#1332 = CARTESIAN_POINT('',(-0.6858,5.34289,-13.462));
#1333 = CIRCLE('',#1334,0.78359);
#1334 = AXIS2_PLACEMENT_3D('',#1335,#1336,#1337);
#1335 = CARTESIAN_POINT('',(-0.6858,4.5593,-13.462));
#1336 = DIRECTION('',(0.,-0.,1.));
#1337 = DIRECTION('',(0.,1.,0.));
#1338 = ORIENTED_EDGE('',*,*,#1339,.F.);
#1339 = EDGE_CURVE('',#1182,#1331,#1340,.T.);
#1340 = LINE('',#1341,#1342);
#1341 = CARTESIAN_POINT('',(-0.6858,5.34289,-19.558));
#1342 = VECTOR('',#1343,1.);
#1343 = DIRECTION('',(0.,0.,1.));
#1344 = CYLINDRICAL_SURFACE('',#1345,0.78359);
#1345 = AXIS2_PLACEMENT_3D('',#1346,#1347,#1348);
#1346 = CARTESIAN_POINT('',(-0.6858,4.5593,-34.45129));
#1347 = DIRECTION('',(0.,0.,1.));
#1348 = DIRECTION('',(0.,1.,0.));
#1349 = ADVANCED_FACE('',(#1350),#1362,.T.);
#1350 = FACE_BOUND('',#1351,.T.);
#1351 = EDGE_LOOP('',(#1352,#1359,#1360,#1361));
#1352 = ORIENTED_EDGE('',*,*,#1353,.T.);
#1353 = EDGE_CURVE('',#1331,#1323,#1354,.T.);
#1354 = CIRCLE('',#1355,0.78359);
#1355 = AXIS2_PLACEMENT_3D('',#1356,#1357,#1358);
#1356 = CARTESIAN_POINT('',(-0.6858,4.5593,-13.462));
#1357 = DIRECTION('',(0.,0.,-1.));
#1358 = DIRECTION('',(0.,1.,0.));
#1359 = ORIENTED_EDGE('',*,*,#1322,.F.);
#1360 = ORIENTED_EDGE('',*,*,#1192,.T.);
#1361 = ORIENTED_EDGE('',*,*,#1339,.T.);
#1362 = CYLINDRICAL_SURFACE('',#1363,0.78359);
#1363 = AXIS2_PLACEMENT_3D('',#1364,#1365,#1366);
#1364 = CARTESIAN_POINT('',(-0.6858,4.5593,-34.45129));
#1365 = DIRECTION('',(0.,0.,1.));
#1366 = DIRECTION('',(0.,1.,0.));
#1367 = ADVANCED_FACE('',(#1368),#1372,.T.);
#1368 = FACE_BOUND('',#1369,.F.);
#1369 = EDGE_LOOP('',(#1370,#1371));
#1370 = ORIENTED_EDGE('',*,*,#1353,.T.);
#1371 = ORIENTED_EDGE('',*,*,#1330,.F.);
#1372 = PLANE('',#1373);
#1373 = AXIS2_PLACEMENT_3D('',#1374,#1375,#1376);
#1374 = CARTESIAN_POINT('',(-0.6858,4.5593,-13.462));
#1375 = DIRECTION('',(0.,0.,1.));
#1376 = DIRECTION('',(0.,1.,0.));
#1377 = ADVANCED_FACE('',(#1378),#1404,.T.);
#1378 = FACE_BOUND('',#1379,.T.);
#1379 = EDGE_LOOP('',(#1380,#1381,#1389,#1398));
#1380 = ORIENTED_EDGE('',*,*,#1135,.T.);
#1381 = ORIENTED_EDGE('',*,*,#1382,.T.);
#1382 = EDGE_CURVE('',#1138,#1383,#1385,.T.);
#1383 = VERTEX_POINT('',#1384);
#1384 = CARTESIAN_POINT('',(3.7592,3.77571,-13.462));
#1385 = LINE('',#1386,#1387);
#1386 = CARTESIAN_POINT('',(3.7592,3.77571,-19.558));
#1387 = VECTOR('',#1388,1.);
#1388 = DIRECTION('',(0.,0.,1.));
#1389 = ORIENTED_EDGE('',*,*,#1390,.F.);
#1390 = EDGE_CURVE('',#1391,#1383,#1393,.T.);
#1391 = VERTEX_POINT('',#1392);
#1392 = CARTESIAN_POINT('',(3.7592,5.34289,-13.462));
#1393 = CIRCLE('',#1394,0.78359);
#1394 = AXIS2_PLACEMENT_3D('',#1395,#1396,#1397);
#1395 = CARTESIAN_POINT('',(3.7592,4.5593,-13.462));
#1396 = DIRECTION('',(0.,-0.,1.));
#1397 = DIRECTION('',(0.,1.,0.));
#1398 = ORIENTED_EDGE('',*,*,#1399,.F.);
#1399 = EDGE_CURVE('',#1136,#1391,#1400,.T.);
#1400 = LINE('',#1401,#1402);
#1401 = CARTESIAN_POINT('',(3.7592,5.34289,-19.558));
#1402 = VECTOR('',#1403,1.);
#1403 = DIRECTION('',(0.,0.,1.));
#1404 = CYLINDRICAL_SURFACE('',#1405,0.78359);
#1405 = AXIS2_PLACEMENT_3D('',#1406,#1407,#1408);
#1406 = CARTESIAN_POINT('',(3.7592,4.5593,-34.45129));
#1407 = DIRECTION('',(0.,0.,1.));
#1408 = DIRECTION('',(0.,1.,0.));
#1409 = ADVANCED_FACE('',(#1410),#1422,.T.);
#1410 = FACE_BOUND('',#1411,.T.);
#1411 = EDGE_LOOP('',(#1412,#1419,#1420,#1421));
#1412 = ORIENTED_EDGE('',*,*,#1413,.T.);
#1413 = EDGE_CURVE('',#1391,#1383,#1414,.T.);
#1414 = CIRCLE('',#1415,0.78359);
#1415 = AXIS2_PLACEMENT_3D('',#1416,#1417,#1418);
#1416 = CARTESIAN_POINT('',(3.7592,4.5593,-13.462));
#1417 = DIRECTION('',(0.,0.,-1.));
#1418 = DIRECTION('',(0.,1.,0.));
#1419 = ORIENTED_EDGE('',*,*,#1382,.F.);
#1420 = ORIENTED_EDGE('',*,*,#1146,.T.);
#1421 = ORIENTED_EDGE('',*,*,#1399,.T.);
#1422 = CYLINDRICAL_SURFACE('',#1423,0.78359);
#1423 = AXIS2_PLACEMENT_3D('',#1424,#1425,#1426);
#1424 = CARTESIAN_POINT('',(3.7592,4.5593,-34.45129));
#1425 = DIRECTION('',(0.,0.,1.));
#1426 = DIRECTION('',(0.,1.,0.));
#1427 = ADVANCED_FACE('',(#1428),#1432,.T.);
#1428 = FACE_BOUND('',#1429,.F.);
#1429 = EDGE_LOOP('',(#1430,#1431));
#1430 = ORIENTED_EDGE('',*,*,#1413,.T.);
#1431 = ORIENTED_EDGE('',*,*,#1390,.F.);
#1432 = PLANE('',#1433);
#1433 = AXIS2_PLACEMENT_3D('',#1434,#1435,#1436);
#1434 = CARTESIAN_POINT('',(3.7592,4.5593,-13.462));
#1435 = DIRECTION('',(0.,0.,1.));
#1436 = DIRECTION('',(0.,1.,0.));
#1437 = ADVANCED_FACE('',(#1438),#1464,.T.);
#1438 = FACE_BOUND('',#1439,.T.);
#1439 = EDGE_LOOP('',(#1440,#1441,#1449,#1458));
#1440 = ORIENTED_EDGE('',*,*,#1043,.T.);
#1441 = ORIENTED_EDGE('',*,*,#1442,.T.);
#1442 = EDGE_CURVE('',#1046,#1443,#1445,.T.);
#1443 = VERTEX_POINT('',#1444);
#1444 = CARTESIAN_POINT('',(-0.6858,-5.34289,-13.462));
#1445 = LINE('',#1446,#1447);
#1446 = CARTESIAN_POINT('',(-0.6858,-5.34289,-19.558));
#1447 = VECTOR('',#1448,1.);
#1448 = DIRECTION('',(0.,0.,1.));
#1449 = ORIENTED_EDGE('',*,*,#1450,.F.);
#1450 = EDGE_CURVE('',#1451,#1443,#1453,.T.);
#1451 = VERTEX_POINT('',#1452);
#1452 = CARTESIAN_POINT('',(-0.6858,-3.77571,-13.462));
#1453 = CIRCLE('',#1454,0.78359);
#1454 = AXIS2_PLACEMENT_3D('',#1455,#1456,#1457);
#1455 = CARTESIAN_POINT('',(-0.6858,-4.5593,-13.462));
#1456 = DIRECTION('',(0.,-0.,1.));
#1457 = DIRECTION('',(0.,1.,0.));
#1458 = ORIENTED_EDGE('',*,*,#1459,.F.);
#1459 = EDGE_CURVE('',#1044,#1451,#1460,.T.);
#1460 = LINE('',#1461,#1462);
#1461 = CARTESIAN_POINT('',(-0.6858,-3.77571,-19.558));
#1462 = VECTOR('',#1463,1.);
#1463 = DIRECTION('',(0.,0.,1.));
#1464 = CYLINDRICAL_SURFACE('',#1465,0.78359);
#1465 = AXIS2_PLACEMENT_3D('',#1466,#1467,#1468);
#1466 = CARTESIAN_POINT('',(-0.6858,-4.5593,-34.45129));
#1467 = DIRECTION('',(0.,0.,1.));
#1468 = DIRECTION('',(0.,1.,0.));
#1469 = ADVANCED_FACE('',(#1470),#1482,.T.);
#1470 = FACE_BOUND('',#1471,.T.);
#1471 = EDGE_LOOP('',(#1472,#1479,#1480,#1481));
#1472 = ORIENTED_EDGE('',*,*,#1473,.T.);
#1473 = EDGE_CURVE('',#1451,#1443,#1474,.T.);
#1474 = CIRCLE('',#1475,0.78359);
#1475 = AXIS2_PLACEMENT_3D('',#1476,#1477,#1478);
#1476 = CARTESIAN_POINT('',(-0.6858,-4.5593,-13.462));
#1477 = DIRECTION('',(0.,0.,-1.));
#1478 = DIRECTION('',(0.,1.,0.));
#1479 = ORIENTED_EDGE('',*,*,#1442,.F.);
#1480 = ORIENTED_EDGE('',*,*,#1054,.T.);
#1481 = ORIENTED_EDGE('',*,*,#1459,.T.);
#1482 = CYLINDRICAL_SURFACE('',#1483,0.78359);
#1483 = AXIS2_PLACEMENT_3D('',#1484,#1485,#1486);
#1484 = CARTESIAN_POINT('',(-0.6858,-4.5593,-34.45129));
#1485 = DIRECTION('',(0.,0.,1.));
#1486 = DIRECTION('',(0.,1.,0.));
#1487 = ADVANCED_FACE('',(#1488),#1492,.T.);
#1488 = FACE_BOUND('',#1489,.F.);
#1489 = EDGE_LOOP('',(#1490,#1491));
#1490 = ORIENTED_EDGE('',*,*,#1473,.T.);
#1491 = ORIENTED_EDGE('',*,*,#1450,.F.);
#1492 = PLANE('',#1493);
#1493 = AXIS2_PLACEMENT_3D('',#1494,#1495,#1496);
#1494 = CARTESIAN_POINT('',(-0.6858,-4.5593,-13.462));
#1495 = DIRECTION('',(0.,0.,1.));
#1496 = DIRECTION('',(0.,1.,0.));
#1497 = ADVANCED_FACE('',(#1498),#1524,.T.);
#1498 = FACE_BOUND('',#1499,.T.);
#1499 = EDGE_LOOP('',(#1500,#1501,#1509,#1518));
#1500 = ORIENTED_EDGE('',*,*,#1089,.T.);
#1501 = ORIENTED_EDGE('',*,*,#1502,.T.);
#1502 = EDGE_CURVE('',#1092,#1503,#1505,.T.);
#1503 = VERTEX_POINT('',#1504);
#1504 = CARTESIAN_POINT('',(3.7592,-5.34289,-13.462));
#1505 = LINE('',#1506,#1507);
#1506 = CARTESIAN_POINT('',(3.7592,-5.34289,-19.558));
#1507 = VECTOR('',#1508,1.);
#1508 = DIRECTION('',(0.,0.,1.));
#1509 = ORIENTED_EDGE('',*,*,#1510,.F.);
#1510 = EDGE_CURVE('',#1511,#1503,#1513,.T.);
#1511 = VERTEX_POINT('',#1512);
#1512 = CARTESIAN_POINT('',(3.7592,-3.77571,-13.462));
#1513 = CIRCLE('',#1514,0.78359);
#1514 = AXIS2_PLACEMENT_3D('',#1515,#1516,#1517);
#1515 = CARTESIAN_POINT('',(3.7592,-4.5593,-13.462));
#1516 = DIRECTION('',(0.,-0.,1.));
#1517 = DIRECTION('',(0.,1.,0.));
#1518 = ORIENTED_EDGE('',*,*,#1519,.F.);
#1519 = EDGE_CURVE('',#1090,#1511,#1520,.T.);
#1520 = LINE('',#1521,#1522);
#1521 = CARTESIAN_POINT('',(3.7592,-3.77571,-19.558));
#1522 = VECTOR('',#1523,1.);
#1523 = DIRECTION('',(0.,0.,1.));
#1524 = CYLINDRICAL_SURFACE('',#1525,0.78359);
#1525 = AXIS2_PLACEMENT_3D('',#1526,#1527,#1528);
#1526 = CARTESIAN_POINT('',(3.7592,-4.5593,-34.45129));
#1527 = DIRECTION('',(0.,0.,1.));
#1528 = DIRECTION('',(0.,1.,0.));
#1529 = ADVANCED_FACE('',(#1530),#1542,.T.);
#1530 = FACE_BOUND('',#1531,.T.);
#1531 = EDGE_LOOP('',(#1532,#1539,#1540,#1541));
#1532 = ORIENTED_EDGE('',*,*,#1533,.T.);
#1533 = EDGE_CURVE('',#1511,#1503,#1534,.T.);
#1534 = CIRCLE('',#1535,0.78359);
#1535 = AXIS2_PLACEMENT_3D('',#1536,#1537,#1538);
#1536 = CARTESIAN_POINT('',(3.7592,-4.5593,-13.462));
#1537 = DIRECTION('',(0.,0.,-1.));
#1538 = DIRECTION('',(0.,1.,0.));
#1539 = ORIENTED_EDGE('',*,*,#1502,.F.);
#1540 = ORIENTED_EDGE('',*,*,#1100,.T.);
#1541 = ORIENTED_EDGE('',*,*,#1519,.T.);
#1542 = CYLINDRICAL_SURFACE('',#1543,0.78359);
#1543 = AXIS2_PLACEMENT_3D('',#1544,#1545,#1546);
#1544 = CARTESIAN_POINT('',(3.7592,-4.5593,-34.45129));
#1545 = DIRECTION('',(0.,0.,1.));
#1546 = DIRECTION('',(0.,1.,0.));
#1547 = ADVANCED_FACE('',(#1548),#1552,.T.);
#1548 = FACE_BOUND('',#1549,.F.);
#1549 = EDGE_LOOP('',(#1550,#1551));
#1550 = ORIENTED_EDGE('',*,*,#1533,.T.);
#1551 = ORIENTED_EDGE('',*,*,#1510,.F.);
#1552 = PLANE('',#1553);
#1553 = AXIS2_PLACEMENT_3D('',#1554,#1555,#1556);
#1554 = CARTESIAN_POINT('',(3.7592,-4.5593,-13.462));
#1555 = DIRECTION('',(0.,0.,1.));
#1556 = DIRECTION('',(0.,1.,0.));
#1557 = ADVANCED_FACE('',(#1558),#1577,.F.);
#1558 = FACE_BOUND('',#1559,.F.);
#1559 = EDGE_LOOP('',(#1560,#1561,#1562,#1570));
#1560 = ORIENTED_EDGE('',*,*,#675,.F.);
#1561 = ORIENTED_EDGE('',*,*,#660,.T.);
#1562 = ORIENTED_EDGE('',*,*,#1563,.T.);
#1563 = EDGE_CURVE('',#612,#1564,#1566,.T.);
#1564 = VERTEX_POINT('',#1565);
#1565 = CARTESIAN_POINT('',(-5.5118,4.826,-19.6088));
#1566 = LINE('',#1567,#1568);
#1567 = CARTESIAN_POINT('',(-5.5118,-4.826,-19.6088));
#1568 = VECTOR('',#1569,1.);
#1569 = DIRECTION('',(0.,1.,0.));
#1570 = ORIENTED_EDGE('',*,*,#1571,.F.);
#1571 = EDGE_CURVE('',#676,#1564,#1572,.T.);
#1572 = CIRCLE('',#1573,0.2032);
#1573 = AXIS2_PLACEMENT_3D('',#1574,#1575,#1576);
#1574 = CARTESIAN_POINT('',(-5.3086,4.826,-19.6088));
#1575 = DIRECTION('',(0.,1.,0.));
#1576 = DIRECTION('',(0.,0.,-1.));
#1577 = CYLINDRICAL_SURFACE('',#1578,0.2032);
#1578 = AXIS2_PLACEMENT_3D('',#1579,#1580,#1581);
#1579 = CARTESIAN_POINT('',(-5.3086,-4.839169666103,-19.6088));
#1580 = DIRECTION('',(0.,1.,0.));
#1581 = DIRECTION('',(0.,0.,-1.));
#1582 = ADVANCED_FACE('',(#1583),#1725,.F.);
#1583 = FACE_BOUND('',#1584,.F.);
#1584 = EDGE_LOOP('',(#1585,#1595,#1649,#1657,#1663,#1664,#1665,#1673));
#1585 = ORIENTED_EDGE('',*,*,#1586,.T.);
#1586 = EDGE_CURVE('',#1587,#1589,#1591,.T.);
#1587 = VERTEX_POINT('',#1588);
#1588 = CARTESIAN_POINT('',(-5.5118,-4.450585606329,-13.589));
#1589 = VERTEX_POINT('',#1590);
#1590 = CARTESIAN_POINT('',(-5.5118,4.450585606329,-13.589));
#1591 = LINE('',#1592,#1593);
#1592 = CARTESIAN_POINT('',(-5.5118,-4.450585606329,-13.589));
#1593 = VECTOR('',#1594,1.);
#1594 = DIRECTION('',(0.,1.,0.));
#1595 = ORIENTED_EDGE('',*,*,#1596,.T.);
#1596 = EDGE_CURVE('',#1589,#1597,#1599,.T.);
#1597 = VERTEX_POINT('',#1598);
#1598 = CARTESIAN_POINT('',(-5.5118,4.5212,-13.081));
#1599 = B_SPLINE_CURVE_WITH_KNOTS('',3,(#1600,#1601,#1602,#1603,#1604,
    #1605,#1606,#1607,#1608,#1609,#1610,#1611,#1612,#1613,#1614,#1615,
    #1616,#1617,#1618,#1619,#1620,#1621,#1622,#1623,#1624,#1625,#1626,
    #1627,#1628,#1629,#1630,#1631,#1632,#1633,#1634,#1635,#1636,#1637,
    #1638,#1639,#1640,#1641,#1642,#1643,#1644,#1645,#1646,#1647,#1648),
  .UNSPECIFIED.,.F.,.F.,(4,1,1,1,1,1,1,1,1,1,1,1,1,1,1,1,1,1,1,1,1,1,1,1
    ,1,1,1,1,1,1,1,1,1,1,1,1,1,1,1,1,1,1,1,1,1,1,4),(0.,
    2.173913043478E-02,4.347826086957E-02,6.521739130435E-02,
    8.695652173913E-02,0.108695652174,0.130434782609,0.152173913044,
    0.173913043478,0.195652173913,0.217391304348,0.239130434783,
    0.260869565217,0.282608695652,0.304347826087,0.326086956522,
    0.347826086957,0.369565217391,0.391304347826,0.413043478261,
    0.434782608696,0.45652173913,0.478260869565,0.5,0.521739130435,
    0.54347826087,0.565217391304,0.586956521739,0.608695652174,
    0.630434782609,0.652173913044,0.673913043478,0.695652173913,
    0.717391304348,0.739130434783,0.760869565217,0.782608695652,
    0.804347826087,0.826086956522,0.847826086956,0.869565217391,
    0.891304347826,0.913043478261,0.934782608696,0.95652173913,
    0.978260869565,1.),.UNSPECIFIED.);
#1600 = CARTESIAN_POINT('',(-5.5118,4.450585606329,-13.589));
#1601 = CARTESIAN_POINT('',(-5.5118,4.450840960353,-13.58530795681));
#1602 = CARTESIAN_POINT('',(-5.5118,4.451355132131,-13.5779145804));
#1603 = CARTESIAN_POINT('',(-5.5118,4.4521381858,-13.56678195134));
#1604 = CARTESIAN_POINT('',(-5.5118,4.452930280738,-13.55565094173));
#1605 = CARTESIAN_POINT('',(-5.5118,4.453732154378,-13.54451563797));
#1606 = CARTESIAN_POINT('',(-5.5118,4.454543866286,-13.53338009669));
#1607 = CARTESIAN_POINT('',(-5.5118,4.455365763128,-13.52224452271));
#1608 = CARTESIAN_POINT('',(-5.5118,4.45619818003,-13.51110960205));
#1609 = CARTESIAN_POINT('',(-5.5118,4.457041506601,-13.499975589));
#1610 = CARTESIAN_POINT('',(-5.5118,4.457896164296,-13.48884266917));
#1611 = CARTESIAN_POINT('',(-5.5118,4.458762611531,-13.47771092631));
#1612 = CARTESIAN_POINT('',(-5.5118,4.459641343521,-13.46658038896));
#1613 = CARTESIAN_POINT('',(-5.5118,4.46053289494,-13.45545104188));
#1614 = CARTESIAN_POINT('',(-5.5118,4.461437842878,-13.44432283904));
#1615 = CARTESIAN_POINT('',(-5.5118,4.462356810759,-13.43319571071));
#1616 = CARTESIAN_POINT('',(-5.5118,4.463290472685,-13.42206957218));
#1617 = CARTESIAN_POINT('',(-5.5118,4.464239559677,-13.41094431848));
#1618 = CARTESIAN_POINT('',(-5.5118,4.465204864525,-13.39981984568));
#1619 = CARTESIAN_POINT('',(-5.5118,4.466187249917,-13.38869604478));
#1620 = CARTESIAN_POINT('',(-5.5118,4.467187657484,-13.37757280011));
#1621 = CARTESIAN_POINT('',(-5.5118,4.468207117666,-13.36644999542));
#1622 = CARTESIAN_POINT('',(-5.5118,4.469246761655,-13.35532751661));
#1623 = CARTESIAN_POINT('',(-5.5118,4.470307835485,-13.34420525534));
#1624 = CARTESIAN_POINT('',(-5.5118,4.471391716849,-13.33308311244));
#1625 = CARTESIAN_POINT('',(-5.5118,4.472499935274,-13.32196100183));
#1626 = CARTESIAN_POINT('',(-5.5118,4.4736341965,-13.31083885479));
#1627 = CARTESIAN_POINT('',(-5.5118,4.474796412199,-13.29971662492));
#1628 = CARTESIAN_POINT('',(-5.5118,4.475988736482,-13.28859429398));
#1629 = CARTESIAN_POINT('',(-5.5118,4.477213611197,-13.27747187942));
#1630 = CARTESIAN_POINT('',(-5.5118,4.478473822736,-13.26634944352));
#1631 = CARTESIAN_POINT('',(-5.5118,4.479772574037,-13.25522710633));
#1632 = CARTESIAN_POINT('',(-5.5118,4.481113577515,-13.24410505926));
#1633 = CARTESIAN_POINT('',(-5.5118,4.482501175342,-13.23298359296));
#1634 = CARTESIAN_POINT('',(-5.5118,4.4839404978,-13.22186313965));
#1635 = CARTESIAN_POINT('',(-5.5118,4.485437683082,-13.21074429914));
#1636 = CARTESIAN_POINT('',(-5.5118,4.487000170558,-13.19962791199));
#1637 = CARTESIAN_POINT('',(-5.5118,4.488637139839,-13.18851515725));
#1638 = CARTESIAN_POINT('',(-5.5118,4.49036006884,-13.17740767216));
#1639 = CARTESIAN_POINT('',(-5.5118,4.492183882826,-13.16630786493));
#1640 = CARTESIAN_POINT('',(-5.5118,4.494127602411,-13.15521895015));
#1641 = CARTESIAN_POINT('',(-5.5118,4.496219808164,-13.14414681946));
#1642 = CARTESIAN_POINT('',(-5.5118,4.49849155254,-13.13309658898));
#1643 = CARTESIAN_POINT('',(-5.5118,4.501026920495,-13.12209217328));
#1644 = CARTESIAN_POINT('',(-5.5118,4.503822314655,-13.11111720212));
#1645 = CARTESIAN_POINT('',(-5.5118,4.507420539088,-13.10036893785));
#1646 = CARTESIAN_POINT('',(-5.5118,4.510846709277,-13.08940908586));
#1647 = CARTESIAN_POINT('',(-5.5118,4.517292830198,-13.08364003047));
#1648 = CARTESIAN_POINT('',(-5.5118,4.5212,-13.081));
#1649 = ORIENTED_EDGE('',*,*,#1650,.F.);
#1650 = EDGE_CURVE('',#1651,#1597,#1653,.T.);
#1651 = VERTEX_POINT('',#1652);
#1652 = CARTESIAN_POINT('',(-5.5118,4.826,-13.081));
#1653 = LINE('',#1654,#1655);
#1654 = CARTESIAN_POINT('',(-5.5118,4.826,-13.081));
#1655 = VECTOR('',#1656,1.);
#1656 = DIRECTION('',(0.,-1.,1.631823868215E-13));
#1657 = ORIENTED_EDGE('',*,*,#1658,.T.);
#1658 = EDGE_CURVE('',#1651,#1564,#1659,.T.);
#1659 = LINE('',#1660,#1661);
#1660 = CARTESIAN_POINT('',(-5.5118,4.826,-13.081));
#1661 = VECTOR('',#1662,1.);
#1662 = DIRECTION('',(0.,0.,-1.));
#1663 = ORIENTED_EDGE('',*,*,#1563,.F.);
#1664 = ORIENTED_EDGE('',*,*,#627,.F.);
#1665 = ORIENTED_EDGE('',*,*,#1666,.F.);
#1666 = EDGE_CURVE('',#1667,#578,#1669,.T.);
#1667 = VERTEX_POINT('',#1668);
#1668 = CARTESIAN_POINT('',(-5.5118,-4.5212,-13.081));
#1669 = LINE('',#1670,#1671);
#1670 = CARTESIAN_POINT('',(-5.5118,-4.5212,-13.081));
#1671 = VECTOR('',#1672,1.);
#1672 = DIRECTION('',(0.,-1.,1.223867901162E-13));
#1673 = ORIENTED_EDGE('',*,*,#1674,.F.);
#1674 = EDGE_CURVE('',#1587,#1667,#1675,.T.);
#1675 = B_SPLINE_CURVE_WITH_KNOTS('',3,(#1676,#1677,#1678,#1679,#1680,
    #1681,#1682,#1683,#1684,#1685,#1686,#1687,#1688,#1689,#1690,#1691,
    #1692,#1693,#1694,#1695,#1696,#1697,#1698,#1699,#1700,#1701,#1702,
    #1703,#1704,#1705,#1706,#1707,#1708,#1709,#1710,#1711,#1712,#1713,
    #1714,#1715,#1716,#1717,#1718,#1719,#1720,#1721,#1722,#1723,#1724),
  .UNSPECIFIED.,.F.,.F.,(4,1,1,1,1,1,1,1,1,1,1,1,1,1,1,1,1,1,1,1,1,1,1,1
    ,1,1,1,1,1,1,1,1,1,1,1,1,1,1,1,1,1,1,1,1,1,1,4),(0.,
    2.173913043478E-02,4.347826086957E-02,6.521739130435E-02,
    8.695652173913E-02,0.108695652174,0.130434782609,0.152173913044,
    0.173913043478,0.195652173913,0.217391304348,0.239130434783,
    0.260869565217,0.282608695652,0.304347826087,0.326086956522,
    0.347826086957,0.369565217391,0.391304347826,0.413043478261,
    0.434782608696,0.45652173913,0.478260869565,0.5,0.521739130435,
    0.54347826087,0.565217391304,0.586956521739,0.608695652174,
    0.630434782609,0.652173913044,0.673913043478,0.695652173913,
    0.717391304348,0.739130434783,0.760869565217,0.782608695652,
    0.804347826087,0.826086956522,0.847826086956,0.869565217391,
    0.891304347826,0.913043478261,0.934782608696,0.95652173913,
    0.978260869565,1.),.UNSPECIFIED.);
#1676 = CARTESIAN_POINT('',(-5.5118,-4.450585606329,-13.589));
#1677 = CARTESIAN_POINT('',(-5.5118,-4.450840960353,-13.58530795681));
#1678 = CARTESIAN_POINT('',(-5.5118,-4.451355132131,-13.5779145804));
#1679 = CARTESIAN_POINT('',(-5.5118,-4.4521381858,-13.56678195134));
#1680 = CARTESIAN_POINT('',(-5.5118,-4.452930280738,-13.55565094173));
#1681 = CARTESIAN_POINT('',(-5.5118,-4.453732154378,-13.54451563797));
#1682 = CARTESIAN_POINT('',(-5.5118,-4.454543866286,-13.53338009669));
#1683 = CARTESIAN_POINT('',(-5.5118,-4.455365763128,-13.52224452271));
#1684 = CARTESIAN_POINT('',(-5.5118,-4.45619818003,-13.51110960205));
#1685 = CARTESIAN_POINT('',(-5.5118,-4.457041506601,-13.499975589));
#1686 = CARTESIAN_POINT('',(-5.5118,-4.457896164296,-13.48884266917));
#1687 = CARTESIAN_POINT('',(-5.5118,-4.458762611531,-13.47771092631));
#1688 = CARTESIAN_POINT('',(-5.5118,-4.459641343521,-13.46658038896));
#1689 = CARTESIAN_POINT('',(-5.5118,-4.46053289494,-13.45545104188));
#1690 = CARTESIAN_POINT('',(-5.5118,-4.461437842878,-13.44432283904));
#1691 = CARTESIAN_POINT('',(-5.5118,-4.462356810759,-13.43319571071));
#1692 = CARTESIAN_POINT('',(-5.5118,-4.463290472685,-13.42206957218));
#1693 = CARTESIAN_POINT('',(-5.5118,-4.464239559677,-13.41094431848));
#1694 = CARTESIAN_POINT('',(-5.5118,-4.465204864525,-13.39981984568));
#1695 = CARTESIAN_POINT('',(-5.5118,-4.466187249917,-13.38869604478));
#1696 = CARTESIAN_POINT('',(-5.5118,-4.467187657484,-13.37757280011));
#1697 = CARTESIAN_POINT('',(-5.5118,-4.468207117666,-13.36644999542));
#1698 = CARTESIAN_POINT('',(-5.5118,-4.469246761655,-13.35532751661));
#1699 = CARTESIAN_POINT('',(-5.5118,-4.470307835485,-13.34420525534));
#1700 = CARTESIAN_POINT('',(-5.5118,-4.471391716849,-13.33308311244));
#1701 = CARTESIAN_POINT('',(-5.5118,-4.472499935274,-13.32196100183));
#1702 = CARTESIAN_POINT('',(-5.5118,-4.4736341965,-13.3108388548));
#1703 = CARTESIAN_POINT('',(-5.5118,-4.474796412199,-13.29971662492));
#1704 = CARTESIAN_POINT('',(-5.5118,-4.475988736482,-13.28859429398));
#1705 = CARTESIAN_POINT('',(-5.5118,-4.477213611197,-13.27747187942));
#1706 = CARTESIAN_POINT('',(-5.5118,-4.478473822736,-13.26634944352));
#1707 = CARTESIAN_POINT('',(-5.5118,-4.479772574037,-13.25522710633));
#1708 = CARTESIAN_POINT('',(-5.5118,-4.481113577515,-13.24410505926));
#1709 = CARTESIAN_POINT('',(-5.5118,-4.482501175342,-13.23298359296));
#1710 = CARTESIAN_POINT('',(-5.5118,-4.4839404978,-13.22186313965));
#1711 = CARTESIAN_POINT('',(-5.5118,-4.485437683082,-13.21074429914));
#1712 = CARTESIAN_POINT('',(-5.5118,-4.487000170558,-13.19962791199));
#1713 = CARTESIAN_POINT('',(-5.5118,-4.488637139839,-13.18851515725));
#1714 = CARTESIAN_POINT('',(-5.5118,-4.49036006884,-13.17740767216));
#1715 = CARTESIAN_POINT('',(-5.5118,-4.492183882826,-13.16630786493));
#1716 = CARTESIAN_POINT('',(-5.5118,-4.494127602411,-13.15521895015));
#1717 = CARTESIAN_POINT('',(-5.5118,-4.496219808164,-13.14414681946));
#1718 = CARTESIAN_POINT('',(-5.5118,-4.49849155254,-13.13309658898));
#1719 = CARTESIAN_POINT('',(-5.5118,-4.501026920495,-13.12209217328));
#1720 = CARTESIAN_POINT('',(-5.5118,-4.503822314655,-13.11111720212));
#1721 = CARTESIAN_POINT('',(-5.5118,-4.507420539088,-13.10036893785));
#1722 = CARTESIAN_POINT('',(-5.5118,-4.510846709277,-13.08940908586));
#1723 = CARTESIAN_POINT('',(-5.5118,-4.517292830198,-13.08364003047));
#1724 = CARTESIAN_POINT('',(-5.5118,-4.5212,-13.081));
#1725 = PLANE('',#1726);
#1726 = AXIS2_PLACEMENT_3D('',#1727,#1728,#1729);
#1727 = CARTESIAN_POINT('',(-5.5118,4.826,0.));
#1728 = DIRECTION('',(-1.,0.,0.));
#1729 = DIRECTION('',(0.,-1.,0.));
#1730 = ADVANCED_FACE('',(#1731),#1806,.T.);
#1731 = FACE_BOUND('',#1732,.T.);
#1732 = EDGE_LOOP('',(#1733,#1766,#1774,#1805));
#1733 = ORIENTED_EDGE('',*,*,#1734,.F.);
#1734 = EDGE_CURVE('',#1735,#1589,#1737,.T.);
#1735 = VERTEX_POINT('',#1736);
#1736 = CARTESIAN_POINT('',(-6.019811973082,4.013200000141,
    -13.08099975323));
#1737 = B_SPLINE_CURVE_WITH_KNOTS('',3,(#1738,#1739,#1740,#1741,#1742,
    #1743,#1744,#1745,#1746,#1747,#1748,#1749,#1750,#1751,#1752,#1753,
    #1754,#1755,#1756,#1757,#1758,#1759,#1760,#1761,#1762,#1763,#1764,
    #1765),.UNSPECIFIED.,.F.,.F.,(4,1,1,1,1,1,1,1,1,1,1,1,1,1,1,1,1,1,1,
    1,1,1,1,1,1,4),(0.,4.E-02,8.E-02,0.12,0.16,0.2,0.24,0.28,0.32,0.36,
    0.4,0.44,0.48,0.52,0.56,0.6,0.64,0.68,0.72,0.76,0.8,0.84,0.88,0.92,
    0.96,1.),.QUASI_UNIFORM_KNOTS.);
#1738 = CARTESIAN_POINT('',(-6.019811973082,4.013200000141,
    -13.08099975323));
#1739 = CARTESIAN_POINT('',(-6.006013645773,4.013200000141,
    -13.08099975323));
#1740 = CARTESIAN_POINT('',(-5.978043255768,4.014329995815,
    -13.08212792017));
#1741 = CARTESIAN_POINT('',(-5.935471296961,4.019612946321,
    -13.08741800364));
#1742 = CARTESIAN_POINT('',(-5.892205699272,4.0287752854,-13.09660632872
    ));
#1743 = CARTESIAN_POINT('',(-5.849177137398,4.041916209892,
    -13.10980485906));
#1744 = CARTESIAN_POINT('',(-5.807333214428,4.058826792597,-13.126817359
    ));
#1745 = CARTESIAN_POINT('',(-5.765668912833,4.080078121724,
    -13.1482355685));
#1746 = CARTESIAN_POINT('',(-5.722928773925,4.107238099423,
    -13.17567104684));
#1747 = CARTESIAN_POINT('',(-5.682083020442,4.139492251271,
    -13.20835234431));
#1748 = CARTESIAN_POINT('',(-5.646726709103,4.173667236487,
    -13.24311741498));
#1749 = CARTESIAN_POINT('',(-5.617375957302,4.207745584027,
    -13.27795713866));
#1750 = CARTESIAN_POINT('',(-5.593633706099,4.240457077798,
    -13.31161393083));
#1751 = CARTESIAN_POINT('',(-5.575161664519,4.270287009899,
    -13.34255669701));
#1752 = CARTESIAN_POINT('',(-5.560891181841,4.296930638484,
    -13.37047528678));
#1753 = CARTESIAN_POINT('',(-5.549712543776,4.320830809734,
    -13.39583822587));
#1754 = CARTESIAN_POINT('',(-5.540791930885,4.342560453184,
    -13.41927700871));
#1755 = CARTESIAN_POINT('',(-5.533664153315,4.362295088739,
    -13.44102830492));
#1756 = CARTESIAN_POINT('',(-5.527983635878,4.380130542916,
    -13.46126480242));
#1757 = CARTESIAN_POINT('',(-5.523467577092,4.396173745311,
    -13.48020489444));
#1758 = CARTESIAN_POINT('',(-5.519874578092,4.410583600209,
    -13.4981959422));
#1759 = CARTESIAN_POINT('',(-5.517060454059,4.423288238221,
    -13.51542856834));
#1760 = CARTESIAN_POINT('',(-5.514957696613,4.433866703632,
    -13.53170845408));
#1761 = CARTESIAN_POINT('',(-5.513455770872,4.442093788985,
    -13.54709795463));
#1762 = CARTESIAN_POINT('',(-5.512455980897,4.447801926552,
    -13.56188074187));
#1763 = CARTESIAN_POINT('',(-5.511908713853,4.45071597164,
    -13.57587837778));
#1764 = CARTESIAN_POINT('',(-5.5118,4.450882387762,-13.58470897749));
#1765 = CARTESIAN_POINT('',(-5.5118,4.450585606329,-13.589));
#1766 = ORIENTED_EDGE('',*,*,#1767,.F.);
#1767 = EDGE_CURVE('',#1768,#1735,#1770,.T.);
#1768 = VERTEX_POINT('',#1769);
#1769 = CARTESIAN_POINT('',(-6.019811970686,-4.0132,-13.081));
#1770 = LINE('',#1771,#1772);
#1771 = CARTESIAN_POINT('',(-6.019811970686,-4.0132,-13.081));
#1772 = VECTOR('',#1773,1.);
#1773 = DIRECTION('',(-2.984934137744E-10,1.,3.074484463545E-08));
#1774 = ORIENTED_EDGE('',*,*,#1775,.F.);
#1775 = EDGE_CURVE('',#1587,#1768,#1776,.T.);
#1776 = B_SPLINE_CURVE_WITH_KNOTS('',3,(#1777,#1778,#1779,#1780,#1781,
    #1782,#1783,#1784,#1785,#1786,#1787,#1788,#1789,#1790,#1791,#1792,
    #1793,#1794,#1795,#1796,#1797,#1798,#1799,#1800,#1801,#1802,#1803,
    #1804),.UNSPECIFIED.,.F.,.F.,(4,1,1,1,1,1,1,1,1,1,1,1,1,1,1,1,1,1,1,
    1,1,1,1,1,1,4),(0.,4.E-02,8.E-02,0.12,0.16,0.2,0.24,0.28,0.32,0.36,
    0.4,0.44,0.48,0.52,0.56,0.6,0.64,0.68,0.72,0.76,0.8,0.84,0.88,0.92,
    0.96,1.),.QUASI_UNIFORM_KNOTS.);
#1777 = CARTESIAN_POINT('',(-5.5118,-4.450585606329,-13.589));
#1778 = CARTESIAN_POINT('',(-5.5118,-4.450882347763,-13.58470955581));
#1779 = CARTESIAN_POINT('',(-5.511908672588,-4.450716181267,
    -13.57587956553));
#1780 = CARTESIAN_POINT('',(-5.512456018972,-4.447801726357,
    -13.56187979445));
#1781 = CARTESIAN_POINT('',(-5.513455921491,-4.442092921566,
    -13.54709568587));
#1782 = CARTESIAN_POINT('',(-5.51495876057,-4.433860878508,
    -13.5316979331));
#1783 = CARTESIAN_POINT('',(-5.517063717582,-4.423272393442,
    -13.51540552933));
#1784 = CARTESIAN_POINT('',(-5.519879465181,-4.410562800746,
    -13.49816908007));
#1785 = CARTESIAN_POINT('',(-5.523472899739,-4.39615374841,
    -13.48018076434));
#1786 = CARTESIAN_POINT('',(-5.527989529757,-4.380110905708,
    -13.46124214663));
#1787 = CARTESIAN_POINT('',(-5.533670858179,-4.362275348404,
    -13.44100627503));
#1788 = CARTESIAN_POINT('',(-5.540799839448,-4.342539907639,
    -13.41925463203));
#1789 = CARTESIAN_POINT('',(-5.549722240085,-4.320808631075,
    -13.39581451122));
#1790 = CARTESIAN_POINT('',(-5.560903662176,-4.296905587971,
    -13.37044887732));
#1791 = CARTESIAN_POINT('',(-5.575178378664,-4.270257805599,
    -13.3425262537));
#1792 = CARTESIAN_POINT('',(-5.593656186559,-4.240423347601,
    -13.31157909087));
#1793 = CARTESIAN_POINT('',(-5.617404730198,-4.207709060767,
    -13.2779196895));
#1794 = CARTESIAN_POINT('',(-5.646761429809,-4.173630363412,
    -13.24307982081));
#1795 = CARTESIAN_POINT('',(-5.682122649871,-4.13945762988,
    -13.20831720391));
#1796 = CARTESIAN_POINT('',(-5.722969114924,-4.107209736532,
    -13.17564236101));
#1797 = CARTESIAN_POINT('',(-5.765704190479,-4.080058315809,
    -13.14821559006));
#1798 = CARTESIAN_POINT('',(-5.807362088036,-4.058813861718,
    -13.12680434047));
#1799 = CARTESIAN_POINT('',(-5.849200538596,-4.041908123248,
    -13.10979673416));
#1800 = CARTESIAN_POINT('',(-5.892223395354,-4.028770911175,
    -13.09660193152));
#1801 = CARTESIAN_POINT('',(-5.935483053079,-4.019611152974,
    -13.08741623785));
#1802 = CARTESIAN_POINT('',(-5.978049043925,-4.014329685359,
    -13.08212749542));
#1803 = CARTESIAN_POINT('',(-6.00601554395,-4.0132,-13.081));
#1804 = CARTESIAN_POINT('',(-6.019811970686,-4.0132,-13.081));
#1805 = ORIENTED_EDGE('',*,*,#1586,.T.);
#1806 = CYLINDRICAL_SURFACE('',#1807,0.508);
#1807 = AXIS2_PLACEMENT_3D('',#1808,#1809,#1810);
#1808 = CARTESIAN_POINT('',(-6.0198,-63.58627872,-13.589));
#1809 = DIRECTION('',(0.,1.,0.));
#1810 = DIRECTION('',(0.,-0.,1.));
#1811 = ADVANCED_FACE('',(#1812),#1851,.T.);
#1812 = FACE_BOUND('',#1813,.T.);
#1813 = EDGE_LOOP('',(#1814,#1837,#1843,#1844,#1845));
#1814 = ORIENTED_EDGE('',*,*,#1815,.F.);
#1815 = EDGE_CURVE('',#382,#1816,#1818,.T.);
#1816 = VERTEX_POINT('',#1817);
#1817 = CARTESIAN_POINT('',(-6.135616134287,-4.0132,-1.1544041297));
#1818 = B_SPLINE_CURVE_WITH_KNOTS('',3,(#1819,#1820,#1821,#1822,#1823,
    #1824,#1825,#1826,#1827,#1828,#1829,#1830,#1831,#1832,#1833,#1834,
    #1835,#1836),.UNSPECIFIED.,.F.,.F.,(4,1,1,1,1,1,1,1,1,1,1,1,1,1,1,4)
  ,(0.,6.666666666667E-02,0.133333333333,0.2,0.266666666667,
    0.333333333333,0.4,0.466666666667,0.533333333333,0.6,0.666666666667,
    0.733333333333,0.8,0.866666666667,0.933333333333,1.),.UNSPECIFIED.);
#1819 = CARTESIAN_POINT('',(-5.62893592233,-4.5212,-1.016));
#1820 = CARTESIAN_POINT('',(-5.62893592233,-4.503045742423,-1.016));
#1821 = CARTESIAN_POINT('',(-5.630879125713,-4.466795863791,
    -1.016530802993));
#1822 = CARTESIAN_POINT('',(-5.639533075727,-4.41321967258,
    -1.018894705099));
#1823 = CARTESIAN_POINT('',(-5.653774918398,-4.361031779973,
    -1.022784988938));
#1824 = CARTESIAN_POINT('',(-5.673392988577,-4.310807037503,
    -1.028143836324));
#1825 = CARTESIAN_POINT('',(-5.698117982788,-4.263089869055,
    -1.034897684659));
#1826 = CARTESIAN_POINT('',(-5.727625660212,-4.218391003116,
    -1.042957964727));
#1827 = CARTESIAN_POINT('',(-5.761542765833,-4.177178406324,
    -1.052222718658));
#1828 = CARTESIAN_POINT('',(-5.799452819658,-4.139873022657,
    -1.0625781813));
#1829 = CARTESIAN_POINT('',(-5.840902669385,-4.106844699669,
    -1.073900570141));
#1830 = CARTESIAN_POINT('',(-5.885409365947,-4.078409492532,
    -1.08605796342));
#1831 = CARTESIAN_POINT('',(-5.932466853985,-4.054828085237,
    -1.098912127692));
#1832 = CARTESIAN_POINT('',(-5.981553502647,-4.03630511289,
    -1.112320574929));
#1833 = CARTESIAN_POINT('',(-6.032135196136,-4.022990253574,
    -1.126137406731));
#1834 = CARTESIAN_POINT('',(-6.083676497573,-4.014978268626,
    -1.140216363834));
#1835 = CARTESIAN_POINT('',(-6.118312780404,-4.0132,-1.149677567307));
#1836 = CARTESIAN_POINT('',(-6.135616134287,-4.0132,-1.1544041297));
#1837 = ORIENTED_EDGE('',*,*,#1838,.T.);
#1838 = EDGE_CURVE('',#382,#1667,#1839,.T.);
#1839 = LINE('',#1840,#1841);
#1840 = CARTESIAN_POINT('',(-5.62893592233,-4.5212,-1.016));
#1841 = VECTOR('',#1842,1.);
#1842 = DIRECTION('',(9.708280325593E-03,0.,-0.999952873536));
#1843 = ORIENTED_EDGE('',*,*,#1674,.F.);
#1844 = ORIENTED_EDGE('',*,*,#1775,.T.);
#1845 = ORIENTED_EDGE('',*,*,#1846,.F.);
#1846 = EDGE_CURVE('',#1816,#1768,#1847,.T.);
#1847 = LINE('',#1848,#1849);
#1848 = CARTESIAN_POINT('',(-6.135616134287,-4.0132,-1.1544041297));
#1849 = VECTOR('',#1850,1.);
#1850 = DIRECTION('',(9.709283880471E-03,0.,-0.999952863792));
#1851 = CYLINDRICAL_SURFACE('',#1852,0.508);
#1852 = AXIS2_PLACEMENT_3D('',#1853,#1854,#1855);
#1853 = CARTESIAN_POINT('',(-6.53098093943,-4.5212,39.5681708));
#1854 = DIRECTION('',(9.708280325593E-03,0.,-0.999952873536));
#1855 = DIRECTION('',(0.,1.,0.));
#1856 = ADVANCED_FACE('',(#1857),#1921,.F.);
#1857 = FACE_BOUND('',#1858,.F.);
#1858 = EDGE_LOOP('',(#1859,#1860,#1866,#1867,#1875,#1883,#1891,#1899,
    #1907,#1915));
#1859 = ORIENTED_EDGE('',*,*,#1846,.F.);
#1860 = ORIENTED_EDGE('',*,*,#1861,.F.);
#1861 = EDGE_CURVE('',#208,#1816,#1862,.T.);
#1862 = LINE('',#1863,#1864);
#1863 = CARTESIAN_POINT('',(-6.802111669323,-4.0132,0.));
#1864 = VECTOR('',#1865,1.);
#1865 = DIRECTION('',(0.5,0.,-0.866025403784));
#1866 = ORIENTED_EDGE('',*,*,#207,.T.);
#1867 = ORIENTED_EDGE('',*,*,#1868,.F.);
#1868 = EDGE_CURVE('',#1869,#200,#1871,.T.);
#1869 = VERTEX_POINT('',#1870);
#1870 = CARTESIAN_POINT('',(-7.4168,-4.0132,-1.016));
#1871 = LINE('',#1872,#1873);
#1872 = CARTESIAN_POINT('',(-7.4168,-4.0132,-1.016));
#1873 = VECTOR('',#1874,1.);
#1874 = DIRECTION('',(-0.5,0.,0.866025403784));
#1875 = ORIENTED_EDGE('',*,*,#1876,.T.);
#1876 = EDGE_CURVE('',#1869,#1877,#1879,.T.);
#1877 = VERTEX_POINT('',#1878);
#1878 = CARTESIAN_POINT('',(-7.4168,-4.0132,-2.1082));
#1879 = LINE('',#1880,#1881);
#1880 = CARTESIAN_POINT('',(-7.4168,-4.0132,-1.016));
#1881 = VECTOR('',#1882,1.);
#1882 = DIRECTION('',(0.,0.,-1.));
#1883 = ORIENTED_EDGE('',*,*,#1884,.T.);
#1884 = EDGE_CURVE('',#1877,#1885,#1887,.T.);
#1885 = VERTEX_POINT('',#1886);
#1886 = CARTESIAN_POINT('',(-7.3152,-4.0132,-2.1082));
#1887 = LINE('',#1888,#1889);
#1888 = CARTESIAN_POINT('',(-7.4168,-4.0132,-2.1082));
#1889 = VECTOR('',#1890,1.);
#1890 = DIRECTION('',(1.,0.,0.));
#1891 = ORIENTED_EDGE('',*,*,#1892,.T.);
#1892 = EDGE_CURVE('',#1885,#1893,#1895,.T.);
#1893 = VERTEX_POINT('',#1894);
#1894 = CARTESIAN_POINT('',(-7.3152,-4.0132,-6.6802));
#1895 = LINE('',#1896,#1897);
#1896 = CARTESIAN_POINT('',(-7.3152,-4.0132,-2.1082));
#1897 = VECTOR('',#1898,1.);
#1898 = DIRECTION('',(0.,0.,-1.));
#1899 = ORIENTED_EDGE('',*,*,#1900,.F.);
#1900 = EDGE_CURVE('',#1901,#1893,#1903,.T.);
#1901 = VERTEX_POINT('',#1902);
#1902 = CARTESIAN_POINT('',(-7.4168,-4.0132,-6.6802));
#1903 = LINE('',#1904,#1905);
#1904 = CARTESIAN_POINT('',(-7.4168,-4.0132,-6.6802));
#1905 = VECTOR('',#1906,1.);
#1906 = DIRECTION('',(1.,0.,0.));
#1907 = ORIENTED_EDGE('',*,*,#1908,.T.);
#1908 = EDGE_CURVE('',#1901,#1909,#1911,.T.);
#1909 = VERTEX_POINT('',#1910);
#1910 = CARTESIAN_POINT('',(-7.4168,-4.0132,-13.081));
#1911 = LINE('',#1912,#1913);
#1912 = CARTESIAN_POINT('',(-7.4168,-4.0132,-6.6802));
#1913 = VECTOR('',#1914,1.);
#1914 = DIRECTION('',(0.,0.,-1.));
#1915 = ORIENTED_EDGE('',*,*,#1916,.F.);
#1916 = EDGE_CURVE('',#1768,#1909,#1917,.T.);
#1917 = LINE('',#1918,#1919);
#1918 = CARTESIAN_POINT('',(-6.019811970686,-4.0132,-13.081));
#1919 = VECTOR('',#1920,1.);
#1920 = DIRECTION('',(-1.,0.,0.));
#1921 = PLANE('',#1922);
#1922 = AXIS2_PLACEMENT_3D('',#1923,#1924,#1925);
#1923 = CARTESIAN_POINT('',(-7.4168,-4.0132,0.));
#1924 = DIRECTION('',(0.,-1.,0.));
#1925 = DIRECTION('',(1.,0.,0.));
#1926 = ADVANCED_FACE('',(#1927),#1933,.T.);
#1927 = FACE_BOUND('',#1928,.T.);
#1928 = EDGE_LOOP('',(#1929,#1930,#1931,#1932));
#1929 = ORIENTED_EDGE('',*,*,#381,.T.);
#1930 = ORIENTED_EDGE('',*,*,#1815,.T.);
#1931 = ORIENTED_EDGE('',*,*,#1861,.F.);
#1932 = ORIENTED_EDGE('',*,*,#215,.F.);
#1933 = CYLINDRICAL_SURFACE('',#1934,0.508);
#1934 = AXIS2_PLACEMENT_3D('',#1935,#1936,#1937);
#1935 = CARTESIAN_POINT('',(-29.64680573204,-4.5212,39.5681708));
#1936 = DIRECTION('',(0.5,0.,-0.866025403784));
#1937 = DIRECTION('',(0.,1.,0.));
#1938 = ADVANCED_FACE('',(#1939),#1957,.T.);
#1939 = FACE_BOUND('',#1940,.F.);
#1940 = EDGE_LOOP('',(#1941,#1949,#1955,#1956));
#1941 = ORIENTED_EDGE('',*,*,#1942,.T.);
#1942 = EDGE_CURVE('',#192,#1943,#1945,.T.);
#1943 = VERTEX_POINT('',#1944);
#1944 = CARTESIAN_POINT('',(-7.4168,-2.6162,-1.016));
#1945 = LINE('',#1946,#1947);
#1946 = CARTESIAN_POINT('',(-8.003387873497,-2.6162,0.));
#1947 = VECTOR('',#1948,1.);
#1948 = DIRECTION('',(0.5,0.,-0.866025403784));
#1949 = ORIENTED_EDGE('',*,*,#1950,.F.);
#1950 = EDGE_CURVE('',#1869,#1943,#1951,.T.);
#1951 = LINE('',#1952,#1953);
#1952 = CARTESIAN_POINT('',(-7.4168,-4.0132,-1.016));
#1953 = VECTOR('',#1954,1.);
#1954 = DIRECTION('',(0.,1.,0.));
#1955 = ORIENTED_EDGE('',*,*,#1868,.T.);
#1956 = ORIENTED_EDGE('',*,*,#199,.T.);
#1957 = PLANE('',#1958);
#1958 = AXIS2_PLACEMENT_3D('',#1959,#1960,#1961);
#1959 = CARTESIAN_POINT('',(-7.710093936748,-3.3147,-0.508));
#1960 = DIRECTION('',(0.866025403784,0.,0.5));
#1961 = DIRECTION('',(0.5,0.,-0.866025403784));
#1962 = ADVANCED_FACE('',(#1963),#1997,.F.);
#1963 = FACE_BOUND('',#1964,.F.);
#1964 = EDGE_LOOP('',(#1965,#1975,#1983,#1991));
#1965 = ORIENTED_EDGE('',*,*,#1966,.F.);
#1966 = EDGE_CURVE('',#1967,#1969,#1971,.T.);
#1967 = VERTEX_POINT('',#1968);
#1968 = CARTESIAN_POINT('',(-8.8392,-2.6162,-6.6802));
#1969 = VERTEX_POINT('',#1970);
#1970 = CARTESIAN_POINT('',(-7.4168,-2.6162,-6.6802));
#1971 = LINE('',#1972,#1973);
#1972 = CARTESIAN_POINT('',(-8.8392,-2.6162,-6.6802));
#1973 = VECTOR('',#1974,1.);
#1974 = DIRECTION('',(1.,0.,0.));
#1975 = ORIENTED_EDGE('',*,*,#1976,.T.);
#1976 = EDGE_CURVE('',#1967,#1977,#1979,.T.);
#1977 = VERTEX_POINT('',#1978);
#1978 = CARTESIAN_POINT('',(-8.8392,-2.6162,-13.081));
#1979 = LINE('',#1980,#1981);
#1980 = CARTESIAN_POINT('',(-8.8392,-2.6162,-6.6802));
#1981 = VECTOR('',#1982,1.);
#1982 = DIRECTION('',(0.,0.,-1.));
#1983 = ORIENTED_EDGE('',*,*,#1984,.F.);
#1984 = EDGE_CURVE('',#1985,#1977,#1987,.T.);
#1985 = VERTEX_POINT('',#1986);
#1986 = CARTESIAN_POINT('',(-7.4168,-2.6162,-13.081));
#1987 = LINE('',#1988,#1989);
#1988 = CARTESIAN_POINT('',(-7.4168,-2.6162,-13.081));
#1989 = VECTOR('',#1990,1.);
#1990 = DIRECTION('',(-1.,0.,0.));
#1991 = ORIENTED_EDGE('',*,*,#1992,.F.);
#1992 = EDGE_CURVE('',#1969,#1985,#1993,.T.);
#1993 = LINE('',#1994,#1995);
#1994 = CARTESIAN_POINT('',(-7.4168,-2.6162,-6.6802));
#1995 = VECTOR('',#1996,1.);
#1996 = DIRECTION('',(0.,0.,-1.));
#1997 = PLANE('',#1998);
#1998 = AXIS2_PLACEMENT_3D('',#1999,#2000,#2001);
#1999 = CARTESIAN_POINT('',(-8.8392,-2.6162,0.));
#2000 = DIRECTION('',(0.,-1.,0.));
#2001 = DIRECTION('',(1.,0.,0.));
#2002 = ADVANCED_FACE('',(#2003),#2029,.F.);
#2003 = FACE_BOUND('',#2004,.F.);
#2004 = EDGE_LOOP('',(#2005,#2006,#2007,#2015,#2023));
#2005 = ORIENTED_EDGE('',*,*,#1942,.F.);
#2006 = ORIENTED_EDGE('',*,*,#191,.F.);
#2007 = ORIENTED_EDGE('',*,*,#2008,.T.);
#2008 = EDGE_CURVE('',#184,#2009,#2011,.T.);
#2009 = VERTEX_POINT('',#2010);
#2010 = CARTESIAN_POINT('',(-8.8392,-2.6162,-2.1082));
#2011 = LINE('',#2012,#2013);
#2012 = CARTESIAN_POINT('',(-8.8392,-2.6162,0.));
#2013 = VECTOR('',#2014,1.);
#2014 = DIRECTION('',(0.,0.,-1.));
#2015 = ORIENTED_EDGE('',*,*,#2016,.T.);
#2016 = EDGE_CURVE('',#2009,#2017,#2019,.T.);
#2017 = VERTEX_POINT('',#2018);
#2018 = CARTESIAN_POINT('',(-7.4168,-2.6162,-2.1082));
#2019 = LINE('',#2020,#2021);
#2020 = CARTESIAN_POINT('',(-8.8392,-2.6162,-2.1082));
#2021 = VECTOR('',#2022,1.);
#2022 = DIRECTION('',(1.,0.,0.));
#2023 = ORIENTED_EDGE('',*,*,#2024,.F.);
#2024 = EDGE_CURVE('',#1943,#2017,#2025,.T.);
#2025 = LINE('',#2026,#2027);
#2026 = CARTESIAN_POINT('',(-7.4168,-2.6162,-1.016));
#2027 = VECTOR('',#2028,1.);
#2028 = DIRECTION('',(0.,0.,-1.));
#2029 = PLANE('',#2030);
#2030 = AXIS2_PLACEMENT_3D('',#2031,#2032,#2033);
#2031 = CARTESIAN_POINT('',(-8.8392,-2.6162,0.));
#2032 = DIRECTION('',(0.,-1.,0.));
#2033 = DIRECTION('',(1.,0.,0.));
#2034 = ADVANCED_FACE('',(#2035),#2094,.F.);
#2035 = FACE_BOUND('',#2036,.F.);
#2036 = EDGE_LOOP('',(#2037,#2047,#2055,#2063,#2071,#2079,#2087));
#2037 = ORIENTED_EDGE('',*,*,#2038,.T.);
#2038 = EDGE_CURVE('',#2039,#2041,#2043,.T.);
#2039 = VERTEX_POINT('',#2040);
#2040 = CARTESIAN_POINT('',(-8.3312,5.08,-6.6802));
#2041 = VERTEX_POINT('',#2042);
#2042 = CARTESIAN_POINT('',(-7.3152,5.08,-6.6802));
#2043 = LINE('',#2044,#2045);
#2044 = CARTESIAN_POINT('',(-8.3312,5.08,-6.6802));
#2045 = VECTOR('',#2046,1.);
#2046 = DIRECTION('',(1.,0.,0.));
#2047 = ORIENTED_EDGE('',*,*,#2048,.T.);
#2048 = EDGE_CURVE('',#2041,#2049,#2051,.T.);
#2049 = VERTEX_POINT('',#2050);
#2050 = CARTESIAN_POINT('',(-7.3152,4.0132,-6.6802));
#2051 = LINE('',#2052,#2053);
#2052 = CARTESIAN_POINT('',(-7.3152,5.08,-6.6802));
#2053 = VECTOR('',#2054,1.);
#2054 = DIRECTION('',(0.,-1.,0.));
#2055 = ORIENTED_EDGE('',*,*,#2056,.F.);
#2056 = EDGE_CURVE('',#2057,#2049,#2059,.T.);
#2057 = VERTEX_POINT('',#2058);
#2058 = CARTESIAN_POINT('',(-7.4168,4.0132,-6.6802));
#2059 = LINE('',#2060,#2061);
#2060 = CARTESIAN_POINT('',(-7.4168,4.0132,-6.6802));
#2061 = VECTOR('',#2062,1.);
#2062 = DIRECTION('',(1.,0.,0.));
#2063 = ORIENTED_EDGE('',*,*,#2064,.T.);
#2064 = EDGE_CURVE('',#2057,#2065,#2067,.T.);
#2065 = VERTEX_POINT('',#2066);
#2066 = CARTESIAN_POINT('',(-7.4168,2.6162,-6.6802));
#2067 = LINE('',#2068,#2069);
#2068 = CARTESIAN_POINT('',(-7.4168,4.0132,-6.6802));
#2069 = VECTOR('',#2070,1.);
#2070 = DIRECTION('',(0.,-1.,0.));
#2071 = ORIENTED_EDGE('',*,*,#2072,.T.);
#2072 = EDGE_CURVE('',#2065,#2073,#2075,.T.);
#2073 = VERTEX_POINT('',#2074);
#2074 = CARTESIAN_POINT('',(-8.8392,2.6162,-6.6802));
#2075 = LINE('',#2076,#2077);
#2076 = CARTESIAN_POINT('',(-7.4168,2.6162,-6.6802));
#2077 = VECTOR('',#2078,1.);
#2078 = DIRECTION('',(-1.,0.,0.));
#2079 = ORIENTED_EDGE('',*,*,#2080,.F.);
#2080 = EDGE_CURVE('',#2081,#2073,#2083,.T.);
#2081 = VERTEX_POINT('',#2082);
#2082 = CARTESIAN_POINT('',(-8.8392,4.992840979371,-6.6802));
#2083 = LINE('',#2084,#2085);
#2084 = CARTESIAN_POINT('',(-8.8392,4.992840979371,-6.6802));
#2085 = VECTOR('',#2086,1.);
#2086 = DIRECTION('',(0.,-1.,0.));
#2087 = ORIENTED_EDGE('',*,*,#2088,.F.);
#2088 = EDGE_CURVE('',#2039,#2081,#2089,.T.);
#2089 = CIRCLE('',#2090,1.524);
#2090 = AXIS2_PLACEMENT_3D('',#2091,#2092,#2093);
#2091 = CARTESIAN_POINT('',(-8.3312,3.556,-6.6802));
#2092 = DIRECTION('',(0.,-0.,1.));
#2093 = DIRECTION('',(0.,1.,0.));
#2094 = PLANE('',#2095);
#2095 = AXIS2_PLACEMENT_3D('',#2096,#2097,#2098);
#2096 = CARTESIAN_POINT('',(-7.3152,5.08,-6.6802));
#2097 = DIRECTION('',(0.,0.,-1.));
#2098 = DIRECTION('',(-1.,0.,0.));
#2099 = ADVANCED_FACE('',(#2100),#2141,.F.);
#2100 = FACE_BOUND('',#2101,.F.);
#2101 = EDGE_LOOP('',(#2102,#2113,#2119,#2120,#2126,#2127,#2135));
#2102 = ORIENTED_EDGE('',*,*,#2103,.F.);
#2103 = EDGE_CURVE('',#2104,#2106,#2108,.T.);
#2104 = VERTEX_POINT('',#2105);
#2105 = CARTESIAN_POINT('',(-8.8392,-4.992840979371,-6.6802));
#2106 = VERTEX_POINT('',#2107);
#2107 = CARTESIAN_POINT('',(-8.3312,-5.08,-6.6802));
#2108 = CIRCLE('',#2109,1.524);
#2109 = AXIS2_PLACEMENT_3D('',#2110,#2111,#2112);
#2110 = CARTESIAN_POINT('',(-8.3312,-3.556,-6.6802));
#2111 = DIRECTION('',(0.,0.,1.));
#2112 = DIRECTION('',(-0.333333333333,-0.942809041582,0.));
#2113 = ORIENTED_EDGE('',*,*,#2114,.F.);
#2114 = EDGE_CURVE('',#1967,#2104,#2115,.T.);
#2115 = LINE('',#2116,#2117);
#2116 = CARTESIAN_POINT('',(-8.8392,-2.6162,-6.6802));
#2117 = VECTOR('',#2118,1.);
#2118 = DIRECTION('',(0.,-1.,0.));
#2119 = ORIENTED_EDGE('',*,*,#1966,.T.);
#2120 = ORIENTED_EDGE('',*,*,#2121,.T.);
#2121 = EDGE_CURVE('',#1969,#1901,#2122,.T.);
#2122 = LINE('',#2123,#2124);
#2123 = CARTESIAN_POINT('',(-7.4168,-2.6162,-6.6802));
#2124 = VECTOR('',#2125,1.);
#2125 = DIRECTION('',(0.,-1.,0.));
#2126 = ORIENTED_EDGE('',*,*,#1900,.T.);
#2127 = ORIENTED_EDGE('',*,*,#2128,.T.);
#2128 = EDGE_CURVE('',#1893,#2129,#2131,.T.);
#2129 = VERTEX_POINT('',#2130);
#2130 = CARTESIAN_POINT('',(-7.3152,-5.08,-6.6802));
#2131 = LINE('',#2132,#2133);
#2132 = CARTESIAN_POINT('',(-7.3152,-4.0132,-6.6802));
#2133 = VECTOR('',#2134,1.);
#2134 = DIRECTION('',(0.,-1.,0.));
#2135 = ORIENTED_EDGE('',*,*,#2136,.F.);
#2136 = EDGE_CURVE('',#2106,#2129,#2137,.T.);
#2137 = LINE('',#2138,#2139);
#2138 = CARTESIAN_POINT('',(-8.3312,-5.08,-6.6802));
#2139 = VECTOR('',#2140,1.);
#2140 = DIRECTION('',(1.,0.,0.));
#2141 = PLANE('',#2142);
#2142 = AXIS2_PLACEMENT_3D('',#2143,#2144,#2145);
#2143 = CARTESIAN_POINT('',(-7.3152,5.08,-6.6802));
#2144 = DIRECTION('',(0.,0.,-1.));
#2145 = DIRECTION('',(-1.,0.,0.));
#2146 = ADVANCED_FACE('',(#2147),#2204,.T.);
#2147 = FACE_BOUND('',#2148,.F.);
#2148 = EDGE_LOOP('',(#2149,#2159,#2167,#2175,#2181,#2182,#2190,#2198));
#2149 = ORIENTED_EDGE('',*,*,#2150,.T.);
#2150 = EDGE_CURVE('',#2151,#2153,#2155,.T.);
#2151 = VERTEX_POINT('',#2152);
#2152 = CARTESIAN_POINT('',(-7.285815624758,5.08,-0.254));
#2153 = VERTEX_POINT('',#2154);
#2154 = CARTESIAN_POINT('',(-8.3312,5.08,-0.254));
#2155 = LINE('',#2156,#2157);
#2156 = CARTESIAN_POINT('',(-7.285815624758,5.08,-0.254));
#2157 = VECTOR('',#2158,1.);
#2158 = DIRECTION('',(-1.,0.,0.));
#2159 = ORIENTED_EDGE('',*,*,#2160,.T.);
#2160 = EDGE_CURVE('',#2153,#2161,#2163,.T.);
#2161 = VERTEX_POINT('',#2162);
#2162 = CARTESIAN_POINT('',(-8.3312,5.08,-2.1082));
#2163 = LINE('',#2164,#2165);
#2164 = CARTESIAN_POINT('',(-8.3312,5.08,-0.254));
#2165 = VECTOR('',#2166,1.);
#2166 = DIRECTION('',(-9.292773887489E-14,0.,-1.));
#2167 = ORIENTED_EDGE('',*,*,#2168,.T.);
#2168 = EDGE_CURVE('',#2161,#2169,#2171,.T.);
#2169 = VERTEX_POINT('',#2170);
#2170 = CARTESIAN_POINT('',(-7.3152,5.08,-2.1082));
#2171 = LINE('',#2172,#2173);
#2172 = CARTESIAN_POINT('',(-8.3312,5.08,-2.1082));
#2173 = VECTOR('',#2174,1.);
#2174 = DIRECTION('',(1.,0.,0.));
#2175 = ORIENTED_EDGE('',*,*,#2176,.T.);
#2176 = EDGE_CURVE('',#2169,#2041,#2177,.T.);
#2177 = LINE('',#2178,#2179);
#2178 = CARTESIAN_POINT('',(-7.3152,5.08,-2.1082));
#2179 = VECTOR('',#2180,1.);
#2180 = DIRECTION('',(0.,0.,-1.));
#2181 = ORIENTED_EDGE('',*,*,#2038,.F.);
#2182 = ORIENTED_EDGE('',*,*,#2183,.T.);
#2183 = EDGE_CURVE('',#2039,#2184,#2186,.T.);
#2184 = VERTEX_POINT('',#2185);
#2185 = CARTESIAN_POINT('',(-8.3312,5.08,-14.859));
#2186 = LINE('',#2187,#2188);
#2187 = CARTESIAN_POINT('',(-8.3312,5.08,-6.6802));
#2188 = VECTOR('',#2189,1.);
#2189 = DIRECTION('',(0.,0.,-1.));
#2190 = ORIENTED_EDGE('',*,*,#2191,.F.);
#2191 = EDGE_CURVE('',#2192,#2184,#2194,.T.);
#2192 = VERTEX_POINT('',#2193);
#2193 = CARTESIAN_POINT('',(-7.285815624758,5.08,-14.859));
#2194 = LINE('',#2195,#2196);
#2195 = CARTESIAN_POINT('',(-7.285815624758,5.08,-14.859));
#2196 = VECTOR('',#2197,1.);
#2197 = DIRECTION('',(-1.,0.,0.));
#2198 = ORIENTED_EDGE('',*,*,#2199,.F.);
#2199 = EDGE_CURVE('',#2151,#2192,#2200,.T.);
#2200 = LINE('',#2201,#2202);
#2201 = CARTESIAN_POINT('',(-7.285815624758,5.08,-0.254));
#2202 = VECTOR('',#2203,1.);
#2203 = DIRECTION('',(3.326488158685E-14,0.,-1.));
#2204 = PLANE('',#2205);
#2205 = AXIS2_PLACEMENT_3D('',#2206,#2207,#2208);
#2206 = CARTESIAN_POINT('',(-7.285815624758,5.08,0.));
#2207 = DIRECTION('',(0.,1.,0.));
#2208 = DIRECTION('',(-1.,0.,0.));
#2209 = ADVANCED_FACE('',(#2210),#2228,.T.);
#2210 = FACE_BOUND('',#2211,.T.);
#2211 = EDGE_LOOP('',(#2212,#2219,#2220,#2227));
#2212 = ORIENTED_EDGE('',*,*,#2213,.T.);
#2213 = EDGE_CURVE('',#127,#2151,#2214,.T.);
#2214 = CIRCLE('',#2215,0.254);
#2215 = AXIS2_PLACEMENT_3D('',#2216,#2217,#2218);
#2216 = CARTESIAN_POINT('',(-7.285815624758,4.826,-0.254));
#2217 = DIRECTION('',(-1.,0.,0.));
#2218 = DIRECTION('',(0.,0.,1.));
#2219 = ORIENTED_EDGE('',*,*,#2150,.T.);
#2220 = ORIENTED_EDGE('',*,*,#2221,.F.);
#2221 = EDGE_CURVE('',#118,#2153,#2222,.T.);
#2222 = CIRCLE('',#2223,0.254);
#2223 = AXIS2_PLACEMENT_3D('',#2224,#2225,#2226);
#2224 = CARTESIAN_POINT('',(-8.3312,4.826,-0.254));
#2225 = DIRECTION('',(-1.,0.,0.));
#2226 = DIRECTION('',(0.,0.,1.));
#2227 = ORIENTED_EDGE('',*,*,#126,.F.);
#2228 = CYLINDRICAL_SURFACE('',#2229,0.254);
#2229 = AXIS2_PLACEMENT_3D('',#2230,#2231,#2232);
#2230 = CARTESIAN_POINT('',(-7.276544839643,4.826,-0.254));
#2231 = DIRECTION('',(-1.,0.,0.));
#2232 = DIRECTION('',(0.,0.,1.));
#2233 = ADVANCED_FACE('',(#2234),#2254,.T.);
#2234 = FACE_BOUND('',#2235,.T.);
#2235 = EDGE_LOOP('',(#2236,#2237,#2246,#2253));
#2236 = ORIENTED_EDGE('',*,*,#2221,.T.);
#2237 = ORIENTED_EDGE('',*,*,#2238,.T.);
#2238 = EDGE_CURVE('',#2153,#2239,#2241,.T.);
#2239 = VERTEX_POINT('',#2240);
#2240 = CARTESIAN_POINT('',(-9.8552,3.556,-0.254));
#2241 = CIRCLE('',#2242,1.524);
#2242 = AXIS2_PLACEMENT_3D('',#2243,#2244,#2245);
#2243 = CARTESIAN_POINT('',(-8.3312,3.556,-0.254));
#2244 = DIRECTION('',(0.,-0.,1.));
#2245 = DIRECTION('',(0.,1.,0.));
#2246 = ORIENTED_EDGE('',*,*,#2247,.F.);
#2247 = EDGE_CURVE('',#110,#2239,#2248,.T.);
#2248 = CIRCLE('',#2249,0.254);
#2249 = AXIS2_PLACEMENT_3D('',#2250,#2251,#2252);
#2250 = CARTESIAN_POINT('',(-9.6012,3.556,-0.254));
#2251 = DIRECTION('',(0.,-1.,0.));
#2252 = DIRECTION('',(0.,0.,1.));
#2253 = ORIENTED_EDGE('',*,*,#117,.F.);
#2254 = TOROIDAL_SURFACE('',#2255,1.27,0.254);
#2255 = AXIS2_PLACEMENT_3D('',#2256,#2257,#2258);
#2256 = CARTESIAN_POINT('',(-8.3312,3.556,-0.254));
#2257 = DIRECTION('',(0.,0.,1.));
#2258 = DIRECTION('',(6.083154814154E-03,0.999981497443,-0.));
#2259 = ADVANCED_FACE('',(#2260),#2279,.T.);
#2260 = FACE_BOUND('',#2261,.T.);
#2261 = EDGE_LOOP('',(#2262,#2263,#2271,#2278));
#2262 = ORIENTED_EDGE('',*,*,#2247,.T.);
#2263 = ORIENTED_EDGE('',*,*,#2264,.T.);
#2264 = EDGE_CURVE('',#2239,#2265,#2267,.T.);
#2265 = VERTEX_POINT('',#2266);
#2266 = CARTESIAN_POINT('',(-9.8552,-3.556,-0.254));
#2267 = LINE('',#2268,#2269);
#2268 = CARTESIAN_POINT('',(-9.8552,3.556,-0.254));
#2269 = VECTOR('',#2270,1.);
#2270 = DIRECTION('',(0.,-1.,0.));
#2271 = ORIENTED_EDGE('',*,*,#2272,.F.);
#2272 = EDGE_CURVE('',#101,#2265,#2273,.T.);
#2273 = CIRCLE('',#2274,0.254);
#2274 = AXIS2_PLACEMENT_3D('',#2275,#2276,#2277);
#2275 = CARTESIAN_POINT('',(-9.6012,-3.556,-0.254));
#2276 = DIRECTION('',(0.,-1.,0.));
#2277 = DIRECTION('',(0.,0.,1.));
#2278 = ORIENTED_EDGE('',*,*,#109,.F.);
#2279 = CYLINDRICAL_SURFACE('',#2280,0.254);
#2280 = AXIS2_PLACEMENT_3D('',#2281,#2282,#2283);
#2281 = CARTESIAN_POINT('',(-9.6012,3.565270785115,-0.254));
#2282 = DIRECTION('',(0.,-1.,0.));
#2283 = DIRECTION('',(0.,0.,1.));
#2284 = ADVANCED_FACE('',(#2285),#2305,.T.);
#2285 = FACE_BOUND('',#2286,.T.);
#2286 = EDGE_LOOP('',(#2287,#2288,#2297,#2304));
#2287 = ORIENTED_EDGE('',*,*,#2272,.T.);
#2288 = ORIENTED_EDGE('',*,*,#2289,.T.);
#2289 = EDGE_CURVE('',#2265,#2290,#2292,.T.);
#2290 = VERTEX_POINT('',#2291);
#2291 = CARTESIAN_POINT('',(-8.3312,-5.08,-0.254));
#2292 = CIRCLE('',#2293,1.524);
#2293 = AXIS2_PLACEMENT_3D('',#2294,#2295,#2296);
#2294 = CARTESIAN_POINT('',(-8.3312,-3.556,-0.254));
#2295 = DIRECTION('',(0.,0.,1.));
#2296 = DIRECTION('',(-1.,0.,0.));
#2297 = ORIENTED_EDGE('',*,*,#2298,.F.);
#2298 = EDGE_CURVE('',#93,#2290,#2299,.T.);
#2299 = CIRCLE('',#2300,0.254);
#2300 = AXIS2_PLACEMENT_3D('',#2301,#2302,#2303);
#2301 = CARTESIAN_POINT('',(-8.3312,-4.826,-0.254));
#2302 = DIRECTION('',(1.,0.,-0.));
#2303 = DIRECTION('',(0.,0.,1.));
#2304 = ORIENTED_EDGE('',*,*,#100,.F.);
#2305 = TOROIDAL_SURFACE('',#2306,1.27,0.254);
#2306 = AXIS2_PLACEMENT_3D('',#2307,#2308,#2309);
#2307 = CARTESIAN_POINT('',(-8.3312,-3.556,-0.254));
#2308 = DIRECTION('',(0.,0.,1.));
#2309 = DIRECTION('',(-0.999981497443,6.083154814153E-03,0.));
#2310 = ADVANCED_FACE('',(#2311),#2330,.T.);
#2311 = FACE_BOUND('',#2312,.T.);
#2312 = EDGE_LOOP('',(#2313,#2314,#2322,#2329));
#2313 = ORIENTED_EDGE('',*,*,#2298,.T.);
#2314 = ORIENTED_EDGE('',*,*,#2315,.T.);
#2315 = EDGE_CURVE('',#2290,#2316,#2318,.T.);
#2316 = VERTEX_POINT('',#2317);
#2317 = CARTESIAN_POINT('',(-7.285815624759,-5.08,-0.254));
#2318 = LINE('',#2319,#2320);
#2319 = CARTESIAN_POINT('',(-8.3312,-5.08,-0.254));
#2320 = VECTOR('',#2321,1.);
#2321 = DIRECTION('',(1.,0.,0.));
#2322 = ORIENTED_EDGE('',*,*,#2323,.F.);
#2323 = EDGE_CURVE('',#84,#2316,#2324,.T.);
#2324 = CIRCLE('',#2325,0.254);
#2325 = AXIS2_PLACEMENT_3D('',#2326,#2327,#2328);
#2326 = CARTESIAN_POINT('',(-7.285815624758,-4.826,-0.254));
#2327 = DIRECTION('',(1.,0.,-0.));
#2328 = DIRECTION('',(0.,0.,1.));
#2329 = ORIENTED_EDGE('',*,*,#92,.F.);
#2330 = CYLINDRICAL_SURFACE('',#2331,0.254);
#2331 = AXIS2_PLACEMENT_3D('',#2332,#2333,#2334);
#2332 = CARTESIAN_POINT('',(-8.340470785115,-4.826,-0.254));
#2333 = DIRECTION('',(1.,0.,0.));
#2334 = DIRECTION('',(0.,0.,1.));
#2335 = ADVANCED_FACE('',(#2336),#2356,.T.);
#2336 = FACE_BOUND('',#2337,.T.);
#2337 = EDGE_LOOP('',(#2338,#2339,#2348,#2355));
#2338 = ORIENTED_EDGE('',*,*,#2323,.T.);
#2339 = ORIENTED_EDGE('',*,*,#2340,.T.);
#2340 = EDGE_CURVE('',#2316,#2341,#2343,.T.);
#2341 = VERTEX_POINT('',#2342);
#2342 = CARTESIAN_POINT('',(-6.7818,-5.5245,-0.254));
#2343 = CIRCLE('',#2344,0.508);
#2344 = AXIS2_PLACEMENT_3D('',#2345,#2346,#2347);
#2345 = CARTESIAN_POINT('',(-7.285815624758,-5.588,-0.254));
#2346 = DIRECTION('',(0.,0.,-1.));
#2347 = DIRECTION('',(0.,1.,0.));
#2348 = ORIENTED_EDGE('',*,*,#2349,.F.);
#2349 = EDGE_CURVE('',#75,#2341,#2350,.T.);
#2350 = CIRCLE('',#2351,0.254);
#2351 = AXIS2_PLACEMENT_3D('',#2352,#2353,#2354);
#2352 = CARTESIAN_POINT('',(-6.529792187621,-5.49275,-0.254));
#2353 = DIRECTION('',(0.125,-0.992156741649,0.));
#2354 = DIRECTION('',(0.,0.,1.));
#2355 = ORIENTED_EDGE('',*,*,#83,.F.);
#2356 = TOROIDAL_SURFACE('',#2357,0.762,0.254);
#2357 = AXIS2_PLACEMENT_3D('',#2358,#2359,#2360);
#2358 = CARTESIAN_POINT('',(-7.285815624758,-5.588,-0.254));
#2359 = DIRECTION('',(0.,0.,1.));
#2360 = DIRECTION('',(-2.592163576829E-02,0.999663977944,0.));
#2361 = ADVANCED_FACE('',(#2362),#2382,.T.);
#2362 = FACE_BOUND('',#2363,.T.);
#2363 = EDGE_LOOP('',(#2364,#2365,#2374,#2381));
#2364 = ORIENTED_EDGE('',*,*,#2349,.T.);
#2365 = ORIENTED_EDGE('',*,*,#2366,.T.);
#2366 = EDGE_CURVE('',#2341,#2367,#2369,.T.);
#2367 = VERTEX_POINT('',#2368);
#2368 = CARTESIAN_POINT('',(-1.237628127664,-10.414,-0.254));
#2369 = CIRCLE('',#2370,5.588);
#2370 = AXIS2_PLACEMENT_3D('',#2371,#2372,#2373);
#2371 = CARTESIAN_POINT('',(-1.237628127664,-4.826,-0.254));
#2372 = DIRECTION('',(0.,0.,1.));
#2373 = DIRECTION('',(-0.992156741649,-0.125,0.));
#2374 = ORIENTED_EDGE('',*,*,#2375,.F.);
#2375 = EDGE_CURVE('',#67,#2367,#2376,.T.);
#2376 = CIRCLE('',#2377,0.254);
#2377 = AXIS2_PLACEMENT_3D('',#2378,#2379,#2380);
#2378 = CARTESIAN_POINT('',(-1.237628127664,-10.16,-0.254));
#2379 = DIRECTION('',(1.,0.,-0.));
#2380 = DIRECTION('',(0.,0.,1.));
#2381 = ORIENTED_EDGE('',*,*,#74,.F.);
#2382 = TOROIDAL_SURFACE('',#2383,5.334,0.254);
#2383 = AXIS2_PLACEMENT_3D('',#2384,#2385,#2386);
#2384 = CARTESIAN_POINT('',(-1.237628127664,-4.826,-0.254));
#2385 = DIRECTION('',(0.,0.,1.));
#2386 = DIRECTION('',(-0.992362757678,-0.123353788649,0.));
#2387 = ADVANCED_FACE('',(#2388),#2407,.T.);
#2388 = FACE_BOUND('',#2389,.T.);
#2389 = EDGE_LOOP('',(#2390,#2391,#2399,#2406));
#2390 = ORIENTED_EDGE('',*,*,#2375,.T.);
#2391 = ORIENTED_EDGE('',*,*,#2392,.T.);
#2392 = EDGE_CURVE('',#2367,#2393,#2395,.T.);
#2393 = VERTEX_POINT('',#2394);
#2394 = CARTESIAN_POINT('',(4.2672,-10.414,-0.254));
#2395 = LINE('',#2396,#2397);
#2396 = CARTESIAN_POINT('',(-1.237628127664,-10.414,-0.254));
#2397 = VECTOR('',#2398,1.);
#2398 = DIRECTION('',(1.,0.,0.));
#2399 = ORIENTED_EDGE('',*,*,#2400,.F.);
#2400 = EDGE_CURVE('',#58,#2393,#2401,.T.);
#2401 = CIRCLE('',#2402,0.254);
#2402 = AXIS2_PLACEMENT_3D('',#2403,#2404,#2405);
#2403 = CARTESIAN_POINT('',(4.2672,-10.16,-0.254));
#2404 = DIRECTION('',(1.,0.,-0.));
#2405 = DIRECTION('',(0.,0.,1.));
#2406 = ORIENTED_EDGE('',*,*,#66,.F.);
#2407 = CYLINDRICAL_SURFACE('',#2408,0.254);
#2408 = AXIS2_PLACEMENT_3D('',#2409,#2410,#2411);
#2409 = CARTESIAN_POINT('',(-1.246898912779,-10.16,-0.254));
#2410 = DIRECTION('',(1.,0.,0.));
#2411 = DIRECTION('',(0.,0.,1.));
#2412 = ADVANCED_FACE('',(#2413),#2433,.T.);
#2413 = FACE_BOUND('',#2414,.T.);
#2414 = EDGE_LOOP('',(#2415,#2416,#2425,#2432));
#2415 = ORIENTED_EDGE('',*,*,#2400,.T.);
#2416 = ORIENTED_EDGE('',*,*,#2417,.T.);
#2417 = EDGE_CURVE('',#2393,#2418,#2420,.T.);
#2418 = VERTEX_POINT('',#2419);
#2419 = CARTESIAN_POINT('',(9.8552,-4.826,-0.254));
#2420 = CIRCLE('',#2421,5.588);
#2421 = AXIS2_PLACEMENT_3D('',#2422,#2423,#2424);
#2422 = CARTESIAN_POINT('',(4.2672,-4.826,-0.254));
#2423 = DIRECTION('',(0.,0.,1.));
#2424 = DIRECTION('',(0.,-1.,0.));
#2425 = ORIENTED_EDGE('',*,*,#2426,.F.);
#2426 = EDGE_CURVE('',#50,#2418,#2427,.T.);
#2427 = CIRCLE('',#2428,0.254);
#2428 = AXIS2_PLACEMENT_3D('',#2429,#2430,#2431);
#2429 = CARTESIAN_POINT('',(9.6012,-4.826,-0.254));
#2430 = DIRECTION('',(0.,1.,0.));
#2431 = DIRECTION('',(0.,-0.,1.));
#2432 = ORIENTED_EDGE('',*,*,#57,.F.);
#2433 = TOROIDAL_SURFACE('',#2434,5.334,0.254);
#2434 = AXIS2_PLACEMENT_3D('',#2435,#2436,#2437);
#2435 = CARTESIAN_POINT('',(4.2672,-4.826,-0.254));
#2436 = DIRECTION('',(0.,0.,1.));
#2437 = DIRECTION('',(-1.659051693215E-03,-0.999998623773,0.));
#2438 = ADVANCED_FACE('',(#2439),#2458,.T.);
#2439 = FACE_BOUND('',#2440,.T.);
#2440 = EDGE_LOOP('',(#2441,#2442,#2450,#2457));
#2441 = ORIENTED_EDGE('',*,*,#2426,.T.);
#2442 = ORIENTED_EDGE('',*,*,#2443,.T.);
#2443 = EDGE_CURVE('',#2418,#2444,#2446,.T.);
#2444 = VERTEX_POINT('',#2445);
#2445 = CARTESIAN_POINT('',(9.8552,4.826,-0.254));
#2446 = LINE('',#2447,#2448);
#2447 = CARTESIAN_POINT('',(9.8552,-4.826,-0.254));
#2448 = VECTOR('',#2449,1.);
#2449 = DIRECTION('',(0.,1.,0.));
#2450 = ORIENTED_EDGE('',*,*,#2451,.F.);
#2451 = EDGE_CURVE('',#41,#2444,#2452,.T.);
#2452 = CIRCLE('',#2453,0.254);
#2453 = AXIS2_PLACEMENT_3D('',#2454,#2455,#2456);
#2454 = CARTESIAN_POINT('',(9.6012,4.826,-0.254));
#2455 = DIRECTION('',(0.,1.,0.));
#2456 = DIRECTION('',(0.,-0.,1.));
#2457 = ORIENTED_EDGE('',*,*,#49,.F.);
#2458 = CYLINDRICAL_SURFACE('',#2459,0.254);
#2459 = AXIS2_PLACEMENT_3D('',#2460,#2461,#2462);
#2460 = CARTESIAN_POINT('',(9.6012,-4.835270785115,-0.254));
#2461 = DIRECTION('',(0.,1.,0.));
#2462 = DIRECTION('',(0.,-0.,1.));
#2463 = ADVANCED_FACE('',(#2464),#2484,.T.);
#2464 = FACE_BOUND('',#2465,.T.);
#2465 = EDGE_LOOP('',(#2466,#2467,#2476,#2483));
#2466 = ORIENTED_EDGE('',*,*,#2451,.T.);
#2467 = ORIENTED_EDGE('',*,*,#2468,.T.);
#2468 = EDGE_CURVE('',#2444,#2469,#2471,.T.);
#2469 = VERTEX_POINT('',#2470);
#2470 = CARTESIAN_POINT('',(4.2672,10.414,-0.254));
#2471 = CIRCLE('',#2472,5.588);
#2472 = AXIS2_PLACEMENT_3D('',#2473,#2474,#2475);
#2473 = CARTESIAN_POINT('',(4.2672,4.826,-0.254));
#2474 = DIRECTION('',(0.,0.,1.));
#2475 = DIRECTION('',(1.,0.,-0.));
#2476 = ORIENTED_EDGE('',*,*,#2477,.F.);
#2477 = EDGE_CURVE('',#33,#2469,#2478,.T.);
#2478 = CIRCLE('',#2479,0.254);
#2479 = AXIS2_PLACEMENT_3D('',#2480,#2481,#2482);
#2480 = CARTESIAN_POINT('',(4.2672,10.16,-0.254));
#2481 = DIRECTION('',(-1.,0.,0.));
#2482 = DIRECTION('',(0.,0.,1.));
#2483 = ORIENTED_EDGE('',*,*,#40,.F.);
#2484 = TOROIDAL_SURFACE('',#2485,5.334,0.254);
#2485 = AXIS2_PLACEMENT_3D('',#2486,#2487,#2488);
#2486 = CARTESIAN_POINT('',(4.2672,4.826,-0.254));
#2487 = DIRECTION('',(0.,0.,1.));
#2488 = DIRECTION('',(0.999998623773,-1.659051693215E-03,0.));
#2489 = ADVANCED_FACE('',(#2490),#2509,.T.);
#2490 = FACE_BOUND('',#2491,.T.);
#2491 = EDGE_LOOP('',(#2492,#2493,#2501,#2508));
#2492 = ORIENTED_EDGE('',*,*,#2477,.T.);
#2493 = ORIENTED_EDGE('',*,*,#2494,.T.);
#2494 = EDGE_CURVE('',#2469,#2495,#2497,.T.);
#2495 = VERTEX_POINT('',#2496);
#2496 = CARTESIAN_POINT('',(-1.237628127664,10.414,-0.254));
#2497 = LINE('',#2498,#2499);
#2498 = CARTESIAN_POINT('',(4.2672,10.414,-0.254));
#2499 = VECTOR('',#2500,1.);
#2500 = DIRECTION('',(-1.,0.,0.));
#2501 = ORIENTED_EDGE('',*,*,#2502,.F.);
#2502 = EDGE_CURVE('',#22,#2495,#2503,.T.);
#2503 = CIRCLE('',#2504,0.254);
#2504 = AXIS2_PLACEMENT_3D('',#2505,#2506,#2507);
#2505 = CARTESIAN_POINT('',(-1.237628127664,10.16,-0.254));
#2506 = DIRECTION('',(-1.,0.,0.));
#2507 = DIRECTION('',(0.,0.,1.));
#2508 = ORIENTED_EDGE('',*,*,#32,.F.);
#2509 = CYLINDRICAL_SURFACE('',#2510,0.254);
#2510 = AXIS2_PLACEMENT_3D('',#2511,#2512,#2513);
#2511 = CARTESIAN_POINT('',(4.276470785115,10.16,-0.254));
#2512 = DIRECTION('',(-1.,0.,0.));
#2513 = DIRECTION('',(0.,0.,1.));
#2514 = ADVANCED_FACE('',(#2515),#2535,.T.);
#2515 = FACE_BOUND('',#2516,.T.);
#2516 = EDGE_LOOP('',(#2517,#2518,#2527,#2534));
#2517 = ORIENTED_EDGE('',*,*,#2502,.T.);
#2518 = ORIENTED_EDGE('',*,*,#2519,.T.);
#2519 = EDGE_CURVE('',#2495,#2520,#2522,.T.);
#2520 = VERTEX_POINT('',#2521);
#2521 = CARTESIAN_POINT('',(-6.7818,5.5245,-0.254));
#2522 = CIRCLE('',#2523,5.588);
#2523 = AXIS2_PLACEMENT_3D('',#2524,#2525,#2526);
#2524 = CARTESIAN_POINT('',(-1.237628127664,4.826,-0.254));
#2525 = DIRECTION('',(0.,-0.,1.));
#2526 = DIRECTION('',(0.,1.,0.));
#2527 = ORIENTED_EDGE('',*,*,#2528,.F.);
#2528 = EDGE_CURVE('',#24,#2520,#2529,.T.);
#2529 = CIRCLE('',#2530,0.254);
#2530 = AXIS2_PLACEMENT_3D('',#2531,#2532,#2533);
#2531 = CARTESIAN_POINT('',(-6.529792187621,5.49275,-0.254));
#2532 = DIRECTION('',(-0.125,-0.992156741649,9.160163583735E-32));
#2533 = DIRECTION('',(-6.187974228894E-13,7.796114728062E-14,1.));
#2534 = ORIENTED_EDGE('',*,*,#21,.F.);
#2535 = TOROIDAL_SURFACE('',#2536,5.334,0.254);
#2536 = AXIS2_PLACEMENT_3D('',#2537,#2538,#2539);
#2537 = CARTESIAN_POINT('',(-1.237628127664,4.826,-0.254));
#2538 = DIRECTION('',(0.,0.,1.));
#2539 = DIRECTION('',(1.659051693215E-03,0.999998623773,-0.));
#2540 = ADVANCED_FACE('',(#2541),#2553,.T.);
#2541 = FACE_BOUND('',#2542,.T.);
#2542 = EDGE_LOOP('',(#2543,#2544,#2551,#2552));
#2543 = ORIENTED_EDGE('',*,*,#2528,.T.);
#2544 = ORIENTED_EDGE('',*,*,#2545,.T.);
#2545 = EDGE_CURVE('',#2520,#2151,#2546,.T.);
#2546 = CIRCLE('',#2547,0.508);
#2547 = AXIS2_PLACEMENT_3D('',#2548,#2549,#2550);
#2548 = CARTESIAN_POINT('',(-7.285815624758,5.588,-0.254));
#2549 = DIRECTION('',(0.,0.,-1.));
#2550 = DIRECTION('',(0.992156741649,-0.125,0.));
#2551 = ORIENTED_EDGE('',*,*,#2213,.F.);
#2552 = ORIENTED_EDGE('',*,*,#134,.F.);
#2553 = TOROIDAL_SURFACE('',#2554,0.762,0.254);
#2554 = AXIS2_PLACEMENT_3D('',#2555,#2556,#2557);
#2555 = CARTESIAN_POINT('',(-7.285815624758,5.588,-0.254));
#2556 = DIRECTION('',(0.,0.,1.));
#2557 = DIRECTION('',(0.995063559572,-9.923967156094E-02,0.));
#2558 = ADVANCED_FACE('',(#2559),#2578,.F.);
#2559 = FACE_BOUND('',#2560,.F.);
#2560 = EDGE_LOOP('',(#2561,#2562,#2563,#2572));
#2561 = ORIENTED_EDGE('',*,*,#2545,.T.);
#2562 = ORIENTED_EDGE('',*,*,#2199,.T.);
#2563 = ORIENTED_EDGE('',*,*,#2564,.T.);
#2564 = EDGE_CURVE('',#2192,#2565,#2567,.T.);
#2565 = VERTEX_POINT('',#2566);
#2566 = CARTESIAN_POINT('',(-6.7818,5.5245,-14.859));
#2567 = CIRCLE('',#2568,0.508);
#2568 = AXIS2_PLACEMENT_3D('',#2569,#2570,#2571);
#2569 = CARTESIAN_POINT('',(-7.285815624758,5.588,-14.859));
#2570 = DIRECTION('',(0.,0.,1.));
#2571 = DIRECTION('',(0.,-1.,0.));
#2572 = ORIENTED_EDGE('',*,*,#2573,.F.);
#2573 = EDGE_CURVE('',#2520,#2565,#2574,.T.);
#2574 = LINE('',#2575,#2576);
#2575 = CARTESIAN_POINT('',(-6.7818,5.524500000001,-0.254));
#2576 = VECTOR('',#2577,1.);
#2577 = DIRECTION('',(-1.045988963974E-14,-8.319261062306E-14,-1.));
#2578 = CYLINDRICAL_SURFACE('',#2579,0.508);
#2579 = AXIS2_PLACEMENT_3D('',#2580,#2581,#2582);
#2580 = CARTESIAN_POINT('',(-7.285815624758,5.588,0.));
#2581 = DIRECTION('',(0.,0.,1.));
#2582 = DIRECTION('',(1.,0.,-0.));
#2583 = ADVANCED_FACE('',(#2584,#2650),#2822,.F.);
#2584 = FACE_BOUND('',#2585,.F.);
#2585 = EDGE_LOOP('',(#2586,#2596,#2604,#2612,#2620,#2628,#2636,#2644));
#2586 = ORIENTED_EDGE('',*,*,#2587,.T.);
#2587 = EDGE_CURVE('',#2588,#2590,#2592,.T.);
#2588 = VERTEX_POINT('',#2589);
#2589 = CARTESIAN_POINT('',(18.415,6.5151,-14.859));
#2590 = VERTEX_POINT('',#2591);
#2591 = CARTESIAN_POINT('',(18.415,-6.5151,-14.859));
#2592 = LINE('',#2593,#2594);
#2593 = CARTESIAN_POINT('',(18.415,6.5151,-14.859));
#2594 = VECTOR('',#2595,1.);
#2595 = DIRECTION('',(0.,-1.,0.));
#2596 = ORIENTED_EDGE('',*,*,#2597,.T.);
#2597 = EDGE_CURVE('',#2590,#2598,#2600,.T.);
#2598 = VERTEX_POINT('',#2599);
#2599 = CARTESIAN_POINT('',(8.0645,-16.8656,-14.859));
#2600 = LINE('',#2601,#2602);
#2601 = CARTESIAN_POINT('',(18.415,-6.5151,-14.859));
#2602 = VECTOR('',#2603,1.);
#2603 = DIRECTION('',(-0.707106781187,-0.707106781187,0.));
#2604 = ORIENTED_EDGE('',*,*,#2605,.T.);
#2605 = EDGE_CURVE('',#2598,#2606,#2608,.T.);
#2606 = VERTEX_POINT('',#2607);
#2607 = CARTESIAN_POINT('',(-8.0645,-16.8656,-14.859));
#2608 = LINE('',#2609,#2610);
#2609 = CARTESIAN_POINT('',(8.0645,-16.8656,-14.859));
#2610 = VECTOR('',#2611,1.);
#2611 = DIRECTION('',(-1.,0.,0.));
#2612 = ORIENTED_EDGE('',*,*,#2613,.T.);
#2613 = EDGE_CURVE('',#2606,#2614,#2616,.T.);
#2614 = VERTEX_POINT('',#2615);
#2615 = CARTESIAN_POINT('',(-18.415,-6.5151,-14.859));
#2616 = LINE('',#2617,#2618);
#2617 = CARTESIAN_POINT('',(-8.0645,-16.8656,-14.859));
#2618 = VECTOR('',#2619,1.);
#2619 = DIRECTION('',(-0.707106781187,0.707106781187,0.));
#2620 = ORIENTED_EDGE('',*,*,#2621,.T.);
#2621 = EDGE_CURVE('',#2614,#2622,#2624,.T.);
#2622 = VERTEX_POINT('',#2623);
#2623 = CARTESIAN_POINT('',(-18.415,6.5151,-14.859));
#2624 = LINE('',#2625,#2626);
#2625 = CARTESIAN_POINT('',(-18.415,-6.5151,-14.859));
#2626 = VECTOR('',#2627,1.);
#2627 = DIRECTION('',(0.,1.,0.));
#2628 = ORIENTED_EDGE('',*,*,#2629,.T.);
#2629 = EDGE_CURVE('',#2622,#2630,#2632,.T.);
#2630 = VERTEX_POINT('',#2631);
#2631 = CARTESIAN_POINT('',(-8.0645,16.8656,-14.859));
#2632 = LINE('',#2633,#2634);
#2633 = CARTESIAN_POINT('',(-18.415,6.5151,-14.859));
#2634 = VECTOR('',#2635,1.);
#2635 = DIRECTION('',(0.707106781187,0.707106781187,0.));
#2636 = ORIENTED_EDGE('',*,*,#2637,.T.);
#2637 = EDGE_CURVE('',#2630,#2638,#2640,.T.);
#2638 = VERTEX_POINT('',#2639);
#2639 = CARTESIAN_POINT('',(8.0645,16.8656,-14.859));
#2640 = LINE('',#2641,#2642);
#2641 = CARTESIAN_POINT('',(-8.0645,16.8656,-14.859));
#2642 = VECTOR('',#2643,1.);
#2643 = DIRECTION('',(1.,0.,0.));
#2644 = ORIENTED_EDGE('',*,*,#2645,.T.);
#2645 = EDGE_CURVE('',#2638,#2588,#2646,.T.);
#2646 = LINE('',#2647,#2648);
#2647 = CARTESIAN_POINT('',(8.0645,16.8656,-14.859));
#2648 = VECTOR('',#2649,1.);
#2649 = DIRECTION('',(0.707106781187,-0.707106781187,0.));
#2650 = FACE_BOUND('',#2651,.F.);
#2651 = EDGE_LOOP('',(#2652,#2663,#2671,#2680,#2688,#2697,#2705,#2714,
    #2722,#2731,#2739,#2748,#2756,#2765,#2773,#2782,#2790,#2799,#2807,
    #2816));
#2652 = ORIENTED_EDGE('',*,*,#2653,.F.);
#2653 = EDGE_CURVE('',#2654,#2656,#2658,.T.);
#2654 = VERTEX_POINT('',#2655);
#2655 = CARTESIAN_POINT('',(15.494,3.538175326351,-14.859));
#2656 = VERTEX_POINT('',#2657);
#2657 = CARTESIAN_POINT('',(15.494,-3.538175326351,-14.859));
#2658 = CIRCLE('',#2659,3.7592);
#2659 = AXIS2_PLACEMENT_3D('',#2660,#2661,#2662);
#2660 = CARTESIAN_POINT('',(14.224,0.,-14.859));
#2661 = DIRECTION('',(0.,0.,-1.));
#2662 = DIRECTION('',(0.337837837838,0.941204332398,0.));
#2663 = ORIENTED_EDGE('',*,*,#2664,.F.);
#2664 = EDGE_CURVE('',#2665,#2654,#2667,.T.);
#2665 = VERTEX_POINT('',#2666);
#2666 = CARTESIAN_POINT('',(15.494,4.08559,-14.859));
#2667 = LINE('',#2668,#2669);
#2668 = CARTESIAN_POINT('',(15.494,4.08559,-14.859));
#2669 = VECTOR('',#2670,1.);
#2670 = DIRECTION('',(0.,-1.,0.));
#2671 = ORIENTED_EDGE('',*,*,#2672,.F.);
#2672 = EDGE_CURVE('',#2673,#2665,#2675,.T.);
#2673 = VERTEX_POINT('',#2674);
#2674 = CARTESIAN_POINT('',(13.26215367264,9.473743672642,-14.859));
#2675 = CIRCLE('',#2676,7.62);
#2676 = AXIS2_PLACEMENT_3D('',#2677,#2678,#2679);
#2677 = CARTESIAN_POINT('',(7.874,4.08559,-14.859));
#2678 = DIRECTION('',(0.,0.,-1.));
#2679 = DIRECTION('',(0.707106781186,0.707106781187,0.));
#2680 = ORIENTED_EDGE('',*,*,#2681,.F.);
#2681 = EDGE_CURVE('',#2682,#2673,#2684,.T.);
#2682 = VERTEX_POINT('',#2683);
#2683 = CARTESIAN_POINT('',(10.24844367264,12.48745367264,-14.859));
#2684 = LINE('',#2685,#2686);
#2685 = CARTESIAN_POINT('',(10.24844367264,12.48745367264,-14.859));
#2686 = VECTOR('',#2687,1.);
#2687 = DIRECTION('',(0.707106781187,-0.707106781187,0.));
#2688 = ORIENTED_EDGE('',*,*,#2689,.F.);
#2689 = EDGE_CURVE('',#2690,#2682,#2692,.T.);
#2690 = VERTEX_POINT('',#2691);
#2691 = CARTESIAN_POINT('',(4.86029,14.7193,-14.859));
#2692 = CIRCLE('',#2693,7.62);
#2693 = AXIS2_PLACEMENT_3D('',#2694,#2695,#2696);
#2694 = CARTESIAN_POINT('',(4.86029,7.0993,-14.859));
#2695 = DIRECTION('',(0.,0.,-1.));
#2696 = DIRECTION('',(0.,1.,0.));
#2697 = ORIENTED_EDGE('',*,*,#2698,.F.);
#2698 = EDGE_CURVE('',#2699,#2690,#2701,.T.);
#2699 = VERTEX_POINT('',#2700);
#2700 = CARTESIAN_POINT('',(-4.86029,14.7193,-14.859));
#2701 = LINE('',#2702,#2703);
#2702 = CARTESIAN_POINT('',(-4.86029,14.7193,-14.859));
#2703 = VECTOR('',#2704,1.);
#2704 = DIRECTION('',(1.,0.,0.));
#2705 = ORIENTED_EDGE('',*,*,#2706,.F.);
#2706 = EDGE_CURVE('',#2707,#2699,#2709,.T.);
#2707 = VERTEX_POINT('',#2708);
#2708 = CARTESIAN_POINT('',(-10.24844367264,12.48745367264,-14.859));
#2709 = CIRCLE('',#2710,7.62);
#2710 = AXIS2_PLACEMENT_3D('',#2711,#2712,#2713);
#2711 = CARTESIAN_POINT('',(-4.86029,7.0993,-14.859));
#2712 = DIRECTION('',(0.,0.,-1.));
#2713 = DIRECTION('',(-0.707106781187,0.707106781186,0.));
#2714 = ORIENTED_EDGE('',*,*,#2715,.F.);
#2715 = EDGE_CURVE('',#2716,#2707,#2718,.T.);
#2716 = VERTEX_POINT('',#2717);
#2717 = CARTESIAN_POINT('',(-13.26215367264,9.473743672641,-14.859));
#2718 = LINE('',#2719,#2720);
#2719 = CARTESIAN_POINT('',(-13.26215367264,9.473743672641,-14.859));
#2720 = VECTOR('',#2721,1.);
#2721 = DIRECTION('',(0.707106781187,0.707106781187,0.));
#2722 = ORIENTED_EDGE('',*,*,#2723,.F.);
#2723 = EDGE_CURVE('',#2724,#2716,#2726,.T.);
#2724 = VERTEX_POINT('',#2725);
#2725 = CARTESIAN_POINT('',(-15.494,4.08559,-14.859));
#2726 = CIRCLE('',#2727,7.62);
#2727 = AXIS2_PLACEMENT_3D('',#2728,#2729,#2730);
#2728 = CARTESIAN_POINT('',(-7.874,4.08559,-14.859));
#2729 = DIRECTION('',(0.,0.,-1.));
#2730 = DIRECTION('',(-1.,0.,0.));
#2731 = ORIENTED_EDGE('',*,*,#2732,.F.);
#2732 = EDGE_CURVE('',#2733,#2724,#2735,.T.);
#2733 = VERTEX_POINT('',#2734);
#2734 = CARTESIAN_POINT('',(-15.494,3.538175326351,-14.859));
#2735 = LINE('',#2736,#2737);
#2736 = CARTESIAN_POINT('',(-15.494,3.538175326351,-14.859));
#2737 = VECTOR('',#2738,1.);
#2738 = DIRECTION('',(0.,1.,0.));
#2739 = ORIENTED_EDGE('',*,*,#2740,.F.);
#2740 = EDGE_CURVE('',#2741,#2733,#2743,.T.);
#2741 = VERTEX_POINT('',#2742);
#2742 = CARTESIAN_POINT('',(-15.494,-3.538175326351,-14.859));
#2743 = CIRCLE('',#2744,3.7592);
#2744 = AXIS2_PLACEMENT_3D('',#2745,#2746,#2747);
#2745 = CARTESIAN_POINT('',(-14.224,0.,-14.859));
#2746 = DIRECTION('',(0.,0.,-1.));
#2747 = DIRECTION('',(-0.337837837838,-0.941204332398,-0.));
#2748 = ORIENTED_EDGE('',*,*,#2749,.F.);
#2749 = EDGE_CURVE('',#2750,#2741,#2752,.T.);
#2750 = VERTEX_POINT('',#2751);
#2751 = CARTESIAN_POINT('',(-15.494,-4.08559,-14.859));
#2752 = LINE('',#2753,#2754);
#2753 = CARTESIAN_POINT('',(-15.494,-4.08559,-14.859));
#2754 = VECTOR('',#2755,1.);
#2755 = DIRECTION('',(0.,1.,0.));
#2756 = ORIENTED_EDGE('',*,*,#2757,.F.);
#2757 = EDGE_CURVE('',#2758,#2750,#2760,.T.);
#2758 = VERTEX_POINT('',#2759);
#2759 = CARTESIAN_POINT('',(-13.26215367264,-9.473743672641,-14.859));
#2760 = CIRCLE('',#2761,7.62);
#2761 = AXIS2_PLACEMENT_3D('',#2762,#2763,#2764);
#2762 = CARTESIAN_POINT('',(-7.874,-4.08559,-14.859));
#2763 = DIRECTION('',(0.,0.,-1.));
#2764 = DIRECTION('',(-0.707106781187,-0.707106781187,-0.));
#2765 = ORIENTED_EDGE('',*,*,#2766,.F.);
#2766 = EDGE_CURVE('',#2767,#2758,#2769,.T.);
#2767 = VERTEX_POINT('',#2768);
#2768 = CARTESIAN_POINT('',(-10.24844367264,-12.48745367264,-14.859));
#2769 = LINE('',#2770,#2771);
#2770 = CARTESIAN_POINT('',(-10.24844367264,-12.48745367264,-14.859));
#2771 = VECTOR('',#2772,1.);
#2772 = DIRECTION('',(-0.707106781187,0.707106781187,0.));
#2773 = ORIENTED_EDGE('',*,*,#2774,.F.);
#2774 = EDGE_CURVE('',#2775,#2767,#2777,.T.);
#2775 = VERTEX_POINT('',#2776);
#2776 = CARTESIAN_POINT('',(-4.86029,-14.7193,-14.859));
#2777 = CIRCLE('',#2778,7.62);
#2778 = AXIS2_PLACEMENT_3D('',#2779,#2780,#2781);
#2779 = CARTESIAN_POINT('',(-4.86029,-7.0993,-14.859));
#2780 = DIRECTION('',(0.,0.,-1.));
#2781 = DIRECTION('',(0.,-1.,0.));
#2782 = ORIENTED_EDGE('',*,*,#2783,.F.);
#2783 = EDGE_CURVE('',#2784,#2775,#2786,.T.);
#2784 = VERTEX_POINT('',#2785);
#2785 = CARTESIAN_POINT('',(4.86029,-14.7193,-14.859));
#2786 = LINE('',#2787,#2788);
#2787 = CARTESIAN_POINT('',(4.86029,-14.7193,-14.859));
#2788 = VECTOR('',#2789,1.);
#2789 = DIRECTION('',(-1.,0.,0.));
#2790 = ORIENTED_EDGE('',*,*,#2791,.F.);
#2791 = EDGE_CURVE('',#2792,#2784,#2794,.T.);
#2792 = VERTEX_POINT('',#2793);
#2793 = CARTESIAN_POINT('',(10.24844367264,-12.48745367264,-14.859));
#2794 = CIRCLE('',#2795,7.62);
#2795 = AXIS2_PLACEMENT_3D('',#2796,#2797,#2798);
#2796 = CARTESIAN_POINT('',(4.86029,-7.0993,-14.859));
#2797 = DIRECTION('',(0.,0.,-1.));
#2798 = DIRECTION('',(0.707106781187,-0.707106781187,0.));
#2799 = ORIENTED_EDGE('',*,*,#2800,.F.);
#2800 = EDGE_CURVE('',#2801,#2792,#2803,.T.);
#2801 = VERTEX_POINT('',#2802);
#2802 = CARTESIAN_POINT('',(13.26215367264,-9.473743672642,-14.859));
#2803 = LINE('',#2804,#2805);
#2804 = CARTESIAN_POINT('',(13.26215367264,-9.473743672642,-14.859));
#2805 = VECTOR('',#2806,1.);
#2806 = DIRECTION('',(-0.707106781187,-0.707106781187,0.));
#2807 = ORIENTED_EDGE('',*,*,#2808,.F.);
#2808 = EDGE_CURVE('',#2809,#2801,#2811,.T.);
#2809 = VERTEX_POINT('',#2810);
#2810 = CARTESIAN_POINT('',(15.494,-4.08559,-14.859));
#2811 = CIRCLE('',#2812,7.62);
#2812 = AXIS2_PLACEMENT_3D('',#2813,#2814,#2815);
#2813 = CARTESIAN_POINT('',(7.874,-4.08559,-14.859));
#2814 = DIRECTION('',(0.,0.,-1.));
#2815 = DIRECTION('',(1.,0.,0.));
#2816 = ORIENTED_EDGE('',*,*,#2817,.F.);
#2817 = EDGE_CURVE('',#2656,#2809,#2818,.T.);
#2818 = LINE('',#2819,#2820);
#2819 = CARTESIAN_POINT('',(15.494,-3.538175326351,-14.859));
#2820 = VECTOR('',#2821,1.);
#2821 = DIRECTION('',(0.,-1.,0.));
#2822 = PLANE('',#2823);
#2823 = AXIS2_PLACEMENT_3D('',#2824,#2825,#2826);
#2824 = CARTESIAN_POINT('',(0.,0.,-14.859));
#2825 = DIRECTION('',(0.,0.,-1.));
#2826 = DIRECTION('',(0.,-1.,0.));
#2827 = ADVANCED_FACE('',(#2828,#3000),#3105,.F.);
#2828 = FACE_BOUND('',#2829,.F.);
#2829 = EDGE_LOOP('',(#2830,#2841,#2849,#2858,#2866,#2875,#2883,#2892,
    #2900,#2909,#2917,#2926,#2934,#2943,#2951,#2960,#2968,#2977,#2985,
    #2994));
#2830 = ORIENTED_EDGE('',*,*,#2831,.F.);
#2831 = EDGE_CURVE('',#2832,#2834,#2836,.T.);
#2832 = VERTEX_POINT('',#2833);
#2833 = CARTESIAN_POINT('',(12.954,-3.538175326351,-14.859));
#2834 = VERTEX_POINT('',#2835);
#2835 = CARTESIAN_POINT('',(12.954,3.538175326351,-14.859));
#2836 = CIRCLE('',#2837,3.7592);
#2837 = AXIS2_PLACEMENT_3D('',#2838,#2839,#2840);
#2838 = CARTESIAN_POINT('',(14.224,0.,-14.859));
#2839 = DIRECTION('',(0.,0.,-1.));
#2840 = DIRECTION('',(-0.337837837838,-0.941204332398,-0.));
#2841 = ORIENTED_EDGE('',*,*,#2842,.T.);
#2842 = EDGE_CURVE('',#2832,#2843,#2845,.T.);
#2843 = VERTEX_POINT('',#2844);
#2844 = CARTESIAN_POINT('',(12.954,-4.08559,-14.859));
#2845 = LINE('',#2846,#2847);
#2846 = CARTESIAN_POINT('',(12.954,-3.538175326351,-14.859));
#2847 = VECTOR('',#2848,1.);
#2848 = DIRECTION('',(0.,-1.,0.));
#2849 = ORIENTED_EDGE('',*,*,#2850,.T.);
#2850 = EDGE_CURVE('',#2843,#2851,#2853,.T.);
#2851 = VERTEX_POINT('',#2852);
#2852 = CARTESIAN_POINT('',(11.46610244843,-7.677692448428,-14.859));
#2853 = CIRCLE('',#2854,5.08);
#2854 = AXIS2_PLACEMENT_3D('',#2855,#2856,#2857);
#2855 = CARTESIAN_POINT('',(7.874,-4.08559,-14.859));
#2856 = DIRECTION('',(0.,0.,-1.));
#2857 = DIRECTION('',(1.,0.,0.));
#2858 = ORIENTED_EDGE('',*,*,#2859,.T.);
#2859 = EDGE_CURVE('',#2851,#2860,#2862,.T.);
#2860 = VERTEX_POINT('',#2861);
#2861 = CARTESIAN_POINT('',(8.452392448428,-10.69140244843,-14.859));
#2862 = LINE('',#2863,#2864);
#2863 = CARTESIAN_POINT('',(11.46610244843,-7.677692448428,-14.859));
#2864 = VECTOR('',#2865,1.);
#2865 = DIRECTION('',(-0.707106781187,-0.707106781187,0.));
#2866 = ORIENTED_EDGE('',*,*,#2867,.T.);
#2867 = EDGE_CURVE('',#2860,#2868,#2870,.T.);
#2868 = VERTEX_POINT('',#2869);
#2869 = CARTESIAN_POINT('',(4.86029,-12.1793,-14.859));
#2870 = CIRCLE('',#2871,5.08);
#2871 = AXIS2_PLACEMENT_3D('',#2872,#2873,#2874);
#2872 = CARTESIAN_POINT('',(4.86029,-7.0993,-14.859));
#2873 = DIRECTION('',(0.,0.,-1.));
#2874 = DIRECTION('',(0.707106781186,-0.707106781187,0.));
#2875 = ORIENTED_EDGE('',*,*,#2876,.T.);
#2876 = EDGE_CURVE('',#2868,#2877,#2879,.T.);
#2877 = VERTEX_POINT('',#2878);
#2878 = CARTESIAN_POINT('',(-4.86029,-12.1793,-14.859));
#2879 = LINE('',#2880,#2881);
#2880 = CARTESIAN_POINT('',(4.86029,-12.1793,-14.859));
#2881 = VECTOR('',#2882,1.);
#2882 = DIRECTION('',(-1.,0.,0.));
#2883 = ORIENTED_EDGE('',*,*,#2884,.T.);
#2884 = EDGE_CURVE('',#2877,#2885,#2887,.T.);
#2885 = VERTEX_POINT('',#2886);
#2886 = CARTESIAN_POINT('',(-8.452392448428,-10.69140244843,-14.859));
#2887 = CIRCLE('',#2888,5.08);
#2888 = AXIS2_PLACEMENT_3D('',#2889,#2890,#2891);
#2889 = CARTESIAN_POINT('',(-4.86029,-7.0993,-14.859));
#2890 = DIRECTION('',(0.,0.,-1.));
#2891 = DIRECTION('',(2.23792987641E-14,-1.,0.));
#2892 = ORIENTED_EDGE('',*,*,#2893,.T.);
#2893 = EDGE_CURVE('',#2885,#2894,#2896,.T.);
#2894 = VERTEX_POINT('',#2895);
#2895 = CARTESIAN_POINT('',(-11.46610244843,-7.677692448428,-14.859));
#2896 = LINE('',#2897,#2898);
#2897 = CARTESIAN_POINT('',(-8.452392448428,-10.69140244843,-14.859));
#2898 = VECTOR('',#2899,1.);
#2899 = DIRECTION('',(-0.707106781187,0.707106781187,0.));
#2900 = ORIENTED_EDGE('',*,*,#2901,.T.);
#2901 = EDGE_CURVE('',#2894,#2902,#2904,.T.);
#2902 = VERTEX_POINT('',#2903);
#2903 = CARTESIAN_POINT('',(-12.954,-4.08559,-14.859));
#2904 = CIRCLE('',#2905,5.08);
#2905 = AXIS2_PLACEMENT_3D('',#2906,#2907,#2908);
#2906 = CARTESIAN_POINT('',(-7.874,-4.08559,-14.859));
#2907 = DIRECTION('',(0.,0.,-1.));
#2908 = DIRECTION('',(-0.707106781186,-0.707106781187,-0.));
#2909 = ORIENTED_EDGE('',*,*,#2910,.T.);
#2910 = EDGE_CURVE('',#2902,#2911,#2913,.T.);
#2911 = VERTEX_POINT('',#2912);
#2912 = CARTESIAN_POINT('',(-12.954,-3.538175326351,-14.859));
#2913 = LINE('',#2914,#2915);
#2914 = CARTESIAN_POINT('',(-12.954,-4.08559,-14.859));
#2915 = VECTOR('',#2916,1.);
#2916 = DIRECTION('',(0.,1.,0.));
#2917 = ORIENTED_EDGE('',*,*,#2918,.F.);
#2918 = EDGE_CURVE('',#2919,#2911,#2921,.T.);
#2919 = VERTEX_POINT('',#2920);
#2920 = CARTESIAN_POINT('',(-12.954,3.538175326351,-14.859));
#2921 = CIRCLE('',#2922,3.7592);
#2922 = AXIS2_PLACEMENT_3D('',#2923,#2924,#2925);
#2923 = CARTESIAN_POINT('',(-14.224,0.,-14.859));
#2924 = DIRECTION('',(0.,0.,-1.));
#2925 = DIRECTION('',(0.337837837838,0.941204332398,0.));
#2926 = ORIENTED_EDGE('',*,*,#2927,.T.);
#2927 = EDGE_CURVE('',#2919,#2928,#2930,.T.);
#2928 = VERTEX_POINT('',#2929);
#2929 = CARTESIAN_POINT('',(-12.954,4.08559,-14.859));
#2930 = LINE('',#2931,#2932);
#2931 = CARTESIAN_POINT('',(-12.954,3.538175326351,-14.859));
#2932 = VECTOR('',#2933,1.);
#2933 = DIRECTION('',(0.,1.,0.));
#2934 = ORIENTED_EDGE('',*,*,#2935,.T.);
#2935 = EDGE_CURVE('',#2928,#2936,#2938,.T.);
#2936 = VERTEX_POINT('',#2937);
#2937 = CARTESIAN_POINT('',(-11.46610244843,7.677692448428,-14.859));
#2938 = CIRCLE('',#2939,5.08);
#2939 = AXIS2_PLACEMENT_3D('',#2940,#2941,#2942);
#2940 = CARTESIAN_POINT('',(-7.874,4.08559,-14.859));
#2941 = DIRECTION('',(0.,0.,-1.));
#2942 = DIRECTION('',(-1.,0.,0.));
#2943 = ORIENTED_EDGE('',*,*,#2944,.T.);
#2944 = EDGE_CURVE('',#2936,#2945,#2947,.T.);
#2945 = VERTEX_POINT('',#2946);
#2946 = CARTESIAN_POINT('',(-8.452392448428,10.69140244843,-14.859));
#2947 = LINE('',#2948,#2949);
#2948 = CARTESIAN_POINT('',(-11.46610244843,7.677692448428,-14.859));
#2949 = VECTOR('',#2950,1.);
#2950 = DIRECTION('',(0.707106781187,0.707106781187,0.));
#2951 = ORIENTED_EDGE('',*,*,#2952,.T.);
#2952 = EDGE_CURVE('',#2945,#2953,#2955,.T.);
#2953 = VERTEX_POINT('',#2954);
#2954 = CARTESIAN_POINT('',(-4.86029,12.1793,-14.859));
#2955 = CIRCLE('',#2956,5.08);
#2956 = AXIS2_PLACEMENT_3D('',#2957,#2958,#2959);
#2957 = CARTESIAN_POINT('',(-4.86029,7.0993,-14.859));
#2958 = DIRECTION('',(0.,0.,-1.));
#2959 = DIRECTION('',(-0.707106781187,0.707106781187,0.));
#2960 = ORIENTED_EDGE('',*,*,#2961,.T.);
#2961 = EDGE_CURVE('',#2953,#2962,#2964,.T.);
#2962 = VERTEX_POINT('',#2963);
#2963 = CARTESIAN_POINT('',(4.86029,12.1793,-14.859));
#2964 = LINE('',#2965,#2966);
#2965 = CARTESIAN_POINT('',(-4.86029,12.1793,-14.859));
#2966 = VECTOR('',#2967,1.);
#2967 = DIRECTION('',(1.,0.,0.));
#2968 = ORIENTED_EDGE('',*,*,#2969,.T.);
#2969 = EDGE_CURVE('',#2962,#2970,#2972,.T.);
#2970 = VERTEX_POINT('',#2971);
#2971 = CARTESIAN_POINT('',(8.452392448428,10.69140244843,-14.859));
#2972 = CIRCLE('',#2973,5.08);
#2973 = AXIS2_PLACEMENT_3D('',#2974,#2975,#2976);
#2974 = CARTESIAN_POINT('',(4.86029,7.0993,-14.859));
#2975 = DIRECTION('',(0.,0.,-1.));
#2976 = DIRECTION('',(-1.118964938205E-14,1.,0.));
#2977 = ORIENTED_EDGE('',*,*,#2978,.T.);
#2978 = EDGE_CURVE('',#2970,#2979,#2981,.T.);
#2979 = VERTEX_POINT('',#2980);
#2980 = CARTESIAN_POINT('',(11.46610244843,7.677692448428,-14.859));
#2981 = LINE('',#2982,#2983);
#2982 = CARTESIAN_POINT('',(8.452392448428,10.69140244843,-14.859));
#2983 = VECTOR('',#2984,1.);
#2984 = DIRECTION('',(0.707106781187,-0.707106781187,0.));
#2985 = ORIENTED_EDGE('',*,*,#2986,.T.);
#2986 = EDGE_CURVE('',#2979,#2987,#2989,.T.);
#2987 = VERTEX_POINT('',#2988);
#2988 = CARTESIAN_POINT('',(12.954,4.08559,-14.859));
#2989 = CIRCLE('',#2990,5.08);
#2990 = AXIS2_PLACEMENT_3D('',#2991,#2992,#2993);
#2991 = CARTESIAN_POINT('',(7.874,4.08559,-14.859));
#2992 = DIRECTION('',(0.,0.,-1.));
#2993 = DIRECTION('',(0.707106781187,0.707106781186,0.));
#2994 = ORIENTED_EDGE('',*,*,#2995,.T.);
#2995 = EDGE_CURVE('',#2987,#2834,#2996,.T.);
#2996 = LINE('',#2997,#2998);
#2997 = CARTESIAN_POINT('',(12.954,4.08559,-14.859));
#2998 = VECTOR('',#2999,1.);
#2999 = DIRECTION('',(0.,-1.,0.));
#3000 = FACE_BOUND('',#3001,.F.);
#3001 = EDGE_LOOP('',(#3002,#3012,#3021,#3029,#3038,#3046,#3053,#3054,
    #3055,#3064,#3072,#3081,#3089,#3098));
#3002 = ORIENTED_EDGE('',*,*,#3003,.T.);
#3003 = EDGE_CURVE('',#3004,#3006,#3008,.T.);
#3004 = VERTEX_POINT('',#3005);
#3005 = CARTESIAN_POINT('',(-1.237628127664,-10.414,-14.859));
#3006 = VERTEX_POINT('',#3007);
#3007 = CARTESIAN_POINT('',(4.2672,-10.414,-14.859));
#3008 = LINE('',#3009,#3010);
#3009 = CARTESIAN_POINT('',(-1.237628127664,-10.414,-14.859));
#3010 = VECTOR('',#3011,1.);
#3011 = DIRECTION('',(1.,0.,0.));
#3012 = ORIENTED_EDGE('',*,*,#3013,.T.);
#3013 = EDGE_CURVE('',#3006,#3014,#3016,.T.);
#3014 = VERTEX_POINT('',#3015);
#3015 = CARTESIAN_POINT('',(9.8552,-4.826,-14.859));
#3016 = CIRCLE('',#3017,5.588);
#3017 = AXIS2_PLACEMENT_3D('',#3018,#3019,#3020);
#3018 = CARTESIAN_POINT('',(4.2672,-4.826,-14.859));
#3019 = DIRECTION('',(0.,0.,1.));
#3020 = DIRECTION('',(0.,-1.,0.));
#3021 = ORIENTED_EDGE('',*,*,#3022,.T.);
#3022 = EDGE_CURVE('',#3014,#3023,#3025,.T.);
#3023 = VERTEX_POINT('',#3024);
#3024 = CARTESIAN_POINT('',(9.8552,4.826,-14.859));
#3025 = LINE('',#3026,#3027);
#3026 = CARTESIAN_POINT('',(9.8552,-4.826,-14.859));
#3027 = VECTOR('',#3028,1.);
#3028 = DIRECTION('',(0.,1.,0.));
#3029 = ORIENTED_EDGE('',*,*,#3030,.T.);
#3030 = EDGE_CURVE('',#3023,#3031,#3033,.T.);
#3031 = VERTEX_POINT('',#3032);
#3032 = CARTESIAN_POINT('',(4.2672,10.414,-14.859));
#3033 = CIRCLE('',#3034,5.588);
#3034 = AXIS2_PLACEMENT_3D('',#3035,#3036,#3037);
#3035 = CARTESIAN_POINT('',(4.2672,4.826,-14.859));
#3036 = DIRECTION('',(0.,0.,1.));
#3037 = DIRECTION('',(1.,0.,-0.));
#3038 = ORIENTED_EDGE('',*,*,#3039,.T.);
#3039 = EDGE_CURVE('',#3031,#3040,#3042,.T.);
#3040 = VERTEX_POINT('',#3041);
#3041 = CARTESIAN_POINT('',(-1.237628127664,10.414,-14.859));
#3042 = LINE('',#3043,#3044);
#3043 = CARTESIAN_POINT('',(4.2672,10.414,-14.859));
#3044 = VECTOR('',#3045,1.);
#3045 = DIRECTION('',(-1.,0.,0.));
#3046 = ORIENTED_EDGE('',*,*,#3047,.T.);
#3047 = EDGE_CURVE('',#3040,#2565,#3048,.T.);
#3048 = CIRCLE('',#3049,5.588);
#3049 = AXIS2_PLACEMENT_3D('',#3050,#3051,#3052);
#3050 = CARTESIAN_POINT('',(-1.237628127664,4.826,-14.859));
#3051 = DIRECTION('',(0.,-0.,1.));
#3052 = DIRECTION('',(0.,1.,0.));
#3053 = ORIENTED_EDGE('',*,*,#2564,.F.);
#3054 = ORIENTED_EDGE('',*,*,#2191,.T.);
#3055 = ORIENTED_EDGE('',*,*,#3056,.T.);
#3056 = EDGE_CURVE('',#2184,#3057,#3059,.T.);
#3057 = VERTEX_POINT('',#3058);
#3058 = CARTESIAN_POINT('',(-9.8552,3.556,-14.859));
#3059 = CIRCLE('',#3060,1.524);
#3060 = AXIS2_PLACEMENT_3D('',#3061,#3062,#3063);
#3061 = CARTESIAN_POINT('',(-8.3312,3.556,-14.859));
#3062 = DIRECTION('',(0.,-0.,1.));
#3063 = DIRECTION('',(0.,1.,0.));
#3064 = ORIENTED_EDGE('',*,*,#3065,.T.);
#3065 = EDGE_CURVE('',#3057,#3066,#3068,.T.);
#3066 = VERTEX_POINT('',#3067);
#3067 = CARTESIAN_POINT('',(-9.8552,-3.556,-14.859));
#3068 = LINE('',#3069,#3070);
#3069 = CARTESIAN_POINT('',(-9.8552,3.556,-14.859));
#3070 = VECTOR('',#3071,1.);
#3071 = DIRECTION('',(0.,-1.,0.));
#3072 = ORIENTED_EDGE('',*,*,#3073,.T.);
#3073 = EDGE_CURVE('',#3066,#3074,#3076,.T.);
#3074 = VERTEX_POINT('',#3075);
#3075 = CARTESIAN_POINT('',(-8.3312,-5.08,-14.859));
#3076 = CIRCLE('',#3077,1.524);
#3077 = AXIS2_PLACEMENT_3D('',#3078,#3079,#3080);
#3078 = CARTESIAN_POINT('',(-8.3312,-3.556,-14.859));
#3079 = DIRECTION('',(0.,0.,1.));
#3080 = DIRECTION('',(-1.,3.176228600634E-14,0.));
#3081 = ORIENTED_EDGE('',*,*,#3082,.T.);
#3082 = EDGE_CURVE('',#3074,#3083,#3085,.T.);
#3083 = VERTEX_POINT('',#3084);
#3084 = CARTESIAN_POINT('',(-7.285815624758,-5.08,-14.859));
#3085 = LINE('',#3086,#3087);
#3086 = CARTESIAN_POINT('',(-8.3312,-5.08,-14.859));
#3087 = VECTOR('',#3088,1.);
#3088 = DIRECTION('',(1.,0.,0.));
#3089 = ORIENTED_EDGE('',*,*,#3090,.F.);
#3090 = EDGE_CURVE('',#3091,#3083,#3093,.T.);
#3091 = VERTEX_POINT('',#3092);
#3092 = CARTESIAN_POINT('',(-6.7818,-5.5245,-14.859));
#3093 = CIRCLE('',#3094,0.508);
#3094 = AXIS2_PLACEMENT_3D('',#3095,#3096,#3097);
#3095 = CARTESIAN_POINT('',(-7.285815624758,-5.588,-14.859));
#3096 = DIRECTION('',(0.,0.,1.));
#3097 = DIRECTION('',(0.992156741649,0.125,-0.));
#3098 = ORIENTED_EDGE('',*,*,#3099,.T.);
#3099 = EDGE_CURVE('',#3091,#3004,#3100,.T.);
#3100 = CIRCLE('',#3101,5.588);
#3101 = AXIS2_PLACEMENT_3D('',#3102,#3103,#3104);
#3102 = CARTESIAN_POINT('',(-1.237628127664,-4.826,-14.859));
#3103 = DIRECTION('',(0.,0.,1.));
#3104 = DIRECTION('',(-0.992156741649,-0.125,0.));
#3105 = PLANE('',#3106);
#3106 = AXIS2_PLACEMENT_3D('',#3107,#3108,#3109);
#3107 = CARTESIAN_POINT('',(0.,0.,-14.859));
#3108 = DIRECTION('',(0.,0.,-1.));
#3109 = DIRECTION('',(0.,-1.,0.));
#3110 = ADVANCED_FACE('',(#3111),#3127,.T.);
#3111 = FACE_BOUND('',#3112,.F.);
#3112 = EDGE_LOOP('',(#3113,#3114,#3120,#3121));
#3113 = ORIENTED_EDGE('',*,*,#2392,.T.);
#3114 = ORIENTED_EDGE('',*,*,#3115,.T.);
#3115 = EDGE_CURVE('',#2393,#3006,#3116,.T.);
#3116 = LINE('',#3117,#3118);
#3117 = CARTESIAN_POINT('',(4.2672,-10.414,-0.254));
#3118 = VECTOR('',#3119,1.);
#3119 = DIRECTION('',(0.,0.,-1.));
#3120 = ORIENTED_EDGE('',*,*,#3003,.F.);
#3121 = ORIENTED_EDGE('',*,*,#3122,.F.);
#3122 = EDGE_CURVE('',#2367,#3004,#3123,.T.);
#3123 = LINE('',#3124,#3125);
#3124 = CARTESIAN_POINT('',(-1.237628127664,-10.414,-0.254));
#3125 = VECTOR('',#3126,1.);
#3126 = DIRECTION('',(0.,0.,-1.));
#3127 = PLANE('',#3128);
#3128 = AXIS2_PLACEMENT_3D('',#3129,#3130,#3131);
#3129 = CARTESIAN_POINT('',(-1.237628127664,-10.414,0.));
#3130 = DIRECTION('',(0.,-1.,0.));
#3131 = DIRECTION('',(1.,0.,0.));
#3132 = ADVANCED_FACE('',(#3133),#3144,.T.);
#3133 = FACE_BOUND('',#3134,.T.);
#3134 = EDGE_LOOP('',(#3135,#3136,#3137,#3143));
#3135 = ORIENTED_EDGE('',*,*,#3115,.T.);
#3136 = ORIENTED_EDGE('',*,*,#3013,.T.);
#3137 = ORIENTED_EDGE('',*,*,#3138,.F.);
#3138 = EDGE_CURVE('',#2418,#3014,#3139,.T.);
#3139 = LINE('',#3140,#3141);
#3140 = CARTESIAN_POINT('',(9.8552,-4.826,-0.254));
#3141 = VECTOR('',#3142,1.);
#3142 = DIRECTION('',(0.,0.,-1.));
#3143 = ORIENTED_EDGE('',*,*,#2417,.F.);
#3144 = CYLINDRICAL_SURFACE('',#3145,5.588);
#3145 = AXIS2_PLACEMENT_3D('',#3146,#3147,#3148);
#3146 = CARTESIAN_POINT('',(4.2672,-4.826,0.));
#3147 = DIRECTION('',(0.,0.,1.));
#3148 = DIRECTION('',(1.,0.,-0.));
#3149 = ADVANCED_FACE('',(#3150),#3161,.T.);
#3150 = FACE_BOUND('',#3151,.F.);
#3151 = EDGE_LOOP('',(#3152,#3153,#3159,#3160));
#3152 = ORIENTED_EDGE('',*,*,#2443,.T.);
#3153 = ORIENTED_EDGE('',*,*,#3154,.T.);
#3154 = EDGE_CURVE('',#2444,#3023,#3155,.T.);
#3155 = LINE('',#3156,#3157);
#3156 = CARTESIAN_POINT('',(9.8552,4.826,-0.254));
#3157 = VECTOR('',#3158,1.);
#3158 = DIRECTION('',(0.,0.,-1.));
#3159 = ORIENTED_EDGE('',*,*,#3022,.F.);
#3160 = ORIENTED_EDGE('',*,*,#3138,.F.);
#3161 = PLANE('',#3162);
#3162 = AXIS2_PLACEMENT_3D('',#3163,#3164,#3165);
#3163 = CARTESIAN_POINT('',(9.8552,-4.826,0.));
#3164 = DIRECTION('',(1.,0.,0.));
#3165 = DIRECTION('',(-0.,1.,0.));
#3166 = ADVANCED_FACE('',(#3167),#3178,.T.);
#3167 = FACE_BOUND('',#3168,.T.);
#3168 = EDGE_LOOP('',(#3169,#3170,#3171,#3177));
#3169 = ORIENTED_EDGE('',*,*,#3154,.T.);
#3170 = ORIENTED_EDGE('',*,*,#3030,.T.);
#3171 = ORIENTED_EDGE('',*,*,#3172,.F.);
#3172 = EDGE_CURVE('',#2469,#3031,#3173,.T.);
#3173 = LINE('',#3174,#3175);
#3174 = CARTESIAN_POINT('',(4.2672,10.414,-0.254));
#3175 = VECTOR('',#3176,1.);
#3176 = DIRECTION('',(0.,0.,-1.));
#3177 = ORIENTED_EDGE('',*,*,#2468,.F.);
#3178 = CYLINDRICAL_SURFACE('',#3179,5.588);
#3179 = AXIS2_PLACEMENT_3D('',#3180,#3181,#3182);
#3180 = CARTESIAN_POINT('',(4.2672,4.826,0.));
#3181 = DIRECTION('',(0.,0.,1.));
#3182 = DIRECTION('',(1.,0.,-0.));
#3183 = ADVANCED_FACE('',(#3184),#3195,.T.);
#3184 = FACE_BOUND('',#3185,.F.);
#3185 = EDGE_LOOP('',(#3186,#3187,#3193,#3194));
#3186 = ORIENTED_EDGE('',*,*,#2494,.T.);
#3187 = ORIENTED_EDGE('',*,*,#3188,.T.);
#3188 = EDGE_CURVE('',#2495,#3040,#3189,.T.);
#3189 = LINE('',#3190,#3191);
#3190 = CARTESIAN_POINT('',(-1.237628127664,10.414,-0.254));
#3191 = VECTOR('',#3192,1.);
#3192 = DIRECTION('',(0.,0.,-1.));
#3193 = ORIENTED_EDGE('',*,*,#3039,.F.);
#3194 = ORIENTED_EDGE('',*,*,#3172,.F.);
#3195 = PLANE('',#3196);
#3196 = AXIS2_PLACEMENT_3D('',#3197,#3198,#3199);
#3197 = CARTESIAN_POINT('',(4.2672,10.414,0.));
#3198 = DIRECTION('',(0.,1.,0.));
#3199 = DIRECTION('',(-1.,0.,0.));
#3200 = ADVANCED_FACE('',(#3201),#3207,.T.);
#3201 = FACE_BOUND('',#3202,.T.);
#3202 = EDGE_LOOP('',(#3203,#3204,#3205,#3206));
#3203 = ORIENTED_EDGE('',*,*,#3188,.T.);
#3204 = ORIENTED_EDGE('',*,*,#3047,.T.);
#3205 = ORIENTED_EDGE('',*,*,#2573,.F.);
#3206 = ORIENTED_EDGE('',*,*,#2519,.F.);
#3207 = CYLINDRICAL_SURFACE('',#3208,5.588);
#3208 = AXIS2_PLACEMENT_3D('',#3209,#3210,#3211);
#3209 = CARTESIAN_POINT('',(-1.237628127664,4.826,0.));
#3210 = DIRECTION('',(0.,0.,1.));
#3211 = DIRECTION('',(1.,0.,-0.));
#3212 = ADVANCED_FACE('',(#3213),#3224,.T.);
#3213 = FACE_BOUND('',#3214,.T.);
#3214 = EDGE_LOOP('',(#3215,#3221,#3222,#3223));
#3215 = ORIENTED_EDGE('',*,*,#3216,.T.);
#3216 = EDGE_CURVE('',#2341,#3091,#3217,.T.);
#3217 = LINE('',#3218,#3219);
#3218 = CARTESIAN_POINT('',(-6.7818,-5.524500000001,-0.254));
#3219 = VECTOR('',#3220,1.);
#3220 = DIRECTION('',(0.,3.618392055608E-14,-1.));
#3221 = ORIENTED_EDGE('',*,*,#3099,.T.);
#3222 = ORIENTED_EDGE('',*,*,#3122,.F.);
#3223 = ORIENTED_EDGE('',*,*,#2366,.F.);
#3224 = CYLINDRICAL_SURFACE('',#3225,5.588);
#3225 = AXIS2_PLACEMENT_3D('',#3226,#3227,#3228);
#3226 = CARTESIAN_POINT('',(-1.237628127664,-4.826,0.));
#3227 = DIRECTION('',(0.,0.,1.));
#3228 = DIRECTION('',(1.,0.,-0.));
#3229 = ADVANCED_FACE('',(#3230),#3241,.F.);
#3230 = FACE_BOUND('',#3231,.F.);
#3231 = EDGE_LOOP('',(#3232,#3233,#3234,#3235));
#3232 = ORIENTED_EDGE('',*,*,#2340,.T.);
#3233 = ORIENTED_EDGE('',*,*,#3216,.T.);
#3234 = ORIENTED_EDGE('',*,*,#3090,.T.);
#3235 = ORIENTED_EDGE('',*,*,#3236,.F.);
#3236 = EDGE_CURVE('',#2316,#3083,#3237,.T.);
#3237 = LINE('',#3238,#3239);
#3238 = CARTESIAN_POINT('',(-7.285815624759,-5.08,-0.254));
#3239 = VECTOR('',#3240,1.);
#3240 = DIRECTION('',(9.280111389677E-14,0.,-1.));
#3241 = CYLINDRICAL_SURFACE('',#3242,0.508);
#3242 = AXIS2_PLACEMENT_3D('',#3243,#3244,#3245);
#3243 = CARTESIAN_POINT('',(-7.285815624758,-5.588,0.));
#3244 = DIRECTION('',(0.,0.,1.));
#3245 = DIRECTION('',(1.,0.,-0.));
#3246 = ADVANCED_FACE('',(#3247),#3281,.T.);
#3247 = FACE_BOUND('',#3248,.F.);
#3248 = EDGE_LOOP('',(#3249,#3250,#3251,#3252,#3258,#3259,#3267,#3275));
#3249 = ORIENTED_EDGE('',*,*,#2315,.T.);
#3250 = ORIENTED_EDGE('',*,*,#3236,.T.);
#3251 = ORIENTED_EDGE('',*,*,#3082,.F.);
#3252 = ORIENTED_EDGE('',*,*,#3253,.F.);
#3253 = EDGE_CURVE('',#2106,#3074,#3254,.T.);
#3254 = LINE('',#3255,#3256);
#3255 = CARTESIAN_POINT('',(-8.3312,-5.08,-6.6802));
#3256 = VECTOR('',#3257,1.);
#3257 = DIRECTION('',(0.,0.,-1.));
#3258 = ORIENTED_EDGE('',*,*,#2136,.T.);
#3259 = ORIENTED_EDGE('',*,*,#3260,.F.);
#3260 = EDGE_CURVE('',#3261,#2129,#3263,.T.);
#3261 = VERTEX_POINT('',#3262);
#3262 = CARTESIAN_POINT('',(-7.3152,-5.08,-2.1082));
#3263 = LINE('',#3264,#3265);
#3264 = CARTESIAN_POINT('',(-7.3152,-5.08,-2.1082));
#3265 = VECTOR('',#3266,1.);
#3266 = DIRECTION('',(0.,0.,-1.));
#3267 = ORIENTED_EDGE('',*,*,#3268,.F.);
#3268 = EDGE_CURVE('',#3269,#3261,#3271,.T.);
#3269 = VERTEX_POINT('',#3270);
#3270 = CARTESIAN_POINT('',(-8.3312,-5.08,-2.1082));
#3271 = LINE('',#3272,#3273);
#3272 = CARTESIAN_POINT('',(-8.3312,-5.08,-2.1082));
#3273 = VECTOR('',#3274,1.);
#3274 = DIRECTION('',(1.,0.,0.));
#3275 = ORIENTED_EDGE('',*,*,#3276,.F.);
#3276 = EDGE_CURVE('',#2290,#3269,#3277,.T.);
#3277 = LINE('',#3278,#3279);
#3278 = CARTESIAN_POINT('',(-8.3312,-5.08,-0.254));
#3279 = VECTOR('',#3280,1.);
#3280 = DIRECTION('',(-8.622161338907E-14,0.,-1.));
#3281 = PLANE('',#3282);
#3282 = AXIS2_PLACEMENT_3D('',#3283,#3284,#3285);
#3283 = CARTESIAN_POINT('',(-8.3312,-5.08,0.));
#3284 = DIRECTION('',(0.,-1.,0.));
#3285 = DIRECTION('',(1.,0.,0.));
#3286 = ADVANCED_FACE('',(#3287),#3315,.T.);
#3287 = FACE_BOUND('',#3288,.T.);
#3288 = EDGE_LOOP('',(#3289,#3295,#3296,#3297,#3298,#3306,#3313,#3314));
#3289 = ORIENTED_EDGE('',*,*,#3290,.T.);
#3290 = EDGE_CURVE('',#2265,#3066,#3291,.T.);
#3291 = LINE('',#3292,#3293);
#3292 = CARTESIAN_POINT('',(-9.8552,-3.556,-0.254));
#3293 = VECTOR('',#3294,1.);
#3294 = DIRECTION('',(0.,-1.061192291939E-14,-1.));
#3295 = ORIENTED_EDGE('',*,*,#3073,.T.);
#3296 = ORIENTED_EDGE('',*,*,#3253,.F.);
#3297 = ORIENTED_EDGE('',*,*,#2103,.F.);
#3298 = ORIENTED_EDGE('',*,*,#3299,.T.);
#3299 = EDGE_CURVE('',#2104,#3300,#3302,.T.);
#3300 = VERTEX_POINT('',#3301);
#3301 = CARTESIAN_POINT('',(-8.8392,-4.992840979371,-2.1082));
#3302 = LINE('',#3303,#3304);
#3303 = CARTESIAN_POINT('',(-8.8392,-4.992840979371,-6.6802));
#3304 = VECTOR('',#3305,1.);
#3305 = DIRECTION('',(0.,0.,1.));
#3306 = ORIENTED_EDGE('',*,*,#3307,.T.);
#3307 = EDGE_CURVE('',#3300,#3269,#3308,.T.);
#3308 = CIRCLE('',#3309,1.524);
#3309 = AXIS2_PLACEMENT_3D('',#3310,#3311,#3312);
#3310 = CARTESIAN_POINT('',(-8.3312,-3.556,-2.1082));
#3311 = DIRECTION('',(0.,0.,1.));
#3312 = DIRECTION('',(-0.333333333333,-0.942809041582,0.));
#3313 = ORIENTED_EDGE('',*,*,#3276,.F.);
#3314 = ORIENTED_EDGE('',*,*,#2289,.F.);
#3315 = CYLINDRICAL_SURFACE('',#3316,1.524);
#3316 = AXIS2_PLACEMENT_3D('',#3317,#3318,#3319);
#3317 = CARTESIAN_POINT('',(-8.3312,-3.556,0.));
#3318 = DIRECTION('',(0.,0.,1.));
#3319 = DIRECTION('',(1.,0.,-0.));
#3320 = ADVANCED_FACE('',(#3321),#3371,.F.);
#3321 = FACE_BOUND('',#3322,.F.);
#3322 = EDGE_LOOP('',(#3323,#3324,#3333,#3341,#3349,#3357,#3365));
#3323 = ORIENTED_EDGE('',*,*,#2168,.F.);
#3324 = ORIENTED_EDGE('',*,*,#3325,.T.);
#3325 = EDGE_CURVE('',#2161,#3326,#3328,.T.);
#3326 = VERTEX_POINT('',#3327);
#3327 = CARTESIAN_POINT('',(-8.8392,4.992840979371,-2.1082));
#3328 = CIRCLE('',#3329,1.524);
#3329 = AXIS2_PLACEMENT_3D('',#3330,#3331,#3332);
#3330 = CARTESIAN_POINT('',(-8.3312,3.556,-2.1082));
#3331 = DIRECTION('',(0.,-0.,1.));
#3332 = DIRECTION('',(0.,1.,0.));
#3333 = ORIENTED_EDGE('',*,*,#3334,.T.);
#3334 = EDGE_CURVE('',#3326,#3335,#3337,.T.);
#3335 = VERTEX_POINT('',#3336);
#3336 = CARTESIAN_POINT('',(-8.8392,2.6162,-2.1082));
#3337 = LINE('',#3338,#3339);
#3338 = CARTESIAN_POINT('',(-8.8392,4.992840979371,-2.1082));
#3339 = VECTOR('',#3340,1.);
#3340 = DIRECTION('',(0.,-1.,0.));
#3341 = ORIENTED_EDGE('',*,*,#3342,.F.);
#3342 = EDGE_CURVE('',#3343,#3335,#3345,.T.);
#3343 = VERTEX_POINT('',#3344);
#3344 = CARTESIAN_POINT('',(-7.4168,2.6162,-2.1082));
#3345 = LINE('',#3346,#3347);
#3346 = CARTESIAN_POINT('',(-7.4168,2.6162,-2.1082));
#3347 = VECTOR('',#3348,1.);
#3348 = DIRECTION('',(-1.,0.,0.));
#3349 = ORIENTED_EDGE('',*,*,#3350,.F.);
#3350 = EDGE_CURVE('',#3351,#3343,#3353,.T.);
#3351 = VERTEX_POINT('',#3352);
#3352 = CARTESIAN_POINT('',(-7.4168,4.0132,-2.1082));
#3353 = LINE('',#3354,#3355);
#3354 = CARTESIAN_POINT('',(-7.4168,4.0132,-2.1082));
#3355 = VECTOR('',#3356,1.);
#3356 = DIRECTION('',(0.,-1.,0.));
#3357 = ORIENTED_EDGE('',*,*,#3358,.T.);
#3358 = EDGE_CURVE('',#3351,#3359,#3361,.T.);
#3359 = VERTEX_POINT('',#3360);
#3360 = CARTESIAN_POINT('',(-7.3152,4.0132,-2.1082));
#3361 = LINE('',#3362,#3363);
#3362 = CARTESIAN_POINT('',(-7.4168,4.0132,-2.1082));
#3363 = VECTOR('',#3364,1.);
#3364 = DIRECTION('',(1.,0.,0.));
#3365 = ORIENTED_EDGE('',*,*,#3366,.F.);
#3366 = EDGE_CURVE('',#2169,#3359,#3367,.T.);
#3367 = LINE('',#3368,#3369);
#3368 = CARTESIAN_POINT('',(-7.3152,5.08,-2.1082));
#3369 = VECTOR('',#3370,1.);
#3370 = DIRECTION('',(0.,-1.,0.));
#3371 = PLANE('',#3372);
#3372 = AXIS2_PLACEMENT_3D('',#3373,#3374,#3375);
#3373 = CARTESIAN_POINT('',(-8.8392,5.08,-2.1082));
#3374 = DIRECTION('',(0.,0.,1.));
#3375 = DIRECTION('',(1.,0.,-0.));
#3376 = ADVANCED_FACE('',(#3377),#3401,.F.);
#3377 = FACE_BOUND('',#3378,.F.);
#3378 = EDGE_LOOP('',(#3379,#3380,#3381,#3387,#3388,#3394,#3395));
#3379 = ORIENTED_EDGE('',*,*,#3307,.T.);
#3380 = ORIENTED_EDGE('',*,*,#3268,.T.);
#3381 = ORIENTED_EDGE('',*,*,#3382,.F.);
#3382 = EDGE_CURVE('',#1885,#3261,#3383,.T.);
#3383 = LINE('',#3384,#3385);
#3384 = CARTESIAN_POINT('',(-7.3152,-4.0132,-2.1082));
#3385 = VECTOR('',#3386,1.);
#3386 = DIRECTION('',(0.,-1.,0.));
#3387 = ORIENTED_EDGE('',*,*,#1884,.F.);
#3388 = ORIENTED_EDGE('',*,*,#3389,.F.);
#3389 = EDGE_CURVE('',#2017,#1877,#3390,.T.);
#3390 = LINE('',#3391,#3392);
#3391 = CARTESIAN_POINT('',(-7.4168,-2.6162,-2.1082));
#3392 = VECTOR('',#3393,1.);
#3393 = DIRECTION('',(0.,-1.,0.));
#3394 = ORIENTED_EDGE('',*,*,#2016,.F.);
#3395 = ORIENTED_EDGE('',*,*,#3396,.T.);
#3396 = EDGE_CURVE('',#2009,#3300,#3397,.T.);
#3397 = LINE('',#3398,#3399);
#3398 = CARTESIAN_POINT('',(-8.8392,-2.6162,-2.1082));
#3399 = VECTOR('',#3400,1.);
#3400 = DIRECTION('',(0.,-1.,0.));
#3401 = PLANE('',#3402);
#3402 = AXIS2_PLACEMENT_3D('',#3403,#3404,#3405);
#3403 = CARTESIAN_POINT('',(-8.8392,5.08,-2.1082));
#3404 = DIRECTION('',(0.,0.,1.));
#3405 = DIRECTION('',(1.,0.,-0.));
#3406 = ADVANCED_FACE('',(#3407),#3427,.T.);
#3407 = FACE_BOUND('',#3408,.T.);
#3408 = EDGE_LOOP('',(#3409,#3410,#3411,#3417,#3418,#3419,#3420,#3426));
#3409 = ORIENTED_EDGE('',*,*,#2160,.T.);
#3410 = ORIENTED_EDGE('',*,*,#3325,.T.);
#3411 = ORIENTED_EDGE('',*,*,#3412,.F.);
#3412 = EDGE_CURVE('',#2081,#3326,#3413,.T.);
#3413 = LINE('',#3414,#3415);
#3414 = CARTESIAN_POINT('',(-8.8392,4.992840979371,-6.6802));
#3415 = VECTOR('',#3416,1.);
#3416 = DIRECTION('',(0.,0.,1.));
#3417 = ORIENTED_EDGE('',*,*,#2088,.F.);
#3418 = ORIENTED_EDGE('',*,*,#2183,.T.);
#3419 = ORIENTED_EDGE('',*,*,#3056,.T.);
#3420 = ORIENTED_EDGE('',*,*,#3421,.F.);
#3421 = EDGE_CURVE('',#2239,#3057,#3422,.T.);
#3422 = LINE('',#3423,#3424);
#3423 = CARTESIAN_POINT('',(-9.8552,3.556,-0.254));
#3424 = VECTOR('',#3425,1.);
#3425 = DIRECTION('',(0.,0.,-1.));
#3426 = ORIENTED_EDGE('',*,*,#2238,.F.);
#3427 = CYLINDRICAL_SURFACE('',#3428,1.524);
#3428 = AXIS2_PLACEMENT_3D('',#3429,#3430,#3431);
#3429 = CARTESIAN_POINT('',(-8.3312,3.556,0.));
#3430 = DIRECTION('',(0.,0.,1.));
#3431 = DIRECTION('',(1.,0.,-0.));
#3432 = ADVANCED_FACE('',(#3433),#3439,.T.);
#3433 = FACE_BOUND('',#3434,.F.);
#3434 = EDGE_LOOP('',(#3435,#3436,#3437,#3438));
#3435 = ORIENTED_EDGE('',*,*,#2264,.T.);
#3436 = ORIENTED_EDGE('',*,*,#3290,.T.);
#3437 = ORIENTED_EDGE('',*,*,#3065,.F.);
#3438 = ORIENTED_EDGE('',*,*,#3421,.F.);
#3439 = PLANE('',#3440);
#3440 = AXIS2_PLACEMENT_3D('',#3441,#3442,#3443);
#3441 = CARTESIAN_POINT('',(-9.8552,3.556,0.));
#3442 = DIRECTION('',(-1.,0.,0.));
#3443 = DIRECTION('',(0.,-1.,0.));
#3444 = ADVANCED_FACE('',(#3445),#3476,.F.);
#3445 = FACE_BOUND('',#3446,.F.);
#3446 = EDGE_LOOP('',(#3447,#3448,#3449,#3450,#3451,#3452,#3453,#3459,
    #3460,#3461,#3462,#3470));
#3447 = ORIENTED_EDGE('',*,*,#1976,.F.);
#3448 = ORIENTED_EDGE('',*,*,#2114,.T.);
#3449 = ORIENTED_EDGE('',*,*,#3299,.T.);
#3450 = ORIENTED_EDGE('',*,*,#3396,.F.);
#3451 = ORIENTED_EDGE('',*,*,#2008,.F.);
#3452 = ORIENTED_EDGE('',*,*,#183,.F.);
#3453 = ORIENTED_EDGE('',*,*,#3454,.T.);
#3454 = EDGE_CURVE('',#176,#3335,#3455,.T.);
#3455 = LINE('',#3456,#3457);
#3456 = CARTESIAN_POINT('',(-8.8392,2.6162,0.));
#3457 = VECTOR('',#3458,1.);
#3458 = DIRECTION('',(0.,0.,-1.));
#3459 = ORIENTED_EDGE('',*,*,#3334,.F.);
#3460 = ORIENTED_EDGE('',*,*,#3412,.F.);
#3461 = ORIENTED_EDGE('',*,*,#2080,.T.);
#3462 = ORIENTED_EDGE('',*,*,#3463,.T.);
#3463 = EDGE_CURVE('',#2073,#3464,#3466,.T.);
#3464 = VERTEX_POINT('',#3465);
#3465 = CARTESIAN_POINT('',(-8.8392,2.6162,-13.081));
#3466 = LINE('',#3467,#3468);
#3467 = CARTESIAN_POINT('',(-8.8392,2.6162,-6.6802));
#3468 = VECTOR('',#3469,1.);
#3469 = DIRECTION('',(0.,0.,-1.));
#3470 = ORIENTED_EDGE('',*,*,#3471,.F.);
#3471 = EDGE_CURVE('',#1977,#3464,#3472,.T.);
#3472 = LINE('',#3473,#3474);
#3473 = CARTESIAN_POINT('',(-8.8392,-2.6162,-13.081));
#3474 = VECTOR('',#3475,1.);
#3475 = DIRECTION('',(0.,1.,0.));
#3476 = PLANE('',#3477);
#3477 = AXIS2_PLACEMENT_3D('',#3478,#3479,#3480);
#3478 = CARTESIAN_POINT('',(-8.8392,2.6162,0.));
#3479 = DIRECTION('',(-1.,0.,0.));
#3480 = DIRECTION('',(0.,-1.,0.));
#3481 = ADVANCED_FACE('',(#3482),#3500,.F.);
#3482 = FACE_BOUND('',#3483,.F.);
#3483 = EDGE_LOOP('',(#3484,#3485,#3493,#3499));
#3484 = ORIENTED_EDGE('',*,*,#2072,.F.);
#3485 = ORIENTED_EDGE('',*,*,#3486,.T.);
#3486 = EDGE_CURVE('',#2065,#3487,#3489,.T.);
#3487 = VERTEX_POINT('',#3488);
#3488 = CARTESIAN_POINT('',(-7.4168,2.6162,-13.081));
#3489 = LINE('',#3490,#3491);
#3490 = CARTESIAN_POINT('',(-7.4168,2.6162,-6.6802));
#3491 = VECTOR('',#3492,1.);
#3492 = DIRECTION('',(0.,0.,-1.));
#3493 = ORIENTED_EDGE('',*,*,#3494,.F.);
#3494 = EDGE_CURVE('',#3464,#3487,#3495,.T.);
#3495 = LINE('',#3496,#3497);
#3496 = CARTESIAN_POINT('',(-8.8392,2.6162,-13.081));
#3497 = VECTOR('',#3498,1.);
#3498 = DIRECTION('',(1.,0.,0.));
#3499 = ORIENTED_EDGE('',*,*,#3463,.F.);
#3500 = PLANE('',#3501);
#3501 = AXIS2_PLACEMENT_3D('',#3502,#3503,#3504);
#3502 = CARTESIAN_POINT('',(-7.4168,2.6162,0.));
#3503 = DIRECTION('',(0.,1.,0.));
#3504 = DIRECTION('',(-1.,0.,0.));
#3505 = ADVANCED_FACE('',(#3506),#3525,.F.);
#3506 = FACE_BOUND('',#3507,.F.);
#3507 = EDGE_LOOP('',(#3508,#3516,#3522,#3523,#3524));
#3508 = ORIENTED_EDGE('',*,*,#3509,.F.);
#3509 = EDGE_CURVE('',#3510,#168,#3512,.T.);
#3510 = VERTEX_POINT('',#3511);
#3511 = CARTESIAN_POINT('',(-7.4168,2.6162,-1.016));
#3512 = LINE('',#3513,#3514);
#3513 = CARTESIAN_POINT('',(-7.4168,2.6162,-1.016));
#3514 = VECTOR('',#3515,1.);
#3515 = DIRECTION('',(-0.5,0.,0.866025403784));
#3516 = ORIENTED_EDGE('',*,*,#3517,.T.);
#3517 = EDGE_CURVE('',#3510,#3343,#3518,.T.);
#3518 = LINE('',#3519,#3520);
#3519 = CARTESIAN_POINT('',(-7.4168,2.6162,-1.016));
#3520 = VECTOR('',#3521,1.);
#3521 = DIRECTION('',(0.,0.,-1.));
#3522 = ORIENTED_EDGE('',*,*,#3342,.T.);
#3523 = ORIENTED_EDGE('',*,*,#3454,.F.);
#3524 = ORIENTED_EDGE('',*,*,#175,.F.);
#3525 = PLANE('',#3526);
#3526 = AXIS2_PLACEMENT_3D('',#3527,#3528,#3529);
#3527 = CARTESIAN_POINT('',(-7.4168,2.6162,0.));
#3528 = DIRECTION('',(0.,1.,0.));
#3529 = DIRECTION('',(-1.,0.,0.));
#3530 = ADVANCED_FACE('',(#3531),#3549,.F.);
#3531 = FACE_BOUND('',#3532,.F.);
#3532 = EDGE_LOOP('',(#3533,#3534,#3542,#3548));
#3533 = ORIENTED_EDGE('',*,*,#2064,.F.);
#3534 = ORIENTED_EDGE('',*,*,#3535,.T.);
#3535 = EDGE_CURVE('',#2057,#3536,#3538,.T.);
#3536 = VERTEX_POINT('',#3537);
#3537 = CARTESIAN_POINT('',(-7.4168,4.0132,-13.081));
#3538 = LINE('',#3539,#3540);
#3539 = CARTESIAN_POINT('',(-7.4168,4.0132,-6.6802));
#3540 = VECTOR('',#3541,1.);
#3541 = DIRECTION('',(0.,0.,-1.));
#3542 = ORIENTED_EDGE('',*,*,#3543,.F.);
#3543 = EDGE_CURVE('',#3487,#3536,#3544,.T.);
#3544 = LINE('',#3545,#3546);
#3545 = CARTESIAN_POINT('',(-7.4168,2.6162,-13.081));
#3546 = VECTOR('',#3547,1.);
#3547 = DIRECTION('',(0.,1.,0.));
#3548 = ORIENTED_EDGE('',*,*,#3486,.F.);
#3549 = PLANE('',#3550);
#3550 = AXIS2_PLACEMENT_3D('',#3551,#3552,#3553);
#3551 = CARTESIAN_POINT('',(-7.4168,4.0132,0.));
#3552 = DIRECTION('',(-1.,0.,0.));
#3553 = DIRECTION('',(0.,-1.,0.));
#3554 = ADVANCED_FACE('',(#3555),#3573,.F.);
#3555 = FACE_BOUND('',#3556,.F.);
#3556 = EDGE_LOOP('',(#3557,#3565,#3571,#3572));
#3557 = ORIENTED_EDGE('',*,*,#3558,.T.);
#3558 = EDGE_CURVE('',#3510,#3559,#3561,.T.);
#3559 = VERTEX_POINT('',#3560);
#3560 = CARTESIAN_POINT('',(-7.4168,4.0132,-1.016));
#3561 = LINE('',#3562,#3563);
#3562 = CARTESIAN_POINT('',(-7.4168,2.6162,-1.016));
#3563 = VECTOR('',#3564,1.);
#3564 = DIRECTION('',(0.,1.,0.));
#3565 = ORIENTED_EDGE('',*,*,#3566,.T.);
#3566 = EDGE_CURVE('',#3559,#3351,#3567,.T.);
#3567 = LINE('',#3568,#3569);
#3568 = CARTESIAN_POINT('',(-7.4168,4.0132,-1.016));
#3569 = VECTOR('',#3570,1.);
#3570 = DIRECTION('',(0.,0.,-1.));
#3571 = ORIENTED_EDGE('',*,*,#3350,.T.);
#3572 = ORIENTED_EDGE('',*,*,#3517,.F.);
#3573 = PLANE('',#3574);
#3574 = AXIS2_PLACEMENT_3D('',#3575,#3576,#3577);
#3575 = CARTESIAN_POINT('',(-7.4168,4.0132,0.));
#3576 = DIRECTION('',(-1.,0.,0.));
#3577 = DIRECTION('',(0.,-1.,0.));
#3578 = ADVANCED_FACE('',(#3579),#3611,.F.);
#3579 = FACE_BOUND('',#3580,.F.);
#3580 = EDGE_LOOP('',(#3581,#3587,#3593,#3594,#3595,#3601,#3602,#3603,
    #3609,#3610));
#3581 = ORIENTED_EDGE('',*,*,#3582,.F.);
#3582 = EDGE_CURVE('',#1735,#312,#3583,.T.);
#3583 = LINE('',#3584,#3585);
#3584 = CARTESIAN_POINT('',(-6.019811973082,4.013200000141,
    -13.08099975323));
#3585 = VECTOR('',#3586,1.);
#3586 = DIRECTION('',(-9.709283880492E-03,-1.182400265945E-11,
    0.999952863792));
#3587 = ORIENTED_EDGE('',*,*,#3588,.F.);
#3588 = EDGE_CURVE('',#3536,#1735,#3589,.T.);
#3589 = LINE('',#3590,#3591);
#3590 = CARTESIAN_POINT('',(-7.4168,4.0132,-13.081));
#3591 = VECTOR('',#3592,1.);
#3592 = DIRECTION('',(1.,1.009505758957E-10,1.766446213077E-07));
#3593 = ORIENTED_EDGE('',*,*,#3535,.F.);
#3594 = ORIENTED_EDGE('',*,*,#2056,.T.);
#3595 = ORIENTED_EDGE('',*,*,#3596,.F.);
#3596 = EDGE_CURVE('',#3359,#2049,#3597,.T.);
#3597 = LINE('',#3598,#3599);
#3598 = CARTESIAN_POINT('',(-7.3152,4.0132,-2.1082));
#3599 = VECTOR('',#3600,1.);
#3600 = DIRECTION('',(0.,0.,-1.));
#3601 = ORIENTED_EDGE('',*,*,#3358,.F.);
#3602 = ORIENTED_EDGE('',*,*,#3566,.F.);
#3603 = ORIENTED_EDGE('',*,*,#3604,.F.);
#3604 = EDGE_CURVE('',#160,#3559,#3605,.T.);
#3605 = LINE('',#3606,#3607);
#3606 = CARTESIAN_POINT('',(-8.003387873497,4.0132,0.));
#3607 = VECTOR('',#3608,1.);
#3608 = DIRECTION('',(0.5,0.,-0.866025403784));
#3609 = ORIENTED_EDGE('',*,*,#159,.T.);
#3610 = ORIENTED_EDGE('',*,*,#311,.F.);
#3611 = PLANE('',#3612);
#3612 = AXIS2_PLACEMENT_3D('',#3613,#3614,#3615);
#3613 = CARTESIAN_POINT('',(-5.5118,4.0132,0.));
#3614 = DIRECTION('',(0.,1.,0.));
#3615 = DIRECTION('',(-1.,0.,0.));
#3616 = ADVANCED_FACE('',(#3617),#3629,.T.);
#3617 = FACE_BOUND('',#3618,.T.);
#3618 = EDGE_LOOP('',(#3619,#3620,#3621,#3622,#3623));
#3619 = ORIENTED_EDGE('',*,*,#319,.T.);
#3620 = ORIENTED_EDGE('',*,*,#3582,.F.);
#3621 = ORIENTED_EDGE('',*,*,#1734,.T.);
#3622 = ORIENTED_EDGE('',*,*,#1596,.T.);
#3623 = ORIENTED_EDGE('',*,*,#3624,.T.);
#3624 = EDGE_CURVE('',#1597,#320,#3625,.T.);
#3625 = LINE('',#3626,#3627);
#3626 = CARTESIAN_POINT('',(-5.5118,4.5212,-13.081));
#3627 = VECTOR('',#3628,1.);
#3628 = DIRECTION('',(-9.708280325593E-03,0.,0.999952873536));
#3629 = CYLINDRICAL_SURFACE('',#3630,0.508);
#3630 = AXIS2_PLACEMENT_3D('',#3631,#3632,#3633);
#3631 = CARTESIAN_POINT('',(-5.467977622925,4.5212,-69.9211708));
#3632 = DIRECTION('',(-9.708280325593E-03,0.,0.999952873536));
#3633 = DIRECTION('',(0.,-1.,0.));
#3634 = ADVANCED_FACE('',(#3635),#3646,.F.);
#3635 = FACE_BOUND('',#3636,.F.);
#3636 = EDGE_LOOP('',(#3637,#3638,#3639,#3645));
#3637 = ORIENTED_EDGE('',*,*,#3624,.T.);
#3638 = ORIENTED_EDGE('',*,*,#367,.F.);
#3639 = ORIENTED_EDGE('',*,*,#3640,.T.);
#3640 = EDGE_CURVE('',#360,#1651,#3641,.T.);
#3641 = LINE('',#3642,#3643);
#3642 = CARTESIAN_POINT('',(-5.62893592233,4.826,-1.016));
#3643 = VECTOR('',#3644,1.);
#3644 = DIRECTION('',(9.708280325593E-03,0.,-0.999952873536));
#3645 = ORIENTED_EDGE('',*,*,#1650,.T.);
#3646 = PLANE('',#3647);
#3647 = AXIS2_PLACEMENT_3D('',#3648,#3649,#3650);
#3648 = CARTESIAN_POINT('',(-5.62893592233,4.826,-1.016));
#3649 = DIRECTION('',(-0.999952873536,0.,-9.708280325593E-03));
#3650 = DIRECTION('',(9.708280325593E-03,0.,-0.999952873536));
#3651 = ADVANCED_FACE('',(#3652),#3658,.F.);
#3652 = FACE_BOUND('',#3653,.F.);
#3653 = EDGE_LOOP('',(#3654,#3655,#3656,#3657));
#3654 = ORIENTED_EDGE('',*,*,#1838,.T.);
#3655 = ORIENTED_EDGE('',*,*,#1666,.T.);
#3656 = ORIENTED_EDGE('',*,*,#595,.F.);
#3657 = ORIENTED_EDGE('',*,*,#389,.F.);
#3658 = PLANE('',#3659);
#3659 = AXIS2_PLACEMENT_3D('',#3660,#3661,#3662);
#3660 = CARTESIAN_POINT('',(-5.62893592233,4.826,-1.016));
#3661 = DIRECTION('',(-0.999952873536,0.,-9.708280325593E-03));
#3662 = DIRECTION('',(9.708280325593E-03,0.,-0.999952873536));
#3663 = ADVANCED_FACE('',(#3664),#3683,.F.);
#3664 = FACE_BOUND('',#3665,.F.);
#3665 = EDGE_LOOP('',(#3666,#3675,#3676,#3677));
#3666 = ORIENTED_EDGE('',*,*,#3667,.T.);
#3667 = EDGE_CURVE('',#3668,#1651,#3670,.T.);
#3668 = VERTEX_POINT('',#3669);
#3669 = CARTESIAN_POINT('',(-1.1938,9.144,-13.081));
#3670 = CIRCLE('',#3671,4.318);
#3671 = AXIS2_PLACEMENT_3D('',#3672,#3673,#3674);
#3672 = CARTESIAN_POINT('',(-1.1938,4.826,-13.081));
#3673 = DIRECTION('',(0.,-0.,1.));
#3674 = DIRECTION('',(0.,1.,0.));
#3675 = ORIENTED_EDGE('',*,*,#3640,.F.);
#3676 = ORIENTED_EDGE('',*,*,#421,.F.);
#3677 = ORIENTED_EDGE('',*,*,#3678,.T.);
#3678 = EDGE_CURVE('',#414,#3668,#3679,.T.);
#3679 = LINE('',#3680,#3681);
#3680 = CARTESIAN_POINT('',(-1.1938,9.26113592233,-1.016));
#3681 = VECTOR('',#3682,1.);
#3682 = DIRECTION('',(0.,-9.708280325593E-03,-0.999952873536));
#3683 = CONICAL_SURFACE('',#3684,4.376567961165,9.708432834108E-03);
#3684 = AXIS2_PLACEMENT_3D('',#3685,#3686,#3687);
#3685 = CARTESIAN_POINT('',(-1.1938,4.826,-7.0485));
#3686 = DIRECTION('',(0.,0.,1.));
#3687 = DIRECTION('',(0.,-1.,0.));
#3688 = ADVANCED_FACE('',(#3689),#3708,.F.);
#3689 = FACE_BOUND('',#3690,.F.);
#3690 = EDGE_LOOP('',(#3691,#3700,#3701,#3702));
#3691 = ORIENTED_EDGE('',*,*,#3692,.F.);
#3692 = EDGE_CURVE('',#1564,#3693,#3695,.T.);
#3693 = VERTEX_POINT('',#3694);
#3694 = CARTESIAN_POINT('',(-1.1938,9.144,-19.6088));
#3695 = CIRCLE('',#3696,4.318);
#3696 = AXIS2_PLACEMENT_3D('',#3697,#3698,#3699);
#3697 = CARTESIAN_POINT('',(-1.1938,4.826,-19.6088));
#3698 = DIRECTION('',(0.,0.,-1.));
#3699 = DIRECTION('',(-1.,0.,0.));
#3700 = ORIENTED_EDGE('',*,*,#1658,.F.);
#3701 = ORIENTED_EDGE('',*,*,#3667,.F.);
#3702 = ORIENTED_EDGE('',*,*,#3703,.T.);
#3703 = EDGE_CURVE('',#3668,#3693,#3704,.T.);
#3704 = LINE('',#3705,#3706);
#3705 = CARTESIAN_POINT('',(-1.1938,9.144,-13.081));
#3706 = VECTOR('',#3707,1.);
#3707 = DIRECTION('',(0.,0.,-1.));
#3708 = CYLINDRICAL_SURFACE('',#3709,4.318);
#3709 = AXIS2_PLACEMENT_3D('',#3710,#3711,#3712);
#3710 = CARTESIAN_POINT('',(-1.1938,4.826,0.));
#3711 = DIRECTION('',(0.,0.,1.));
#3712 = DIRECTION('',(0.,1.,0.));
#3713 = ADVANCED_FACE('',(#3714),#3726,.F.);
#3714 = FACE_BOUND('',#3715,.F.);
#3715 = EDGE_LOOP('',(#3716,#3717,#3718,#3719));
#3716 = ORIENTED_EDGE('',*,*,#683,.F.);
#3717 = ORIENTED_EDGE('',*,*,#1571,.T.);
#3718 = ORIENTED_EDGE('',*,*,#3692,.T.);
#3719 = ORIENTED_EDGE('',*,*,#3720,.F.);
#3720 = EDGE_CURVE('',#684,#3693,#3721,.T.);
#3721 = CIRCLE('',#3722,0.2032);
#3722 = AXIS2_PLACEMENT_3D('',#3723,#3724,#3725);
#3723 = CARTESIAN_POINT('',(-1.1938,8.9408,-19.6088));
#3724 = DIRECTION('',(1.,0.,0.));
#3725 = DIRECTION('',(0.,0.,-1.));
#3726 = TOROIDAL_SURFACE('',#3727,4.1148,0.2032);
#3727 = AXIS2_PLACEMENT_3D('',#3728,#3729,#3730);
#3728 = CARTESIAN_POINT('',(-1.1938,4.826,-19.6088));
#3729 = DIRECTION('',(0.,0.,1.));
#3730 = DIRECTION('',(-0.999995348919,-3.049941103527E-03,0.));
#3731 = ADVANCED_FACE('',(#3732),#3751,.F.);
#3732 = FACE_BOUND('',#3733,.F.);
#3733 = EDGE_LOOP('',(#3734,#3735,#3736,#3744));
#3734 = ORIENTED_EDGE('',*,*,#692,.F.);
#3735 = ORIENTED_EDGE('',*,*,#3720,.T.);
#3736 = ORIENTED_EDGE('',*,*,#3737,.T.);
#3737 = EDGE_CURVE('',#3693,#3738,#3740,.T.);
#3738 = VERTEX_POINT('',#3739);
#3739 = CARTESIAN_POINT('',(4.2672,9.144,-19.6088));
#3740 = LINE('',#3741,#3742);
#3741 = CARTESIAN_POINT('',(-1.1938,9.144,-19.6088));
#3742 = VECTOR('',#3743,1.);
#3743 = DIRECTION('',(1.,0.,0.));
#3744 = ORIENTED_EDGE('',*,*,#3745,.F.);
#3745 = EDGE_CURVE('',#693,#3738,#3746,.T.);
#3746 = CIRCLE('',#3747,0.2032);
#3747 = AXIS2_PLACEMENT_3D('',#3748,#3749,#3750);
#3748 = CARTESIAN_POINT('',(4.2672,8.9408,-19.6088));
#3749 = DIRECTION('',(1.,0.,0.));
#3750 = DIRECTION('',(0.,0.,-1.));
#3751 = CYLINDRICAL_SURFACE('',#3752,0.2032);
#3752 = AXIS2_PLACEMENT_3D('',#3753,#3754,#3755);
#3753 = CARTESIAN_POINT('',(-1.206969666103,8.9408,-19.6088));
#3754 = DIRECTION('',(1.,0.,0.));
#3755 = DIRECTION('',(0.,0.,-1.));
#3756 = ADVANCED_FACE('',(#3757),#3775,.F.);
#3757 = FACE_BOUND('',#3758,.F.);
#3758 = EDGE_LOOP('',(#3759,#3760,#3761,#3769));
#3759 = ORIENTED_EDGE('',*,*,#3737,.F.);
#3760 = ORIENTED_EDGE('',*,*,#3703,.F.);
#3761 = ORIENTED_EDGE('',*,*,#3762,.F.);
#3762 = EDGE_CURVE('',#3763,#3668,#3765,.T.);
#3763 = VERTEX_POINT('',#3764);
#3764 = CARTESIAN_POINT('',(4.2672,9.144,-13.081));
#3765 = LINE('',#3766,#3767);
#3766 = CARTESIAN_POINT('',(4.2672,9.144,-13.081));
#3767 = VECTOR('',#3768,1.);
#3768 = DIRECTION('',(-1.,0.,0.));
#3769 = ORIENTED_EDGE('',*,*,#3770,.T.);
#3770 = EDGE_CURVE('',#3763,#3738,#3771,.T.);
#3771 = LINE('',#3772,#3773);
#3772 = CARTESIAN_POINT('',(4.2672,9.144,-13.081));
#3773 = VECTOR('',#3774,1.);
#3774 = DIRECTION('',(0.,0.,-1.));
#3775 = PLANE('',#3776);
#3776 = AXIS2_PLACEMENT_3D('',#3777,#3778,#3779);
#3777 = CARTESIAN_POINT('',(4.2672,9.144,0.));
#3778 = DIRECTION('',(0.,1.,0.));
#3779 = DIRECTION('',(-1.,0.,0.));
#3780 = ADVANCED_FACE('',(#3781),#3792,.F.);
#3781 = FACE_BOUND('',#3782,.F.);
#3782 = EDGE_LOOP('',(#3783,#3784,#3785,#3786));
#3783 = ORIENTED_EDGE('',*,*,#3762,.T.);
#3784 = ORIENTED_EDGE('',*,*,#3678,.F.);
#3785 = ORIENTED_EDGE('',*,*,#446,.F.);
#3786 = ORIENTED_EDGE('',*,*,#3787,.T.);
#3787 = EDGE_CURVE('',#439,#3763,#3788,.T.);
#3788 = LINE('',#3789,#3790);
#3789 = CARTESIAN_POINT('',(4.2672,9.26113592233,-1.016));
#3790 = VECTOR('',#3791,1.);
#3791 = DIRECTION('',(0.,-9.708280325593E-03,-0.999952873536));
#3792 = PLANE('',#3793);
#3793 = AXIS2_PLACEMENT_3D('',#3794,#3795,#3796);
#3794 = CARTESIAN_POINT('',(4.2672,9.26113592233,-1.016));
#3795 = DIRECTION('',(0.,0.999952873536,-9.708280325593E-03));
#3796 = DIRECTION('',(0.,-9.708280325593E-03,-0.999952873536));
#3797 = ADVANCED_FACE('',(#3798),#3817,.F.);
#3798 = FACE_BOUND('',#3799,.F.);
#3799 = EDGE_LOOP('',(#3800,#3809,#3810,#3811));
#3800 = ORIENTED_EDGE('',*,*,#3801,.T.);
#3801 = EDGE_CURVE('',#3802,#3763,#3804,.T.);
#3802 = VERTEX_POINT('',#3803);
#3803 = CARTESIAN_POINT('',(8.5852,4.826,-13.081));
#3804 = CIRCLE('',#3805,4.318);
#3805 = AXIS2_PLACEMENT_3D('',#3806,#3807,#3808);
#3806 = CARTESIAN_POINT('',(4.2672,4.826,-13.081));
#3807 = DIRECTION('',(0.,0.,1.));
#3808 = DIRECTION('',(1.,0.,-0.));
#3809 = ORIENTED_EDGE('',*,*,#3787,.F.);
#3810 = ORIENTED_EDGE('',*,*,#470,.F.);
#3811 = ORIENTED_EDGE('',*,*,#3812,.T.);
#3812 = EDGE_CURVE('',#463,#3802,#3813,.T.);
#3813 = LINE('',#3814,#3815);
#3814 = CARTESIAN_POINT('',(8.70233592233,4.826,-1.016));
#3815 = VECTOR('',#3816,1.);
#3816 = DIRECTION('',(-9.708280325593E-03,0.,-0.999952873536));
#3817 = CONICAL_SURFACE('',#3818,4.376567961165,9.708432834108E-03);
#3818 = AXIS2_PLACEMENT_3D('',#3819,#3820,#3821);
#3819 = CARTESIAN_POINT('',(4.2672,4.826,-7.0485));
#3820 = DIRECTION('',(0.,0.,1.));
#3821 = DIRECTION('',(-1.,0.,0.));
#3822 = ADVANCED_FACE('',(#3823),#3842,.F.);
#3823 = FACE_BOUND('',#3824,.F.);
#3824 = EDGE_LOOP('',(#3825,#3834,#3835,#3836));
#3825 = ORIENTED_EDGE('',*,*,#3826,.F.);
#3826 = EDGE_CURVE('',#3738,#3827,#3829,.T.);
#3827 = VERTEX_POINT('',#3828);
#3828 = CARTESIAN_POINT('',(8.5852,4.826,-19.6088));
#3829 = CIRCLE('',#3830,4.318);
#3830 = AXIS2_PLACEMENT_3D('',#3831,#3832,#3833);
#3831 = CARTESIAN_POINT('',(4.2672,4.826,-19.6088));
#3832 = DIRECTION('',(0.,0.,-1.));
#3833 = DIRECTION('',(0.,1.,0.));
#3834 = ORIENTED_EDGE('',*,*,#3770,.F.);
#3835 = ORIENTED_EDGE('',*,*,#3801,.F.);
#3836 = ORIENTED_EDGE('',*,*,#3837,.T.);
#3837 = EDGE_CURVE('',#3802,#3827,#3838,.T.);
#3838 = LINE('',#3839,#3840);
#3839 = CARTESIAN_POINT('',(8.5852,4.826,-13.081));
#3840 = VECTOR('',#3841,1.);
#3841 = DIRECTION('',(0.,0.,-1.));
#3842 = CYLINDRICAL_SURFACE('',#3843,4.318);
#3843 = AXIS2_PLACEMENT_3D('',#3844,#3845,#3846);
#3844 = CARTESIAN_POINT('',(4.2672,4.826,0.));
#3845 = DIRECTION('',(0.,0.,1.));
#3846 = DIRECTION('',(0.,1.,0.));
#3847 = ADVANCED_FACE('',(#3848),#3860,.F.);
#3848 = FACE_BOUND('',#3849,.F.);
#3849 = EDGE_LOOP('',(#3850,#3851,#3852,#3853));
#3850 = ORIENTED_EDGE('',*,*,#700,.F.);
#3851 = ORIENTED_EDGE('',*,*,#3745,.T.);
#3852 = ORIENTED_EDGE('',*,*,#3826,.T.);
#3853 = ORIENTED_EDGE('',*,*,#3854,.F.);
#3854 = EDGE_CURVE('',#701,#3827,#3855,.T.);
#3855 = CIRCLE('',#3856,0.2032);
#3856 = AXIS2_PLACEMENT_3D('',#3857,#3858,#3859);
#3857 = CARTESIAN_POINT('',(8.382,4.826,-19.6088));
#3858 = DIRECTION('',(0.,-1.,0.));
#3859 = DIRECTION('',(0.,0.,-1.));
#3860 = TOROIDAL_SURFACE('',#3861,4.1148,0.2032);
#3861 = AXIS2_PLACEMENT_3D('',#3862,#3863,#3864);
#3862 = CARTESIAN_POINT('',(4.2672,4.826,-19.6088));
#3863 = DIRECTION('',(0.,0.,1.));
#3864 = DIRECTION('',(-3.049941103526E-03,0.999995348919,0.));
#3865 = ADVANCED_FACE('',(#3866),#3885,.F.);
#3866 = FACE_BOUND('',#3867,.F.);
#3867 = EDGE_LOOP('',(#3868,#3869,#3870,#3878));
#3868 = ORIENTED_EDGE('',*,*,#709,.F.);
#3869 = ORIENTED_EDGE('',*,*,#3854,.T.);
#3870 = ORIENTED_EDGE('',*,*,#3871,.T.);
#3871 = EDGE_CURVE('',#3827,#3872,#3874,.T.);
#3872 = VERTEX_POINT('',#3873);
#3873 = CARTESIAN_POINT('',(8.5852,-4.826,-19.6088));
#3874 = LINE('',#3875,#3876);
#3875 = CARTESIAN_POINT('',(8.5852,4.826,-19.6088));
#3876 = VECTOR('',#3877,1.);
#3877 = DIRECTION('',(0.,-1.,0.));
#3878 = ORIENTED_EDGE('',*,*,#3879,.F.);
#3879 = EDGE_CURVE('',#710,#3872,#3880,.T.);
#3880 = CIRCLE('',#3881,0.2032);
#3881 = AXIS2_PLACEMENT_3D('',#3882,#3883,#3884);
#3882 = CARTESIAN_POINT('',(8.382,-4.826,-19.6088));
#3883 = DIRECTION('',(0.,-1.,0.));
#3884 = DIRECTION('',(0.,0.,-1.));
#3885 = CYLINDRICAL_SURFACE('',#3886,0.2032);
#3886 = AXIS2_PLACEMENT_3D('',#3887,#3888,#3889);
#3887 = CARTESIAN_POINT('',(8.382,4.839169666103,-19.6088));
#3888 = DIRECTION('',(0.,-1.,0.));
#3889 = DIRECTION('',(0.,0.,-1.));
#3890 = ADVANCED_FACE('',(#3891),#3909,.F.);
#3891 = FACE_BOUND('',#3892,.F.);
#3892 = EDGE_LOOP('',(#3893,#3894,#3895,#3903));
#3893 = ORIENTED_EDGE('',*,*,#3871,.F.);
#3894 = ORIENTED_EDGE('',*,*,#3837,.F.);
#3895 = ORIENTED_EDGE('',*,*,#3896,.F.);
#3896 = EDGE_CURVE('',#3897,#3802,#3899,.T.);
#3897 = VERTEX_POINT('',#3898);
#3898 = CARTESIAN_POINT('',(8.5852,-4.826,-13.081));
#3899 = LINE('',#3900,#3901);
#3900 = CARTESIAN_POINT('',(8.5852,-4.826,-13.081));
#3901 = VECTOR('',#3902,1.);
#3902 = DIRECTION('',(0.,1.,1.233069915456E-14));
#3903 = ORIENTED_EDGE('',*,*,#3904,.T.);
#3904 = EDGE_CURVE('',#3897,#3872,#3905,.T.);
#3905 = LINE('',#3906,#3907);
#3906 = CARTESIAN_POINT('',(8.5852,-4.826,-13.081));
#3907 = VECTOR('',#3908,1.);
#3908 = DIRECTION('',(0.,0.,-1.));
#3909 = PLANE('',#3910);
#3910 = AXIS2_PLACEMENT_3D('',#3911,#3912,#3913);
#3911 = CARTESIAN_POINT('',(8.5852,-4.826,0.));
#3912 = DIRECTION('',(1.,0.,0.));
#3913 = DIRECTION('',(-0.,1.,0.));
#3914 = ADVANCED_FACE('',(#3915),#3926,.F.);
#3915 = FACE_BOUND('',#3916,.F.);
#3916 = EDGE_LOOP('',(#3917,#3918,#3919,#3920));
#3917 = ORIENTED_EDGE('',*,*,#3896,.T.);
#3918 = ORIENTED_EDGE('',*,*,#3812,.F.);
#3919 = ORIENTED_EDGE('',*,*,#495,.F.);
#3920 = ORIENTED_EDGE('',*,*,#3921,.T.);
#3921 = EDGE_CURVE('',#488,#3897,#3922,.T.);
#3922 = LINE('',#3923,#3924);
#3923 = CARTESIAN_POINT('',(8.70233592233,-4.826,-1.016));
#3924 = VECTOR('',#3925,1.);
#3925 = DIRECTION('',(-9.708280325593E-03,0.,-0.999952873536));
#3926 = PLANE('',#3927);
#3927 = AXIS2_PLACEMENT_3D('',#3928,#3929,#3930);
#3928 = CARTESIAN_POINT('',(8.70233592233,-4.826,-1.016));
#3929 = DIRECTION('',(0.999952873536,0.,-9.708280325593E-03));
#3930 = DIRECTION('',(-9.708280325593E-03,0.,-0.999952873536));
#3931 = ADVANCED_FACE('',(#3932),#3951,.F.);
#3932 = FACE_BOUND('',#3933,.F.);
#3933 = EDGE_LOOP('',(#3934,#3943,#3944,#3945));
#3934 = ORIENTED_EDGE('',*,*,#3935,.T.);
#3935 = EDGE_CURVE('',#3936,#3897,#3938,.T.);
#3936 = VERTEX_POINT('',#3937);
#3937 = CARTESIAN_POINT('',(4.2672,-9.144,-13.081));
#3938 = CIRCLE('',#3939,4.318);
#3939 = AXIS2_PLACEMENT_3D('',#3940,#3941,#3942);
#3940 = CARTESIAN_POINT('',(4.2672,-4.826,-13.081));
#3941 = DIRECTION('',(0.,0.,1.));
#3942 = DIRECTION('',(0.,-1.,0.));
#3943 = ORIENTED_EDGE('',*,*,#3921,.F.);
#3944 = ORIENTED_EDGE('',*,*,#519,.F.);
#3945 = ORIENTED_EDGE('',*,*,#3946,.T.);
#3946 = EDGE_CURVE('',#512,#3936,#3947,.T.);
#3947 = LINE('',#3948,#3949);
#3948 = CARTESIAN_POINT('',(4.2672,-9.26113592233,-1.016));
#3949 = VECTOR('',#3950,1.);
#3950 = DIRECTION('',(0.,9.708280325593E-03,-0.999952873536));
#3951 = CONICAL_SURFACE('',#3952,4.376567961165,9.708432834108E-03);
#3952 = AXIS2_PLACEMENT_3D('',#3953,#3954,#3955);
#3953 = CARTESIAN_POINT('',(4.2672,-4.826,-7.0485));
#3954 = DIRECTION('',(0.,0.,1.));
#3955 = DIRECTION('',(0.,1.,0.));
#3956 = ADVANCED_FACE('',(#3957),#3976,.F.);
#3957 = FACE_BOUND('',#3958,.F.);
#3958 = EDGE_LOOP('',(#3959,#3968,#3969,#3970));
#3959 = ORIENTED_EDGE('',*,*,#3960,.F.);
#3960 = EDGE_CURVE('',#3872,#3961,#3963,.T.);
#3961 = VERTEX_POINT('',#3962);
#3962 = CARTESIAN_POINT('',(4.2672,-9.144,-19.6088));
#3963 = CIRCLE('',#3964,4.318);
#3964 = AXIS2_PLACEMENT_3D('',#3965,#3966,#3967);
#3965 = CARTESIAN_POINT('',(4.2672,-4.826,-19.6088));
#3966 = DIRECTION('',(0.,0.,-1.));
#3967 = DIRECTION('',(1.,0.,0.));
#3968 = ORIENTED_EDGE('',*,*,#3904,.F.);
#3969 = ORIENTED_EDGE('',*,*,#3935,.F.);
#3970 = ORIENTED_EDGE('',*,*,#3971,.T.);
#3971 = EDGE_CURVE('',#3936,#3961,#3972,.T.);
#3972 = LINE('',#3973,#3974);
#3973 = CARTESIAN_POINT('',(4.2672,-9.144,-13.081));
#3974 = VECTOR('',#3975,1.);
#3975 = DIRECTION('',(0.,0.,-1.));
#3976 = CYLINDRICAL_SURFACE('',#3977,4.318);
#3977 = AXIS2_PLACEMENT_3D('',#3978,#3979,#3980);
#3978 = CARTESIAN_POINT('',(4.2672,-4.826,0.));
#3979 = DIRECTION('',(0.,0.,1.));
#3980 = DIRECTION('',(0.,1.,0.));
#3981 = ADVANCED_FACE('',(#3982),#3994,.F.);
#3982 = FACE_BOUND('',#3983,.F.);
#3983 = EDGE_LOOP('',(#3984,#3985,#3986,#3987));
#3984 = ORIENTED_EDGE('',*,*,#717,.F.);
#3985 = ORIENTED_EDGE('',*,*,#3879,.T.);
#3986 = ORIENTED_EDGE('',*,*,#3960,.T.);
#3987 = ORIENTED_EDGE('',*,*,#3988,.F.);
#3988 = EDGE_CURVE('',#718,#3961,#3989,.T.);
#3989 = CIRCLE('',#3990,0.2032);
#3990 = AXIS2_PLACEMENT_3D('',#3991,#3992,#3993);
#3991 = CARTESIAN_POINT('',(4.2672,-8.9408,-19.6088));
#3992 = DIRECTION('',(-1.,0.,0.));
#3993 = DIRECTION('',(0.,0.,-1.));
#3994 = TOROIDAL_SURFACE('',#3995,4.1148,0.2032);
#3995 = AXIS2_PLACEMENT_3D('',#3996,#3997,#3998);
#3996 = CARTESIAN_POINT('',(4.2672,-4.826,-19.6088));
#3997 = DIRECTION('',(0.,0.,1.));
#3998 = DIRECTION('',(0.999995348919,3.049941103527E-03,-0.));
#3999 = ADVANCED_FACE('',(#4000),#4011,.F.);
#4000 = FACE_BOUND('',#4001,.F.);
#4001 = EDGE_LOOP('',(#4002,#4003,#4004,#4010));
#4002 = ORIENTED_EDGE('',*,*,#726,.F.);
#4003 = ORIENTED_EDGE('',*,*,#3988,.T.);
#4004 = ORIENTED_EDGE('',*,*,#4005,.T.);
#4005 = EDGE_CURVE('',#3961,#610,#4006,.T.);
#4006 = LINE('',#4007,#4008);
#4007 = CARTESIAN_POINT('',(4.2672,-9.144,-19.6088));
#4008 = VECTOR('',#4009,1.);
#4009 = DIRECTION('',(-1.,0.,0.));
#4010 = ORIENTED_EDGE('',*,*,#652,.F.);
#4011 = CYLINDRICAL_SURFACE('',#4012,0.2032);
#4012 = AXIS2_PLACEMENT_3D('',#4013,#4014,#4015);
#4013 = CARTESIAN_POINT('',(4.280369666103,-8.9408,-19.6088));
#4014 = DIRECTION('',(-1.,0.,0.));
#4015 = DIRECTION('',(0.,0.,-1.));
#4016 = ADVANCED_FACE('',(#4017),#4028,.F.);
#4017 = FACE_BOUND('',#4018,.F.);
#4018 = EDGE_LOOP('',(#4019,#4020,#4021,#4027));
#4019 = ORIENTED_EDGE('',*,*,#4005,.F.);
#4020 = ORIENTED_EDGE('',*,*,#3971,.F.);
#4021 = ORIENTED_EDGE('',*,*,#4022,.F.);
#4022 = EDGE_CURVE('',#580,#3936,#4023,.T.);
#4023 = LINE('',#4024,#4025);
#4024 = CARTESIAN_POINT('',(-1.1938,-9.144,-13.081));
#4025 = VECTOR('',#4026,1.);
#4026 = DIRECTION('',(1.,0.,0.));
#4027 = ORIENTED_EDGE('',*,*,#620,.T.);
#4028 = PLANE('',#4029);
#4029 = AXIS2_PLACEMENT_3D('',#4030,#4031,#4032);
#4030 = CARTESIAN_POINT('',(-1.1938,-9.144,0.));
#4031 = DIRECTION('',(0.,-1.,0.));
#4032 = DIRECTION('',(1.,0.,0.));
#4033 = ADVANCED_FACE('',(#4034),#4040,.F.);
#4034 = FACE_BOUND('',#4035,.F.);
#4035 = EDGE_LOOP('',(#4036,#4037,#4038,#4039));
#4036 = ORIENTED_EDGE('',*,*,#4022,.T.);
#4037 = ORIENTED_EDGE('',*,*,#3946,.F.);
#4038 = ORIENTED_EDGE('',*,*,#544,.F.);
#4039 = ORIENTED_EDGE('',*,*,#588,.T.);
#4040 = PLANE('',#4041);
#4041 = AXIS2_PLACEMENT_3D('',#4042,#4043,#4044);
#4042 = CARTESIAN_POINT('',(-1.1938,-9.26113592233,-1.016));
#4043 = DIRECTION('',(0.,-0.999952873536,-9.708280325593E-03));
#4044 = DIRECTION('',(0.,9.708280325593E-03,-0.999952873536));
#4045 = ADVANCED_FACE('',(#4046),#4061,.T.);
#4046 = FACE_BOUND('',#4047,.F.);
#4047 = EDGE_LOOP('',(#4048,#4049,#4050,#4056,#4057,#4058,#4059,#4060));
#4048 = ORIENTED_EDGE('',*,*,#1767,.F.);
#4049 = ORIENTED_EDGE('',*,*,#1916,.T.);
#4050 = ORIENTED_EDGE('',*,*,#4051,.T.);
#4051 = EDGE_CURVE('',#1909,#1985,#4052,.T.);
#4052 = LINE('',#4053,#4054);
#4053 = CARTESIAN_POINT('',(-7.4168,-4.0132,-13.081));
#4054 = VECTOR('',#4055,1.);
#4055 = DIRECTION('',(0.,1.,0.));
#4056 = ORIENTED_EDGE('',*,*,#1984,.T.);
#4057 = ORIENTED_EDGE('',*,*,#3471,.T.);
#4058 = ORIENTED_EDGE('',*,*,#3494,.T.);
#4059 = ORIENTED_EDGE('',*,*,#3543,.T.);
#4060 = ORIENTED_EDGE('',*,*,#3588,.T.);
#4061 = PLANE('',#4062);
#4062 = AXIS2_PLACEMENT_3D('',#4063,#4064,#4065);
#4063 = CARTESIAN_POINT('',(0.,0.,-13.081));
#4064 = DIRECTION('',(0.,0.,1.));
#4065 = DIRECTION('',(0.,1.,0.));
#4066 = ADVANCED_FACE('',(#4067),#4073,.F.);
#4067 = FACE_BOUND('',#4068,.F.);
#4068 = EDGE_LOOP('',(#4069,#4070,#4071,#4072));
#4069 = ORIENTED_EDGE('',*,*,#2121,.F.);
#4070 = ORIENTED_EDGE('',*,*,#1992,.T.);
#4071 = ORIENTED_EDGE('',*,*,#4051,.F.);
#4072 = ORIENTED_EDGE('',*,*,#1908,.F.);
#4073 = PLANE('',#4074);
#4074 = AXIS2_PLACEMENT_3D('',#4075,#4076,#4077);
#4075 = CARTESIAN_POINT('',(-7.4168,-2.6162,0.));
#4076 = DIRECTION('',(-1.,0.,0.));
#4077 = DIRECTION('',(0.,-1.,0.));
#4078 = ADVANCED_FACE('',(#4079),#4085,.F.);
#4079 = FACE_BOUND('',#4080,.F.);
#4080 = EDGE_LOOP('',(#4081,#4082,#4083,#4084));
#4081 = ORIENTED_EDGE('',*,*,#1950,.T.);
#4082 = ORIENTED_EDGE('',*,*,#2024,.T.);
#4083 = ORIENTED_EDGE('',*,*,#3389,.T.);
#4084 = ORIENTED_EDGE('',*,*,#1876,.F.);
#4085 = PLANE('',#4086);
#4086 = AXIS2_PLACEMENT_3D('',#4087,#4088,#4089);
#4087 = CARTESIAN_POINT('',(-7.4168,-2.6162,0.));
#4088 = DIRECTION('',(-1.,0.,0.));
#4089 = DIRECTION('',(0.,-1.,0.));
#4090 = ADVANCED_FACE('',(#4091),#4097,.F.);
#4091 = FACE_BOUND('',#4092,.F.);
#4092 = EDGE_LOOP('',(#4093,#4094,#4095,#4096));
#4093 = ORIENTED_EDGE('',*,*,#2176,.F.);
#4094 = ORIENTED_EDGE('',*,*,#3366,.T.);
#4095 = ORIENTED_EDGE('',*,*,#3596,.T.);
#4096 = ORIENTED_EDGE('',*,*,#2048,.F.);
#4097 = PLANE('',#4098);
#4098 = AXIS2_PLACEMENT_3D('',#4099,#4100,#4101);
#4099 = CARTESIAN_POINT('',(-7.3152,5.08,-2.1082));
#4100 = DIRECTION('',(1.,0.,0.));
#4101 = DIRECTION('',(0.,0.,-1.));
#4102 = ADVANCED_FACE('',(#4103),#4109,.F.);
#4103 = FACE_BOUND('',#4104,.F.);
#4104 = EDGE_LOOP('',(#4105,#4106,#4107,#4108));
#4105 = ORIENTED_EDGE('',*,*,#3260,.T.);
#4106 = ORIENTED_EDGE('',*,*,#2128,.F.);
#4107 = ORIENTED_EDGE('',*,*,#1892,.F.);
#4108 = ORIENTED_EDGE('',*,*,#3382,.T.);
#4109 = PLANE('',#4110);
#4110 = AXIS2_PLACEMENT_3D('',#4111,#4112,#4113);
#4111 = CARTESIAN_POINT('',(-7.3152,5.08,-2.1082));
#4112 = DIRECTION('',(1.,0.,0.));
#4113 = DIRECTION('',(0.,0.,-1.));
#4114 = ADVANCED_FACE('',(#4115),#4121,.T.);
#4115 = FACE_BOUND('',#4116,.F.);
#4116 = EDGE_LOOP('',(#4117,#4118,#4119,#4120));
#4117 = ORIENTED_EDGE('',*,*,#3558,.F.);
#4118 = ORIENTED_EDGE('',*,*,#3509,.T.);
#4119 = ORIENTED_EDGE('',*,*,#167,.T.);
#4120 = ORIENTED_EDGE('',*,*,#3604,.T.);
#4121 = PLANE('',#4122);
#4122 = AXIS2_PLACEMENT_3D('',#4123,#4124,#4125);
#4123 = CARTESIAN_POINT('',(-7.710093936748,3.3147,-0.508));
#4124 = DIRECTION('',(0.866025403784,0.,0.5));
#4125 = DIRECTION('',(0.5,0.,-0.866025403784));
#4126 = ADVANCED_FACE('',(#4127),#4152,.T.);
#4127 = FACE_BOUND('',#4128,.F.);
#4128 = EDGE_LOOP('',(#4129,#4130,#4138,#4146));
#4129 = ORIENTED_EDGE('',*,*,#2587,.F.);
#4130 = ORIENTED_EDGE('',*,*,#4131,.T.);
#4131 = EDGE_CURVE('',#2588,#4132,#4134,.T.);
#4132 = VERTEX_POINT('',#4133);
#4133 = CARTESIAN_POINT('',(18.415,6.5151,-14.605));
#4134 = LINE('',#4135,#4136);
#4135 = CARTESIAN_POINT('',(18.415,6.5151,-14.859));
#4136 = VECTOR('',#4137,1.);
#4137 = DIRECTION('',(0.,0.,1.));
#4138 = ORIENTED_EDGE('',*,*,#4139,.T.);
#4139 = EDGE_CURVE('',#4132,#4140,#4142,.T.);
#4140 = VERTEX_POINT('',#4141);
#4141 = CARTESIAN_POINT('',(18.415,-6.5151,-14.605));
#4142 = LINE('',#4143,#4144);
#4143 = CARTESIAN_POINT('',(18.415,6.5151,-14.605));
#4144 = VECTOR('',#4145,1.);
#4145 = DIRECTION('',(0.,-1.,0.));
#4146 = ORIENTED_EDGE('',*,*,#4147,.F.);
#4147 = EDGE_CURVE('',#2590,#4140,#4148,.T.);
#4148 = LINE('',#4149,#4150);
#4149 = CARTESIAN_POINT('',(18.415,-6.5151,-14.859));
#4150 = VECTOR('',#4151,1.);
#4151 = DIRECTION('',(0.,0.,1.));
#4152 = PLANE('',#4153);
#4153 = AXIS2_PLACEMENT_3D('',#4154,#4155,#4156);
#4154 = CARTESIAN_POINT('',(18.415,6.5151,-14.859));
#4155 = DIRECTION('',(-1.,0.,0.));
#4156 = DIRECTION('',(0.,-1.,0.));
#4157 = ADVANCED_FACE('',(#4158),#4176,.T.);
#4158 = FACE_BOUND('',#4159,.F.);
#4159 = EDGE_LOOP('',(#4160,#4161,#4169,#4175));
#4160 = ORIENTED_EDGE('',*,*,#2645,.F.);
#4161 = ORIENTED_EDGE('',*,*,#4162,.T.);
#4162 = EDGE_CURVE('',#2638,#4163,#4165,.T.);
#4163 = VERTEX_POINT('',#4164);
#4164 = CARTESIAN_POINT('',(8.0645,16.8656,-14.605));
#4165 = LINE('',#4166,#4167);
#4166 = CARTESIAN_POINT('',(8.0645,16.8656,-14.859));
#4167 = VECTOR('',#4168,1.);
#4168 = DIRECTION('',(0.,0.,1.));
#4169 = ORIENTED_EDGE('',*,*,#4170,.T.);
#4170 = EDGE_CURVE('',#4163,#4132,#4171,.T.);
#4171 = LINE('',#4172,#4173);
#4172 = CARTESIAN_POINT('',(8.0645,16.8656,-14.605));
#4173 = VECTOR('',#4174,1.);
#4174 = DIRECTION('',(0.707106781187,-0.707106781187,0.));
#4175 = ORIENTED_EDGE('',*,*,#4131,.F.);
#4176 = PLANE('',#4177);
#4177 = AXIS2_PLACEMENT_3D('',#4178,#4179,#4180);
#4178 = CARTESIAN_POINT('',(8.0645,16.8656,-14.859));
#4179 = DIRECTION('',(-0.707106781187,-0.707106781187,0.));
#4180 = DIRECTION('',(0.707106781187,-0.707106781187,0.));
#4181 = ADVANCED_FACE('',(#4182),#4200,.T.);
#4182 = FACE_BOUND('',#4183,.F.);
#4183 = EDGE_LOOP('',(#4184,#4185,#4193,#4199));
#4184 = ORIENTED_EDGE('',*,*,#2637,.F.);
#4185 = ORIENTED_EDGE('',*,*,#4186,.T.);
#4186 = EDGE_CURVE('',#2630,#4187,#4189,.T.);
#4187 = VERTEX_POINT('',#4188);
#4188 = CARTESIAN_POINT('',(-8.0645,16.8656,-14.605));
#4189 = LINE('',#4190,#4191);
#4190 = CARTESIAN_POINT('',(-8.0645,16.8656,-14.859));
#4191 = VECTOR('',#4192,1.);
#4192 = DIRECTION('',(0.,0.,1.));
#4193 = ORIENTED_EDGE('',*,*,#4194,.T.);
#4194 = EDGE_CURVE('',#4187,#4163,#4195,.T.);
#4195 = LINE('',#4196,#4197);
#4196 = CARTESIAN_POINT('',(-8.0645,16.8656,-14.605));
#4197 = VECTOR('',#4198,1.);
#4198 = DIRECTION('',(1.,0.,0.));
#4199 = ORIENTED_EDGE('',*,*,#4162,.F.);
#4200 = PLANE('',#4201);
#4201 = AXIS2_PLACEMENT_3D('',#4202,#4203,#4204);
#4202 = CARTESIAN_POINT('',(-8.0645,16.8656,-14.859));
#4203 = DIRECTION('',(0.,-1.,0.));
#4204 = DIRECTION('',(1.,0.,0.));
#4205 = ADVANCED_FACE('',(#4206),#4224,.T.);
#4206 = FACE_BOUND('',#4207,.F.);
#4207 = EDGE_LOOP('',(#4208,#4209,#4217,#4223));
#4208 = ORIENTED_EDGE('',*,*,#2629,.F.);
#4209 = ORIENTED_EDGE('',*,*,#4210,.T.);
#4210 = EDGE_CURVE('',#2622,#4211,#4213,.T.);
#4211 = VERTEX_POINT('',#4212);
#4212 = CARTESIAN_POINT('',(-18.415,6.5151,-14.605));
#4213 = LINE('',#4214,#4215);
#4214 = CARTESIAN_POINT('',(-18.415,6.5151,-14.859));
#4215 = VECTOR('',#4216,1.);
#4216 = DIRECTION('',(0.,0.,1.));
#4217 = ORIENTED_EDGE('',*,*,#4218,.T.);
#4218 = EDGE_CURVE('',#4211,#4187,#4219,.T.);
#4219 = LINE('',#4220,#4221);
#4220 = CARTESIAN_POINT('',(-18.415,6.5151,-14.605));
#4221 = VECTOR('',#4222,1.);
#4222 = DIRECTION('',(0.707106781187,0.707106781187,0.));
#4223 = ORIENTED_EDGE('',*,*,#4186,.F.);
#4224 = PLANE('',#4225);
#4225 = AXIS2_PLACEMENT_3D('',#4226,#4227,#4228);
#4226 = CARTESIAN_POINT('',(-18.415,6.5151,-14.859));
#4227 = DIRECTION('',(0.707106781187,-0.707106781187,0.));
#4228 = DIRECTION('',(0.707106781187,0.707106781187,0.));
#4229 = ADVANCED_FACE('',(#4230),#4248,.T.);
#4230 = FACE_BOUND('',#4231,.F.);
#4231 = EDGE_LOOP('',(#4232,#4233,#4241,#4247));
#4232 = ORIENTED_EDGE('',*,*,#2621,.F.);
#4233 = ORIENTED_EDGE('',*,*,#4234,.T.);
#4234 = EDGE_CURVE('',#2614,#4235,#4237,.T.);
#4235 = VERTEX_POINT('',#4236);
#4236 = CARTESIAN_POINT('',(-18.415,-6.5151,-14.605));
#4237 = LINE('',#4238,#4239);
#4238 = CARTESIAN_POINT('',(-18.415,-6.5151,-14.859));
#4239 = VECTOR('',#4240,1.);
#4240 = DIRECTION('',(0.,0.,1.));
#4241 = ORIENTED_EDGE('',*,*,#4242,.T.);
#4242 = EDGE_CURVE('',#4235,#4211,#4243,.T.);
#4243 = LINE('',#4244,#4245);
#4244 = CARTESIAN_POINT('',(-18.415,-6.5151,-14.605));
#4245 = VECTOR('',#4246,1.);
#4246 = DIRECTION('',(0.,1.,0.));
#4247 = ORIENTED_EDGE('',*,*,#4210,.F.);
#4248 = PLANE('',#4249);
#4249 = AXIS2_PLACEMENT_3D('',#4250,#4251,#4252);
#4250 = CARTESIAN_POINT('',(-18.415,-6.5151,-14.859));
#4251 = DIRECTION('',(1.,0.,0.));
#4252 = DIRECTION('',(-0.,1.,0.));
#4253 = ADVANCED_FACE('',(#4254),#4272,.T.);
#4254 = FACE_BOUND('',#4255,.F.);
#4255 = EDGE_LOOP('',(#4256,#4257,#4265,#4271));
#4256 = ORIENTED_EDGE('',*,*,#2613,.F.);
#4257 = ORIENTED_EDGE('',*,*,#4258,.T.);
#4258 = EDGE_CURVE('',#2606,#4259,#4261,.T.);
#4259 = VERTEX_POINT('',#4260);
#4260 = CARTESIAN_POINT('',(-8.0645,-16.8656,-14.605));
#4261 = LINE('',#4262,#4263);
#4262 = CARTESIAN_POINT('',(-8.0645,-16.8656,-14.859));
#4263 = VECTOR('',#4264,1.);
#4264 = DIRECTION('',(0.,0.,1.));
#4265 = ORIENTED_EDGE('',*,*,#4266,.T.);
#4266 = EDGE_CURVE('',#4259,#4235,#4267,.T.);
#4267 = LINE('',#4268,#4269);
#4268 = CARTESIAN_POINT('',(-8.0645,-16.8656,-14.605));
#4269 = VECTOR('',#4270,1.);
#4270 = DIRECTION('',(-0.707106781187,0.707106781187,0.));
#4271 = ORIENTED_EDGE('',*,*,#4234,.F.);
#4272 = PLANE('',#4273);
#4273 = AXIS2_PLACEMENT_3D('',#4274,#4275,#4276);
#4274 = CARTESIAN_POINT('',(-8.0645,-16.8656,-14.859));
#4275 = DIRECTION('',(0.707106781187,0.707106781187,0.));
#4276 = DIRECTION('',(-0.707106781187,0.707106781187,0.));
#4277 = ADVANCED_FACE('',(#4278),#4296,.T.);
#4278 = FACE_BOUND('',#4279,.F.);
#4279 = EDGE_LOOP('',(#4280,#4281,#4289,#4295));
#4280 = ORIENTED_EDGE('',*,*,#2605,.F.);
#4281 = ORIENTED_EDGE('',*,*,#4282,.T.);
#4282 = EDGE_CURVE('',#2598,#4283,#4285,.T.);
#4283 = VERTEX_POINT('',#4284);
#4284 = CARTESIAN_POINT('',(8.0645,-16.8656,-14.605));
#4285 = LINE('',#4286,#4287);
#4286 = CARTESIAN_POINT('',(8.0645,-16.8656,-14.859));
#4287 = VECTOR('',#4288,1.);
#4288 = DIRECTION('',(0.,0.,1.));
#4289 = ORIENTED_EDGE('',*,*,#4290,.T.);
#4290 = EDGE_CURVE('',#4283,#4259,#4291,.T.);
#4291 = LINE('',#4292,#4293);
#4292 = CARTESIAN_POINT('',(8.0645,-16.8656,-14.605));
#4293 = VECTOR('',#4294,1.);
#4294 = DIRECTION('',(-1.,0.,0.));
#4295 = ORIENTED_EDGE('',*,*,#4258,.F.);
#4296 = PLANE('',#4297);
#4297 = AXIS2_PLACEMENT_3D('',#4298,#4299,#4300);
#4298 = CARTESIAN_POINT('',(8.0645,-16.8656,-14.859));
#4299 = DIRECTION('',(0.,1.,0.));
#4300 = DIRECTION('',(-1.,0.,0.));
#4301 = ADVANCED_FACE('',(#4302),#4313,.T.);
#4302 = FACE_BOUND('',#4303,.F.);
#4303 = EDGE_LOOP('',(#4304,#4305,#4306,#4312));
#4304 = ORIENTED_EDGE('',*,*,#2597,.F.);
#4305 = ORIENTED_EDGE('',*,*,#4147,.T.);
#4306 = ORIENTED_EDGE('',*,*,#4307,.T.);
#4307 = EDGE_CURVE('',#4140,#4283,#4308,.T.);
#4308 = LINE('',#4309,#4310);
#4309 = CARTESIAN_POINT('',(18.415,-6.5151,-14.605));
#4310 = VECTOR('',#4311,1.);
#4311 = DIRECTION('',(-0.707106781187,-0.707106781187,0.));
#4312 = ORIENTED_EDGE('',*,*,#4282,.F.);
#4313 = PLANE('',#4314);
#4314 = AXIS2_PLACEMENT_3D('',#4315,#4316,#4317);
#4315 = CARTESIAN_POINT('',(18.415,-6.5151,-14.859));
#4316 = DIRECTION('',(-0.707106781187,0.707106781187,0.));
#4317 = DIRECTION('',(-0.707106781187,-0.707106781187,0.));
#4318 = ADVANCED_FACE('',(#4319,#4389),#4399,.T.);
#4319 = FACE_BOUND('',#4320,.F.);
#4320 = EDGE_LOOP('',(#4321,#4332,#4340,#4349,#4357,#4366,#4374,#4383));
#4321 = ORIENTED_EDGE('',*,*,#4322,.F.);
#4322 = EDGE_CURVE('',#4323,#4325,#4327,.T.);
#4323 = VERTEX_POINT('',#4324);
#4324 = CARTESIAN_POINT('',(-11.557,17.1196,-14.605));
#4325 = VERTEX_POINT('',#4326);
#4326 = CARTESIAN_POINT('',(-18.669,10.0076,-14.605));
#4327 = CIRCLE('',#4328,7.112);
#4328 = AXIS2_PLACEMENT_3D('',#4329,#4330,#4331);
#4329 = CARTESIAN_POINT('',(-11.557,10.0076,-14.605));
#4330 = DIRECTION('',(0.,-0.,1.));
#4331 = DIRECTION('',(0.,1.,0.));
#4332 = ORIENTED_EDGE('',*,*,#4333,.F.);
#4333 = EDGE_CURVE('',#4334,#4323,#4336,.T.);
#4334 = VERTEX_POINT('',#4335);
#4335 = CARTESIAN_POINT('',(11.557,17.1196,-14.605));
#4336 = LINE('',#4337,#4338);
#4337 = CARTESIAN_POINT('',(11.557,17.1196,-14.605));
#4338 = VECTOR('',#4339,1.);
#4339 = DIRECTION('',(-1.,0.,0.));
#4340 = ORIENTED_EDGE('',*,*,#4341,.F.);
#4341 = EDGE_CURVE('',#4342,#4334,#4344,.T.);
#4342 = VERTEX_POINT('',#4343);
#4343 = CARTESIAN_POINT('',(18.669,10.0076,-14.605));
#4344 = CIRCLE('',#4345,7.112);
#4345 = AXIS2_PLACEMENT_3D('',#4346,#4347,#4348);
#4346 = CARTESIAN_POINT('',(11.557,10.0076,-14.605));
#4347 = DIRECTION('',(0.,0.,1.));
#4348 = DIRECTION('',(1.,0.,-0.));
#4349 = ORIENTED_EDGE('',*,*,#4350,.F.);
#4350 = EDGE_CURVE('',#4351,#4342,#4353,.T.);
#4351 = VERTEX_POINT('',#4352);
#4352 = CARTESIAN_POINT('',(18.669,-10.0076,-14.605));
#4353 = LINE('',#4354,#4355);
#4354 = CARTESIAN_POINT('',(18.669,-10.0076,-14.605));
#4355 = VECTOR('',#4356,1.);
#4356 = DIRECTION('',(0.,1.,0.));
#4357 = ORIENTED_EDGE('',*,*,#4358,.F.);
#4358 = EDGE_CURVE('',#4359,#4351,#4361,.T.);
#4359 = VERTEX_POINT('',#4360);
#4360 = CARTESIAN_POINT('',(11.557,-17.1196,-14.605));
#4361 = CIRCLE('',#4362,7.112);
#4362 = AXIS2_PLACEMENT_3D('',#4363,#4364,#4365);
#4363 = CARTESIAN_POINT('',(11.557,-10.0076,-14.605));
#4364 = DIRECTION('',(0.,0.,1.));
#4365 = DIRECTION('',(0.,-1.,0.));
#4366 = ORIENTED_EDGE('',*,*,#4367,.F.);
#4367 = EDGE_CURVE('',#4368,#4359,#4370,.T.);
#4368 = VERTEX_POINT('',#4369);
#4369 = CARTESIAN_POINT('',(-11.557,-17.1196,-14.605));
#4370 = LINE('',#4371,#4372);
#4371 = CARTESIAN_POINT('',(-11.557,-17.1196,-14.605));
#4372 = VECTOR('',#4373,1.);
#4373 = DIRECTION('',(1.,0.,0.));
#4374 = ORIENTED_EDGE('',*,*,#4375,.F.);
#4375 = EDGE_CURVE('',#4376,#4368,#4378,.T.);
#4376 = VERTEX_POINT('',#4377);
#4377 = CARTESIAN_POINT('',(-18.669,-10.0076,-14.605));
#4378 = CIRCLE('',#4379,7.112);
#4379 = AXIS2_PLACEMENT_3D('',#4380,#4381,#4382);
#4380 = CARTESIAN_POINT('',(-11.557,-10.0076,-14.605));
#4381 = DIRECTION('',(0.,0.,1.));
#4382 = DIRECTION('',(-1.,0.,0.));
#4383 = ORIENTED_EDGE('',*,*,#4384,.F.);
#4384 = EDGE_CURVE('',#4325,#4376,#4385,.T.);
#4385 = LINE('',#4386,#4387);
#4386 = CARTESIAN_POINT('',(-18.669,10.0076,-14.605));
#4387 = VECTOR('',#4388,1.);
#4388 = DIRECTION('',(0.,-1.,0.));
#4389 = FACE_BOUND('',#4390,.F.);
#4390 = EDGE_LOOP('',(#4391,#4392,#4393,#4394,#4395,#4396,#4397,#4398));
#4391 = ORIENTED_EDGE('',*,*,#4139,.F.);
#4392 = ORIENTED_EDGE('',*,*,#4170,.F.);
#4393 = ORIENTED_EDGE('',*,*,#4194,.F.);
#4394 = ORIENTED_EDGE('',*,*,#4218,.F.);
#4395 = ORIENTED_EDGE('',*,*,#4242,.F.);
#4396 = ORIENTED_EDGE('',*,*,#4266,.F.);
#4397 = ORIENTED_EDGE('',*,*,#4290,.F.);
#4398 = ORIENTED_EDGE('',*,*,#4307,.F.);
#4399 = PLANE('',#4400);
#4400 = AXIS2_PLACEMENT_3D('',#4401,#4402,#4403);
#4401 = CARTESIAN_POINT('',(0.,0.,-14.605));
#4402 = DIRECTION('',(0.,0.,1.));
#4403 = DIRECTION('',(1.,0.,-0.));
#4404 = ADVANCED_FACE('',(#4405),#4433,.T.);
#4405 = FACE_BOUND('',#4406,.T.);
#4406 = EDGE_LOOP('',(#4407,#4416,#4425,#4432));
#4407 = ORIENTED_EDGE('',*,*,#4408,.T.);
#4408 = EDGE_CURVE('',#4323,#4409,#4411,.T.);
#4409 = VERTEX_POINT('',#4410);
#4410 = CARTESIAN_POINT('',(-11.557,17.6276,-15.113));
#4411 = CIRCLE('',#4412,0.508);
#4412 = AXIS2_PLACEMENT_3D('',#4413,#4414,#4415);
#4413 = CARTESIAN_POINT('',(-11.557,17.1196,-15.113));
#4414 = DIRECTION('',(-1.,0.,0.));
#4415 = DIRECTION('',(0.,0.,1.));
#4416 = ORIENTED_EDGE('',*,*,#4417,.T.);
#4417 = EDGE_CURVE('',#4409,#4418,#4420,.T.);
#4418 = VERTEX_POINT('',#4419);
#4419 = CARTESIAN_POINT('',(-19.177,10.0076,-15.113));
#4420 = CIRCLE('',#4421,7.62);
#4421 = AXIS2_PLACEMENT_3D('',#4422,#4423,#4424);
#4422 = CARTESIAN_POINT('',(-11.557,10.0076,-15.113));
#4423 = DIRECTION('',(0.,-0.,1.));
#4424 = DIRECTION('',(0.,1.,0.));
#4425 = ORIENTED_EDGE('',*,*,#4426,.F.);
#4426 = EDGE_CURVE('',#4325,#4418,#4427,.T.);
#4427 = CIRCLE('',#4428,0.508);
#4428 = AXIS2_PLACEMENT_3D('',#4429,#4430,#4431);
#4429 = CARTESIAN_POINT('',(-18.669,10.0076,-15.113));
#4430 = DIRECTION('',(0.,-1.,0.));
#4431 = DIRECTION('',(0.,0.,1.));
#4432 = ORIENTED_EDGE('',*,*,#4322,.F.);
#4433 = TOROIDAL_SURFACE('',#4434,7.112,0.508);
#4434 = AXIS2_PLACEMENT_3D('',#4435,#4436,#4437);
#4435 = CARTESIAN_POINT('',(-11.557,10.0076,-15.113));
#4436 = DIRECTION('',(0.,0.,-1.));
#4437 = DIRECTION('',(1.728301777743E-03,0.999998506485,0.));
#4438 = ADVANCED_FACE('',(#4439),#4458,.T.);
#4439 = FACE_BOUND('',#4440,.T.);
#4440 = EDGE_LOOP('',(#4441,#4442,#4450,#4457));
#4441 = ORIENTED_EDGE('',*,*,#4426,.T.);
#4442 = ORIENTED_EDGE('',*,*,#4443,.T.);
#4443 = EDGE_CURVE('',#4418,#4444,#4446,.T.);
#4444 = VERTEX_POINT('',#4445);
#4445 = CARTESIAN_POINT('',(-19.177,-10.0076,-15.113));
#4446 = LINE('',#4447,#4448);
#4447 = CARTESIAN_POINT('',(-19.177,10.0076,-15.113));
#4448 = VECTOR('',#4449,1.);
#4449 = DIRECTION('',(0.,-1.,0.));
#4450 = ORIENTED_EDGE('',*,*,#4451,.F.);
#4451 = EDGE_CURVE('',#4376,#4444,#4452,.T.);
#4452 = CIRCLE('',#4453,0.508);
#4453 = AXIS2_PLACEMENT_3D('',#4454,#4455,#4456);
#4454 = CARTESIAN_POINT('',(-18.669,-10.0076,-15.113));
#4455 = DIRECTION('',(0.,-1.,0.));
#4456 = DIRECTION('',(0.,0.,1.));
#4457 = ORIENTED_EDGE('',*,*,#4384,.F.);
#4458 = CYLINDRICAL_SURFACE('',#4459,0.508);
#4459 = AXIS2_PLACEMENT_3D('',#4460,#4461,#4462);
#4460 = CARTESIAN_POINT('',(-18.669,10.0207696661,-15.113));
#4461 = DIRECTION('',(0.,-1.,0.));
#4462 = DIRECTION('',(0.,0.,1.));
#4463 = ADVANCED_FACE('',(#4464),#4484,.T.);
#4464 = FACE_BOUND('',#4465,.T.);
#4465 = EDGE_LOOP('',(#4466,#4467,#4476,#4483));
#4466 = ORIENTED_EDGE('',*,*,#4451,.T.);
#4467 = ORIENTED_EDGE('',*,*,#4468,.T.);
#4468 = EDGE_CURVE('',#4444,#4469,#4471,.T.);
#4469 = VERTEX_POINT('',#4470);
#4470 = CARTESIAN_POINT('',(-11.557,-17.6276,-15.113));
#4471 = CIRCLE('',#4472,7.62);
#4472 = AXIS2_PLACEMENT_3D('',#4473,#4474,#4475);
#4473 = CARTESIAN_POINT('',(-11.557,-10.0076,-15.113));
#4474 = DIRECTION('',(0.,0.,1.));
#4475 = DIRECTION('',(-1.,0.,0.));
#4476 = ORIENTED_EDGE('',*,*,#4477,.F.);
#4477 = EDGE_CURVE('',#4368,#4469,#4478,.T.);
#4478 = CIRCLE('',#4479,0.508);
#4479 = AXIS2_PLACEMENT_3D('',#4480,#4481,#4482);
#4480 = CARTESIAN_POINT('',(-11.557,-17.1196,-15.113));
#4481 = DIRECTION('',(1.,0.,-0.));
#4482 = DIRECTION('',(0.,0.,1.));
#4483 = ORIENTED_EDGE('',*,*,#4375,.F.);
#4484 = TOROIDAL_SURFACE('',#4485,7.112,0.508);
#4485 = AXIS2_PLACEMENT_3D('',#4486,#4487,#4488);
#4486 = CARTESIAN_POINT('',(-11.557,-10.0076,-15.113));
#4487 = DIRECTION('',(0.,0.,-1.));
#4488 = DIRECTION('',(-0.999998506485,1.728301777743E-03,0.));
#4489 = ADVANCED_FACE('',(#4490),#4509,.T.);
#4490 = FACE_BOUND('',#4491,.T.);
#4491 = EDGE_LOOP('',(#4492,#4493,#4501,#4508));
#4492 = ORIENTED_EDGE('',*,*,#4477,.T.);
#4493 = ORIENTED_EDGE('',*,*,#4494,.T.);
#4494 = EDGE_CURVE('',#4469,#4495,#4497,.T.);
#4495 = VERTEX_POINT('',#4496);
#4496 = CARTESIAN_POINT('',(11.557,-17.6276,-15.113));
#4497 = LINE('',#4498,#4499);
#4498 = CARTESIAN_POINT('',(-11.557,-17.6276,-15.113));
#4499 = VECTOR('',#4500,1.);
#4500 = DIRECTION('',(1.,0.,0.));
#4501 = ORIENTED_EDGE('',*,*,#4502,.F.);
#4502 = EDGE_CURVE('',#4359,#4495,#4503,.T.);
#4503 = CIRCLE('',#4504,0.508);
#4504 = AXIS2_PLACEMENT_3D('',#4505,#4506,#4507);
#4505 = CARTESIAN_POINT('',(11.557,-17.1196,-15.113));
#4506 = DIRECTION('',(1.,0.,-0.));
#4507 = DIRECTION('',(0.,0.,1.));
#4508 = ORIENTED_EDGE('',*,*,#4367,.F.);
#4509 = CYLINDRICAL_SURFACE('',#4510,0.508);
#4510 = AXIS2_PLACEMENT_3D('',#4511,#4512,#4513);
#4511 = CARTESIAN_POINT('',(-11.5701696661,-17.1196,-15.113));
#4512 = DIRECTION('',(1.,0.,0.));
#4513 = DIRECTION('',(0.,0.,1.));
#4514 = ADVANCED_FACE('',(#4515),#4535,.T.);
#4515 = FACE_BOUND('',#4516,.T.);
#4516 = EDGE_LOOP('',(#4517,#4518,#4527,#4534));
#4517 = ORIENTED_EDGE('',*,*,#4502,.T.);
#4518 = ORIENTED_EDGE('',*,*,#4519,.T.);
#4519 = EDGE_CURVE('',#4495,#4520,#4522,.T.);
#4520 = VERTEX_POINT('',#4521);
#4521 = CARTESIAN_POINT('',(19.177,-10.0076,-15.113));
#4522 = CIRCLE('',#4523,7.62);
#4523 = AXIS2_PLACEMENT_3D('',#4524,#4525,#4526);
#4524 = CARTESIAN_POINT('',(11.557,-10.0076,-15.113));
#4525 = DIRECTION('',(0.,0.,1.));
#4526 = DIRECTION('',(0.,-1.,0.));
#4527 = ORIENTED_EDGE('',*,*,#4528,.F.);
#4528 = EDGE_CURVE('',#4351,#4520,#4529,.T.);
#4529 = CIRCLE('',#4530,0.508);
#4530 = AXIS2_PLACEMENT_3D('',#4531,#4532,#4533);
#4531 = CARTESIAN_POINT('',(18.669,-10.0076,-15.113));
#4532 = DIRECTION('',(0.,1.,0.));
#4533 = DIRECTION('',(0.,-0.,1.));
#4534 = ORIENTED_EDGE('',*,*,#4358,.F.);
#4535 = TOROIDAL_SURFACE('',#4536,7.112,0.508);
#4536 = AXIS2_PLACEMENT_3D('',#4537,#4538,#4539);
#4537 = CARTESIAN_POINT('',(11.557,-10.0076,-15.113));
#4538 = DIRECTION('',(0.,0.,-1.));
#4539 = DIRECTION('',(-1.728301777744E-03,-0.999998506485,-0.));
#4540 = ADVANCED_FACE('',(#4541),#4560,.T.);
#4541 = FACE_BOUND('',#4542,.T.);
#4542 = EDGE_LOOP('',(#4543,#4544,#4552,#4559));
#4543 = ORIENTED_EDGE('',*,*,#4528,.T.);
#4544 = ORIENTED_EDGE('',*,*,#4545,.T.);
#4545 = EDGE_CURVE('',#4520,#4546,#4548,.T.);
#4546 = VERTEX_POINT('',#4547);
#4547 = CARTESIAN_POINT('',(19.177,10.0076,-15.113));
#4548 = LINE('',#4549,#4550);
#4549 = CARTESIAN_POINT('',(19.177,-10.0076,-15.113));
#4550 = VECTOR('',#4551,1.);
#4551 = DIRECTION('',(0.,1.,0.));
#4552 = ORIENTED_EDGE('',*,*,#4553,.F.);
#4553 = EDGE_CURVE('',#4342,#4546,#4554,.T.);
#4554 = CIRCLE('',#4555,0.508);
#4555 = AXIS2_PLACEMENT_3D('',#4556,#4557,#4558);
#4556 = CARTESIAN_POINT('',(18.669,10.0076,-15.113));
#4557 = DIRECTION('',(0.,1.,0.));
#4558 = DIRECTION('',(0.,-0.,1.));
#4559 = ORIENTED_EDGE('',*,*,#4350,.F.);
#4560 = CYLINDRICAL_SURFACE('',#4561,0.508);
#4561 = AXIS2_PLACEMENT_3D('',#4562,#4563,#4564);
#4562 = CARTESIAN_POINT('',(18.669,-10.0207696661,-15.113));
#4563 = DIRECTION('',(0.,1.,0.));
#4564 = DIRECTION('',(0.,-0.,1.));
#4565 = ADVANCED_FACE('',(#4566),#4586,.T.);
#4566 = FACE_BOUND('',#4567,.T.);
#4567 = EDGE_LOOP('',(#4568,#4569,#4578,#4585));
#4568 = ORIENTED_EDGE('',*,*,#4553,.T.);
#4569 = ORIENTED_EDGE('',*,*,#4570,.T.);
#4570 = EDGE_CURVE('',#4546,#4571,#4573,.T.);
#4571 = VERTEX_POINT('',#4572);
#4572 = CARTESIAN_POINT('',(11.557,17.6276,-15.113));
#4573 = CIRCLE('',#4574,7.62);
#4574 = AXIS2_PLACEMENT_3D('',#4575,#4576,#4577);
#4575 = CARTESIAN_POINT('',(11.557,10.0076,-15.113));
#4576 = DIRECTION('',(0.,0.,1.));
#4577 = DIRECTION('',(1.,0.,-0.));
#4578 = ORIENTED_EDGE('',*,*,#4579,.F.);
#4579 = EDGE_CURVE('',#4334,#4571,#4580,.T.);
#4580 = CIRCLE('',#4581,0.508);
#4581 = AXIS2_PLACEMENT_3D('',#4582,#4583,#4584);
#4582 = CARTESIAN_POINT('',(11.557,17.1196,-15.113));
#4583 = DIRECTION('',(-1.,0.,0.));
#4584 = DIRECTION('',(0.,0.,1.));
#4585 = ORIENTED_EDGE('',*,*,#4341,.F.);
#4586 = TOROIDAL_SURFACE('',#4587,7.112,0.508);
#4587 = AXIS2_PLACEMENT_3D('',#4588,#4589,#4590);
#4588 = CARTESIAN_POINT('',(11.557,10.0076,-15.113));
#4589 = DIRECTION('',(0.,0.,-1.));
#4590 = DIRECTION('',(0.999998506485,-1.728301777742E-03,0.));
#4591 = ADVANCED_FACE('',(#4592),#4603,.T.);
#4592 = FACE_BOUND('',#4593,.T.);
#4593 = EDGE_LOOP('',(#4594,#4595,#4601,#4602));
#4594 = ORIENTED_EDGE('',*,*,#4579,.T.);
#4595 = ORIENTED_EDGE('',*,*,#4596,.T.);
#4596 = EDGE_CURVE('',#4571,#4409,#4597,.T.);
#4597 = LINE('',#4598,#4599);
#4598 = CARTESIAN_POINT('',(11.557,17.6276,-15.113));
#4599 = VECTOR('',#4600,1.);
#4600 = DIRECTION('',(-1.,0.,0.));
#4601 = ORIENTED_EDGE('',*,*,#4408,.F.);
#4602 = ORIENTED_EDGE('',*,*,#4333,.F.);
#4603 = CYLINDRICAL_SURFACE('',#4604,0.508);
#4604 = AXIS2_PLACEMENT_3D('',#4605,#4606,#4607);
#4605 = CARTESIAN_POINT('',(11.5701696661,17.1196,-15.113));
#4606 = DIRECTION('',(-1.,0.,0.));
#4607 = DIRECTION('',(0.,0.,1.));
#4608 = ADVANCED_FACE('',(#4609),#4634,.T.);
#4609 = FACE_BOUND('',#4610,.F.);
#4610 = EDGE_LOOP('',(#4611,#4621,#4627,#4628));
#4611 = ORIENTED_EDGE('',*,*,#4612,.T.);
#4612 = EDGE_CURVE('',#4613,#4615,#4617,.T.);
#4613 = VERTEX_POINT('',#4614);
#4614 = CARTESIAN_POINT('',(-11.557,17.6276,-25.654));
#4615 = VERTEX_POINT('',#4616);
#4616 = CARTESIAN_POINT('',(11.557,17.6276,-25.654));
#4617 = LINE('',#4618,#4619);
#4618 = CARTESIAN_POINT('',(-11.557,17.6276,-25.654));
#4619 = VECTOR('',#4620,1.);
#4620 = DIRECTION('',(1.,0.,0.));
#4621 = ORIENTED_EDGE('',*,*,#4622,.T.);
#4622 = EDGE_CURVE('',#4615,#4571,#4623,.T.);
#4623 = LINE('',#4624,#4625);
#4624 = CARTESIAN_POINT('',(11.557,17.6276,-25.654));
#4625 = VECTOR('',#4626,1.);
#4626 = DIRECTION('',(0.,0.,1.));
#4627 = ORIENTED_EDGE('',*,*,#4596,.T.);
#4628 = ORIENTED_EDGE('',*,*,#4629,.F.);
#4629 = EDGE_CURVE('',#4613,#4409,#4630,.T.);
#4630 = LINE('',#4631,#4632);
#4631 = CARTESIAN_POINT('',(-11.557,17.6276,-25.654));
#4632 = VECTOR('',#4633,1.);
#4633 = DIRECTION('',(0.,0.,1.));
#4634 = PLANE('',#4635);
#4635 = AXIS2_PLACEMENT_3D('',#4636,#4637,#4638);
#4636 = CARTESIAN_POINT('',(-11.557,17.6276,-14.859));
#4637 = DIRECTION('',(0.,1.,0.));
#4638 = DIRECTION('',(1.,0.,0.));
#4639 = ADVANCED_FACE('',(#4640),#4667,.T.);
#4640 = FACE_BOUND('',#4641,.T.);
#4641 = EDGE_LOOP('',(#4642,#4651,#4652,#4661));
#4642 = ORIENTED_EDGE('',*,*,#4643,.T.);
#4643 = EDGE_CURVE('',#4644,#4613,#4646,.T.);
#4644 = VERTEX_POINT('',#4645);
#4645 = CARTESIAN_POINT('',(-11.557,17.1196,-26.162));
#4646 = CIRCLE('',#4647,0.508);
#4647 = AXIS2_PLACEMENT_3D('',#4648,#4649,#4650);
#4648 = CARTESIAN_POINT('',(-11.557,17.1196,-25.654));
#4649 = DIRECTION('',(1.,0.,0.));
#4650 = DIRECTION('',(0.,0.,-1.));
#4651 = ORIENTED_EDGE('',*,*,#4612,.T.);
#4652 = ORIENTED_EDGE('',*,*,#4653,.F.);
#4653 = EDGE_CURVE('',#4654,#4615,#4656,.T.);
#4654 = VERTEX_POINT('',#4655);
#4655 = CARTESIAN_POINT('',(11.557,17.1196,-26.162));
#4656 = CIRCLE('',#4657,0.508);
#4657 = AXIS2_PLACEMENT_3D('',#4658,#4659,#4660);
#4658 = CARTESIAN_POINT('',(11.557,17.1196,-25.654));
#4659 = DIRECTION('',(1.,0.,0.));
#4660 = DIRECTION('',(0.,0.,-1.));
#4661 = ORIENTED_EDGE('',*,*,#4662,.F.);
#4662 = EDGE_CURVE('',#4644,#4654,#4663,.T.);
#4663 = LINE('',#4664,#4665);
#4664 = CARTESIAN_POINT('',(-11.557,17.1196,-26.162));
#4665 = VECTOR('',#4666,1.);
#4666 = DIRECTION('',(1.,0.,0.));
#4667 = CYLINDRICAL_SURFACE('',#4668,0.508);
#4668 = AXIS2_PLACEMENT_3D('',#4669,#4670,#4671);
#4669 = CARTESIAN_POINT('',(-11.56629050787,17.1196,-25.654));
#4670 = DIRECTION('',(1.,0.,0.));
#4671 = DIRECTION('',(0.,0.,-1.));
#4672 = ADVANCED_FACE('',(#4673),#4726,.T.);
#4673 = FACE_BOUND('',#4674,.F.);
#4674 = EDGE_LOOP('',(#4675,#4685,#4694,#4703,#4712,#4720));
#4675 = ORIENTED_EDGE('',*,*,#4676,.F.);
#4676 = EDGE_CURVE('',#4677,#4679,#4681,.T.);
#4677 = VERTEX_POINT('',#4678);
#4678 = CARTESIAN_POINT('',(8.42563637951,-13.462,-26.162));
#4679 = VERTEX_POINT('',#4680);
#4680 = CARTESIAN_POINT('',(4.5847,-13.462,-26.162));
#4681 = LINE('',#4682,#4683);
#4682 = CARTESIAN_POINT('',(8.42563637951,-13.462,-26.162));
#4683 = VECTOR('',#4684,1.);
#4684 = DIRECTION('',(-1.,0.,0.));
#4685 = ORIENTED_EDGE('',*,*,#4686,.T.);
#4686 = EDGE_CURVE('',#4677,#4687,#4689,.T.);
#4687 = VERTEX_POINT('',#4688);
#4688 = CARTESIAN_POINT('',(6.8834,-10.668,-26.162));
#4689 = CIRCLE('',#4690,3.302);
#4690 = AXIS2_PLACEMENT_3D('',#4691,#4692,#4693);
#4691 = CARTESIAN_POINT('',(10.1854,-10.668,-26.162));
#4692 = DIRECTION('',(0.,0.,-1.));
#4693 = DIRECTION('',(-0.532938710021,-0.846153846154,-0.));
#4694 = ORIENTED_EDGE('',*,*,#4695,.T.);
#4695 = EDGE_CURVE('',#4687,#4696,#4698,.T.);
#4696 = VERTEX_POINT('',#4697);
#4697 = CARTESIAN_POINT('',(7.159067011051,-9.3472,-26.162));
#4698 = CIRCLE('',#4699,3.302);
#4699 = AXIS2_PLACEMENT_3D('',#4700,#4701,#4702);
#4700 = CARTESIAN_POINT('',(10.1854,-10.668,-26.162));
#4701 = DIRECTION('',(0.,0.,-1.));
#4702 = DIRECTION('',(-1.,0.,0.));
#4703 = ORIENTED_EDGE('',*,*,#4704,.F.);
#4704 = EDGE_CURVE('',#4705,#4696,#4707,.T.);
#4705 = VERTEX_POINT('',#4706);
#4706 = CARTESIAN_POINT('',(7.201477320444,-9.144,-26.162));
#4707 = CIRCLE('',#4708,0.508);
#4708 = AXIS2_PLACEMENT_3D('',#4709,#4710,#4711);
#4709 = CARTESIAN_POINT('',(6.693477320444,-9.144,-26.162));
#4710 = DIRECTION('',(0.,0.,-1.));
#4711 = DIRECTION('',(1.,0.,0.));
#4712 = ORIENTED_EDGE('',*,*,#4713,.T.);
#4713 = EDGE_CURVE('',#4705,#4714,#4716,.T.);
#4714 = VERTEX_POINT('',#4715);
#4715 = CARTESIAN_POINT('',(4.584700000001,-9.144,-26.162));
#4716 = LINE('',#4717,#4718);
#4717 = CARTESIAN_POINT('',(7.201477320444,-9.144,-26.162));
#4718 = VECTOR('',#4719,1.);
#4719 = DIRECTION('',(-1.,0.,0.));
#4720 = ORIENTED_EDGE('',*,*,#4721,.F.);
#4721 = EDGE_CURVE('',#4679,#4714,#4722,.T.);
#4722 = LINE('',#4723,#4724);
#4723 = CARTESIAN_POINT('',(4.5847,-13.462,-26.162));
#4724 = VECTOR('',#4725,1.);
#4725 = DIRECTION('',(1.283518605588E-13,1.,0.));
#4726 = PLANE('',#4727);
#4727 = AXIS2_PLACEMENT_3D('',#4728,#4729,#4730);
#4728 = CARTESIAN_POINT('',(0.,0.,-26.162));
#4729 = DIRECTION('',(0.,0.,-1.));
#4730 = DIRECTION('',(0.,-1.,0.));
#4731 = ADVANCED_FACE('',(#4732,#5020),#5040,.T.);
#4732 = FACE_BOUND('',#4733,.F.);
#4733 = EDGE_LOOP('',(#4734,#4745,#4753,#4761,#4770,#4778,#4785,#4786,
    #4795,#4803,#4812,#4820,#4828,#4837,#4846,#4855,#4863,#4872,#4881,
    #4890,#4899,#4908,#4916,#4925,#4934,#4943,#4952,#4961,#4969,#4978,
    #4987,#4996,#5004,#5013));
#4734 = ORIENTED_EDGE('',*,*,#4735,.T.);
#4735 = EDGE_CURVE('',#4736,#4738,#4740,.T.);
#4736 = VERTEX_POINT('',#4737);
#4737 = CARTESIAN_POINT('',(13.4874,-10.668,-26.162));
#4738 = VERTEX_POINT('',#4739);
#4739 = CARTESIAN_POINT('',(10.0584,-13.96755678842,-26.162));
#4740 = CIRCLE('',#4741,3.302);
#4741 = AXIS2_PLACEMENT_3D('',#4742,#4743,#4744);
#4742 = CARTESIAN_POINT('',(10.1854,-10.668,-26.162));
#4743 = DIRECTION('',(0.,0.,-1.));
#4744 = DIRECTION('',(1.,0.,0.));
#4745 = ORIENTED_EDGE('',*,*,#4746,.F.);
#4746 = EDGE_CURVE('',#4747,#4738,#4749,.T.);
#4747 = VERTEX_POINT('',#4748);
#4748 = CARTESIAN_POINT('',(10.0584,-17.1196,-26.162));
#4749 = LINE('',#4750,#4751);
#4750 = CARTESIAN_POINT('',(10.0584,-17.1196,-26.162));
#4751 = VECTOR('',#4752,1.);
#4752 = DIRECTION('',(0.,1.,0.));
#4753 = ORIENTED_EDGE('',*,*,#4754,.F.);
#4754 = EDGE_CURVE('',#4755,#4747,#4757,.T.);
#4755 = VERTEX_POINT('',#4756);
#4756 = CARTESIAN_POINT('',(11.557,-17.1196,-26.162));
#4757 = LINE('',#4758,#4759);
#4758 = CARTESIAN_POINT('',(11.557,-17.1196,-26.162));
#4759 = VECTOR('',#4760,1.);
#4760 = DIRECTION('',(-1.,0.,0.));
#4761 = ORIENTED_EDGE('',*,*,#4762,.F.);
#4762 = EDGE_CURVE('',#4763,#4755,#4765,.T.);
#4763 = VERTEX_POINT('',#4764);
#4764 = CARTESIAN_POINT('',(18.669,-10.0076,-26.162));
#4765 = CIRCLE('',#4766,7.112);
#4766 = AXIS2_PLACEMENT_3D('',#4767,#4768,#4769);
#4767 = CARTESIAN_POINT('',(11.557,-10.0076,-26.162));
#4768 = DIRECTION('',(0.,0.,-1.));
#4769 = DIRECTION('',(1.,0.,0.));
#4770 = ORIENTED_EDGE('',*,*,#4771,.F.);
#4771 = EDGE_CURVE('',#4772,#4763,#4774,.T.);
#4772 = VERTEX_POINT('',#4773);
#4773 = CARTESIAN_POINT('',(18.669,10.0076,-26.162));
#4774 = LINE('',#4775,#4776);
#4775 = CARTESIAN_POINT('',(18.669,10.0076,-26.162));
#4776 = VECTOR('',#4777,1.);
#4777 = DIRECTION('',(0.,-1.,0.));
#4778 = ORIENTED_EDGE('',*,*,#4779,.F.);
#4779 = EDGE_CURVE('',#4654,#4772,#4780,.T.);
#4780 = CIRCLE('',#4781,7.112);
#4781 = AXIS2_PLACEMENT_3D('',#4782,#4783,#4784);
#4782 = CARTESIAN_POINT('',(11.557,10.0076,-26.162));
#4783 = DIRECTION('',(0.,0.,-1.));
#4784 = DIRECTION('',(0.,1.,0.));
#4785 = ORIENTED_EDGE('',*,*,#4662,.F.);
#4786 = ORIENTED_EDGE('',*,*,#4787,.F.);
#4787 = EDGE_CURVE('',#4788,#4644,#4790,.T.);
#4788 = VERTEX_POINT('',#4789);
#4789 = CARTESIAN_POINT('',(-18.669,10.0076,-26.162));
#4790 = CIRCLE('',#4791,7.112);
#4791 = AXIS2_PLACEMENT_3D('',#4792,#4793,#4794);
#4792 = CARTESIAN_POINT('',(-11.557,10.0076,-26.162));
#4793 = DIRECTION('',(0.,0.,-1.));
#4794 = DIRECTION('',(-1.,0.,0.));
#4795 = ORIENTED_EDGE('',*,*,#4796,.F.);
#4796 = EDGE_CURVE('',#4797,#4788,#4799,.T.);
#4797 = VERTEX_POINT('',#4798);
#4798 = CARTESIAN_POINT('',(-18.669,-10.0076,-26.162));
#4799 = LINE('',#4800,#4801);
#4800 = CARTESIAN_POINT('',(-18.669,-10.0076,-26.162));
#4801 = VECTOR('',#4802,1.);
#4802 = DIRECTION('',(0.,1.,0.));
#4803 = ORIENTED_EDGE('',*,*,#4804,.F.);
#4804 = EDGE_CURVE('',#4805,#4797,#4807,.T.);
#4805 = VERTEX_POINT('',#4806);
#4806 = CARTESIAN_POINT('',(-11.557,-17.1196,-26.162));
#4807 = CIRCLE('',#4808,7.112);
#4808 = AXIS2_PLACEMENT_3D('',#4809,#4810,#4811);
#4809 = CARTESIAN_POINT('',(-11.557,-10.0076,-26.162));
#4810 = DIRECTION('',(0.,0.,-1.));
#4811 = DIRECTION('',(0.,-1.,0.));
#4812 = ORIENTED_EDGE('',*,*,#4813,.F.);
#4813 = EDGE_CURVE('',#4814,#4805,#4816,.T.);
#4814 = VERTEX_POINT('',#4815);
#4815 = CARTESIAN_POINT('',(-6.985,-17.1196,-26.162));
#4816 = LINE('',#4817,#4818);
#4817 = CARTESIAN_POINT('',(-6.985,-17.1196,-26.162));
#4818 = VECTOR('',#4819,1.);
#4819 = DIRECTION('',(-1.,0.,0.));
#4820 = ORIENTED_EDGE('',*,*,#4821,.F.);
#4821 = EDGE_CURVE('',#4822,#4814,#4824,.T.);
#4822 = VERTEX_POINT('',#4823);
#4823 = CARTESIAN_POINT('',(-6.985,-13.96755678842,-26.162));
#4824 = LINE('',#4825,#4826);
#4825 = CARTESIAN_POINT('',(-6.985,-13.96755678842,-26.162));
#4826 = VECTOR('',#4827,1.);
#4827 = DIRECTION('',(0.,-1.,0.));
#4828 = ORIENTED_EDGE('',*,*,#4829,.T.);
#4829 = EDGE_CURVE('',#4822,#4830,#4832,.T.);
#4830 = VERTEX_POINT('',#4831);
#4831 = CARTESIAN_POINT('',(-10.414,-10.668,-26.162));
#4832 = CIRCLE('',#4833,3.302);
#4833 = AXIS2_PLACEMENT_3D('',#4834,#4835,#4836);
#4834 = CARTESIAN_POINT('',(-7.112,-10.668,-26.162));
#4835 = DIRECTION('',(0.,0.,-1.));
#4836 = DIRECTION('',(3.846153846154E-02,-0.99926008129,0.));
#4837 = ORIENTED_EDGE('',*,*,#4838,.T.);
#4838 = EDGE_CURVE('',#4830,#4839,#4841,.T.);
#4839 = VERTEX_POINT('',#4840);
#4840 = CARTESIAN_POINT('',(-7.255086666667,-7.369101667856,-26.162));
#4841 = CIRCLE('',#4842,3.302);
#4842 = AXIS2_PLACEMENT_3D('',#4843,#4844,#4845);
#4843 = CARTESIAN_POINT('',(-7.112,-10.668,-26.162));
#4844 = DIRECTION('',(0.,0.,-1.));
#4845 = DIRECTION('',(-1.,0.,0.));
#4846 = ORIENTED_EDGE('',*,*,#4847,.F.);
#4847 = EDGE_CURVE('',#4848,#4839,#4850,.T.);
#4848 = VERTEX_POINT('',#4849);
#4849 = CARTESIAN_POINT('',(-6.7691,-6.861578847526,-26.162));
#4850 = CIRCLE('',#4851,0.508);
#4851 = AXIS2_PLACEMENT_3D('',#4852,#4853,#4854);
#4852 = CARTESIAN_POINT('',(-7.2771,-6.861578847526,-26.162));
#4853 = DIRECTION('',(0.,0.,-1.));
#4854 = DIRECTION('',(1.,0.,0.));
#4855 = ORIENTED_EDGE('',*,*,#4856,.T.);
#4856 = EDGE_CURVE('',#4848,#4857,#4859,.T.);
#4857 = VERTEX_POINT('',#4858);
#4858 = CARTESIAN_POINT('',(-6.7691,6.861578847526,-26.162));
#4859 = LINE('',#4860,#4861);
#4860 = CARTESIAN_POINT('',(-6.7691,-6.861578847526,-26.162));
#4861 = VECTOR('',#4862,1.);
#4862 = DIRECTION('',(0.,1.,0.));
#4863 = ORIENTED_EDGE('',*,*,#4864,.F.);
#4864 = EDGE_CURVE('',#4865,#4857,#4867,.T.);
#4865 = VERTEX_POINT('',#4866);
#4866 = CARTESIAN_POINT('',(-7.255086666667,7.369101667856,-26.162));
#4867 = CIRCLE('',#4868,0.508);
#4868 = AXIS2_PLACEMENT_3D('',#4869,#4870,#4871);
#4869 = CARTESIAN_POINT('',(-7.2771,6.861578847526,-26.162));
#4870 = DIRECTION('',(0.,0.,-1.));
#4871 = DIRECTION('',(4.333333333331E-02,0.999060669941,0.));
#4872 = ORIENTED_EDGE('',*,*,#4873,.T.);
#4873 = EDGE_CURVE('',#4865,#4874,#4876,.T.);
#4874 = VERTEX_POINT('',#4875);
#4875 = CARTESIAN_POINT('',(-10.414,10.668,-26.162));
#4876 = CIRCLE('',#4877,3.302);
#4877 = AXIS2_PLACEMENT_3D('',#4878,#4879,#4880);
#4878 = CARTESIAN_POINT('',(-7.112,10.668,-26.162));
#4879 = DIRECTION('',(0.,0.,-1.));
#4880 = DIRECTION('',(-4.333333333334E-02,-0.999060669941,-0.));
#4881 = ORIENTED_EDGE('',*,*,#4882,.T.);
#4882 = EDGE_CURVE('',#4874,#4883,#4885,.T.);
#4883 = VERTEX_POINT('',#4884);
#4884 = CARTESIAN_POINT('',(-3.81,10.668,-26.162));
#4885 = CIRCLE('',#4886,3.302);
#4886 = AXIS2_PLACEMENT_3D('',#4887,#4888,#4889);
#4887 = CARTESIAN_POINT('',(-7.112,10.668,-26.162));
#4888 = DIRECTION('',(0.,0.,-1.));
#4889 = DIRECTION('',(-1.,0.,0.));
#4890 = ORIENTED_EDGE('',*,*,#4891,.T.);
#4891 = EDGE_CURVE('',#4883,#4892,#4894,.T.);
#4892 = VERTEX_POINT('',#4893);
#4893 = CARTESIAN_POINT('',(-4.085667011051,9.3472,-26.162));
#4894 = CIRCLE('',#4895,3.302);
#4895 = AXIS2_PLACEMENT_3D('',#4896,#4897,#4898);
#4896 = CARTESIAN_POINT('',(-7.112,10.668,-26.162));
#4897 = DIRECTION('',(0.,0.,-1.));
#4898 = DIRECTION('',(1.,0.,0.));
#4899 = ORIENTED_EDGE('',*,*,#4900,.F.);
#4900 = EDGE_CURVE('',#4901,#4892,#4903,.T.);
#4901 = VERTEX_POINT('',#4902);
#4902 = CARTESIAN_POINT('',(-3.620077320444,8.636,-26.162));
#4903 = CIRCLE('',#4904,0.508);
#4904 = AXIS2_PLACEMENT_3D('',#4905,#4906,#4907);
#4905 = CARTESIAN_POINT('',(-3.620077320444,9.144,-26.162));
#4906 = DIRECTION('',(0.,0.,-1.));
#4907 = DIRECTION('',(0.,-1.,0.));
#4908 = ORIENTED_EDGE('',*,*,#4909,.T.);
#4909 = EDGE_CURVE('',#4901,#4910,#4912,.T.);
#4910 = VERTEX_POINT('',#4911);
#4911 = CARTESIAN_POINT('',(6.693477320444,8.636,-26.162));
#4912 = LINE('',#4913,#4914);
#4913 = CARTESIAN_POINT('',(-3.620077320444,8.636,-26.162));
#4914 = VECTOR('',#4915,1.);
#4915 = DIRECTION('',(1.,0.,0.));
#4916 = ORIENTED_EDGE('',*,*,#4917,.F.);
#4917 = EDGE_CURVE('',#4918,#4910,#4920,.T.);
#4918 = VERTEX_POINT('',#4919);
#4919 = CARTESIAN_POINT('',(7.159067011051,9.3472,-26.162));
#4920 = CIRCLE('',#4921,0.508);
#4921 = AXIS2_PLACEMENT_3D('',#4922,#4923,#4924);
#4922 = CARTESIAN_POINT('',(6.693477320444,9.144,-26.162));
#4923 = DIRECTION('',(0.,0.,-1.));
#4924 = DIRECTION('',(0.916515138991,0.4,0.));
#4925 = ORIENTED_EDGE('',*,*,#4926,.T.);
#4926 = EDGE_CURVE('',#4918,#4927,#4929,.T.);
#4927 = VERTEX_POINT('',#4928);
#4928 = CARTESIAN_POINT('',(6.8834,10.668,-26.162));
#4929 = CIRCLE('',#4930,3.302);
#4930 = AXIS2_PLACEMENT_3D('',#4931,#4932,#4933);
#4931 = CARTESIAN_POINT('',(10.1854,10.668,-26.162));
#4932 = DIRECTION('',(0.,0.,-1.));
#4933 = DIRECTION('',(-0.916515138991,-0.4,-0.));
#4934 = ORIENTED_EDGE('',*,*,#4935,.T.);
#4935 = EDGE_CURVE('',#4927,#4936,#4938,.T.);
#4936 = VERTEX_POINT('',#4937);
#4937 = CARTESIAN_POINT('',(13.4874,10.668,-26.162));
#4938 = CIRCLE('',#4939,3.302);
#4939 = AXIS2_PLACEMENT_3D('',#4940,#4941,#4942);
#4940 = CARTESIAN_POINT('',(10.1854,10.668,-26.162));
#4941 = DIRECTION('',(0.,0.,-1.));
#4942 = DIRECTION('',(-1.,0.,0.));
#4943 = ORIENTED_EDGE('',*,*,#4944,.T.);
#4944 = EDGE_CURVE('',#4936,#4945,#4947,.T.);
#4945 = VERTEX_POINT('',#4946);
#4946 = CARTESIAN_POINT('',(10.3505,7.370130082917,-26.162));
#4947 = CIRCLE('',#4948,3.302);
#4948 = AXIS2_PLACEMENT_3D('',#4949,#4950,#4951);
#4949 = CARTESIAN_POINT('',(10.1854,10.668,-26.162));
#4950 = DIRECTION('',(0.,0.,-1.));
#4951 = DIRECTION('',(1.,0.,0.));
#4952 = ORIENTED_EDGE('',*,*,#4953,.F.);
#4953 = EDGE_CURVE('',#4954,#4945,#4956,.T.);
#4954 = VERTEX_POINT('',#4955);
#4955 = CARTESIAN_POINT('',(9.8679,6.862765480289,-26.162));
#4956 = CIRCLE('',#4957,0.508);
#4957 = AXIS2_PLACEMENT_3D('',#4958,#4959,#4960);
#4958 = CARTESIAN_POINT('',(10.3759,6.862765480289,-26.162));
#4959 = DIRECTION('',(0.,0.,-1.));
#4960 = DIRECTION('',(-1.,0.,0.));
#4961 = ORIENTED_EDGE('',*,*,#4962,.T.);
#4962 = EDGE_CURVE('',#4954,#4963,#4965,.T.);
#4963 = VERTEX_POINT('',#4964);
#4964 = CARTESIAN_POINT('',(9.8679,2.503279213751,-26.162));
#4965 = LINE('',#4966,#4967);
#4966 = CARTESIAN_POINT('',(9.8679,6.862765480289,-26.162));
#4967 = VECTOR('',#4968,1.);
#4968 = DIRECTION('',(0.,-1.,0.));
#4969 = ORIENTED_EDGE('',*,*,#4970,.F.);
#4970 = EDGE_CURVE('',#4971,#4963,#4973,.T.);
#4971 = VERTEX_POINT('',#4972);
#4972 = CARTESIAN_POINT('',(10.82006208426,2.220203293793,-26.162));
#4973 = CIRCLE('',#4974,0.51816);
#4974 = AXIS2_PLACEMENT_3D('',#4975,#4976,#4977);
#4975 = CARTESIAN_POINT('',(10.38606,2.503279213751,-26.162));
#4976 = DIRECTION('',(0.,0.,-1.));
#4977 = DIRECTION('',(0.837583148559,-0.546309865599,0.));
#4978 = ORIENTED_EDGE('',*,*,#4979,.T.);
#4979 = EDGE_CURVE('',#4971,#4980,#4982,.T.);
#4980 = VERTEX_POINT('',#4981);
#4981 = CARTESIAN_POINT('',(10.80844036243,-2.202282534598,-26.162));
#4982 = CIRCLE('',#4983,4.064);
#4983 = AXIS2_PLACEMENT_3D('',#4984,#4985,#4986);
#4984 = CARTESIAN_POINT('',(14.224,0.,-26.162));
#4985 = DIRECTION('',(0.,0.,-1.));
#4986 = DIRECTION('',(-0.837583148559,0.546309865599,0.));
#4987 = ORIENTED_EDGE('',*,*,#4988,.F.);
#4988 = EDGE_CURVE('',#4989,#4980,#4991,.T.);
#4989 = VERTEX_POINT('',#4990);
#4990 = CARTESIAN_POINT('',(9.8679,-2.479215364019,-26.162));
#4991 = CIRCLE('',#4992,0.51104025078);
#4992 = AXIS2_PLACEMENT_3D('',#4993,#4994,#4995);
#4993 = CARTESIAN_POINT('',(10.37894025078,-2.479215364019,-26.162));
#4994 = DIRECTION('',(0.,0.,-1.));
#4995 = DIRECTION('',(-1.,0.,0.));
#4996 = ORIENTED_EDGE('',*,*,#4997,.T.);
#4997 = EDGE_CURVE('',#4989,#4998,#5000,.T.);
#4998 = VERTEX_POINT('',#4999);
#4999 = CARTESIAN_POINT('',(9.8679,-6.862765480289,-26.162));
#5000 = LINE('',#5001,#5002);
#5001 = CARTESIAN_POINT('',(9.8679,-2.479215364019,-26.162));
#5002 = VECTOR('',#5003,1.);
#5003 = DIRECTION('',(0.,-1.,0.));
#5004 = ORIENTED_EDGE('',*,*,#5005,.F.);
#5005 = EDGE_CURVE('',#5006,#4998,#5008,.T.);
#5006 = VERTEX_POINT('',#5007);
#5007 = CARTESIAN_POINT('',(10.3505,-7.370130082917,-26.162));
#5008 = CIRCLE('',#5009,0.508);
#5009 = AXIS2_PLACEMENT_3D('',#5010,#5011,#5012);
#5010 = CARTESIAN_POINT('',(10.3759,-6.862765480289,-26.162));
#5011 = DIRECTION('',(0.,0.,-1.));
#5012 = DIRECTION('',(-5.E-02,-0.998749217772,-0.));
#5013 = ORIENTED_EDGE('',*,*,#5014,.T.);
#5014 = EDGE_CURVE('',#5006,#4736,#5015,.T.);
#5015 = CIRCLE('',#5016,3.302);
#5016 = AXIS2_PLACEMENT_3D('',#5017,#5018,#5019);
#5017 = CARTESIAN_POINT('',(10.1854,-10.668,-26.162));
#5018 = DIRECTION('',(0.,0.,-1.));
#5019 = DIRECTION('',(5.E-02,0.998749217772,0.));
#5020 = FACE_BOUND('',#5021,.F.);
#5021 = EDGE_LOOP('',(#5022,#5033));
#5022 = ORIENTED_EDGE('',*,*,#5023,.T.);
#5023 = EDGE_CURVE('',#5024,#5026,#5028,.T.);
#5024 = VERTEX_POINT('',#5025);
#5025 = CARTESIAN_POINT('',(-18.288,0.,-26.162));
#5026 = VERTEX_POINT('',#5027);
#5027 = CARTESIAN_POINT('',(-10.16,0.,-26.162));
#5028 = CIRCLE('',#5029,4.064);
#5029 = AXIS2_PLACEMENT_3D('',#5030,#5031,#5032);
#5030 = CARTESIAN_POINT('',(-14.224,0.,-26.162));
#5031 = DIRECTION('',(0.,0.,-1.));
#5032 = DIRECTION('',(-1.,0.,0.));
#5033 = ORIENTED_EDGE('',*,*,#5034,.T.);
#5034 = EDGE_CURVE('',#5026,#5024,#5035,.T.);
#5035 = CIRCLE('',#5036,4.064);
#5036 = AXIS2_PLACEMENT_3D('',#5037,#5038,#5039);
#5037 = CARTESIAN_POINT('',(-14.224,0.,-26.162));
#5038 = DIRECTION('',(0.,0.,-1.));
#5039 = DIRECTION('',(1.,0.,0.));
#5040 = PLANE('',#5041);
#5041 = AXIS2_PLACEMENT_3D('',#5042,#5043,#5044);
#5042 = CARTESIAN_POINT('',(0.,0.,-26.162));
#5043 = DIRECTION('',(0.,0.,-1.));
#5044 = DIRECTION('',(0.,-1.,0.));
#5045 = ADVANCED_FACE('',(#5046),#5099,.T.);
#5046 = FACE_BOUND('',#5047,.F.);
#5047 = EDGE_LOOP('',(#5048,#5058,#5066,#5075,#5084,#5093));
#5048 = ORIENTED_EDGE('',*,*,#5049,.F.);
#5049 = EDGE_CURVE('',#5050,#5052,#5054,.T.);
#5050 = VERTEX_POINT('',#5051);
#5051 = CARTESIAN_POINT('',(-1.511300000001,-9.144,-26.162));
#5052 = VERTEX_POINT('',#5053);
#5053 = CARTESIAN_POINT('',(-1.5113,-13.462,-26.162));
#5054 = LINE('',#5055,#5056);
#5055 = CARTESIAN_POINT('',(-1.511300000001,-9.144,-26.162));
#5056 = VECTOR('',#5057,1.);
#5057 = DIRECTION('',(1.283518605588E-13,-1.,0.));
#5058 = ORIENTED_EDGE('',*,*,#5059,.T.);
#5059 = EDGE_CURVE('',#5050,#5060,#5062,.T.);
#5060 = VERTEX_POINT('',#5061);
#5061 = CARTESIAN_POINT('',(-4.128077320444,-9.144,-26.162));
#5062 = LINE('',#5063,#5064);
#5063 = CARTESIAN_POINT('',(-1.511300000001,-9.144,-26.162));
#5064 = VECTOR('',#5065,1.);
#5065 = DIRECTION('',(-1.,0.,0.));
#5066 = ORIENTED_EDGE('',*,*,#5067,.F.);
#5067 = EDGE_CURVE('',#5068,#5060,#5070,.T.);
#5068 = VERTEX_POINT('',#5069);
#5069 = CARTESIAN_POINT('',(-4.085667011051,-9.3472,-26.162));
#5070 = CIRCLE('',#5071,0.508);
#5071 = AXIS2_PLACEMENT_3D('',#5072,#5073,#5074);
#5072 = CARTESIAN_POINT('',(-3.620077320444,-9.144,-26.162));
#5073 = DIRECTION('',(0.,0.,-1.));
#5074 = DIRECTION('',(-0.916515138991,-0.4,-0.));
#5075 = ORIENTED_EDGE('',*,*,#5076,.T.);
#5076 = EDGE_CURVE('',#5068,#5077,#5079,.T.);
#5077 = VERTEX_POINT('',#5078);
#5078 = CARTESIAN_POINT('',(-3.81,-10.668,-26.162));
#5079 = CIRCLE('',#5080,3.302);
#5080 = AXIS2_PLACEMENT_3D('',#5081,#5082,#5083);
#5081 = CARTESIAN_POINT('',(-7.112,-10.668,-26.162));
#5082 = DIRECTION('',(0.,0.,-1.));
#5083 = DIRECTION('',(0.916515138991,0.4,0.));
#5084 = ORIENTED_EDGE('',*,*,#5085,.T.);
#5085 = EDGE_CURVE('',#5077,#5086,#5088,.T.);
#5086 = VERTEX_POINT('',#5087);
#5087 = CARTESIAN_POINT('',(-5.35223637951,-13.462,-26.162));
#5088 = CIRCLE('',#5089,3.302);
#5089 = AXIS2_PLACEMENT_3D('',#5090,#5091,#5092);
#5090 = CARTESIAN_POINT('',(-7.112,-10.668,-26.162));
#5091 = DIRECTION('',(0.,0.,-1.));
#5092 = DIRECTION('',(1.,0.,0.));
#5093 = ORIENTED_EDGE('',*,*,#5094,.F.);
#5094 = EDGE_CURVE('',#5052,#5086,#5095,.T.);
#5095 = LINE('',#5096,#5097);
#5096 = CARTESIAN_POINT('',(-1.5113,-13.462,-26.162));
#5097 = VECTOR('',#5098,1.);
#5098 = DIRECTION('',(-1.,0.,0.));
#5099 = PLANE('',#5100);
#5100 = AXIS2_PLACEMENT_3D('',#5101,#5102,#5103);
#5101 = CARTESIAN_POINT('',(0.,0.,-26.162));
#5102 = DIRECTION('',(0.,0.,-1.));
#5103 = DIRECTION('',(0.,-1.,0.));
#5104 = ADVANCED_FACE('',(#5105),#5131,.T.);
#5105 = FACE_BOUND('',#5106,.T.);
#5106 = EDGE_LOOP('',(#5107,#5115,#5116,#5124));
#5107 = ORIENTED_EDGE('',*,*,#5108,.F.);
#5108 = EDGE_CURVE('',#5024,#5109,#5111,.T.);
#5109 = VERTEX_POINT('',#5110);
#5110 = CARTESIAN_POINT('',(-18.288,0.,-28.8036));
#5111 = LINE('',#5112,#5113);
#5112 = CARTESIAN_POINT('',(-18.288,0.,-26.162));
#5113 = VECTOR('',#5114,1.);
#5114 = DIRECTION('',(0.,0.,-1.));
#5115 = ORIENTED_EDGE('',*,*,#5023,.T.);
#5116 = ORIENTED_EDGE('',*,*,#5117,.T.);
#5117 = EDGE_CURVE('',#5026,#5118,#5120,.T.);
#5118 = VERTEX_POINT('',#5119);
#5119 = CARTESIAN_POINT('',(-10.16,0.,-28.8036));
#5120 = LINE('',#5121,#5122);
#5121 = CARTESIAN_POINT('',(-10.16,0.,-26.162));
#5122 = VECTOR('',#5123,1.);
#5123 = DIRECTION('',(0.,0.,-1.));
#5124 = ORIENTED_EDGE('',*,*,#5125,.F.);
#5125 = EDGE_CURVE('',#5109,#5118,#5126,.T.);
#5126 = CIRCLE('',#5127,4.064);
#5127 = AXIS2_PLACEMENT_3D('',#5128,#5129,#5130);
#5128 = CARTESIAN_POINT('',(-14.224,0.,-28.8036));
#5129 = DIRECTION('',(0.,0.,-1.));
#5130 = DIRECTION('',(-1.,0.,0.));
#5131 = CYLINDRICAL_SURFACE('',#5132,4.064);
#5132 = AXIS2_PLACEMENT_3D('',#5133,#5134,#5135);
#5133 = CARTESIAN_POINT('',(-14.224,0.,-26.162));
#5134 = DIRECTION('',(0.,0.,-1.));
#5135 = DIRECTION('',(-1.,0.,0.));
#5136 = ADVANCED_FACE('',(#5137),#5165,.T.);
#5137 = FACE_BOUND('',#5138,.T.);
#5138 = EDGE_LOOP('',(#5139,#5148,#5149,#5158));
#5139 = ORIENTED_EDGE('',*,*,#5140,.T.);
#5140 = EDGE_CURVE('',#5141,#5109,#5143,.T.);
#5141 = VERTEX_POINT('',#5142);
#5142 = CARTESIAN_POINT('',(-17.78,0.,-29.3116));
#5143 = CIRCLE('',#5144,0.508);
#5144 = AXIS2_PLACEMENT_3D('',#5145,#5146,#5147);
#5145 = CARTESIAN_POINT('',(-17.78,0.,-28.8036));
#5146 = DIRECTION('',(0.,1.,0.));
#5147 = DIRECTION('',(0.,0.,-1.));
#5148 = ORIENTED_EDGE('',*,*,#5125,.T.);
#5149 = ORIENTED_EDGE('',*,*,#5150,.F.);
#5150 = EDGE_CURVE('',#5151,#5118,#5153,.T.);
#5151 = VERTEX_POINT('',#5152);
#5152 = CARTESIAN_POINT('',(-10.668,0.,-29.3116));
#5153 = CIRCLE('',#5154,0.508);
#5154 = AXIS2_PLACEMENT_3D('',#5155,#5156,#5157);
#5155 = CARTESIAN_POINT('',(-10.668,0.,-28.8036));
#5156 = DIRECTION('',(0.,-1.,0.));
#5157 = DIRECTION('',(0.,0.,-1.));
#5158 = ORIENTED_EDGE('',*,*,#5159,.F.);
#5159 = EDGE_CURVE('',#5141,#5151,#5160,.T.);
#5160 = CIRCLE('',#5161,3.556);
#5161 = AXIS2_PLACEMENT_3D('',#5162,#5163,#5164);
#5162 = CARTESIAN_POINT('',(-14.224,0.,-29.3116));
#5163 = DIRECTION('',(0.,0.,-1.));
#5164 = DIRECTION('',(-1.,0.,0.));
#5165 = TOROIDAL_SURFACE('',#5166,3.556,0.508);
#5166 = AXIS2_PLACEMENT_3D('',#5167,#5168,#5169);
#5167 = CARTESIAN_POINT('',(-14.224,0.,-28.8036));
#5168 = DIRECTION('',(0.,0.,-1.));
#5169 = DIRECTION('',(-0.999997386988,-2.286048174229E-03,-0.));
#5170 = ADVANCED_FACE('',(#5171,#5348,#5368,#5388,#5408),#5428,.T.);
#5171 = FACE_BOUND('',#5172,.F.);
#5172 = EDGE_LOOP('',(#5173,#5184,#5193,#5201,#5210,#5219,#5228,#5236,
    #5245,#5254,#5263,#5271,#5280,#5289,#5298,#5306,#5315,#5324,#5333,
    #5341));
#5173 = ORIENTED_EDGE('',*,*,#5174,.T.);
#5174 = EDGE_CURVE('',#5175,#5177,#5179,.T.);
#5175 = VERTEX_POINT('',#5176);
#5176 = CARTESIAN_POINT('',(-6.438647487472,-7.435384898589,-29.3116));
#5177 = VERTEX_POINT('',#5178);
#5178 = CARTESIAN_POINT('',(-4.503904949173,-8.642896495028,-29.3116));
#5179 = CIRCLE('',#5180,3.302);
#5180 = AXIS2_PLACEMENT_3D('',#5181,#5182,#5183);
#5181 = CARTESIAN_POINT('',(-7.112,-10.668,-29.3116));
#5182 = DIRECTION('',(0.,0.,-1.));
#5183 = DIRECTION('',(0.203922626447,0.978987008301,0.));
#5184 = ORIENTED_EDGE('',*,*,#5185,.F.);
#5185 = EDGE_CURVE('',#5186,#5177,#5188,.T.);
#5186 = VERTEX_POINT('',#5187);
#5187 = CARTESIAN_POINT('',(-3.620077320444,-8.128,-29.3116));
#5188 = CIRCLE('',#5189,1.016);
#5189 = AXIS2_PLACEMENT_3D('',#5190,#5191,#5192);
#5190 = CARTESIAN_POINT('',(-3.620077320444,-9.144,-29.3116));
#5191 = DIRECTION('',(0.,-0.,1.));
#5192 = DIRECTION('',(0.,1.,0.));
#5193 = ORIENTED_EDGE('',*,*,#5194,.F.);
#5194 = EDGE_CURVE('',#5195,#5186,#5197,.T.);
#5195 = VERTEX_POINT('',#5196);
#5196 = CARTESIAN_POINT('',(6.693477320444,-8.128,-29.3116));
#5197 = LINE('',#5198,#5199);
#5198 = CARTESIAN_POINT('',(6.693477320444,-8.128,-29.3116));
#5199 = VECTOR('',#5200,1.);
#5200 = DIRECTION('',(-1.,0.,0.));
#5201 = ORIENTED_EDGE('',*,*,#5202,.F.);
#5202 = EDGE_CURVE('',#5203,#5195,#5205,.T.);
#5203 = VERTEX_POINT('',#5204);
#5204 = CARTESIAN_POINT('',(7.577304949173,-8.642896495028,-29.3116));
#5205 = CIRCLE('',#5206,1.016);
#5206 = AXIS2_PLACEMENT_3D('',#5207,#5208,#5209);
#5207 = CARTESIAN_POINT('',(6.693477320444,-9.144,-29.3116));
#5208 = DIRECTION('',(0.,0.,1.));
#5209 = DIRECTION('',(0.869909083395,0.493212111193,-0.));
#5210 = ORIENTED_EDGE('',*,*,#5211,.T.);
#5211 = EDGE_CURVE('',#5203,#5212,#5214,.T.);
#5212 = VERTEX_POINT('',#5213);
#5213 = CARTESIAN_POINT('',(9.533636635795,-7.430963003443,-29.3116));
#5214 = CIRCLE('',#5215,3.302);
#5215 = AXIS2_PLACEMENT_3D('',#5216,#5217,#5218);
#5216 = CARTESIAN_POINT('',(10.1854,-10.668,-29.3116));
#5217 = DIRECTION('',(0.,0.,-1.));
#5218 = DIRECTION('',(-0.789853134715,0.613296034213,0.));
#5219 = ORIENTED_EDGE('',*,*,#5220,.T.);
#5220 = EDGE_CURVE('',#5212,#5221,#5223,.T.);
#5221 = VERTEX_POINT('',#5222);
#5222 = CARTESIAN_POINT('',(9.3599,-6.862765480289,-29.3116));
#5223 = CIRCLE('',#5224,1.016);
#5224 = AXIS2_PLACEMENT_3D('',#5225,#5226,#5227);
#5225 = CARTESIAN_POINT('',(10.3759,-6.862765480289,-29.3116));
#5226 = DIRECTION('',(0.,0.,-1.));
#5227 = DIRECTION('',(-0.828999374218,-0.559249530663,-0.));
#5228 = ORIENTED_EDGE('',*,*,#5229,.F.);
#5229 = EDGE_CURVE('',#5230,#5221,#5232,.T.);
#5230 = VERTEX_POINT('',#5231);
#5231 = CARTESIAN_POINT('',(9.3599,-2.47921536402,-29.3116));
#5232 = LINE('',#5233,#5234);
#5233 = CARTESIAN_POINT('',(9.3599,-2.47921536402,-29.3116));
#5234 = VECTOR('',#5235,1.);
#5235 = DIRECTION('',(0.,-1.,0.));
#5236 = ORIENTED_EDGE('',*,*,#5237,.F.);
#5237 = EDGE_CURVE('',#5238,#5230,#5240,.T.);
#5238 = VERTEX_POINT('',#5239);
#5239 = CARTESIAN_POINT('',(11.23538531713,-1.926997217773,-29.3116));
#5240 = CIRCLE('',#5241,1.01904025078);
#5241 = AXIS2_PLACEMENT_3D('',#5242,#5243,#5244);
#5242 = CARTESIAN_POINT('',(10.37894025078,-2.479215364019,-29.3116));
#5243 = DIRECTION('',(0.,0.,1.));
#5244 = DIRECTION('',(0.840442824206,0.54190022997,-0.));
#5245 = ORIENTED_EDGE('',*,*,#5246,.F.);
#5246 = EDGE_CURVE('',#5247,#5238,#5249,.T.);
#5247 = VERTEX_POINT('',#5248);
#5248 = CARTESIAN_POINT('',(11.24555432373,1.942677882069,-29.3116));
#5249 = CIRCLE('',#5250,3.556);
#5250 = AXIS2_PLACEMENT_3D('',#5251,#5252,#5253);
#5251 = CARTESIAN_POINT('',(14.224,0.,-29.3116));
#5252 = DIRECTION('',(0.,0.,-1.));
#5253 = DIRECTION('',(-0.837583148559,0.546309865599,0.));
#5254 = ORIENTED_EDGE('',*,*,#5255,.F.);
#5255 = EDGE_CURVE('',#5256,#5247,#5258,.T.);
#5256 = VERTEX_POINT('',#5257);
#5257 = CARTESIAN_POINT('',(9.3599,2.503279213751,-29.3116));
#5258 = CIRCLE('',#5259,1.02616);
#5259 = AXIS2_PLACEMENT_3D('',#5260,#5261,#5262);
#5260 = CARTESIAN_POINT('',(10.38606,2.503279213751,-29.3116));
#5261 = DIRECTION('',(0.,0.,1.));
#5262 = DIRECTION('',(-1.,0.,0.));
#5263 = ORIENTED_EDGE('',*,*,#5264,.F.);
#5264 = EDGE_CURVE('',#5265,#5256,#5267,.T.);
#5265 = VERTEX_POINT('',#5266);
#5266 = CARTESIAN_POINT('',(9.3599,6.862765480289,-29.3116));
#5267 = LINE('',#5268,#5269);
#5268 = CARTESIAN_POINT('',(9.3599,6.862765480289,-29.3116));
#5269 = VECTOR('',#5270,1.);
#5270 = DIRECTION('',(0.,-1.,0.));
#5271 = ORIENTED_EDGE('',*,*,#5272,.T.);
#5272 = EDGE_CURVE('',#5265,#5273,#5275,.T.);
#5273 = VERTEX_POINT('',#5274);
#5274 = CARTESIAN_POINT('',(9.533636635795,7.430963003443,-29.3116));
#5275 = CIRCLE('',#5276,1.016);
#5276 = AXIS2_PLACEMENT_3D('',#5277,#5278,#5279);
#5277 = CARTESIAN_POINT('',(10.3759,6.862765480289,-29.3116));
#5278 = DIRECTION('',(0.,0.,-1.));
#5279 = DIRECTION('',(-1.,0.,0.));
#5280 = ORIENTED_EDGE('',*,*,#5281,.T.);
#5281 = EDGE_CURVE('',#5273,#5282,#5284,.T.);
#5282 = VERTEX_POINT('',#5283);
#5283 = CARTESIAN_POINT('',(7.577304949173,8.642896495028,-29.3116));
#5284 = CIRCLE('',#5285,3.302);
#5285 = AXIS2_PLACEMENT_3D('',#5286,#5287,#5288);
#5286 = CARTESIAN_POINT('',(10.1854,10.668,-29.3116));
#5287 = DIRECTION('',(0.,0.,-1.));
#5288 = DIRECTION('',(-0.197384422836,-0.980326164917,-0.));
#5289 = ORIENTED_EDGE('',*,*,#5290,.F.);
#5290 = EDGE_CURVE('',#5291,#5282,#5293,.T.);
#5291 = VERTEX_POINT('',#5292);
#5292 = CARTESIAN_POINT('',(6.693477320444,8.128,-29.3116));
#5293 = CIRCLE('',#5294,1.016);
#5294 = AXIS2_PLACEMENT_3D('',#5295,#5296,#5297);
#5295 = CARTESIAN_POINT('',(6.693477320444,9.144,-29.3116));
#5296 = DIRECTION('',(0.,0.,1.));
#5297 = DIRECTION('',(0.,-1.,0.));
#5298 = ORIENTED_EDGE('',*,*,#5299,.F.);
#5299 = EDGE_CURVE('',#5300,#5291,#5302,.T.);
#5300 = VERTEX_POINT('',#5301);
#5301 = CARTESIAN_POINT('',(-3.620077320444,8.128,-29.3116));
#5302 = LINE('',#5303,#5304);
#5303 = CARTESIAN_POINT('',(-3.620077320444,8.128,-29.3116));
#5304 = VECTOR('',#5305,1.);
#5305 = DIRECTION('',(1.,0.,0.));
#5306 = ORIENTED_EDGE('',*,*,#5307,.F.);
#5307 = EDGE_CURVE('',#5308,#5300,#5310,.T.);
#5308 = VERTEX_POINT('',#5309);
#5309 = CARTESIAN_POINT('',(-4.503904949173,8.642896495028,-29.3116));
#5310 = CIRCLE('',#5311,1.016);
#5311 = AXIS2_PLACEMENT_3D('',#5312,#5313,#5314);
#5312 = CARTESIAN_POINT('',(-3.620077320444,9.144,-29.3116));
#5313 = DIRECTION('',(0.,0.,1.));
#5314 = DIRECTION('',(-0.869909083395,-0.493212111193,0.));
#5315 = ORIENTED_EDGE('',*,*,#5316,.T.);
#5316 = EDGE_CURVE('',#5308,#5317,#5319,.T.);
#5317 = VERTEX_POINT('',#5318);
#5318 = CARTESIAN_POINT('',(-6.438647487472,7.435384898589,-29.3116));
#5319 = CIRCLE('',#5320,3.302);
#5320 = AXIS2_PLACEMENT_3D('',#5321,#5322,#5323);
#5321 = CARTESIAN_POINT('',(-7.112,10.668,-29.3116));
#5322 = DIRECTION('',(0.,0.,-1.));
#5323 = DIRECTION('',(0.789853134715,-0.613296034213,0.));
#5324 = ORIENTED_EDGE('',*,*,#5325,.T.);
#5325 = EDGE_CURVE('',#5317,#5326,#5328,.T.);
#5326 = VERTEX_POINT('',#5327);
#5327 = CARTESIAN_POINT('',(-6.2611,6.861578847526,-29.3116));
#5328 = CIRCLE('',#5329,1.016);
#5329 = AXIS2_PLACEMENT_3D('',#5330,#5331,#5332);
#5330 = CARTESIAN_POINT('',(-7.2771,6.861578847526,-29.3116));
#5331 = DIRECTION('',(0.,0.,-1.));
#5332 = DIRECTION('',(0.825248535953,0.564769735298,0.));
#5333 = ORIENTED_EDGE('',*,*,#5334,.F.);
#5334 = EDGE_CURVE('',#5335,#5326,#5337,.T.);
#5335 = VERTEX_POINT('',#5336);
#5336 = CARTESIAN_POINT('',(-6.2611,-6.861578847526,-29.3116));
#5337 = LINE('',#5338,#5339);
#5338 = CARTESIAN_POINT('',(-6.2611,-6.861578847526,-29.3116));
#5339 = VECTOR('',#5340,1.);
#5340 = DIRECTION('',(0.,1.,0.));
#5341 = ORIENTED_EDGE('',*,*,#5342,.T.);
#5342 = EDGE_CURVE('',#5335,#5175,#5343,.T.);
#5343 = CIRCLE('',#5344,1.016);
#5344 = AXIS2_PLACEMENT_3D('',#5345,#5346,#5347);
#5345 = CARTESIAN_POINT('',(-7.2771,-6.861578847526,-29.3116));
#5346 = DIRECTION('',(0.,0.,-1.));
#5347 = DIRECTION('',(1.,0.,0.));
#5348 = FACE_BOUND('',#5349,.F.);
#5349 = EDGE_LOOP('',(#5350,#5361));
#5350 = ORIENTED_EDGE('',*,*,#5351,.F.);
#5351 = EDGE_CURVE('',#5352,#5354,#5356,.T.);
#5352 = VERTEX_POINT('',#5353);
#5353 = CARTESIAN_POINT('',(-0.6858,5.34289,-29.3116));
#5354 = VERTEX_POINT('',#5355);
#5355 = CARTESIAN_POINT('',(-0.6858,3.77571,-29.3116));
#5356 = CIRCLE('',#5357,0.78359);
#5357 = AXIS2_PLACEMENT_3D('',#5358,#5359,#5360);
#5358 = CARTESIAN_POINT('',(-0.6858,4.5593,-29.3116));
#5359 = DIRECTION('',(0.,-0.,1.));
#5360 = DIRECTION('',(0.,1.,0.));
#5361 = ORIENTED_EDGE('',*,*,#5362,.F.);
#5362 = EDGE_CURVE('',#5354,#5352,#5363,.T.);
#5363 = CIRCLE('',#5364,0.78359);
#5364 = AXIS2_PLACEMENT_3D('',#5365,#5366,#5367);
#5365 = CARTESIAN_POINT('',(-0.6858,4.5593,-29.3116));
#5366 = DIRECTION('',(0.,0.,1.));
#5367 = DIRECTION('',(0.,-1.,0.));
#5368 = FACE_BOUND('',#5369,.F.);
#5369 = EDGE_LOOP('',(#5370,#5381));
#5370 = ORIENTED_EDGE('',*,*,#5371,.F.);
#5371 = EDGE_CURVE('',#5372,#5374,#5376,.T.);
#5372 = VERTEX_POINT('',#5373);
#5373 = CARTESIAN_POINT('',(3.7592,5.34289,-29.3116));
#5374 = VERTEX_POINT('',#5375);
#5375 = CARTESIAN_POINT('',(3.7592,3.77571,-29.3116));
#5376 = CIRCLE('',#5377,0.78359);
#5377 = AXIS2_PLACEMENT_3D('',#5378,#5379,#5380);
#5378 = CARTESIAN_POINT('',(3.7592,4.5593,-29.3116));
#5379 = DIRECTION('',(0.,-0.,1.));
#5380 = DIRECTION('',(0.,1.,0.));
#5381 = ORIENTED_EDGE('',*,*,#5382,.F.);
#5382 = EDGE_CURVE('',#5374,#5372,#5383,.T.);
#5383 = CIRCLE('',#5384,0.78359);
#5384 = AXIS2_PLACEMENT_3D('',#5385,#5386,#5387);
#5385 = CARTESIAN_POINT('',(3.7592,4.5593,-29.3116));
#5386 = DIRECTION('',(0.,0.,1.));
#5387 = DIRECTION('',(0.,-1.,0.));
#5388 = FACE_BOUND('',#5389,.F.);
#5389 = EDGE_LOOP('',(#5390,#5401));
#5390 = ORIENTED_EDGE('',*,*,#5391,.F.);
#5391 = EDGE_CURVE('',#5392,#5394,#5396,.T.);
#5392 = VERTEX_POINT('',#5393);
#5393 = CARTESIAN_POINT('',(-0.6858,-3.77571,-29.3116));
#5394 = VERTEX_POINT('',#5395);
#5395 = CARTESIAN_POINT('',(-0.6858,-5.34289,-29.3116));
#5396 = CIRCLE('',#5397,0.78359);
#5397 = AXIS2_PLACEMENT_3D('',#5398,#5399,#5400);
#5398 = CARTESIAN_POINT('',(-0.6858,-4.5593,-29.3116));
#5399 = DIRECTION('',(0.,-0.,1.));
#5400 = DIRECTION('',(0.,1.,0.));
#5401 = ORIENTED_EDGE('',*,*,#5402,.F.);
#5402 = EDGE_CURVE('',#5394,#5392,#5403,.T.);
#5403 = CIRCLE('',#5404,0.78359);
#5404 = AXIS2_PLACEMENT_3D('',#5405,#5406,#5407);
#5405 = CARTESIAN_POINT('',(-0.6858,-4.5593,-29.3116));
#5406 = DIRECTION('',(0.,0.,1.));
#5407 = DIRECTION('',(0.,-1.,0.));
#5408 = FACE_BOUND('',#5409,.F.);
#5409 = EDGE_LOOP('',(#5410,#5421));
#5410 = ORIENTED_EDGE('',*,*,#5411,.F.);
#5411 = EDGE_CURVE('',#5412,#5414,#5416,.T.);
#5412 = VERTEX_POINT('',#5413);
#5413 = CARTESIAN_POINT('',(3.7592,-3.77571,-29.3116));
#5414 = VERTEX_POINT('',#5415);
#5415 = CARTESIAN_POINT('',(3.7592,-5.34289,-29.3116));
#5416 = CIRCLE('',#5417,0.78359);
#5417 = AXIS2_PLACEMENT_3D('',#5418,#5419,#5420);
#5418 = CARTESIAN_POINT('',(3.7592,-4.5593,-29.3116));
#5419 = DIRECTION('',(0.,-0.,1.));
#5420 = DIRECTION('',(0.,1.,0.));
#5421 = ORIENTED_EDGE('',*,*,#5422,.F.);
#5422 = EDGE_CURVE('',#5414,#5412,#5423,.T.);
#5423 = CIRCLE('',#5424,0.78359);
#5424 = AXIS2_PLACEMENT_3D('',#5425,#5426,#5427);
#5425 = CARTESIAN_POINT('',(3.7592,-4.5593,-29.3116));
#5426 = DIRECTION('',(0.,0.,1.));
#5427 = DIRECTION('',(0.,-1.,0.));
#5428 = PLANE('',#5429);
#5429 = AXIS2_PLACEMENT_3D('',#5430,#5431,#5432);
#5430 = CARTESIAN_POINT('',(0.,0.,-29.3116));
#5431 = DIRECTION('',(0.,0.,-1.));
#5432 = DIRECTION('',(-1.,0.,0.));
#5433 = ADVANCED_FACE('',(#5434),#5444,.T.);
#5434 = FACE_BOUND('',#5435,.F.);
#5435 = EDGE_LOOP('',(#5436,#5437));
#5436 = ORIENTED_EDGE('',*,*,#5159,.F.);
#5437 = ORIENTED_EDGE('',*,*,#5438,.F.);
#5438 = EDGE_CURVE('',#5151,#5141,#5439,.T.);
#5439 = CIRCLE('',#5440,3.556);
#5440 = AXIS2_PLACEMENT_3D('',#5441,#5442,#5443);
#5441 = CARTESIAN_POINT('',(-14.224,0.,-29.3116));
#5442 = DIRECTION('',(0.,0.,-1.));
#5443 = DIRECTION('',(1.,0.,0.));
#5444 = PLANE('',#5445);
#5445 = AXIS2_PLACEMENT_3D('',#5446,#5447,#5448);
#5446 = CARTESIAN_POINT('',(0.,0.,-29.3116));
#5447 = DIRECTION('',(0.,0.,-1.));
#5448 = DIRECTION('',(-1.,0.,0.));
#5449 = ADVANCED_FACE('',(#5450),#5528,.T.);
#5450 = FACE_BOUND('',#5451,.T.);
#5451 = EDGE_LOOP('',(#5452,#5460,#5461,#5469,#5486,#5487,#5506,#5512,
    #5513,#5521));
#5452 = ORIENTED_EDGE('',*,*,#5453,.F.);
#5453 = EDGE_CURVE('',#4830,#5454,#5456,.T.);
#5454 = VERTEX_POINT('',#5455);
#5455 = CARTESIAN_POINT('',(-10.414,-10.668,-29.845));
#5456 = LINE('',#5457,#5458);
#5457 = CARTESIAN_POINT('',(-10.414,-10.668,-26.162));
#5458 = VECTOR('',#5459,1.);
#5459 = DIRECTION('',(0.,0.,-1.));
#5460 = ORIENTED_EDGE('',*,*,#4838,.T.);
#5461 = ORIENTED_EDGE('',*,*,#5462,.T.);
#5462 = EDGE_CURVE('',#4839,#5463,#5465,.T.);
#5463 = VERTEX_POINT('',#5464);
#5464 = CARTESIAN_POINT('',(-7.255086666667,-7.369101667856,-28.8036));
#5465 = LINE('',#5466,#5467);
#5466 = CARTESIAN_POINT('',(-7.255086666667,-7.369101667856,-26.162));
#5467 = VECTOR('',#5468,1.);
#5468 = DIRECTION('',(0.,0.,-1.));
#5469 = ORIENTED_EDGE('',*,*,#5470,.F.);
#5470 = EDGE_CURVE('',#5175,#5463,#5471,.T.);
#5471 = B_SPLINE_CURVE_WITH_KNOTS('',3,(#5472,#5473,#5474,#5475,#5476,
    #5477,#5478,#5479,#5480,#5481,#5482,#5483,#5484,#5485),
  .UNSPECIFIED.,.F.,.F.,(4,1,1,1,1,1,1,1,1,1,1,4),(0.,9.090909090909E-02
    ,0.181818181818,0.272727272727,0.363636363636,0.454545454545,
    0.545454545455,0.636363636364,0.727272727273,0.818181818182,
    0.909090909091,1.),.UNSPECIFIED.);
#5472 = CARTESIAN_POINT('',(-6.438647487472,-7.435384898589,-29.3116));
#5473 = CARTESIAN_POINT('',(-6.457309968804,-7.431497510731,-29.3116));
#5474 = CARTESIAN_POINT('',(-6.495371906254,-7.42390651042,
    -29.30977299869));
#5475 = CARTESIAN_POINT('',(-6.554646351374,-7.413186316517,
    -29.30119631004));
#5476 = CARTESIAN_POINT('',(-6.616202346806,-7.403228827822,
    -29.28632074824));
#5477 = CARTESIAN_POINT('',(-6.680239876382,-7.394127936468,
    -29.26452821956));
#5478 = CARTESIAN_POINT('',(-6.747178641421,-7.385974368815,
    -29.23492928398));
#5479 = CARTESIAN_POINT('',(-6.817638244517,-7.378876628167,
    -29.19629772631));
#5480 = CARTESIAN_POINT('',(-6.893209447502,-7.372943278479,
    -29.14639460635));
#5481 = CARTESIAN_POINT('',(-6.97474162373,-7.368494349915,-29.082863801
    ));
#5482 = CARTESIAN_POINT('',(-7.061816957597,-7.365973654438,
    -29.00462944794));
#5483 = CARTESIAN_POINT('',(-7.154560279783,-7.36581383605,
    -28.91152321239));
#5484 = CARTESIAN_POINT('',(-7.220541700096,-7.367603311854,
    -28.8407421353));
#5485 = CARTESIAN_POINT('',(-7.255086666667,-7.369101667856,-28.8036));
#5486 = ORIENTED_EDGE('',*,*,#5174,.T.);
#5487 = ORIENTED_EDGE('',*,*,#5488,.F.);
#5488 = EDGE_CURVE('',#5489,#5177,#5491,.T.);
#5489 = VERTEX_POINT('',#5490);
#5490 = CARTESIAN_POINT('',(-4.085667011051,-9.3472,-28.8036));
#5491 = B_SPLINE_CURVE_WITH_KNOTS('',3,(#5492,#5493,#5494,#5495,#5496,
    #5497,#5498,#5499,#5500,#5501,#5502,#5503,#5504,#5505),
  .UNSPECIFIED.,.F.,.F.,(4,1,1,1,1,1,1,1,1,1,1,4),(0.,9.090909090909E-02
    ,0.181818181818,0.272727272727,0.363636363636,0.454545454545,
    0.545454545455,0.636363636364,0.727272727273,0.818181818182,
    0.909090909091,1.),.UNSPECIFIED.);
#5492 = CARTESIAN_POINT('',(-4.085667011051,-9.3472,-28.8036));
#5493 = CARTESIAN_POINT('',(-4.099139523896,-9.316330595043,
    -28.83977950065));
#5494 = CARTESIAN_POINT('',(-4.125835208401,-9.257692077762,
    -28.90889636673));
#5495 = CARTESIAN_POINT('',(-4.166147984354,-9.175429853188,
    -29.00111905079));
#5496 = CARTESIAN_POINT('',(-4.20560643281,-9.100093939419,
    -29.07798160185));
#5497 = CARTESIAN_POINT('',(-4.244555978393,-9.030006002909,
    -29.14120802159));
#5498 = CARTESIAN_POINT('',(-4.283495223333,-8.963701587048,
    -29.1926911793));
#5499 = CARTESIAN_POINT('',(-4.321669527599,-8.901956510918,
    -29.2328591918));
#5500 = CARTESIAN_POINT('',(-4.358891269041,-8.844519844644,
    -29.26327591791));
#5501 = CARTESIAN_POINT('',(-4.395554108243,-8.790368285892,
    -29.28560516053));
#5502 = CARTESIAN_POINT('',(-4.432006477403,-8.738718637268,
    -29.30089933128));
#5503 = CARTESIAN_POINT('',(-4.468172541653,-8.689469548608,
    -29.30972042878));
#5504 = CARTESIAN_POINT('',(-4.492046024181,-8.658169395155,-29.3116));
#5505 = CARTESIAN_POINT('',(-4.503904949173,-8.642896495028,-29.3116));
#5506 = ORIENTED_EDGE('',*,*,#5507,.T.);
#5507 = EDGE_CURVE('',#5489,#5068,#5508,.T.);
#5508 = LINE('',#5509,#5510);
#5509 = CARTESIAN_POINT('',(-4.085667011051,-9.3472,-28.8036));
#5510 = VECTOR('',#5511,1.);
#5511 = DIRECTION('',(0.,0.,1.));
#5512 = ORIENTED_EDGE('',*,*,#5076,.T.);
#5513 = ORIENTED_EDGE('',*,*,#5514,.T.);
#5514 = EDGE_CURVE('',#5077,#5515,#5517,.T.);
#5515 = VERTEX_POINT('',#5516);
#5516 = CARTESIAN_POINT('',(-3.81,-10.668,-29.845));
#5517 = LINE('',#5518,#5519);
#5518 = CARTESIAN_POINT('',(-3.81,-10.668,-26.162));
#5519 = VECTOR('',#5520,1.);
#5520 = DIRECTION('',(0.,0.,-1.));
#5521 = ORIENTED_EDGE('',*,*,#5522,.F.);
#5522 = EDGE_CURVE('',#5454,#5515,#5523,.T.);
#5523 = CIRCLE('',#5524,3.302);
#5524 = AXIS2_PLACEMENT_3D('',#5525,#5526,#5527);
#5525 = CARTESIAN_POINT('',(-7.112,-10.668,-29.845));
#5526 = DIRECTION('',(0.,0.,-1.));
#5527 = DIRECTION('',(-1.,0.,0.));
#5528 = CYLINDRICAL_SURFACE('',#5529,3.302);
#5529 = AXIS2_PLACEMENT_3D('',#5530,#5531,#5532);
#5530 = CARTESIAN_POINT('',(-7.112,-10.668,-26.162));
#5531 = DIRECTION('',(0.,0.,-1.));
#5532 = DIRECTION('',(-1.,0.,0.));
#5533 = ADVANCED_FACE('',(#5534),#5562,.T.);
#5534 = FACE_BOUND('',#5535,.T.);
#5535 = EDGE_LOOP('',(#5536,#5545,#5546,#5555));
#5536 = ORIENTED_EDGE('',*,*,#5537,.T.);
#5537 = EDGE_CURVE('',#5538,#5454,#5540,.T.);
#5538 = VERTEX_POINT('',#5539);
#5539 = CARTESIAN_POINT('',(-9.906,-10.668,-30.353));
#5540 = CIRCLE('',#5541,0.508);
#5541 = AXIS2_PLACEMENT_3D('',#5542,#5543,#5544);
#5542 = CARTESIAN_POINT('',(-9.906,-10.668,-29.845));
#5543 = DIRECTION('',(0.,1.,0.));
#5544 = DIRECTION('',(0.,0.,-1.));
#5545 = ORIENTED_EDGE('',*,*,#5522,.T.);
#5546 = ORIENTED_EDGE('',*,*,#5547,.F.);
#5547 = EDGE_CURVE('',#5548,#5515,#5550,.T.);
#5548 = VERTEX_POINT('',#5549);
#5549 = CARTESIAN_POINT('',(-4.318,-10.668,-30.353));
#5550 = CIRCLE('',#5551,0.508);
#5551 = AXIS2_PLACEMENT_3D('',#5552,#5553,#5554);
#5552 = CARTESIAN_POINT('',(-4.318,-10.668,-29.845));
#5553 = DIRECTION('',(0.,-1.,0.));
#5554 = DIRECTION('',(0.,0.,-1.));
#5555 = ORIENTED_EDGE('',*,*,#5556,.F.);
#5556 = EDGE_CURVE('',#5538,#5548,#5557,.T.);
#5557 = CIRCLE('',#5558,2.794);
#5558 = AXIS2_PLACEMENT_3D('',#5559,#5560,#5561);
#5559 = CARTESIAN_POINT('',(-7.112,-10.668,-30.353));
#5560 = DIRECTION('',(0.,0.,-1.));
#5561 = DIRECTION('',(-1.,0.,0.));
#5562 = TOROIDAL_SURFACE('',#5563,2.794,0.508);
#5563 = AXIS2_PLACEMENT_3D('',#5564,#5565,#5566);
#5564 = CARTESIAN_POINT('',(-7.112,-10.668,-29.845));
#5565 = DIRECTION('',(0.,0.,-1.));
#5566 = DIRECTION('',(-0.99999604183,-2.813596491317E-03,-0.));
#5567 = ADVANCED_FACE('',(#5568,#5578),#5598,.T.);
#5568 = FACE_BOUND('',#5569,.F.);
#5569 = EDGE_LOOP('',(#5570,#5571));
#5570 = ORIENTED_EDGE('',*,*,#5556,.F.);
#5571 = ORIENTED_EDGE('',*,*,#5572,.F.);
#5572 = EDGE_CURVE('',#5548,#5538,#5573,.T.);
#5573 = CIRCLE('',#5574,2.794);
#5574 = AXIS2_PLACEMENT_3D('',#5575,#5576,#5577);
#5575 = CARTESIAN_POINT('',(-7.112,-10.668,-30.353));
#5576 = DIRECTION('',(0.,0.,-1.));
#5577 = DIRECTION('',(1.,0.,0.));
#5578 = FACE_BOUND('',#5579,.F.);
#5579 = EDGE_LOOP('',(#5580,#5591));
#5580 = ORIENTED_EDGE('',*,*,#5581,.T.);
#5581 = EDGE_CURVE('',#5582,#5584,#5586,.T.);
#5582 = VERTEX_POINT('',#5583);
#5583 = CARTESIAN_POINT('',(-8.6995,-10.668,-30.353));
#5584 = VERTEX_POINT('',#5585);
#5585 = CARTESIAN_POINT('',(-5.5245,-10.668,-30.353));
#5586 = CIRCLE('',#5587,1.5875);
#5587 = AXIS2_PLACEMENT_3D('',#5588,#5589,#5590);
#5588 = CARTESIAN_POINT('',(-7.112,-10.668,-30.353));
#5589 = DIRECTION('',(0.,0.,-1.));
#5590 = DIRECTION('',(-1.,0.,0.));
#5591 = ORIENTED_EDGE('',*,*,#5592,.T.);
#5592 = EDGE_CURVE('',#5584,#5582,#5593,.T.);
#5593 = CIRCLE('',#5594,1.5875);
#5594 = AXIS2_PLACEMENT_3D('',#5595,#5596,#5597);
#5595 = CARTESIAN_POINT('',(-7.112,-10.668,-30.353));
#5596 = DIRECTION('',(0.,0.,-1.));
#5597 = DIRECTION('',(1.,0.,0.));
#5598 = PLANE('',#5599);
#5599 = AXIS2_PLACEMENT_3D('',#5600,#5601,#5602);
#5600 = CARTESIAN_POINT('',(0.,0.,-30.353));
#5601 = DIRECTION('',(0.,0.,-1.));
#5602 = DIRECTION('',(-1.,0.,0.));
#5603 = ADVANCED_FACE('',(#5604,#5624),#5644,.T.);
#5604 = FACE_BOUND('',#5605,.F.);
#5605 = EDGE_LOOP('',(#5606,#5617));
#5606 = ORIENTED_EDGE('',*,*,#5607,.F.);
#5607 = EDGE_CURVE('',#5608,#5610,#5612,.T.);
#5608 = VERTEX_POINT('',#5609);
#5609 = CARTESIAN_POINT('',(7.3914,-10.668,-30.353));
#5610 = VERTEX_POINT('',#5611);
#5611 = CARTESIAN_POINT('',(12.9794,-10.668,-30.353));
#5612 = CIRCLE('',#5613,2.794);
#5613 = AXIS2_PLACEMENT_3D('',#5614,#5615,#5616);
#5614 = CARTESIAN_POINT('',(10.1854,-10.668,-30.353));
#5615 = DIRECTION('',(0.,0.,-1.));
#5616 = DIRECTION('',(-1.,0.,0.));
#5617 = ORIENTED_EDGE('',*,*,#5618,.F.);
#5618 = EDGE_CURVE('',#5610,#5608,#5619,.T.);
#5619 = CIRCLE('',#5620,2.794);
#5620 = AXIS2_PLACEMENT_3D('',#5621,#5622,#5623);
#5621 = CARTESIAN_POINT('',(10.1854,-10.668,-30.353));
#5622 = DIRECTION('',(0.,0.,-1.));
#5623 = DIRECTION('',(1.,0.,0.));
#5624 = FACE_BOUND('',#5625,.F.);
#5625 = EDGE_LOOP('',(#5626,#5637));
#5626 = ORIENTED_EDGE('',*,*,#5627,.T.);
#5627 = EDGE_CURVE('',#5628,#5630,#5632,.T.);
#5628 = VERTEX_POINT('',#5629);
#5629 = CARTESIAN_POINT('',(8.5979,-10.668,-30.353));
#5630 = VERTEX_POINT('',#5631);
#5631 = CARTESIAN_POINT('',(11.7729,-10.668,-30.353));
#5632 = CIRCLE('',#5633,1.5875);
#5633 = AXIS2_PLACEMENT_3D('',#5634,#5635,#5636);
#5634 = CARTESIAN_POINT('',(10.1854,-10.668,-30.353));
#5635 = DIRECTION('',(0.,0.,-1.));
#5636 = DIRECTION('',(-1.,0.,0.));
#5637 = ORIENTED_EDGE('',*,*,#5638,.T.);
#5638 = EDGE_CURVE('',#5630,#5628,#5639,.T.);
#5639 = CIRCLE('',#5640,1.5875);
#5640 = AXIS2_PLACEMENT_3D('',#5641,#5642,#5643);
#5641 = CARTESIAN_POINT('',(10.1854,-10.668,-30.353));
#5642 = DIRECTION('',(0.,0.,-1.));
#5643 = DIRECTION('',(1.,0.,0.));
#5644 = PLANE('',#5645);
#5645 = AXIS2_PLACEMENT_3D('',#5646,#5647,#5648);
#5646 = CARTESIAN_POINT('',(0.,0.,-30.353));
#5647 = DIRECTION('',(0.,0.,-1.));
#5648 = DIRECTION('',(-1.,0.,0.));
#5649 = ADVANCED_FACE('',(#5650,#5670),#5690,.T.);
#5650 = FACE_BOUND('',#5651,.F.);
#5651 = EDGE_LOOP('',(#5652,#5663));
#5652 = ORIENTED_EDGE('',*,*,#5653,.F.);
#5653 = EDGE_CURVE('',#5654,#5656,#5658,.T.);
#5654 = VERTEX_POINT('',#5655);
#5655 = CARTESIAN_POINT('',(-9.906,10.668,-30.353));
#5656 = VERTEX_POINT('',#5657);
#5657 = CARTESIAN_POINT('',(-4.318,10.668,-30.353));
#5658 = CIRCLE('',#5659,2.794);
#5659 = AXIS2_PLACEMENT_3D('',#5660,#5661,#5662);
#5660 = CARTESIAN_POINT('',(-7.112,10.668,-30.353));
#5661 = DIRECTION('',(0.,0.,-1.));
#5662 = DIRECTION('',(-1.,0.,0.));
#5663 = ORIENTED_EDGE('',*,*,#5664,.F.);
#5664 = EDGE_CURVE('',#5656,#5654,#5665,.T.);
#5665 = CIRCLE('',#5666,2.794);
#5666 = AXIS2_PLACEMENT_3D('',#5667,#5668,#5669);
#5667 = CARTESIAN_POINT('',(-7.112,10.668,-30.353));
#5668 = DIRECTION('',(0.,0.,-1.));
#5669 = DIRECTION('',(1.,0.,0.));
#5670 = FACE_BOUND('',#5671,.F.);
#5671 = EDGE_LOOP('',(#5672,#5683));
#5672 = ORIENTED_EDGE('',*,*,#5673,.T.);
#5673 = EDGE_CURVE('',#5674,#5676,#5678,.T.);
#5674 = VERTEX_POINT('',#5675);
#5675 = CARTESIAN_POINT('',(-8.6995,10.668,-30.353));
#5676 = VERTEX_POINT('',#5677);
#5677 = CARTESIAN_POINT('',(-5.5245,10.668,-30.353));
#5678 = CIRCLE('',#5679,1.5875);
#5679 = AXIS2_PLACEMENT_3D('',#5680,#5681,#5682);
#5680 = CARTESIAN_POINT('',(-7.112,10.668,-30.353));
#5681 = DIRECTION('',(0.,0.,-1.));
#5682 = DIRECTION('',(-1.,0.,0.));
#5683 = ORIENTED_EDGE('',*,*,#5684,.T.);
#5684 = EDGE_CURVE('',#5676,#5674,#5685,.T.);
#5685 = CIRCLE('',#5686,1.5875);
#5686 = AXIS2_PLACEMENT_3D('',#5687,#5688,#5689);
#5687 = CARTESIAN_POINT('',(-7.112,10.668,-30.353));
#5688 = DIRECTION('',(0.,0.,-1.));
#5689 = DIRECTION('',(1.,0.,0.));
#5690 = PLANE('',#5691);
#5691 = AXIS2_PLACEMENT_3D('',#5692,#5693,#5694);
#5692 = CARTESIAN_POINT('',(0.,0.,-30.353));
#5693 = DIRECTION('',(0.,0.,-1.));
#5694 = DIRECTION('',(-1.,0.,0.));
#5695 = ADVANCED_FACE('',(#5696,#5716),#5736,.T.);
#5696 = FACE_BOUND('',#5697,.F.);
#5697 = EDGE_LOOP('',(#5698,#5709));
#5698 = ORIENTED_EDGE('',*,*,#5699,.F.);
#5699 = EDGE_CURVE('',#5700,#5702,#5704,.T.);
#5700 = VERTEX_POINT('',#5701);
#5701 = CARTESIAN_POINT('',(7.3914,10.668,-30.353));
#5702 = VERTEX_POINT('',#5703);
#5703 = CARTESIAN_POINT('',(12.9794,10.668,-30.353));
#5704 = CIRCLE('',#5705,2.794);
#5705 = AXIS2_PLACEMENT_3D('',#5706,#5707,#5708);
#5706 = CARTESIAN_POINT('',(10.1854,10.668,-30.353));
#5707 = DIRECTION('',(0.,0.,-1.));
#5708 = DIRECTION('',(-1.,0.,0.));
#5709 = ORIENTED_EDGE('',*,*,#5710,.F.);
#5710 = EDGE_CURVE('',#5702,#5700,#5711,.T.);
#5711 = CIRCLE('',#5712,2.794);
#5712 = AXIS2_PLACEMENT_3D('',#5713,#5714,#5715);
#5713 = CARTESIAN_POINT('',(10.1854,10.668,-30.353));
#5714 = DIRECTION('',(0.,0.,-1.));
#5715 = DIRECTION('',(1.,0.,0.));
#5716 = FACE_BOUND('',#5717,.F.);
#5717 = EDGE_LOOP('',(#5718,#5729));
#5718 = ORIENTED_EDGE('',*,*,#5719,.T.);
#5719 = EDGE_CURVE('',#5720,#5722,#5724,.T.);
#5720 = VERTEX_POINT('',#5721);
#5721 = CARTESIAN_POINT('',(8.5979,10.668,-30.353));
#5722 = VERTEX_POINT('',#5723);
#5723 = CARTESIAN_POINT('',(11.7729,10.668,-30.353));
#5724 = CIRCLE('',#5725,1.5875);
#5725 = AXIS2_PLACEMENT_3D('',#5726,#5727,#5728);
#5726 = CARTESIAN_POINT('',(10.1854,10.668,-30.353));
#5727 = DIRECTION('',(0.,0.,-1.));
#5728 = DIRECTION('',(-1.,0.,0.));
#5729 = ORIENTED_EDGE('',*,*,#5730,.T.);
#5730 = EDGE_CURVE('',#5722,#5720,#5731,.T.);
#5731 = CIRCLE('',#5732,1.5875);
#5732 = AXIS2_PLACEMENT_3D('',#5733,#5734,#5735);
#5733 = CARTESIAN_POINT('',(10.1854,10.668,-30.353));
#5734 = DIRECTION('',(0.,0.,-1.));
#5735 = DIRECTION('',(1.,0.,0.));
#5736 = PLANE('',#5737);
#5737 = AXIS2_PLACEMENT_3D('',#5738,#5739,#5740);
#5738 = CARTESIAN_POINT('',(0.,0.,-30.353));
#5739 = DIRECTION('',(0.,0.,-1.));
#5740 = DIRECTION('',(-1.,0.,0.));
#5741 = ADVANCED_FACE('',(#5742),#5768,.F.);
#5742 = FACE_BOUND('',#5743,.F.);
#5743 = EDGE_LOOP('',(#5744,#5745,#5753,#5762));
#5744 = ORIENTED_EDGE('',*,*,#5673,.F.);
#5745 = ORIENTED_EDGE('',*,*,#5746,.T.);
#5746 = EDGE_CURVE('',#5674,#5747,#5749,.T.);
#5747 = VERTEX_POINT('',#5748);
#5748 = CARTESIAN_POINT('',(-8.6995,10.668,-29.353002));
#5749 = LINE('',#5750,#5751);
#5750 = CARTESIAN_POINT('',(-8.6995,10.668,-30.353));
#5751 = VECTOR('',#5752,1.);
#5752 = DIRECTION('',(0.,0.,1.));
#5753 = ORIENTED_EDGE('',*,*,#5754,.T.);
#5754 = EDGE_CURVE('',#5747,#5755,#5757,.T.);
#5755 = VERTEX_POINT('',#5756);
#5756 = CARTESIAN_POINT('',(-5.5245,10.668,-29.353002));
#5757 = CIRCLE('',#5758,1.5875);
#5758 = AXIS2_PLACEMENT_3D('',#5759,#5760,#5761);
#5759 = CARTESIAN_POINT('',(-7.112,10.668,-29.353002));
#5760 = DIRECTION('',(0.,0.,-1.));
#5761 = DIRECTION('',(-1.,0.,0.));
#5762 = ORIENTED_EDGE('',*,*,#5763,.F.);
#5763 = EDGE_CURVE('',#5676,#5755,#5764,.T.);
#5764 = LINE('',#5765,#5766);
#5765 = CARTESIAN_POINT('',(-5.5245,10.668,-30.353));
#5766 = VECTOR('',#5767,1.);
#5767 = DIRECTION('',(0.,0.,1.));
#5768 = CYLINDRICAL_SURFACE('',#5769,1.5875);
#5769 = AXIS2_PLACEMENT_3D('',#5770,#5771,#5772);
#5770 = CARTESIAN_POINT('',(-7.112,10.668,-30.353));
#5771 = DIRECTION('',(0.,0.,-1.));
#5772 = DIRECTION('',(-1.,0.,0.));
#5773 = ADVANCED_FACE('',(#5774),#5786,.F.);
#5774 = FACE_BOUND('',#5775,.F.);
#5775 = EDGE_LOOP('',(#5776,#5777,#5778,#5785));
#5776 = ORIENTED_EDGE('',*,*,#5684,.F.);
#5777 = ORIENTED_EDGE('',*,*,#5763,.T.);
#5778 = ORIENTED_EDGE('',*,*,#5779,.T.);
#5779 = EDGE_CURVE('',#5755,#5747,#5780,.T.);
#5780 = CIRCLE('',#5781,1.5875);
#5781 = AXIS2_PLACEMENT_3D('',#5782,#5783,#5784);
#5782 = CARTESIAN_POINT('',(-7.112,10.668,-29.353002));
#5783 = DIRECTION('',(0.,0.,-1.));
#5784 = DIRECTION('',(1.,0.,0.));
#5785 = ORIENTED_EDGE('',*,*,#5746,.F.);
#5786 = CYLINDRICAL_SURFACE('',#5787,1.5875);
#5787 = AXIS2_PLACEMENT_3D('',#5788,#5789,#5790);
#5788 = CARTESIAN_POINT('',(-7.112,10.668,-30.353));
#5789 = DIRECTION('',(0.,0.,-1.));
#5790 = DIRECTION('',(-1.,0.,0.));
#5791 = ADVANCED_FACE('',(#5792),#5796,.T.);
#5792 = FACE_BOUND('',#5793,.F.);
#5793 = EDGE_LOOP('',(#5794,#5795));
#5794 = ORIENTED_EDGE('',*,*,#5754,.F.);
#5795 = ORIENTED_EDGE('',*,*,#5779,.F.);
#5796 = PLANE('',#5797);
#5797 = AXIS2_PLACEMENT_3D('',#5798,#5799,#5800);
#5798 = CARTESIAN_POINT('',(0.,0.,-29.353002));
#5799 = DIRECTION('',(0.,0.,-1.));
#5800 = DIRECTION('',(-1.,0.,0.));
#5801 = ADVANCED_FACE('',(#5802),#5822,.T.);
#5802 = FACE_BOUND('',#5803,.F.);
#5803 = EDGE_LOOP('',(#5804,#5815));
#5804 = ORIENTED_EDGE('',*,*,#5805,.F.);
#5805 = EDGE_CURVE('',#5806,#5808,#5810,.T.);
#5806 = VERTEX_POINT('',#5807);
#5807 = CARTESIAN_POINT('',(8.5979,10.668,-29.353002));
#5808 = VERTEX_POINT('',#5809);
#5809 = CARTESIAN_POINT('',(11.7729,10.668,-29.353002));
#5810 = CIRCLE('',#5811,1.5875);
#5811 = AXIS2_PLACEMENT_3D('',#5812,#5813,#5814);
#5812 = CARTESIAN_POINT('',(10.1854,10.668,-29.353002));
#5813 = DIRECTION('',(0.,0.,-1.));
#5814 = DIRECTION('',(-1.,0.,0.));
#5815 = ORIENTED_EDGE('',*,*,#5816,.F.);
#5816 = EDGE_CURVE('',#5808,#5806,#5817,.T.);
#5817 = CIRCLE('',#5818,1.5875);
#5818 = AXIS2_PLACEMENT_3D('',#5819,#5820,#5821);
#5819 = CARTESIAN_POINT('',(10.1854,10.668,-29.353002));
#5820 = DIRECTION('',(0.,0.,-1.));
#5821 = DIRECTION('',(1.,0.,0.));
#5822 = PLANE('',#5823);
#5823 = AXIS2_PLACEMENT_3D('',#5824,#5825,#5826);
#5824 = CARTESIAN_POINT('',(0.,0.,-29.353002));
#5825 = DIRECTION('',(0.,0.,-1.));
#5826 = DIRECTION('',(-1.,0.,0.));
#5827 = ADVANCED_FACE('',(#5828),#5848,.T.);
#5828 = FACE_BOUND('',#5829,.F.);
#5829 = EDGE_LOOP('',(#5830,#5841));
#5830 = ORIENTED_EDGE('',*,*,#5831,.F.);
#5831 = EDGE_CURVE('',#5832,#5834,#5836,.T.);
#5832 = VERTEX_POINT('',#5833);
#5833 = CARTESIAN_POINT('',(8.5979,-10.668,-29.353002));
#5834 = VERTEX_POINT('',#5835);
#5835 = CARTESIAN_POINT('',(11.7729,-10.668,-29.353002));
#5836 = CIRCLE('',#5837,1.5875);
#5837 = AXIS2_PLACEMENT_3D('',#5838,#5839,#5840);
#5838 = CARTESIAN_POINT('',(10.1854,-10.668,-29.353002));
#5839 = DIRECTION('',(0.,0.,-1.));
#5840 = DIRECTION('',(-1.,0.,0.));
#5841 = ORIENTED_EDGE('',*,*,#5842,.F.);
#5842 = EDGE_CURVE('',#5834,#5832,#5843,.T.);
#5843 = CIRCLE('',#5844,1.5875);
#5844 = AXIS2_PLACEMENT_3D('',#5845,#5846,#5847);
#5845 = CARTESIAN_POINT('',(10.1854,-10.668,-29.353002));
#5846 = DIRECTION('',(0.,0.,-1.));
#5847 = DIRECTION('',(1.,0.,0.));
#5848 = PLANE('',#5849);
#5849 = AXIS2_PLACEMENT_3D('',#5850,#5851,#5852);
#5850 = CARTESIAN_POINT('',(0.,0.,-29.353002));
#5851 = DIRECTION('',(0.,0.,-1.));
#5852 = DIRECTION('',(-1.,0.,0.));
#5853 = ADVANCED_FACE('',(#5854),#5874,.T.);
#5854 = FACE_BOUND('',#5855,.F.);
#5855 = EDGE_LOOP('',(#5856,#5867));
#5856 = ORIENTED_EDGE('',*,*,#5857,.F.);
#5857 = EDGE_CURVE('',#5858,#5860,#5862,.T.);
#5858 = VERTEX_POINT('',#5859);
#5859 = CARTESIAN_POINT('',(-8.6995,-10.668,-29.353002));
#5860 = VERTEX_POINT('',#5861);
#5861 = CARTESIAN_POINT('',(-5.5245,-10.668,-29.353002));
#5862 = CIRCLE('',#5863,1.5875);
#5863 = AXIS2_PLACEMENT_3D('',#5864,#5865,#5866);
#5864 = CARTESIAN_POINT('',(-7.112,-10.668,-29.353002));
#5865 = DIRECTION('',(0.,0.,-1.));
#5866 = DIRECTION('',(-1.,0.,0.));
#5867 = ORIENTED_EDGE('',*,*,#5868,.F.);
#5868 = EDGE_CURVE('',#5860,#5858,#5869,.T.);
#5869 = CIRCLE('',#5870,1.5875);
#5870 = AXIS2_PLACEMENT_3D('',#5871,#5872,#5873);
#5871 = CARTESIAN_POINT('',(-7.112,-10.668,-29.353002));
#5872 = DIRECTION('',(0.,0.,-1.));
#5873 = DIRECTION('',(1.,0.,0.));
#5874 = PLANE('',#5875);
#5875 = AXIS2_PLACEMENT_3D('',#5876,#5877,#5878);
#5876 = CARTESIAN_POINT('',(0.,0.,-29.353002));
#5877 = DIRECTION('',(0.,0.,-1.));
#5878 = DIRECTION('',(-1.,0.,0.));
#5879 = ADVANCED_FACE('',(#5880),#5896,.F.);
#5880 = FACE_BOUND('',#5881,.F.);
#5881 = EDGE_LOOP('',(#5882,#5883,#5889,#5890));
#5882 = ORIENTED_EDGE('',*,*,#5719,.F.);
#5883 = ORIENTED_EDGE('',*,*,#5884,.T.);
#5884 = EDGE_CURVE('',#5720,#5806,#5885,.T.);
#5885 = LINE('',#5886,#5887);
#5886 = CARTESIAN_POINT('',(8.5979,10.668,-30.353));
#5887 = VECTOR('',#5888,1.);
#5888 = DIRECTION('',(0.,0.,1.));
#5889 = ORIENTED_EDGE('',*,*,#5805,.T.);
#5890 = ORIENTED_EDGE('',*,*,#5891,.F.);
#5891 = EDGE_CURVE('',#5722,#5808,#5892,.T.);
#5892 = LINE('',#5893,#5894);
#5893 = CARTESIAN_POINT('',(11.7729,10.668,-30.353));
#5894 = VECTOR('',#5895,1.);
#5895 = DIRECTION('',(0.,0.,1.));
#5896 = CYLINDRICAL_SURFACE('',#5897,1.5875);
#5897 = AXIS2_PLACEMENT_3D('',#5898,#5899,#5900);
#5898 = CARTESIAN_POINT('',(10.1854,10.668,-30.353));
#5899 = DIRECTION('',(0.,0.,-1.));
#5900 = DIRECTION('',(-1.,0.,0.));
#5901 = ADVANCED_FACE('',(#5902),#5908,.F.);
#5902 = FACE_BOUND('',#5903,.F.);
#5903 = EDGE_LOOP('',(#5904,#5905,#5906,#5907));
#5904 = ORIENTED_EDGE('',*,*,#5730,.F.);
#5905 = ORIENTED_EDGE('',*,*,#5891,.T.);
#5906 = ORIENTED_EDGE('',*,*,#5816,.T.);
#5907 = ORIENTED_EDGE('',*,*,#5884,.F.);
#5908 = CYLINDRICAL_SURFACE('',#5909,1.5875);
#5909 = AXIS2_PLACEMENT_3D('',#5910,#5911,#5912);
#5910 = CARTESIAN_POINT('',(10.1854,10.668,-30.353));
#5911 = DIRECTION('',(0.,0.,-1.));
#5912 = DIRECTION('',(-1.,0.,0.));
#5913 = ADVANCED_FACE('',(#5914),#5930,.F.);
#5914 = FACE_BOUND('',#5915,.F.);
#5915 = EDGE_LOOP('',(#5916,#5917,#5923,#5924));
#5916 = ORIENTED_EDGE('',*,*,#5627,.F.);
#5917 = ORIENTED_EDGE('',*,*,#5918,.T.);
#5918 = EDGE_CURVE('',#5628,#5832,#5919,.T.);
#5919 = LINE('',#5920,#5921);
#5920 = CARTESIAN_POINT('',(8.5979,-10.668,-30.353));
#5921 = VECTOR('',#5922,1.);
#5922 = DIRECTION('',(0.,0.,1.));
#5923 = ORIENTED_EDGE('',*,*,#5831,.T.);
#5924 = ORIENTED_EDGE('',*,*,#5925,.F.);
#5925 = EDGE_CURVE('',#5630,#5834,#5926,.T.);
#5926 = LINE('',#5927,#5928);
#5927 = CARTESIAN_POINT('',(11.7729,-10.668,-30.353));
#5928 = VECTOR('',#5929,1.);
#5929 = DIRECTION('',(0.,0.,1.));
#5930 = CYLINDRICAL_SURFACE('',#5931,1.5875);
#5931 = AXIS2_PLACEMENT_3D('',#5932,#5933,#5934);
#5932 = CARTESIAN_POINT('',(10.1854,-10.668,-30.353));
#5933 = DIRECTION('',(0.,0.,-1.));
#5934 = DIRECTION('',(-1.,0.,0.));
#5935 = ADVANCED_FACE('',(#5936),#5942,.F.);
#5936 = FACE_BOUND('',#5937,.F.);
#5937 = EDGE_LOOP('',(#5938,#5939,#5940,#5941));
#5938 = ORIENTED_EDGE('',*,*,#5638,.F.);
#5939 = ORIENTED_EDGE('',*,*,#5925,.T.);
#5940 = ORIENTED_EDGE('',*,*,#5842,.T.);
#5941 = ORIENTED_EDGE('',*,*,#5918,.F.);
#5942 = CYLINDRICAL_SURFACE('',#5943,1.5875);
#5943 = AXIS2_PLACEMENT_3D('',#5944,#5945,#5946);
#5944 = CARTESIAN_POINT('',(10.1854,-10.668,-30.353));
#5945 = DIRECTION('',(0.,0.,-1.));
#5946 = DIRECTION('',(-1.,0.,0.));
#5947 = ADVANCED_FACE('',(#5948),#5964,.F.);
#5948 = FACE_BOUND('',#5949,.F.);
#5949 = EDGE_LOOP('',(#5950,#5951,#5957,#5958));
#5950 = ORIENTED_EDGE('',*,*,#5581,.F.);
#5951 = ORIENTED_EDGE('',*,*,#5952,.T.);
#5952 = EDGE_CURVE('',#5582,#5858,#5953,.T.);
#5953 = LINE('',#5954,#5955);
#5954 = CARTESIAN_POINT('',(-8.6995,-10.668,-30.353));
#5955 = VECTOR('',#5956,1.);
#5956 = DIRECTION('',(0.,0.,1.));
#5957 = ORIENTED_EDGE('',*,*,#5857,.T.);
#5958 = ORIENTED_EDGE('',*,*,#5959,.F.);
#5959 = EDGE_CURVE('',#5584,#5860,#5960,.T.);
#5960 = LINE('',#5961,#5962);
#5961 = CARTESIAN_POINT('',(-5.5245,-10.668,-30.353));
#5962 = VECTOR('',#5963,1.);
#5963 = DIRECTION('',(0.,0.,1.));
#5964 = CYLINDRICAL_SURFACE('',#5965,1.5875);
#5965 = AXIS2_PLACEMENT_3D('',#5966,#5967,#5968);
#5966 = CARTESIAN_POINT('',(-7.112,-10.668,-30.353));
#5967 = DIRECTION('',(0.,0.,-1.));
#5968 = DIRECTION('',(-1.,0.,0.));
#5969 = ADVANCED_FACE('',(#5970),#5976,.F.);
#5970 = FACE_BOUND('',#5971,.F.);
#5971 = EDGE_LOOP('',(#5972,#5973,#5974,#5975));
#5972 = ORIENTED_EDGE('',*,*,#5592,.F.);
#5973 = ORIENTED_EDGE('',*,*,#5959,.T.);
#5974 = ORIENTED_EDGE('',*,*,#5868,.T.);
#5975 = ORIENTED_EDGE('',*,*,#5952,.F.);
#5976 = CYLINDRICAL_SURFACE('',#5977,1.5875);
#5977 = AXIS2_PLACEMENT_3D('',#5978,#5979,#5980);
#5978 = CARTESIAN_POINT('',(-7.112,-10.668,-30.353));
#5979 = DIRECTION('',(0.,0.,-1.));
#5980 = DIRECTION('',(-1.,0.,0.));
#5981 = ADVANCED_FACE('',(#5982),#5994,.T.);
#5982 = FACE_BOUND('',#5983,.T.);
#5983 = EDGE_LOOP('',(#5984,#5985,#5992,#5993));
#5984 = ORIENTED_EDGE('',*,*,#5547,.T.);
#5985 = ORIENTED_EDGE('',*,*,#5986,.T.);
#5986 = EDGE_CURVE('',#5515,#5454,#5987,.T.);
#5987 = CIRCLE('',#5988,3.302);
#5988 = AXIS2_PLACEMENT_3D('',#5989,#5990,#5991);
#5989 = CARTESIAN_POINT('',(-7.112,-10.668,-29.845));
#5990 = DIRECTION('',(0.,0.,-1.));
#5991 = DIRECTION('',(1.,0.,0.));
#5992 = ORIENTED_EDGE('',*,*,#5537,.F.);
#5993 = ORIENTED_EDGE('',*,*,#5572,.F.);
#5994 = TOROIDAL_SURFACE('',#5995,2.794,0.508);
#5995 = AXIS2_PLACEMENT_3D('',#5996,#5997,#5998);
#5996 = CARTESIAN_POINT('',(-7.112,-10.668,-29.845));
#5997 = DIRECTION('',(0.,0.,-1.));
#5998 = DIRECTION('',(0.99999604183,2.813596491317E-03,0.));
#5999 = ADVANCED_FACE('',(#6000),#6050,.T.);
#6000 = FACE_BOUND('',#6001,.T.);
#6001 = EDGE_LOOP('',(#6002,#6003,#6004,#6018,#6036,#6047,#6048,#6049));
#6002 = ORIENTED_EDGE('',*,*,#5514,.F.);
#6003 = ORIENTED_EDGE('',*,*,#5085,.T.);
#6004 = ORIENTED_EDGE('',*,*,#6005,.F.);
#6005 = EDGE_CURVE('',#6006,#5086,#6008,.T.);
#6006 = VERTEX_POINT('',#6007);
#6007 = CARTESIAN_POINT('',(-6.216496461883,-13.84625063519,
    -25.98628840136));
#6008 = B_SPLINE_CURVE_WITH_KNOTS('',3,(#6009,#6010,#6011,#6012,#6013,
    #6014,#6015,#6016,#6017),.UNSPECIFIED.,.F.,.F.,(4,1,1,1,1,1,4),(0.,
    0.166666666667,0.333333333333,0.5,0.666666666667,0.833333333333,1.),
  .UNSPECIFIED.);
#6009 = CARTESIAN_POINT('',(-6.216496461883,-13.84625063519,
    -25.98628840136));
#6010 = CARTESIAN_POINT('',(-6.154447225503,-13.82876764968,
    -26.00650532207));
#6011 = CARTESIAN_POINT('',(-6.035002065755,-13.79119308535,
    -26.04350250259));
#6012 = CARTESIAN_POINT('',(-5.869830858995,-13.72903214591,
    -26.08833823464));
#6013 = CARTESIAN_POINT('',(-5.718828408875,-13.6631104373,
    -26.12239383427));
#6014 = CARTESIAN_POINT('',(-5.581643536672,-13.5951871901,
    -26.14592493607));
#6015 = CARTESIAN_POINT('',(-5.458355231985,-13.52713253872,
    -26.15932040201));
#6016 = CARTESIAN_POINT('',(-5.386040061278,-13.48329079793,-26.162));
#6017 = CARTESIAN_POINT('',(-5.35223637951,-13.462,-26.162));
#6018 = ORIENTED_EDGE('',*,*,#6019,.F.);
#6019 = EDGE_CURVE('',#6020,#6006,#6022,.T.);
#6020 = VERTEX_POINT('',#6021);
#6021 = CARTESIAN_POINT('',(-6.741431252184,-13.94914047368,
    -26.09980066973));
#6022 = B_SPLINE_CURVE_WITH_KNOTS('',3,(#6023,#6024,#6025,#6026,#6027,
    #6028,#6029,#6030,#6031,#6032,#6033,#6034,#6035),.UNSPECIFIED.,.F.,
  .F.,(4,1,1,1,1,1,1,1,1,1,4),(0.,0.1,0.2,0.3,0.4,0.5,0.6,0.7,0.8,0.9,1.
    ),.QUASI_UNIFORM_KNOTS.);
#6023 = CARTESIAN_POINT('',(-6.741431252184,-13.94914047368,
    -26.09980066973));
#6024 = CARTESIAN_POINT('',(-6.714376791801,-13.94608496984,
    -26.08501912837));
#6025 = CARTESIAN_POINT('',(-6.662432091561,-13.93953346367,
    -26.05889712613));
#6026 = CARTESIAN_POINT('',(-6.592825268855,-13.92916049923,
    -26.02894711526));
#6027 = CARTESIAN_POINT('',(-6.52898101746,-13.91831849509,
    -26.00588413302));
#6028 = CARTESIAN_POINT('',(-6.470916184175,-13.90733323259,
    -25.98904062471));
#6029 = CARTESIAN_POINT('',(-6.418056987758,-13.89639188009,
    -25.97768487728));
#6030 = CARTESIAN_POINT('',(-6.371062598601,-13.88590457763,
    -25.97135835284));
#6031 = CARTESIAN_POINT('',(-6.328284786416,-13.87574059695,
    -25.96921351324));
#6032 = CARTESIAN_POINT('',(-6.288080037005,-13.86563902044,
    -25.97097670939));
#6033 = CARTESIAN_POINT('',(-6.250731961562,-13.85577097709,
    -25.97654592247));
#6034 = CARTESIAN_POINT('',(-6.227616994816,-13.84938395523,
    -25.9826651024));
#6035 = CARTESIAN_POINT('',(-6.216496461883,-13.84625063519,
    -25.98628840136));
#6036 = ORIENTED_EDGE('',*,*,#6037,.F.);
#6037 = EDGE_CURVE('',#4822,#6020,#6038,.T.);
#6038 = B_SPLINE_CURVE_WITH_KNOTS('',3,(#6039,#6040,#6041,#6042,#6043,
    #6044,#6045,#6046),.UNSPECIFIED.,.F.,.F.,(4,1,1,1,1,4),(0.,0.2,0.4,
    0.6,0.8,1.),.QUASI_UNIFORM_KNOTS.);
#6039 = CARTESIAN_POINT('',(-6.985,-13.96755678842,-26.162));
#6040 = CARTESIAN_POINT('',(-6.968199359869,-13.96691013148,-26.162));
#6041 = CARTESIAN_POINT('',(-6.934497280598,-13.9653554411,
    -26.16033402927));
#6042 = CARTESIAN_POINT('',(-6.884037674507,-13.9622495087,
    -26.1527406844));
#6043 = CARTESIAN_POINT('',(-6.834517763369,-13.95844118812,
    -26.14008997081));
#6044 = CARTESIAN_POINT('',(-6.786807742948,-13.95406002638,
    -26.12266049291));
#6045 = CARTESIAN_POINT('',(-6.756281174989,-13.95081760919,
    -26.10791410999));
#6046 = CARTESIAN_POINT('',(-6.741431252184,-13.94914047368,
    -26.09980066973));
#6047 = ORIENTED_EDGE('',*,*,#4829,.T.);
#6048 = ORIENTED_EDGE('',*,*,#5453,.T.);
#6049 = ORIENTED_EDGE('',*,*,#5986,.F.);
#6050 = CYLINDRICAL_SURFACE('',#6051,3.302);
#6051 = AXIS2_PLACEMENT_3D('',#6052,#6053,#6054);
#6052 = CARTESIAN_POINT('',(-7.112,-10.668,-26.162));
#6053 = DIRECTION('',(0.,0.,-1.));
#6054 = DIRECTION('',(-1.,0.,0.));
#6055 = ADVANCED_FACE('',(#6056),#6097,.T.);
#6056 = FACE_BOUND('',#6057,.T.);
#6057 = EDGE_LOOP('',(#6058,#6059,#6060,#6082,#6090));
#6058 = ORIENTED_EDGE('',*,*,#4821,.F.);
#6059 = ORIENTED_EDGE('',*,*,#6037,.T.);
#6060 = ORIENTED_EDGE('',*,*,#6061,.F.);
#6061 = EDGE_CURVE('',#6062,#6020,#6064,.T.);
#6062 = VERTEX_POINT('',#6063);
#6063 = CARTESIAN_POINT('',(-6.476999921878,-14.47799959778,
    -25.65400578286));
#6064 = B_SPLINE_CURVE_WITH_KNOTS('',3,(#6065,#6066,#6067,#6068,#6069,
    #6070,#6071,#6072,#6073,#6074,#6075,#6076,#6077,#6078,#6079,#6080,
    #6081),.UNSPECIFIED.,.F.,.F.,(4,1,1,1,1,1,1,1,1,1,1,1,1,1,4),(0.,
    7.142857142857E-02,0.142857142857,0.214285714286,0.285714285714,
    0.357142857143,0.428571428571,0.5,0.571428571429,0.642857142857,
    0.714285714286,0.785714285714,0.857142857143,0.928571428571,1.),
  .UNSPECIFIED.);
#6065 = CARTESIAN_POINT('',(-6.476999921878,-14.47799959778,
    -25.65400578286));
#6066 = CARTESIAN_POINT('',(-6.476999921493,-14.47799923551,
    -25.66352517427));
#6067 = CARTESIAN_POINT('',(-6.477541151593,-14.47691677631,
    -25.68256093432));
#6068 = CARTESIAN_POINT('',(-6.479896794068,-14.47220403736,
    -25.71057402019));
#6069 = CARTESIAN_POINT('',(-6.48387588839,-14.46424688919,
    -25.73897903665));
#6070 = CARTESIAN_POINT('',(-6.489679963272,-14.45264009708,
    -25.76815810946));
#6071 = CARTESIAN_POINT('',(-6.497663862651,-14.43667460315,
    -25.79864356638));
#6072 = CARTESIAN_POINT('',(-6.508315130206,-14.41537167536,
    -25.83076251082));
#6073 = CARTESIAN_POINT('',(-6.522018184771,-14.38796138307,
    -25.86415705389));
#6074 = CARTESIAN_POINT('',(-6.538958009894,-14.3540787264,
    -25.89819498608));
#6075 = CARTESIAN_POINT('',(-6.560083537596,-14.3118246688,
    -25.93347563793));
#6076 = CARTESIAN_POINT('',(-6.585421615378,-14.26115075638,
    -25.96875130337));
#6077 = CARTESIAN_POINT('',(-6.615622529897,-14.20075194165,
    -26.00383413547));
#6078 = CARTESIAN_POINT('',(-6.651114352009,-14.1297720405,
    -26.03798230512));
#6079 = CARTESIAN_POINT('',(-6.692415645061,-14.04717210524,
    -26.07047036458));
#6080 = CARTESIAN_POINT('',(-6.724380236452,-13.98324246497,
    -26.09048461852));
#6081 = CARTESIAN_POINT('',(-6.741431252184,-13.94914047368,
    -26.09980066973));
#6082 = ORIENTED_EDGE('',*,*,#6083,.T.);
#6083 = EDGE_CURVE('',#6062,#6084,#6086,.T.);
#6084 = VERTEX_POINT('',#6085);
#6085 = CARTESIAN_POINT('',(-6.477,-17.1196,-25.654));
#6086 = LINE('',#6087,#6088);
#6087 = CARTESIAN_POINT('',(-6.476999921878,-14.47799959778,
    -25.65400578286));
#6088 = VECTOR('',#6089,1.);
#6089 = DIRECTION('',(-2.957380945118E-08,-0.999999999998,
    2.189150706259E-06));
#6090 = ORIENTED_EDGE('',*,*,#6091,.F.);
#6091 = EDGE_CURVE('',#4814,#6084,#6092,.T.);
#6092 = CIRCLE('',#6093,0.508);
#6093 = AXIS2_PLACEMENT_3D('',#6094,#6095,#6096);
#6094 = CARTESIAN_POINT('',(-6.985,-17.1196,-25.654));
#6095 = DIRECTION('',(0.,-1.,0.));
#6096 = DIRECTION('',(0.,0.,-1.));
#6097 = CYLINDRICAL_SURFACE('',#6098,0.508);
#6098 = AXIS2_PLACEMENT_3D('',#6099,#6100,#6101);
#6099 = CARTESIAN_POINT('',(-6.985,63.58627872,-25.654));
#6100 = DIRECTION('',(0.,-1.,0.));
#6101 = DIRECTION('',(0.,0.,-1.));
#6102 = ADVANCED_FACE('',(#6103),#6122,.T.);
#6103 = FACE_BOUND('',#6104,.T.);
#6104 = EDGE_LOOP('',(#6105,#6114,#6121));
#6105 = ORIENTED_EDGE('',*,*,#6106,.T.);
#6106 = EDGE_CURVE('',#6084,#6107,#6109,.T.);
#6107 = VERTEX_POINT('',#6108);
#6108 = CARTESIAN_POINT('',(-6.985,-17.6276,-25.654));
#6109 = CIRCLE('',#6110,0.508);
#6110 = AXIS2_PLACEMENT_3D('',#6111,#6112,#6113);
#6111 = CARTESIAN_POINT('',(-6.985,-17.1196,-25.654));
#6112 = DIRECTION('',(0.,0.,-1.));
#6113 = DIRECTION('',(1.,0.,0.));
#6114 = ORIENTED_EDGE('',*,*,#6115,.T.);
#6115 = EDGE_CURVE('',#6107,#4814,#6116,.T.);
#6116 = CIRCLE('',#6117,0.508);
#6117 = AXIS2_PLACEMENT_3D('',#6118,#6119,#6120);
#6118 = CARTESIAN_POINT('',(-6.985,-17.1196,-25.654));
#6119 = DIRECTION('',(1.,0.,0.));
#6120 = DIRECTION('',(0.,-1.,0.));
#6121 = ORIENTED_EDGE('',*,*,#6091,.T.);
#6122 = SPHERICAL_SURFACE('',#6123,0.508);
#6123 = AXIS2_PLACEMENT_3D('',#6124,#6125,#6126);
#6124 = CARTESIAN_POINT('',(-6.985,-17.1196,-25.654));
#6125 = DIRECTION('',(0.707106781187,0.707106781187,0.));
#6126 = DIRECTION('',(0.707106781187,-0.707106781187,0.));
#6127 = ADVANCED_FACE('',(#6128),#6147,.T.);
#6128 = FACE_BOUND('',#6129,.T.);
#6129 = EDGE_LOOP('',(#6130,#6131,#6139,#6146));
#6130 = ORIENTED_EDGE('',*,*,#6115,.F.);
#6131 = ORIENTED_EDGE('',*,*,#6132,.T.);
#6132 = EDGE_CURVE('',#6107,#6133,#6135,.T.);
#6133 = VERTEX_POINT('',#6134);
#6134 = CARTESIAN_POINT('',(-11.557,-17.6276,-25.654));
#6135 = LINE('',#6136,#6137);
#6136 = CARTESIAN_POINT('',(-6.985,-17.6276,-25.654));
#6137 = VECTOR('',#6138,1.);
#6138 = DIRECTION('',(-1.,0.,0.));
#6139 = ORIENTED_EDGE('',*,*,#6140,.F.);
#6140 = EDGE_CURVE('',#4805,#6133,#6141,.T.);
#6141 = CIRCLE('',#6142,0.508);
#6142 = AXIS2_PLACEMENT_3D('',#6143,#6144,#6145);
#6143 = CARTESIAN_POINT('',(-11.557,-17.1196,-25.654));
#6144 = DIRECTION('',(-1.,0.,0.));
#6145 = DIRECTION('',(0.,0.,-1.));
#6146 = ORIENTED_EDGE('',*,*,#4813,.F.);
#6147 = CYLINDRICAL_SURFACE('',#6148,0.508);
#6148 = AXIS2_PLACEMENT_3D('',#6149,#6150,#6151);
#6149 = CARTESIAN_POINT('',(69.1752744,-17.1196,-25.654));
#6150 = DIRECTION('',(-1.,0.,0.));
#6151 = DIRECTION('',(0.,0.,-1.));
#6152 = ADVANCED_FACE('',(#6153),#6173,.T.);
#6153 = FACE_BOUND('',#6154,.T.);
#6154 = EDGE_LOOP('',(#6155,#6156,#6165,#6172));
#6155 = ORIENTED_EDGE('',*,*,#6140,.T.);
#6156 = ORIENTED_EDGE('',*,*,#6157,.T.);
#6157 = EDGE_CURVE('',#6133,#6158,#6160,.T.);
#6158 = VERTEX_POINT('',#6159);
#6159 = CARTESIAN_POINT('',(-19.177,-10.0076,-25.654));
#6160 = CIRCLE('',#6161,7.62);
#6161 = AXIS2_PLACEMENT_3D('',#6162,#6163,#6164);
#6162 = CARTESIAN_POINT('',(-11.557,-10.0076,-25.654));
#6163 = DIRECTION('',(0.,0.,-1.));
#6164 = DIRECTION('',(0.,-1.,0.));
#6165 = ORIENTED_EDGE('',*,*,#6166,.F.);
#6166 = EDGE_CURVE('',#4797,#6158,#6167,.T.);
#6167 = CIRCLE('',#6168,0.508);
#6168 = AXIS2_PLACEMENT_3D('',#6169,#6170,#6171);
#6169 = CARTESIAN_POINT('',(-18.669,-10.0076,-25.654));
#6170 = DIRECTION('',(0.,1.,0.));
#6171 = DIRECTION('',(0.,0.,-1.));
#6172 = ORIENTED_EDGE('',*,*,#4804,.F.);
#6173 = TOROIDAL_SURFACE('',#6174,7.112,0.508);
#6174 = AXIS2_PLACEMENT_3D('',#6175,#6176,#6177);
#6175 = CARTESIAN_POINT('',(-11.557,-10.0076,-25.654));
#6176 = DIRECTION('',(0.,0.,-1.));
#6177 = DIRECTION('',(1.219226452807E-03,-0.999999256743,0.));
#6178 = ADVANCED_FACE('',(#6179),#6198,.T.);
#6179 = FACE_BOUND('',#6180,.T.);
#6180 = EDGE_LOOP('',(#6181,#6182,#6190,#6197));
#6181 = ORIENTED_EDGE('',*,*,#6166,.T.);
#6182 = ORIENTED_EDGE('',*,*,#6183,.T.);
#6183 = EDGE_CURVE('',#6158,#6184,#6186,.T.);
#6184 = VERTEX_POINT('',#6185);
#6185 = CARTESIAN_POINT('',(-19.177,10.0076,-25.654));
#6186 = LINE('',#6187,#6188);
#6187 = CARTESIAN_POINT('',(-19.177,-10.0076,-25.654));
#6188 = VECTOR('',#6189,1.);
#6189 = DIRECTION('',(0.,1.,0.));
#6190 = ORIENTED_EDGE('',*,*,#6191,.F.);
#6191 = EDGE_CURVE('',#4788,#6184,#6192,.T.);
#6192 = CIRCLE('',#6193,0.508);
#6193 = AXIS2_PLACEMENT_3D('',#6194,#6195,#6196);
#6194 = CARTESIAN_POINT('',(-18.669,10.0076,-25.654));
#6195 = DIRECTION('',(0.,1.,0.));
#6196 = DIRECTION('',(0.,0.,-1.));
#6197 = ORIENTED_EDGE('',*,*,#4796,.F.);
#6198 = CYLINDRICAL_SURFACE('',#6199,0.508);
#6199 = AXIS2_PLACEMENT_3D('',#6200,#6201,#6202);
#6200 = CARTESIAN_POINT('',(-18.669,-10.01689050787,-25.654));
#6201 = DIRECTION('',(0.,1.,0.));
#6202 = DIRECTION('',(0.,0.,-1.));
#6203 = ADVANCED_FACE('',(#6204),#6216,.T.);
#6204 = FACE_BOUND('',#6205,.T.);
#6205 = EDGE_LOOP('',(#6206,#6207,#6214,#6215));
#6206 = ORIENTED_EDGE('',*,*,#6191,.T.);
#6207 = ORIENTED_EDGE('',*,*,#6208,.T.);
#6208 = EDGE_CURVE('',#6184,#4613,#6209,.T.);
#6209 = CIRCLE('',#6210,7.62);
#6210 = AXIS2_PLACEMENT_3D('',#6211,#6212,#6213);
#6211 = CARTESIAN_POINT('',(-11.557,10.0076,-25.654));
#6212 = DIRECTION('',(0.,0.,-1.));
#6213 = DIRECTION('',(-1.,0.,0.));
#6214 = ORIENTED_EDGE('',*,*,#4643,.F.);
#6215 = ORIENTED_EDGE('',*,*,#4787,.F.);
#6216 = TOROIDAL_SURFACE('',#6217,7.112,0.508);
#6217 = AXIS2_PLACEMENT_3D('',#6218,#6219,#6220);
#6218 = CARTESIAN_POINT('',(-11.557,10.0076,-25.654));
#6219 = DIRECTION('',(0.,0.,-1.));
#6220 = DIRECTION('',(-0.999999256743,-1.219226452807E-03,-0.));
#6221 = ADVANCED_FACE('',(#6222),#6233,.T.);
#6222 = FACE_BOUND('',#6223,.T.);
#6223 = EDGE_LOOP('',(#6224,#6230,#6231,#6232));
#6224 = ORIENTED_EDGE('',*,*,#6225,.T.);
#6225 = EDGE_CURVE('',#6184,#4418,#6226,.T.);
#6226 = LINE('',#6227,#6228);
#6227 = CARTESIAN_POINT('',(-19.177,10.0076,-25.654));
#6228 = VECTOR('',#6229,1.);
#6229 = DIRECTION('',(0.,0.,1.));
#6230 = ORIENTED_EDGE('',*,*,#4417,.F.);
#6231 = ORIENTED_EDGE('',*,*,#4629,.F.);
#6232 = ORIENTED_EDGE('',*,*,#6208,.F.);
#6233 = CYLINDRICAL_SURFACE('',#6234,7.62);
#6234 = AXIS2_PLACEMENT_3D('',#6235,#6236,#6237);
#6235 = CARTESIAN_POINT('',(-11.557,10.0076,-14.859));
#6236 = DIRECTION('',(0.,0.,-1.));
#6237 = DIRECTION('',(0.,-1.,0.));
#6238 = ADVANCED_FACE('',(#6239),#6250,.T.);
#6239 = FACE_BOUND('',#6240,.F.);
#6240 = EDGE_LOOP('',(#6241,#6242,#6243,#6244));
#6241 = ORIENTED_EDGE('',*,*,#6183,.T.);
#6242 = ORIENTED_EDGE('',*,*,#6225,.T.);
#6243 = ORIENTED_EDGE('',*,*,#4443,.T.);
#6244 = ORIENTED_EDGE('',*,*,#6245,.F.);
#6245 = EDGE_CURVE('',#6158,#4444,#6246,.T.);
#6246 = LINE('',#6247,#6248);
#6247 = CARTESIAN_POINT('',(-19.177,-10.0076,-25.654));
#6248 = VECTOR('',#6249,1.);
#6249 = DIRECTION('',(0.,0.,1.));
#6250 = PLANE('',#6251);
#6251 = AXIS2_PLACEMENT_3D('',#6252,#6253,#6254);
#6252 = CARTESIAN_POINT('',(-19.177,-10.0076,-14.859));
#6253 = DIRECTION('',(-1.,0.,0.));
#6254 = DIRECTION('',(0.,1.,0.));
#6255 = ADVANCED_FACE('',(#6256),#6267,.T.);
#6256 = FACE_BOUND('',#6257,.T.);
#6257 = EDGE_LOOP('',(#6258,#6264,#6265,#6266));
#6258 = ORIENTED_EDGE('',*,*,#6259,.T.);
#6259 = EDGE_CURVE('',#6133,#4469,#6260,.T.);
#6260 = LINE('',#6261,#6262);
#6261 = CARTESIAN_POINT('',(-11.557,-17.6276,-25.654));
#6262 = VECTOR('',#6263,1.);
#6263 = DIRECTION('',(0.,0.,1.));
#6264 = ORIENTED_EDGE('',*,*,#4468,.F.);
#6265 = ORIENTED_EDGE('',*,*,#6245,.F.);
#6266 = ORIENTED_EDGE('',*,*,#6157,.F.);
#6267 = CYLINDRICAL_SURFACE('',#6268,7.62);
#6268 = AXIS2_PLACEMENT_3D('',#6269,#6270,#6271);
#6269 = CARTESIAN_POINT('',(-11.557,-10.0076,-14.859));
#6270 = DIRECTION('',(0.,0.,-1.));
#6271 = DIRECTION('',(0.,-1.,0.));
#6272 = ADVANCED_FACE('',(#6273),#6444,.T.);
#6273 = FACE_BOUND('',#6274,.F.);
#6274 = EDGE_LOOP('',(#6275,#6276,#6277,#6278,#6286,#6294,#6302,#6366,
    #6374,#6438));
#6275 = ORIENTED_EDGE('',*,*,#6132,.T.);
#6276 = ORIENTED_EDGE('',*,*,#6259,.T.);
#6277 = ORIENTED_EDGE('',*,*,#4494,.T.);
#6278 = ORIENTED_EDGE('',*,*,#6279,.F.);
#6279 = EDGE_CURVE('',#6280,#4495,#6282,.T.);
#6280 = VERTEX_POINT('',#6281);
#6281 = CARTESIAN_POINT('',(11.557,-17.6276,-25.654));
#6282 = LINE('',#6283,#6284);
#6283 = CARTESIAN_POINT('',(11.557,-17.6276,-25.654));
#6284 = VECTOR('',#6285,1.);
#6285 = DIRECTION('',(0.,0.,1.));
#6286 = ORIENTED_EDGE('',*,*,#6287,.T.);
#6287 = EDGE_CURVE('',#6280,#6288,#6290,.T.);
#6288 = VERTEX_POINT('',#6289);
#6289 = CARTESIAN_POINT('',(10.0584,-17.6276,-25.654));
#6290 = LINE('',#6291,#6292);
#6291 = CARTESIAN_POINT('',(11.557,-17.6276,-25.654));
#6292 = VECTOR('',#6293,1.);
#6293 = DIRECTION('',(-1.,0.,0.));
#6294 = ORIENTED_EDGE('',*,*,#6295,.F.);
#6295 = EDGE_CURVE('',#6296,#6288,#6298,.T.);
#6296 = VERTEX_POINT('',#6297);
#6297 = CARTESIAN_POINT('',(10.0584,-17.62759999651,-19.558));
#6298 = LINE('',#6299,#6300);
#6299 = CARTESIAN_POINT('',(10.0584,-17.62759999651,-19.558));
#6300 = VECTOR('',#6301,1.);
#6301 = DIRECTION('',(0.,-5.719093906531E-10,-1.));
#6302 = ORIENTED_EDGE('',*,*,#6303,.T.);
#6303 = EDGE_CURVE('',#6296,#6304,#6306,.T.);
#6304 = VERTEX_POINT('',#6305);
#6305 = CARTESIAN_POINT('',(9.1694,-17.62760000012,-18.796));
#6306 = B_SPLINE_CURVE_WITH_KNOTS('',3,(#6307,#6308,#6309,#6310,#6311,
    #6312,#6313,#6314,#6315,#6316,#6317,#6318,#6319,#6320,#6321,#6322,
    #6323,#6324,#6325,#6326,#6327,#6328,#6329,#6330,#6331,#6332,#6333,
    #6334,#6335,#6336,#6337,#6338,#6339,#6340,#6341,#6342,#6343,#6344,
    #6345,#6346,#6347,#6348,#6349,#6350,#6351,#6352,#6353,#6354,#6355,
    #6356,#6357,#6358,#6359,#6360,#6361,#6362,#6363,#6364,#6365),
  .UNSPECIFIED.,.F.,.F.,(4,1,1,1,1,1,1,1,1,1,1,1,1,1,1,1,1,1,1,1,1,1,1,1
    ,1,1,1,1,1,1,1,1,1,1,1,1,1,1,1,1,1,1,1,1,1,1,1,1,1,1,1,1,1,1,1,1,4),
  (0.,1.785714285714E-02,3.571428571429E-02,5.357142857143E-02,
    7.142857142857E-02,8.928571428571E-02,0.107142857143,0.125,
    0.142857142857,0.160714285714,0.178571428571,0.196428571429,
    0.214285714286,0.232142857143,0.25,0.267857142857,0.285714285714,
    0.303571428571,0.321428571429,0.339285714286,0.357142857143,0.375,
    0.392857142857,0.410714285714,0.428571428571,0.446428571429,
    0.464285714286,0.482142857143,0.5,0.517857142857,0.535714285714,
    0.553571428571,0.571428571429,0.589285714286,0.607142857143,0.625,
    0.642857142857,0.660714285714,0.678571428571,0.696428571429,
    0.714285714286,0.732142857143,0.75,0.767857142857,0.785714285714,
    0.803571428571,0.821428571429,0.839285714286,0.857142857143,0.875,
    0.892857142857,0.910714285714,0.928571428571,0.946428571429,
    0.964285714286,0.982142857143,1.),.UNSPECIFIED.);
#6307 = CARTESIAN_POINT('',(10.0584,-17.62759999651,-19.558));
#6308 = CARTESIAN_POINT('',(10.05839998942,-17.62759997703,
    -19.5516973212));
#6309 = CARTESIAN_POINT('',(10.05820273987,-17.62760001066,
    -19.53903292305));
#6310 = CARTESIAN_POINT('',(10.05730535796,-17.62759999714,
    -19.51986996651));
#6311 = CARTESIAN_POINT('',(10.05579261011,-17.62760000077,
    -19.50050835955));
#6312 = CARTESIAN_POINT('',(10.05365544934,-17.62759999979,
    -19.48099474921));
#6313 = CARTESIAN_POINT('',(10.05088507229,-17.62760000005,
    -19.46134196981));
#6314 = CARTESIAN_POINT('',(10.04747186378,-17.62759999999,
    -19.44155932544));
#6315 = CARTESIAN_POINT('',(10.04340374699,-17.6276,-19.42164622139));
#6316 = CARTESIAN_POINT('',(10.03866791484,-17.6276,-19.40160790704));
#6317 = CARTESIAN_POINT('',(10.03325701169,-17.6276,-19.38147351124));
#6318 = CARTESIAN_POINT('',(10.02716658321,-17.6276,-19.36127597089));
#6319 = CARTESIAN_POINT('',(10.02039347589,-17.6276,-19.34104649628));
#6320 = CARTESIAN_POINT('',(10.01293443343,-17.6276,-19.32081203025));
#6321 = CARTESIAN_POINT('',(10.00478789643,-17.6276,-19.30060153893));
#6322 = CARTESIAN_POINT('',(9.995955038257,-17.6276,-19.28044747713));
#6323 = CARTESIAN_POINT('',(9.986439699889,-17.6276,-19.26038440067));
#6324 = CARTESIAN_POINT('',(9.976247494393,-17.6276,-19.24044638879));
#6325 = CARTESIAN_POINT('',(9.965383249325,-17.6276,-19.22066265202));
#6326 = CARTESIAN_POINT('',(9.953852954572,-17.6276,-19.20106225732));
#6327 = CARTESIAN_POINT('',(9.941665922947,-17.6276,-19.18167728202));
#6328 = CARTESIAN_POINT('',(9.928834401289,-17.6276,-19.16254106315));
#6329 = CARTESIAN_POINT('',(9.91537038128,-17.6276,-19.14368324519));
#6330 = CARTESIAN_POINT('',(9.901284809248,-17.6276,-19.12512961726));
#6331 = CARTESIAN_POINT('',(9.886588605022,-17.6276,-19.1069042133));
#6332 = CARTESIAN_POINT('',(9.871293879507,-17.6276,-19.08903091329));
#6333 = CARTESIAN_POINT('',(9.855411586042,-17.6276,-19.07153079934));
#6334 = CARTESIAN_POINT('',(9.838953690883,-17.6276,-19.05442498081));
#6335 = CARTESIAN_POINT('',(9.821934156416,-17.6276,-19.03773532376));
#6336 = CARTESIAN_POINT('',(9.80436892341,-17.6276,-19.02148402687));
#6337 = CARTESIAN_POINT('',(9.78627369703,-17.6276,-19.00569135148));
#6338 = CARTESIAN_POINT('',(9.767660130722,-17.6276,-18.99037292575));
#6339 = CARTESIAN_POINT('',(9.748540489363,-17.6276,-18.9755443602));
#6340 = CARTESIAN_POINT('',(9.72892648878,-17.6276,-18.9612202305));
#6341 = CARTESIAN_POINT('',(9.708828198666,-17.6276,-18.94741355825));
#6342 = CARTESIAN_POINT('',(9.68825643749,-17.6276,-18.93413769576));
#6343 = CARTESIAN_POINT('',(9.667225743296,-17.6276,-18.921407865));
#6344 = CARTESIAN_POINT('',(9.645750424921,-17.6276,-18.9092381285));
#6345 = CARTESIAN_POINT('',(9.623834916731,-17.6276,-18.89763673057));
#6346 = CARTESIAN_POINT('',(9.601487480956,-17.6276,-18.88661445891));
#6347 = CARTESIAN_POINT('',(9.578716725018,-17.6276,-18.87618202574));
#6348 = CARTESIAN_POINT('',(9.555519578997,-17.6276,-18.8663452857));
#6349 = CARTESIAN_POINT('',(9.531891579342,-17.6276,-18.85711077865));
#6350 = CARTESIAN_POINT('',(9.507833757097,-17.6276,-18.84848905015));
#6351 = CARTESIAN_POINT('',(9.483374550199,-17.6276,-18.84049709499));
#6352 = CARTESIAN_POINT('',(9.458354380559,-17.6276,-18.83309889707));
#6353 = CARTESIAN_POINT('',(9.432975737165,-17.6276,-18.82636973838));
#6354 = CARTESIAN_POINT('',(9.407427017481,-17.6276,-18.82035379611));
#6355 = CARTESIAN_POINT('',(9.381923748459,-17.6276,-18.81508025764));
#6356 = CARTESIAN_POINT('',(9.35670402241,-17.6276,-18.81055711764));
#6357 = CARTESIAN_POINT('',(9.331815658666,-17.6276,-18.80674151414));
#6358 = CARTESIAN_POINT('',(9.307239821158,-17.6276,-18.8035827712));
#6359 = CARTESIAN_POINT('',(9.283088844052,-17.6276,-18.80104558709));
#6360 = CARTESIAN_POINT('',(9.25937806095,-17.62759999999,
    -18.79907878384));
#6361 = CARTESIAN_POINT('',(9.236135100332,-17.62760000005,
    -18.79763359503));
#6362 = CARTESIAN_POINT('',(9.213374062511,-17.6275999998,
    -18.79666077367));
#6363 = CARTESIAN_POINT('',(9.191109082064,-17.62760000076,
    -18.79611265092));
#6364 = CARTESIAN_POINT('',(9.176582767393,-17.62759999836,
    -18.79600000343));
#6365 = CARTESIAN_POINT('',(9.1694,-17.62760000012,-18.796));
#6366 = ORIENTED_EDGE('',*,*,#6367,.F.);
#6367 = EDGE_CURVE('',#6368,#6304,#6370,.T.);
#6368 = VERTEX_POINT('',#6369);
#6369 = CARTESIAN_POINT('',(-6.096,-17.62760000012,-18.796));
#6370 = LINE('',#6371,#6372);
#6371 = CARTESIAN_POINT('',(-6.096,-17.62760000012,-18.796));
#6372 = VECTOR('',#6373,1.);
#6373 = DIRECTION('',(1.,0.,0.));
#6374 = ORIENTED_EDGE('',*,*,#6375,.T.);
#6375 = EDGE_CURVE('',#6368,#6376,#6378,.T.);
#6376 = VERTEX_POINT('',#6377);
#6377 = CARTESIAN_POINT('',(-6.985,-17.6276,-19.55799994069));
#6378 = B_SPLINE_CURVE_WITH_KNOTS('',3,(#6379,#6380,#6381,#6382,#6383,
    #6384,#6385,#6386,#6387,#6388,#6389,#6390,#6391,#6392,#6393,#6394,
    #6395,#6396,#6397,#6398,#6399,#6400,#6401,#6402,#6403,#6404,#6405,
    #6406,#6407,#6408,#6409,#6410,#6411,#6412,#6413,#6414,#6415,#6416,
    #6417,#6418,#6419,#6420,#6421,#6422,#6423,#6424,#6425,#6426,#6427,
    #6428,#6429,#6430,#6431,#6432,#6433,#6434,#6435,#6436,#6437),
  .UNSPECIFIED.,.F.,.F.,(4,1,1,1,1,1,1,1,1,1,1,1,1,1,1,1,1,1,1,1,1,1,1,1
    ,1,1,1,1,1,1,1,1,1,1,1,1,1,1,1,1,1,1,1,1,1,1,1,1,1,1,1,1,1,1,1,1,4),
  (0.,1.785714285714E-02,3.571428571429E-02,5.357142857143E-02,
    7.142857142857E-02,8.928571428571E-02,0.107142857143,0.125,
    0.142857142857,0.160714285714,0.178571428571,0.196428571429,
    0.214285714286,0.232142857143,0.25,0.267857142857,0.285714285714,
    0.303571428571,0.321428571429,0.339285714286,0.357142857143,0.375,
    0.392857142857,0.410714285714,0.428571428571,0.446428571429,
    0.464285714286,0.482142857143,0.5,0.517857142857,0.535714285714,
    0.553571428571,0.571428571429,0.589285714286,0.607142857143,0.625,
    0.642857142857,0.660714285714,0.678571428571,0.696428571429,
    0.714285714286,0.732142857143,0.75,0.767857142857,0.785714285714,
    0.803571428571,0.821428571429,0.839285714286,0.857142857143,0.875,
    0.892857142857,0.910714285714,0.928571428571,0.946428571429,
    0.964285714286,0.982142857143,1.),.UNSPECIFIED.);
#6379 = CARTESIAN_POINT('',(-6.096,-17.62760000012,-18.796));
#6380 = CARTESIAN_POINT('',(-6.103182767393,-17.62759999835,
    -18.79600000343));
#6381 = CARTESIAN_POINT('',(-6.117709082063,-17.62760000076,
    -18.79611265092));
#6382 = CARTESIAN_POINT('',(-6.139974062508,-17.6275999998,
    -18.79666077367));
#6383 = CARTESIAN_POINT('',(-6.162735100327,-17.62760000005,
    -18.79763359502));
#6384 = CARTESIAN_POINT('',(-6.185978060944,-17.62759999999,
    -18.79907878384));
#6385 = CARTESIAN_POINT('',(-6.209688844048,-17.6276,-18.80104558709));
#6386 = CARTESIAN_POINT('',(-6.233839821161,-17.6276,-18.8035827712));
#6387 = CARTESIAN_POINT('',(-6.258415658686,-17.6276,-18.80674151415));
#6388 = CARTESIAN_POINT('',(-6.283304022438,-17.6276,-18.81055711764));
#6389 = CARTESIAN_POINT('',(-6.30852374849,-17.6276,-18.81508025765));
#6390 = CARTESIAN_POINT('',(-6.334027017512,-17.6276,-18.82035379612));
#6391 = CARTESIAN_POINT('',(-6.359575737194,-17.6276,-18.82636973839));
#6392 = CARTESIAN_POINT('',(-6.384954380587,-17.6276,-18.83309889708));
#6393 = CARTESIAN_POINT('',(-6.409974550226,-17.6276,-18.840497095));
#6394 = CARTESIAN_POINT('',(-6.434433757122,-17.6276,-18.84848905016));
#6395 = CARTESIAN_POINT('',(-6.458491579367,-17.6276,-18.85711077866));
#6396 = CARTESIAN_POINT('',(-6.482119579021,-17.6276,-18.86634528571));
#6397 = CARTESIAN_POINT('',(-6.505316725041,-17.6276,-18.87618202575));
#6398 = CARTESIAN_POINT('',(-6.528087480977,-17.6276,-18.88661445892));
#6399 = CARTESIAN_POINT('',(-6.550434916752,-17.6276,-18.89763673058));
#6400 = CARTESIAN_POINT('',(-6.572350424942,-17.6276,-18.90923812851));
#6401 = CARTESIAN_POINT('',(-6.593825743315,-17.6276,-18.92140786501));
#6402 = CARTESIAN_POINT('',(-6.614856437508,-17.6276,-18.93413769577));
#6403 = CARTESIAN_POINT('',(-6.635428198683,-17.6276,-18.94741355827));
#6404 = CARTESIAN_POINT('',(-6.655526488797,-17.6276,-18.96122023051));
#6405 = CARTESIAN_POINT('',(-6.675140489379,-17.6276,-18.97554436021));
#6406 = CARTESIAN_POINT('',(-6.694260130737,-17.6276,-18.99037292576));
#6407 = CARTESIAN_POINT('',(-6.712873697044,-17.6276,-19.00569135149));
#6408 = CARTESIAN_POINT('',(-6.730968923423,-17.6276,-19.02148402688));
#6409 = CARTESIAN_POINT('',(-6.748534156428,-17.6276,-19.03773532377));
#6410 = CARTESIAN_POINT('',(-6.765553690895,-17.6276,-19.05442498083));
#6411 = CARTESIAN_POINT('',(-6.782011586052,-17.6276,-19.07153079935));
#6412 = CARTESIAN_POINT('',(-6.797893879517,-17.6276,-19.0890309133));
#6413 = CARTESIAN_POINT('',(-6.81318860503,-17.6276,-19.10690421331));
#6414 = CARTESIAN_POINT('',(-6.827884809257,-17.6276,-19.12512961727));
#6415 = CARTESIAN_POINT('',(-6.841970381287,-17.6276,-19.1436832452));
#6416 = CARTESIAN_POINT('',(-6.855434401296,-17.6276,-19.16254106316));
#6417 = CARTESIAN_POINT('',(-6.868265922953,-17.6276,-19.18167728203));
#6418 = CARTESIAN_POINT('',(-6.880452954577,-17.6276,-19.20106225733));
#6419 = CARTESIAN_POINT('',(-6.891983249329,-17.6276,-19.22066265203));
#6420 = CARTESIAN_POINT('',(-6.902847494397,-17.6276,-19.2404463888));
#6421 = CARTESIAN_POINT('',(-6.913039699892,-17.6276,-19.26038440067));
#6422 = CARTESIAN_POINT('',(-6.922555038261,-17.6276,-19.28044747714));
#6423 = CARTESIAN_POINT('',(-6.931387896436,-17.6276,-19.30060153893));
#6424 = CARTESIAN_POINT('',(-6.939534433432,-17.6276,-19.32081203025));
#6425 = CARTESIAN_POINT('',(-6.946993475894,-17.6276,-19.34104649628));
#6426 = CARTESIAN_POINT('',(-6.953766583215,-17.6276,-19.36127597089));
#6427 = CARTESIAN_POINT('',(-6.959857011689,-17.6276,-19.38147351124));
#6428 = CARTESIAN_POINT('',(-6.965267914836,-17.6276,-19.40160790704));
#6429 = CARTESIAN_POINT('',(-6.970003746993,-17.6276,-19.4216462214));
#6430 = CARTESIAN_POINT('',(-6.974071863783,-17.62759999999,
    -19.44155932545));
#6431 = CARTESIAN_POINT('',(-6.977485072293,-17.62760000005,
    -19.46134196981));
#6432 = CARTESIAN_POINT('',(-6.980255449343,-17.6275999998,
    -19.48099474921));
#6433 = CARTESIAN_POINT('',(-6.982392610106,-17.62760000076,
    -19.50050835956));
#6434 = CARTESIAN_POINT('',(-6.983905357969,-17.62759999715,
    -19.51986996651));
#6435 = CARTESIAN_POINT('',(-6.984802739846,-17.62760001064,
    -19.53903292305));
#6436 = CARTESIAN_POINT('',(-6.984999989431,-17.62759997706,
    -19.5516973212));
#6437 = CARTESIAN_POINT('',(-6.985,-17.62759999652,-19.558));
#6438 = ORIENTED_EDGE('',*,*,#6439,.F.);
#6439 = EDGE_CURVE('',#6107,#6376,#6440,.T.);
#6440 = LINE('',#6441,#6442);
#6441 = CARTESIAN_POINT('',(-6.985,-17.6276,-25.654));
#6442 = VECTOR('',#6443,1.);
#6443 = DIRECTION('',(0.,5.709262167725E-10,1.));
#6444 = PLANE('',#6445);
#6445 = AXIS2_PLACEMENT_3D('',#6446,#6447,#6448);
#6446 = CARTESIAN_POINT('',(11.557,-17.6276,-14.859));
#6447 = DIRECTION('',(0.,-1.,0.));
#6448 = DIRECTION('',(-1.,0.,0.));
#6449 = ADVANCED_FACE('',(#6450),#6469,.T.);
#6450 = FACE_BOUND('',#6451,.T.);
#6451 = EDGE_LOOP('',(#6452,#6460,#6461,#6462));
#6452 = ORIENTED_EDGE('',*,*,#6453,.F.);
#6453 = EDGE_CURVE('',#4520,#6454,#6456,.T.);
#6454 = VERTEX_POINT('',#6455);
#6455 = CARTESIAN_POINT('',(19.177,-10.0076,-25.654));
#6456 = LINE('',#6457,#6458);
#6457 = CARTESIAN_POINT('',(19.177,-10.0076,-15.113));
#6458 = VECTOR('',#6459,1.);
#6459 = DIRECTION('',(0.,0.,-1.));
#6460 = ORIENTED_EDGE('',*,*,#4519,.F.);
#6461 = ORIENTED_EDGE('',*,*,#6279,.F.);
#6462 = ORIENTED_EDGE('',*,*,#6463,.F.);
#6463 = EDGE_CURVE('',#6454,#6280,#6464,.T.);
#6464 = CIRCLE('',#6465,7.62);
#6465 = AXIS2_PLACEMENT_3D('',#6466,#6467,#6468);
#6466 = CARTESIAN_POINT('',(11.557,-10.0076,-25.654));
#6467 = DIRECTION('',(0.,0.,-1.));
#6468 = DIRECTION('',(1.,0.,0.));
#6469 = CYLINDRICAL_SURFACE('',#6470,7.62);
#6470 = AXIS2_PLACEMENT_3D('',#6471,#6472,#6473);
#6471 = CARTESIAN_POINT('',(11.557,-10.0076,-14.859));
#6472 = DIRECTION('',(0.,0.,-1.));
#6473 = DIRECTION('',(0.,-1.,0.));
#6474 = ADVANCED_FACE('',(#6475),#6493,.T.);
#6475 = FACE_BOUND('',#6476,.T.);
#6476 = EDGE_LOOP('',(#6477,#6484,#6485,#6492));
#6477 = ORIENTED_EDGE('',*,*,#6478,.T.);
#6478 = EDGE_CURVE('',#4763,#6454,#6479,.T.);
#6479 = CIRCLE('',#6480,0.508);
#6480 = AXIS2_PLACEMENT_3D('',#6481,#6482,#6483);
#6481 = CARTESIAN_POINT('',(18.669,-10.0076,-25.654));
#6482 = DIRECTION('',(0.,-1.,0.));
#6483 = DIRECTION('',(0.,0.,-1.));
#6484 = ORIENTED_EDGE('',*,*,#6463,.T.);
#6485 = ORIENTED_EDGE('',*,*,#6486,.F.);
#6486 = EDGE_CURVE('',#4755,#6280,#6487,.T.);
#6487 = CIRCLE('',#6488,0.508);
#6488 = AXIS2_PLACEMENT_3D('',#6489,#6490,#6491);
#6489 = CARTESIAN_POINT('',(11.557,-17.1196,-25.654));
#6490 = DIRECTION('',(-1.,0.,0.));
#6491 = DIRECTION('',(0.,0.,-1.));
#6492 = ORIENTED_EDGE('',*,*,#4762,.F.);
#6493 = TOROIDAL_SURFACE('',#6494,7.112,0.508);
#6494 = AXIS2_PLACEMENT_3D('',#6495,#6496,#6497);
#6495 = CARTESIAN_POINT('',(11.557,-10.0076,-25.654));
#6496 = DIRECTION('',(0.,0.,-1.));
#6497 = DIRECTION('',(0.999999256743,1.219226452807E-03,0.));
#6498 = ADVANCED_FACE('',(#6499),#6511,.T.);
#6499 = FACE_BOUND('',#6500,.T.);
#6500 = EDGE_LOOP('',(#6501,#6508,#6509,#6510));
#6501 = ORIENTED_EDGE('',*,*,#6502,.F.);
#6502 = EDGE_CURVE('',#4747,#6288,#6503,.T.);
#6503 = CIRCLE('',#6504,0.508);
#6504 = AXIS2_PLACEMENT_3D('',#6505,#6506,#6507);
#6505 = CARTESIAN_POINT('',(10.0584,-17.1196,-25.654));
#6506 = DIRECTION('',(-1.,0.,0.));
#6507 = DIRECTION('',(0.,0.,-1.));
#6508 = ORIENTED_EDGE('',*,*,#4754,.F.);
#6509 = ORIENTED_EDGE('',*,*,#6486,.T.);
#6510 = ORIENTED_EDGE('',*,*,#6287,.T.);
#6511 = CYLINDRICAL_SURFACE('',#6512,0.508);
#6512 = AXIS2_PLACEMENT_3D('',#6513,#6514,#6515);
#6513 = CARTESIAN_POINT('',(11.56629050787,-17.1196,-25.654));
#6514 = DIRECTION('',(-1.,0.,0.));
#6515 = DIRECTION('',(0.,0.,-1.));
#6516 = ADVANCED_FACE('',(#6517),#6536,.T.);
#6517 = FACE_BOUND('',#6518,.T.);
#6518 = EDGE_LOOP('',(#6519,#6520,#6529));
#6519 = ORIENTED_EDGE('',*,*,#6502,.T.);
#6520 = ORIENTED_EDGE('',*,*,#6521,.T.);
#6521 = EDGE_CURVE('',#6288,#6522,#6524,.T.);
#6522 = VERTEX_POINT('',#6523);
#6523 = CARTESIAN_POINT('',(9.5504,-17.1196,-25.654));
#6524 = CIRCLE('',#6525,0.508);
#6525 = AXIS2_PLACEMENT_3D('',#6526,#6527,#6528);
#6526 = CARTESIAN_POINT('',(10.0584,-17.1196,-25.654));
#6527 = DIRECTION('',(0.,0.,-1.));
#6528 = DIRECTION('',(0.,-1.,0.));
#6529 = ORIENTED_EDGE('',*,*,#6530,.T.);
#6530 = EDGE_CURVE('',#6522,#4747,#6531,.T.);
#6531 = CIRCLE('',#6532,0.508);
#6532 = AXIS2_PLACEMENT_3D('',#6533,#6534,#6535);
#6533 = CARTESIAN_POINT('',(10.0584,-17.1196,-25.654));
#6534 = DIRECTION('',(0.,-1.,0.));
#6535 = DIRECTION('',(-1.,0.,0.));
#6536 = SPHERICAL_SURFACE('',#6537,0.508);
#6537 = AXIS2_PLACEMENT_3D('',#6538,#6539,#6540);
#6538 = CARTESIAN_POINT('',(10.0584,-17.1196,-25.654));
#6539 = DIRECTION('',(-0.707106781187,0.,0.707106781187));
#6540 = DIRECTION('',(-0.707106781187,0.,-0.707106781187));
#6541 = ADVANCED_FACE('',(#6542),#6587,.T.);
#6542 = FACE_BOUND('',#6543,.T.);
#6543 = EDGE_LOOP('',(#6544,#6568,#6579,#6580,#6581));
#6544 = ORIENTED_EDGE('',*,*,#6545,.F.);
#6545 = EDGE_CURVE('',#6546,#6548,#6550,.T.);
#6546 = VERTEX_POINT('',#6547);
#6547 = CARTESIAN_POINT('',(9.814829558014,-13.94914026779,
    -26.09980035641));
#6548 = VERTEX_POINT('',#6549);
#6549 = CARTESIAN_POINT('',(9.550400038814,-14.47800005847,
    -25.65399757445));
#6550 = B_SPLINE_CURVE_WITH_KNOTS('',3,(#6551,#6552,#6553,#6554,#6555,
    #6556,#6557,#6558,#6559,#6560,#6561,#6562,#6563,#6564,#6565,#6566,
    #6567),.UNSPECIFIED.,.F.,.F.,(4,1,1,1,1,1,1,1,1,1,1,1,1,1,4),(0.,
    7.142857142857E-02,0.142857142857,0.214285714286,0.285714285714,
    0.357142857143,0.428571428571,0.5,0.571428571429,0.642857142857,
    0.714285714286,0.785714285714,0.857142857143,0.928571428571,1.),
  .UNSPECIFIED.);
#6551 = CARTESIAN_POINT('',(9.814829558014,-13.94914026779,
    -26.09980035641));
#6552 = CARTESIAN_POINT('',(9.797775958137,-13.98324049116,
    -26.09048280029));
#6553 = CARTESIAN_POINT('',(9.765816311254,-14.04717299835,
    -26.07047028944));
#6554 = CARTESIAN_POINT('',(9.724514501045,-14.12977271618,
    -26.03798253752));
#6555 = CARTESIAN_POINT('',(9.689024642122,-14.20075445102,
    -26.00383620891));
#6556 = CARTESIAN_POINT('',(9.658824296097,-14.26115452871,
    -25.96875466274));
#6557 = CARTESIAN_POINT('',(9.633486381796,-14.31182967698,
    -25.93347999347));
#6558 = CARTESIAN_POINT('',(9.612359362882,-14.35408216513,
    -25.89819759591));
#6559 = CARTESIAN_POINT('',(9.595418482435,-14.38796274845,
    -25.86415784549));
#6560 = CARTESIAN_POINT('',(9.581714579332,-14.41536988111,
    -25.83076111731));
#6561 = CARTESIAN_POINT('',(9.571063530282,-14.43667241024,
    -25.79864232657));
#6562 = CARTESIAN_POINT('',(9.563080019126,-14.45264035959,
    -25.76815833217));
#6563 = CARTESIAN_POINT('',(9.557275983717,-14.46424854008,
    -25.73897932667));
#6564 = CARTESIAN_POINT('',(9.553296874835,-14.47220703361,
    -25.71057568518));
#6565 = CARTESIAN_POINT('',(9.550941091963,-14.47691809937,
    -25.68255718205));
#6566 = CARTESIAN_POINT('',(9.550400038733,-14.4779996943,
    -25.66353338869));
#6567 = CARTESIAN_POINT('',(9.550400038814,-14.47800005847,
    -25.65399757445));
#6568 = ORIENTED_EDGE('',*,*,#6569,.T.);
#6569 = EDGE_CURVE('',#6546,#4738,#6570,.T.);
#6570 = B_SPLINE_CURVE_WITH_KNOTS('',3,(#6571,#6572,#6573,#6574,#6575,
    #6576,#6577,#6578),.UNSPECIFIED.,.F.,.F.,(4,1,1,1,1,4),(0.,0.2,0.4,
    0.6,0.8,1.),.QUASI_UNIFORM_KNOTS.);
#6571 = CARTESIAN_POINT('',(9.814829558014,-13.94914026779,
    -26.09980035641));
#6572 = CARTESIAN_POINT('',(9.829679574069,-13.95081742219,
    -26.10791390975));
#6573 = CARTESIAN_POINT('',(9.860206700139,-13.95405993163,
    -26.12265979129));
#6574 = CARTESIAN_POINT('',(9.907916709633,-13.95844109782,
    -26.14008972207));
#6575 = CARTESIAN_POINT('',(9.957436988423,-13.96224946394,
    -26.15274054155));
#6576 = CARTESIAN_POINT('',(10.00789694317,-13.96535542445,
    -26.16033401211));
#6577 = CARTESIAN_POINT('',(10.04159925022,-13.96691012726,-26.162));
#6578 = CARTESIAN_POINT('',(10.0584,-13.96755678842,-26.162));
#6579 = ORIENTED_EDGE('',*,*,#4746,.F.);
#6580 = ORIENTED_EDGE('',*,*,#6530,.F.);
#6581 = ORIENTED_EDGE('',*,*,#6582,.T.);
#6582 = EDGE_CURVE('',#6522,#6548,#6583,.T.);
#6583 = LINE('',#6584,#6585);
#6584 = CARTESIAN_POINT('',(9.5504,-17.1196,-25.654));
#6585 = VECTOR('',#6586,1.);
#6586 = DIRECTION('',(1.469325602275E-08,1.,9.18213401014E-07));
#6587 = CYLINDRICAL_SURFACE('',#6588,0.508);
#6588 = AXIS2_PLACEMENT_3D('',#6589,#6590,#6591);
#6589 = CARTESIAN_POINT('',(10.0584,-63.58627872,-25.654));
#6590 = DIRECTION('',(0.,1.,0.));
#6591 = DIRECTION('',(0.,0.,-1.));
#6592 = ADVANCED_FACE('',(#6593),#6618,.F.);
#6593 = FACE_BOUND('',#6594,.F.);
#6594 = EDGE_LOOP('',(#6595,#6603,#6611,#6617));
#6595 = ORIENTED_EDGE('',*,*,#6596,.T.);
#6596 = EDGE_CURVE('',#6548,#6597,#6599,.T.);
#6597 = VERTEX_POINT('',#6598);
#6598 = CARTESIAN_POINT('',(9.5504,-14.478,-19.558));
#6599 = LINE('',#6600,#6601);
#6600 = CARTESIAN_POINT('',(9.550400038814,-14.47800005847,
    -25.65399757445));
#6601 = VECTOR('',#6602,1.);
#6602 = DIRECTION('',(-6.367080002348E-09,9.590939036282E-09,1.));
#6603 = ORIENTED_EDGE('',*,*,#6604,.F.);
#6604 = EDGE_CURVE('',#6605,#6597,#6607,.T.);
#6605 = VERTEX_POINT('',#6606);
#6606 = CARTESIAN_POINT('',(9.550400000037,-17.11960000084,
    -19.55799998898));
#6607 = LINE('',#6608,#6609);
#6608 = CARTESIAN_POINT('',(9.550400000037,-17.11960000084,
    -19.55799998898));
#6609 = VECTOR('',#6610,1.);
#6610 = DIRECTION('',(-1.38552605646E-11,1.,-4.169922364227E-09));
#6611 = ORIENTED_EDGE('',*,*,#6612,.T.);
#6612 = EDGE_CURVE('',#6605,#6522,#6613,.T.);
#6613 = LINE('',#6614,#6615);
#6614 = CARTESIAN_POINT('',(9.550400000037,-17.11960000084,
    -19.55799998898));
#6615 = VECTOR('',#6616,1.);
#6616 = DIRECTION('',(-6.003946235707E-12,1.370125940817E-10,-1.));
#6617 = ORIENTED_EDGE('',*,*,#6582,.T.);
#6618 = PLANE('',#6619);
#6619 = AXIS2_PLACEMENT_3D('',#6620,#6621,#6622);
#6620 = CARTESIAN_POINT('',(9.5504,-13.97,-26.162));
#6621 = DIRECTION('',(1.,0.,0.));
#6622 = DIRECTION('',(0.,-1.,0.));
#6623 = ADVANCED_FACE('',(#6624),#6651,.F.);
#6624 = FACE_BOUND('',#6625,.F.);
#6625 = EDGE_LOOP('',(#6626,#6636,#6643,#6644));
#6626 = ORIENTED_EDGE('',*,*,#6627,.T.);
#6627 = EDGE_CURVE('',#6628,#6630,#6632,.T.);
#6628 = VERTEX_POINT('',#6629);
#6629 = CARTESIAN_POINT('',(9.042400387562,-13.97000007812,
    -25.65400578286));
#6630 = VERTEX_POINT('',#6631);
#6631 = CARTESIAN_POINT('',(9.042399999999,-13.97,-19.558));
#6632 = LINE('',#6633,#6634);
#6633 = CARTESIAN_POINT('',(9.042400387562,-13.97000007812,
    -25.65400578286));
#6634 = VECTOR('',#6635,1.);
#6635 = DIRECTION('',(-6.357654036619E-08,1.281530707749E-08,1.));
#6636 = ORIENTED_EDGE('',*,*,#6637,.T.);
#6637 = EDGE_CURVE('',#6630,#6597,#6638,.T.);
#6638 = CIRCLE('',#6639,0.508);
#6639 = AXIS2_PLACEMENT_3D('',#6640,#6641,#6642);
#6640 = CARTESIAN_POINT('',(9.0424,-14.478,-19.558));
#6641 = DIRECTION('',(0.,0.,-1.));
#6642 = DIRECTION('',(0.,1.,0.));
#6643 = ORIENTED_EDGE('',*,*,#6596,.F.);
#6644 = ORIENTED_EDGE('',*,*,#6645,.T.);
#6645 = EDGE_CURVE('',#6548,#6628,#6646,.T.);
#6646 = CIRCLE('',#6647,0.508);
#6647 = AXIS2_PLACEMENT_3D('',#6648,#6649,#6650);
#6648 = CARTESIAN_POINT('',(9.0424,-14.478,-25.65400000156));
#6649 = DIRECTION('',(0.,0.,1.));
#6650 = DIRECTION('',(1.,6.101469390971E-07,-0.));
#6651 = CYLINDRICAL_SURFACE('',#6652,0.508);
#6652 = AXIS2_PLACEMENT_3D('',#6653,#6654,#6655);
#6653 = CARTESIAN_POINT('',(9.0424,-14.478,-70.2522852));
#6654 = DIRECTION('',(0.,0.,1.));
#6655 = DIRECTION('',(1.,0.,-0.));
#6656 = ADVANCED_FACE('',(#6657),#6682,.F.);
#6657 = FACE_BOUND('',#6658,.F.);
#6658 = EDGE_LOOP('',(#6659,#6669,#6675,#6676));
#6659 = ORIENTED_EDGE('',*,*,#6660,.F.);
#6660 = EDGE_CURVE('',#6661,#6663,#6665,.T.);
#6661 = VERTEX_POINT('',#6662);
#6662 = CARTESIAN_POINT('',(4.584699926654,-13.96999999928,
    -19.55800000189));
#6663 = VERTEX_POINT('',#6664);
#6664 = CARTESIAN_POINT('',(4.5847,-13.97,-25.654));
#6665 = LINE('',#6666,#6667);
#6666 = CARTESIAN_POINT('',(4.584699926654,-13.96999999928,
    -19.55800000189));
#6667 = VECTOR('',#6668,1.);
#6668 = DIRECTION('',(1.203179012029E-08,-1.186015415729E-10,-1.));
#6669 = ORIENTED_EDGE('',*,*,#6670,.F.);
#6670 = EDGE_CURVE('',#6630,#6661,#6671,.T.);
#6671 = LINE('',#6672,#6673);
#6672 = CARTESIAN_POINT('',(9.042399999999,-13.97,-19.558));
#6673 = VECTOR('',#6674,1.);
#6674 = DIRECTION('',(-1.,1.62190139603E-10,-4.236676942652E-10));
#6675 = ORIENTED_EDGE('',*,*,#6627,.F.);
#6676 = ORIENTED_EDGE('',*,*,#6677,.T.);
#6677 = EDGE_CURVE('',#6628,#6663,#6678,.T.);
#6678 = LINE('',#6679,#6680);
#6679 = CARTESIAN_POINT('',(9.042400387562,-13.97000007812,
    -25.65400578286));
#6680 = VECTOR('',#6681,1.);
#6681 = DIRECTION('',(-0.999999999999,1.75252209626E-08,
    1.297274357374E-06));
#6682 = PLANE('',#6683);
#6683 = AXIS2_PLACEMENT_3D('',#6684,#6685,#6686);
#6684 = CARTESIAN_POINT('',(4.0767,-13.97,-26.162));
#6685 = DIRECTION('',(0.,1.,0.));
#6686 = DIRECTION('',(1.,0.,0.));
#6687 = ADVANCED_FACE('',(#6688),#6772,.T.);
#6688 = FACE_BOUND('',#6689,.T.);
#6689 = EDGE_LOOP('',(#6690,#6699,#6700,#6766));
#6690 = ORIENTED_EDGE('',*,*,#6691,.F.);
#6691 = EDGE_CURVE('',#6663,#6692,#6694,.T.);
#6692 = VERTEX_POINT('',#6693);
#6693 = CARTESIAN_POINT('',(4.0767,-13.462,-25.654));
#6694 = CIRCLE('',#6695,0.508);
#6695 = AXIS2_PLACEMENT_3D('',#6696,#6697,#6698);
#6696 = CARTESIAN_POINT('',(4.5847,-13.462,-25.654));
#6697 = DIRECTION('',(0.,0.,-1.));
#6698 = DIRECTION('',(0.,-1.,0.));
#6699 = ORIENTED_EDGE('',*,*,#6660,.F.);
#6700 = ORIENTED_EDGE('',*,*,#6701,.F.);
#6701 = EDGE_CURVE('',#6702,#6661,#6704,.T.);
#6702 = VERTEX_POINT('',#6703);
#6703 = CARTESIAN_POINT('',(4.076700000111,-13.46200003148,
    -19.68499999952));
#6704 = B_SPLINE_CURVE_WITH_KNOTS('',3,(#6705,#6706,#6707,#6708,#6709,
    #6710,#6711,#6712,#6713,#6714,#6715,#6716,#6717,#6718,#6719,#6720,
    #6721,#6722,#6723,#6724,#6725,#6726,#6727,#6728,#6729,#6730,#6731,
    #6732,#6733,#6734,#6735,#6736,#6737,#6738,#6739,#6740,#6741,#6742,
    #6743,#6744,#6745,#6746,#6747,#6748,#6749,#6750,#6751,#6752,#6753,
    #6754,#6755,#6756,#6757,#6758,#6759,#6760,#6761,#6762,#6763,#6764,
    #6765),.UNSPECIFIED.,.F.,.F.,(4,1,1,1,1,1,1,1,1,1,1,1,1,1,1,1,1,1,1,
    1,1,1,1,1,1,1,1,1,1,1,1,1,1,1,1,1,1,1,1,1,1,1,1,1,1,1,1,1,1,1,1,1,1,
    1,1,1,1,1,4),(0.,1.724137931034E-02,3.448275862069E-02,
    5.172413793103E-02,6.896551724138E-02,8.620689655172E-02,
    0.103448275862,0.120689655172,0.137931034483,0.155172413793,
    0.172413793103,0.189655172414,0.206896551724,0.224137931034,
    0.241379310345,0.258620689655,0.275862068965,0.293103448276,
    0.310344827586,0.327586206897,0.344827586207,0.362068965517,
    0.379310344828,0.396551724138,0.413793103448,0.431034482759,
    0.448275862069,0.465517241379,0.48275862069,0.5,0.51724137931,
    0.534482758621,0.551724137931,0.568965517241,0.586206896552,
    0.603448275862,0.620689655172,0.637931034483,0.655172413793,
    0.672413793103,0.689655172414,0.706896551724,0.724137931034,
    0.741379310345,0.758620689655,0.775862068966,0.793103448276,
    0.810344827586,0.827586206897,0.844827586207,0.862068965517,
    0.879310344828,0.896551724138,0.913793103448,0.931034482759,
    0.948275862069,0.965517241379,0.98275862069,1.),.UNSPECIFIED.);
#6705 = CARTESIAN_POINT('',(4.076700000111,-13.46200003148,
    -19.68499999952));
#6706 = CARTESIAN_POINT('',(4.076700000111,-13.46557690218,
    -19.68500000382));
#6707 = CARTESIAN_POINT('',(4.076775564083,-13.47276750827,
    -19.68493859411));
#6708 = CARTESIAN_POINT('',(4.077122489159,-13.48365739569,
    -19.68466351685));
#6709 = CARTESIAN_POINT('',(4.077710034589,-13.49464936777,
    -19.68420776525));
#6710 = CARTESIAN_POINT('',(4.078545370957,-13.50573943886,
    -19.68357466529));
#6711 = CARTESIAN_POINT('',(4.07963558997,-13.51692239772,
    -19.68276848685));
#6712 = CARTESIAN_POINT('',(4.080988797676,-13.52820068306,
    -19.68179350371));
#6713 = CARTESIAN_POINT('',(4.082614320701,-13.53957932845,
    -19.68065376669));
#6714 = CARTESIAN_POINT('',(4.084521668705,-13.55105784782,
    -19.67935377896));
#6715 = CARTESIAN_POINT('',(4.086718209349,-13.56262226913,
    -19.67789986718));
#6716 = CARTESIAN_POINT('',(4.089211214679,-13.57426134221,
    -19.67629854137));
#6717 = CARTESIAN_POINT('',(4.092008018079,-13.58596530397,
    -19.67455630181));
#6718 = CARTESIAN_POINT('',(4.095115642276,-13.59772390763,
    -19.67267978484));
#6719 = CARTESIAN_POINT('',(4.098540621722,-13.60952595482,
    -19.67067577825));
#6720 = CARTESIAN_POINT('',(4.102288851971,-13.6213591648,
    -19.66855122235));
#6721 = CARTESIAN_POINT('',(4.106365622033,-13.63321060278,
    -19.66631311822));
#6722 = CARTESIAN_POINT('',(4.110775440918,-13.64506645935,
    -19.6639685607));
#6723 = CARTESIAN_POINT('',(4.115522245624,-13.65691274379,
    -19.66152458773));
#6724 = CARTESIAN_POINT('',(4.120607994969,-13.66873228278,
    -19.6589888359));
#6725 = CARTESIAN_POINT('',(4.126035284001,-13.68051127827,
    -19.65636817155));
#6726 = CARTESIAN_POINT('',(4.131806987407,-13.69223745867,
    -19.65366896369));
#6727 = CARTESIAN_POINT('',(4.137925408685,-13.70389810256,
    -19.65089751872));
#6728 = CARTESIAN_POINT('',(4.144392447262,-13.71548045033,
    -19.64806000714));
#6729 = CARTESIAN_POINT('',(4.151209489279,-13.72697150569,
    -19.64516252648));
#6730 = CARTESIAN_POINT('',(4.158377098319,-13.73835761081,
    -19.64221123616));
#6731 = CARTESIAN_POINT('',(4.165894810165,-13.74962433725,
    -19.6392124273));
#6732 = CARTESIAN_POINT('',(4.173761825863,-13.76075769314,
    -19.63617223556));
#6733 = CARTESIAN_POINT('',(4.18197829585,-13.77174566582,
    -19.63309620073));
#6734 = CARTESIAN_POINT('',(4.190544248053,-13.78257636872,
    -19.62998975258));
#6735 = CARTESIAN_POINT('',(4.19945954972,-13.7932379719,-19.62685825094
    ));
#6736 = CARTESIAN_POINT('',(4.208724251497,-13.80371902359,
    -19.62370690297));
#6737 = CARTESIAN_POINT('',(4.218337953688,-13.81400763302,
    -19.62054102075));
#6738 = CARTESIAN_POINT('',(4.228298708463,-13.82409046645,
    -19.61736637778));
#6739 = CARTESIAN_POINT('',(4.238603527124,-13.83395360732,
    -19.61418900759));
#6740 = CARTESIAN_POINT('',(4.249250578889,-13.84358464346,
    -19.61101455243));
#6741 = CARTESIAN_POINT('',(4.260239264229,-13.85297228241,
    -19.60784835709));
#6742 = CARTESIAN_POINT('',(4.27156879663,-13.86210489658,
    -19.60469596168));
#6743 = CARTESIAN_POINT('',(4.283238673334,-13.87097088185,
    -19.60156301623));
#6744 = CARTESIAN_POINT('',(4.295248373984,-13.87955833057,
    -19.59845542903));
#6745 = CARTESIAN_POINT('',(4.307597395262,-13.8878550189,
    -19.59537942036));
#6746 = CARTESIAN_POINT('',(4.3202845216,-13.8958478962,-19.59234177197)
  );
#6747 = CARTESIAN_POINT('',(4.33330759484,-13.90352311606,
    -19.58934991369));
#6748 = CARTESIAN_POINT('',(4.346668396766,-13.9108687353,
    -19.58641092926));
#6749 = CARTESIAN_POINT('',(4.360371400738,-13.91787322683,
    -19.58353213541));
#6750 = CARTESIAN_POINT('',(4.37442012957,-13.9245231842,-19.58072210251
    ));
#6751 = CARTESIAN_POINT('',(4.388814644385,-13.93080284868,
    -19.57799112884));
#6752 = CARTESIAN_POINT('',(4.403576909305,-13.93670381072,
    -19.57534701393));
#6753 = CARTESIAN_POINT('',(4.418671032651,-13.94219238547,
    -19.57280985468));
#6754 = CARTESIAN_POINT('',(4.433957441631,-13.94720795828,
    -19.57041529666));
#6755 = CARTESIAN_POINT('',(4.4493392963,-13.95172090305,-19.56818809068
    ));
#6756 = CARTESIAN_POINT('',(4.46473596597,-13.95571668403,
    -19.56614814144));
#6757 = CARTESIAN_POINT('',(4.480103255066,-13.95919770131,
    -19.56430867933));
#6758 = CARTESIAN_POINT('',(4.495436622809,-13.96217656646,
    -19.56267850988));
#6759 = CARTESIAN_POINT('',(4.510695700424,-13.9646590133,
    -19.56127100795));
#6760 = CARTESIAN_POINT('',(4.52583631527,-13.96665415617,
    -19.56009877229));
#6761 = CARTESIAN_POINT('',(4.540834931944,-13.96817643856,
    -19.55917190441));
#6762 = CARTESIAN_POINT('',(4.555664800646,-13.96924114255,
    -19.55850016513));
#6763 = CARTESIAN_POINT('',(4.570303578511,-13.96986537346,
    -19.55809191223));
#6764 = CARTESIAN_POINT('',(4.579925431192,-13.96999999928,
    -19.55799999755));
#6765 = CARTESIAN_POINT('',(4.584699926654,-13.96999999928,
    -19.55800000189));
#6766 = ORIENTED_EDGE('',*,*,#6767,.T.);
#6767 = EDGE_CURVE('',#6702,#6692,#6768,.T.);
#6768 = LINE('',#6769,#6770);
#6769 = CARTESIAN_POINT('',(4.076700000111,-13.46200003148,
    -19.68499999952));
#6770 = VECTOR('',#6771,1.);
#6771 = DIRECTION('',(-1.867734015918E-11,5.274543594412E-09,-1.));
#6772 = CYLINDRICAL_SURFACE('',#6773,0.508);
#6773 = AXIS2_PLACEMENT_3D('',#6774,#6775,#6776);
#6774 = CARTESIAN_POINT('',(4.5847,-13.462,40.1532852));
#6775 = DIRECTION('',(0.,0.,-1.));
#6776 = DIRECTION('',(0.,-1.,0.));
#6777 = ADVANCED_FACE('',(#6778),#6828,.F.);
#6778 = FACE_BOUND('',#6779,.F.);
#6779 = EDGE_LOOP('',(#6780,#6788,#6789,#6797,#6805,#6813,#6822));
#6780 = ORIENTED_EDGE('',*,*,#6781,.F.);
#6781 = EDGE_CURVE('',#6702,#6782,#6784,.T.);
#6782 = VERTEX_POINT('',#6783);
#6783 = CARTESIAN_POINT('',(4.0767,-11.938,-19.685));
#6784 = LINE('',#6785,#6786);
#6785 = CARTESIAN_POINT('',(4.076700000111,-13.46200003148,
    -19.68499999952));
#6786 = VECTOR('',#6787,1.);
#6787 = DIRECTION('',(-7.315291411814E-11,1.,-3.178606335462E-10));
#6788 = ORIENTED_EDGE('',*,*,#6767,.T.);
#6789 = ORIENTED_EDGE('',*,*,#6790,.T.);
#6790 = EDGE_CURVE('',#6692,#6791,#6793,.T.);
#6791 = VERTEX_POINT('',#6792);
#6792 = CARTESIAN_POINT('',(4.0767,-9.144,-25.654));
#6793 = LINE('',#6794,#6795);
#6794 = CARTESIAN_POINT('',(4.0767,-13.462,-25.654));
#6795 = VECTOR('',#6796,1.);
#6796 = DIRECTION('',(0.,1.,1.16833103842E-13));
#6797 = ORIENTED_EDGE('',*,*,#6798,.T.);
#6798 = EDGE_CURVE('',#6791,#6799,#6801,.T.);
#6799 = VERTEX_POINT('',#6800);
#6800 = CARTESIAN_POINT('',(4.0767,-9.144,-22.86));
#6801 = LINE('',#6802,#6803);
#6802 = CARTESIAN_POINT('',(4.0767,-9.144,-25.654));
#6803 = VECTOR('',#6804,1.);
#6804 = DIRECTION('',(0.,0.,1.));
#6805 = ORIENTED_EDGE('',*,*,#6806,.T.);
#6806 = EDGE_CURVE('',#6799,#6807,#6809,.T.);
#6807 = VERTEX_POINT('',#6808);
#6808 = CARTESIAN_POINT('',(4.0767,-10.922,-22.86));
#6809 = LINE('',#6810,#6811);
#6810 = CARTESIAN_POINT('',(4.0767,-9.144,-22.86));
#6811 = VECTOR('',#6812,1.);
#6812 = DIRECTION('',(0.,-1.,0.));
#6813 = ORIENTED_EDGE('',*,*,#6814,.F.);
#6814 = EDGE_CURVE('',#6815,#6807,#6817,.T.);
#6815 = VERTEX_POINT('',#6816);
#6816 = CARTESIAN_POINT('',(4.0767,-11.938,-21.844));
#6817 = CIRCLE('',#6818,1.016);
#6818 = AXIS2_PLACEMENT_3D('',#6819,#6820,#6821);
#6819 = CARTESIAN_POINT('',(4.0767,-10.922,-21.844));
#6820 = DIRECTION('',(1.,0.,0.));
#6821 = DIRECTION('',(0.,-1.,-3.147088888701E-14));
#6822 = ORIENTED_EDGE('',*,*,#6823,.T.);
#6823 = EDGE_CURVE('',#6815,#6782,#6824,.T.);
#6824 = LINE('',#6825,#6826);
#6825 = CARTESIAN_POINT('',(4.0767,-11.938,-21.844));
#6826 = VECTOR('',#6827,1.);
#6827 = DIRECTION('',(0.,0.,1.));
#6828 = PLANE('',#6829);
#6829 = AXIS2_PLACEMENT_3D('',#6830,#6831,#6832);
#6830 = CARTESIAN_POINT('',(4.0767,-8.636,-26.162));
#6831 = DIRECTION('',(1.,0.,0.));
#6832 = DIRECTION('',(0.,-1.,0.));
#6833 = ADVANCED_FACE('',(#6834),#6861,.F.);
#6834 = FACE_BOUND('',#6835,.F.);
#6835 = EDGE_LOOP('',(#6836,#6846,#6853,#6854));
#6836 = ORIENTED_EDGE('',*,*,#6837,.F.);
#6837 = EDGE_CURVE('',#6838,#6840,#6842,.T.);
#6838 = VERTEX_POINT('',#6839);
#6839 = CARTESIAN_POINT('',(3.5687,-13.462,-19.17699999931));
#6840 = VERTEX_POINT('',#6841);
#6841 = CARTESIAN_POINT('',(3.5687,-11.938,-19.177));
#6842 = LINE('',#6843,#6844);
#6843 = CARTESIAN_POINT('',(3.5687,-13.462,-19.17699999931));
#6844 = VECTOR('',#6845,1.);
#6845 = DIRECTION('',(0.,1.,-4.519196332405E-10));
#6846 = ORIENTED_EDGE('',*,*,#6847,.T.);
#6847 = EDGE_CURVE('',#6838,#6702,#6848,.T.);
#6848 = CIRCLE('',#6849,0.507999998994);
#6849 = AXIS2_PLACEMENT_3D('',#6850,#6851,#6852);
#6850 = CARTESIAN_POINT('',(3.568700001451,-13.46200001146,
    -19.68499999914));
#6851 = DIRECTION('',(-1.112879217925E-07,1.,1.107192440902E-08));
#6852 = DIRECTION('',(-2.857276975362E-09,-1.1071924727E-08,1.));
#6853 = ORIENTED_EDGE('',*,*,#6781,.T.);
#6854 = ORIENTED_EDGE('',*,*,#6855,.T.);
#6855 = EDGE_CURVE('',#6782,#6840,#6856,.T.);
#6856 = CIRCLE('',#6857,0.508);
#6857 = AXIS2_PLACEMENT_3D('',#6858,#6859,#6860);
#6858 = CARTESIAN_POINT('',(3.5687,-11.938,-19.685));
#6859 = DIRECTION('',(0.,-1.,0.));
#6860 = DIRECTION('',(1.,0.,0.));
#6861 = CYLINDRICAL_SURFACE('',#6862,0.508);
#6862 = AXIS2_PLACEMENT_3D('',#6863,#6864,#6865);
#6863 = CARTESIAN_POINT('',(3.5687,-63.58627872,-19.685));
#6864 = DIRECTION('',(0.,1.,0.));
#6865 = DIRECTION('',(0.,-0.,1.));
#6866 = ADVANCED_FACE('',(#6867),#7074,.T.);
#6867 = FACE_BOUND('',#6868,.F.);
#6868 = EDGE_LOOP('',(#6869,#6870,#6878,#6886,#6952,#6960,#6969,#6977,
    #6985,#6993,#7002,#7010));
#6869 = ORIENTED_EDGE('',*,*,#6837,.T.);
#6870 = ORIENTED_EDGE('',*,*,#6871,.T.);
#6871 = EDGE_CURVE('',#6840,#6872,#6874,.T.);
#6872 = VERTEX_POINT('',#6873);
#6873 = CARTESIAN_POINT('',(-0.4953,-11.938,-19.177));
#6874 = LINE('',#6875,#6876);
#6875 = CARTESIAN_POINT('',(3.5687,-11.938,-19.177));
#6876 = VECTOR('',#6877,1.);
#6877 = DIRECTION('',(-1.,0.,0.));
#6878 = ORIENTED_EDGE('',*,*,#6879,.T.);
#6879 = EDGE_CURVE('',#6872,#6880,#6882,.T.);
#6880 = VERTEX_POINT('',#6881);
#6881 = CARTESIAN_POINT('',(-0.4953,-13.462,-19.1769999992));
#6882 = LINE('',#6883,#6884);
#6883 = CARTESIAN_POINT('',(-0.4953,-11.938,-19.177));
#6884 = VECTOR('',#6885,1.);
#6885 = DIRECTION('',(0.,-1.,5.266758158204E-10));
#6886 = ORIENTED_EDGE('',*,*,#6887,.F.);
#6887 = EDGE_CURVE('',#6888,#6880,#6890,.T.);
#6888 = VERTEX_POINT('',#6889);
#6889 = CARTESIAN_POINT('',(-1.5113,-14.351,-19.17699999855));
#6890 = B_SPLINE_CURVE_WITH_KNOTS('',3,(#6891,#6892,#6893,#6894,#6895,
    #6896,#6897,#6898,#6899,#6900,#6901,#6902,#6903,#6904,#6905,#6906,
    #6907,#6908,#6909,#6910,#6911,#6912,#6913,#6914,#6915,#6916,#6917,
    #6918,#6919,#6920,#6921,#6922,#6923,#6924,#6925,#6926,#6927,#6928,
    #6929,#6930,#6931,#6932,#6933,#6934,#6935,#6936,#6937,#6938,#6939,
    #6940,#6941,#6942,#6943,#6944,#6945,#6946,#6947,#6948,#6949,#6950,
    #6951),.UNSPECIFIED.,.F.,.F.,(4,1,1,1,1,1,1,1,1,1,1,1,1,1,1,1,1,1,1,
    1,1,1,1,1,1,1,1,1,1,1,1,1,1,1,1,1,1,1,1,1,1,1,1,1,1,1,1,1,1,1,1,1,1,
    1,1,1,1,1,4),(0.,1.724137931034E-02,3.448275862069E-02,
    5.172413793103E-02,6.896551724138E-02,8.620689655172E-02,
    0.103448275862,0.120689655172,0.137931034483,0.155172413793,
    0.172413793103,0.189655172414,0.206896551724,0.224137931034,
    0.241379310345,0.258620689655,0.275862068965,0.293103448276,
    0.310344827586,0.327586206897,0.344827586207,0.362068965517,
    0.379310344828,0.396551724138,0.413793103448,0.431034482759,
    0.448275862069,0.465517241379,0.48275862069,0.5,0.51724137931,
    0.534482758621,0.551724137931,0.568965517241,0.586206896552,
    0.603448275862,0.620689655172,0.637931034483,0.655172413793,
    0.672413793103,0.689655172414,0.706896551724,0.724137931034,
    0.741379310345,0.758620689655,0.775862068966,0.793103448276,
    0.810344827586,0.827586206897,0.844827586207,0.862068965517,
    0.879310344828,0.896551724138,0.913793103448,0.931034482759,
    0.948275862069,0.965517241379,0.98275862069,1.),.UNSPECIFIED.);
#6891 = CARTESIAN_POINT('',(-1.5113,-14.351,-19.17699999855));
#6892 = CARTESIAN_POINT('',(-1.502944626784,-14.35099999811,
    -19.1769999998));
#6893 = CARTESIAN_POINT('',(-1.486106284801,-14.35085635906,
    -19.17700000009));
#6894 = CARTESIAN_POINT('',(-1.460465163564,-14.3501716977,
    -19.17699999998));
#6895 = CARTESIAN_POINT('',(-1.434442858697,-14.34897713057,
    -19.17700000001));
#6896 = CARTESIAN_POINT('',(-1.408055726272,-14.34723090737,-19.177));
#6897 = CARTESIAN_POINT('',(-1.381329195815,-14.34489179143,-19.177));
#6898 = CARTESIAN_POINT('',(-1.354283348027,-14.3419182781,-19.177));
#6899 = CARTESIAN_POINT('',(-1.326974881804,-14.33827426193,-19.177));
#6900 = CARTESIAN_POINT('',(-1.299458549522,-14.33392800351,-19.177));
#6901 = CARTESIAN_POINT('',(-1.271726722094,-14.32883923258,-19.177));
#6902 = CARTESIAN_POINT('',(-1.243839574669,-14.32297938463,-19.177));
#6903 = CARTESIAN_POINT('',(-1.215935318144,-14.31634471794,-19.177));
#6904 = CARTESIAN_POINT('',(-1.188181935525,-14.30895330673,-19.177));
#6905 = CARTESIAN_POINT('',(-1.160821210669,-14.30086543233,-19.177));
#6906 = CARTESIAN_POINT('',(-1.133936058087,-14.29211716374,-19.177));
#6907 = CARTESIAN_POINT('',(-1.107480875241,-14.28270491881,-19.177));
#6908 = CARTESIAN_POINT('',(-1.081462857899,-14.27263977799,-19.177));
#6909 = CARTESIAN_POINT('',(-1.055879581101,-14.26192955435,-19.177));
#6910 = CARTESIAN_POINT('',(-1.030728105495,-14.2505804875,-19.177));
#6911 = CARTESIAN_POINT('',(-1.0060105851,-14.23860003032,-19.177));
#6912 = CARTESIAN_POINT('',(-0.981738231463,-14.22599975241,-19.177));
#6913 = CARTESIAN_POINT('',(-0.957920423112,-14.21279065753,-19.177));
#6914 = CARTESIAN_POINT('',(-0.934565566185,-14.19898320514,-19.177));
#6915 = CARTESIAN_POINT('',(-0.911683346137,-14.18458859488,-19.177));
#6916 = CARTESIAN_POINT('',(-0.889283412882,-14.16961806294,-19.177));
#6917 = CARTESIAN_POINT('',(-0.867376446525,-14.15408362469,-19.177));
#6918 = CARTESIAN_POINT('',(-0.845973130854,-14.13799745549,-19.177));
#6919 = CARTESIAN_POINT('',(-0.825087322702,-14.1213744426,-19.177));
#6920 = CARTESIAN_POINT('',(-0.804735736405,-14.10423273979,-19.177));
#6921 = CARTESIAN_POINT('',(-0.784933431536,-14.08659043015,-19.177));
#6922 = CARTESIAN_POINT('',(-0.765692537066,-14.06846393816,-19.177));
#6923 = CARTESIAN_POINT('',(-0.747024627587,-14.04986976674,-19.177));
#6924 = CARTESIAN_POINT('',(-0.728941869484,-14.0308256809,-19.177));
#6925 = CARTESIAN_POINT('',(-0.711456527538,-14.01135043026,-19.177));
#6926 = CARTESIAN_POINT('',(-0.694580745132,-13.99146355019,-19.177));
#6927 = CARTESIAN_POINT('',(-0.678329589289,-13.9711894109,-19.177));
#6928 = CARTESIAN_POINT('',(-0.662717568081,-13.95055386698,-19.177));
#6929 = CARTESIAN_POINT('',(-0.647757206578,-13.92958230296,-19.177));
#6930 = CARTESIAN_POINT('',(-0.633459320074,-13.90829960995,-19.177));
#6931 = CARTESIAN_POINT('',(-0.619833813775,-13.88673109513,-19.177));
#6932 = CARTESIAN_POINT('',(-0.606889952765,-13.86490292543,-19.177));
#6933 = CARTESIAN_POINT('',(-0.594635904591,-13.8428413699,-19.177));
#6934 = CARTESIAN_POINT('',(-0.58308043322,-13.82057584047,-19.177));
#6935 = CARTESIAN_POINT('',(-0.572234614792,-13.79814396718,-19.177));
#6936 = CARTESIAN_POINT('',(-0.562104717863,-13.77557808947,-19.177));
#6937 = CARTESIAN_POINT('',(-0.552695601481,-13.75291092538,-19.177));
#6938 = CARTESIAN_POINT('',(-0.544010092547,-13.73017409783,-19.177));
#6939 = CARTESIAN_POINT('',(-0.536049482417,-13.70739887931,-19.177));
#6940 = CARTESIAN_POINT('',(-0.528813338903,-13.68461542789,-19.177));
#6941 = CARTESIAN_POINT('',(-0.522299673378,-13.66185274321,-19.177));
#6942 = CARTESIAN_POINT('',(-0.516505246288,-13.63913951031,-19.177));
#6943 = CARTESIAN_POINT('',(-0.511426187797,-13.6165065029,-19.177));
#6944 = CARTESIAN_POINT('',(-0.507058538363,-13.59399408085,-19.177));
#6945 = CARTESIAN_POINT('',(-0.503390947612,-13.57161303215,-19.177));
#6946 = CARTESIAN_POINT('',(-0.500411725764,-13.54936461428,-19.177));
#6947 = CARTESIAN_POINT('',(-0.498111225846,-13.52725448342,-19.177));
#6948 = CARTESIAN_POINT('',(-0.496481425106,-13.50530581293,
    -19.17700000001));
#6949 = CARTESIAN_POINT('',(-0.495512580107,-13.48353526245,
    -19.17699999995));
#6950 = CARTESIAN_POINT('',(-0.495299994637,-13.46915679776,
    -19.17700000012));
#6951 = CARTESIAN_POINT('',(-0.4953,-13.462,-19.1769999992));
#6952 = ORIENTED_EDGE('',*,*,#6953,.T.);
#6953 = EDGE_CURVE('',#6888,#6954,#6956,.T.);
#6954 = VERTEX_POINT('',#6955);
#6955 = CARTESIAN_POINT('',(-5.969,-14.351,-19.177));
#6956 = LINE('',#6957,#6958);
#6957 = CARTESIAN_POINT('',(-1.5113,-14.351,-19.17699999855));
#6958 = VECTOR('',#6959,1.);
#6959 = DIRECTION('',(-1.,0.,-3.253207251609E-10));
#6960 = ORIENTED_EDGE('',*,*,#6961,.F.);
#6961 = EDGE_CURVE('',#6962,#6954,#6964,.T.);
#6962 = VERTEX_POINT('',#6963);
#6963 = CARTESIAN_POINT('',(-6.096,-14.478,-19.177));
#6964 = CIRCLE('',#6965,0.127);
#6965 = AXIS2_PLACEMENT_3D('',#6966,#6967,#6968);
#6966 = CARTESIAN_POINT('',(-5.969,-14.478,-19.177));
#6967 = DIRECTION('',(0.,0.,-1.));
#6968 = DIRECTION('',(-1.,0.,0.));
#6969 = ORIENTED_EDGE('',*,*,#6970,.T.);
#6970 = EDGE_CURVE('',#6962,#6971,#6973,.T.);
#6971 = VERTEX_POINT('',#6972);
#6972 = CARTESIAN_POINT('',(-6.096000062436,-17.24659999897,
    -19.1770000001));
#6973 = LINE('',#6974,#6975);
#6974 = CARTESIAN_POINT('',(-6.096,-14.478,-19.177));
#6975 = VECTOR('',#6976,1.);
#6976 = DIRECTION('',(-2.255144164747E-08,-1.,-3.714655624222E-11));
#6977 = ORIENTED_EDGE('',*,*,#6978,.T.);
#6978 = EDGE_CURVE('',#6971,#6979,#6981,.T.);
#6979 = VERTEX_POINT('',#6980);
#6980 = CARTESIAN_POINT('',(9.169400062407,-17.24659999897,
    -19.1770000001));
#6981 = LINE('',#6982,#6983);
#6982 = CARTESIAN_POINT('',(-6.096000062436,-17.24659999897,
    -19.1770000001));
#6983 = VECTOR('',#6984,1.);
#6984 = DIRECTION('',(1.,-4.631323229653E-14,0.));
#6985 = ORIENTED_EDGE('',*,*,#6986,.T.);
#6986 = EDGE_CURVE('',#6979,#6987,#6989,.T.);
#6987 = VERTEX_POINT('',#6988);
#6988 = CARTESIAN_POINT('',(9.1694,-14.478,-19.177));
#6989 = LINE('',#6990,#6991);
#6990 = CARTESIAN_POINT('',(9.169400062407,-17.24659999897,
    -19.1770000001));
#6991 = VECTOR('',#6992,1.);
#6992 = DIRECTION('',(-2.254104695081E-08,1.,3.711704225874E-11));
#6993 = ORIENTED_EDGE('',*,*,#6994,.F.);
#6994 = EDGE_CURVE('',#6995,#6987,#6997,.T.);
#6995 = VERTEX_POINT('',#6996);
#6996 = CARTESIAN_POINT('',(9.0424,-14.351,-19.177));
#6997 = CIRCLE('',#6998,0.127);
#6998 = AXIS2_PLACEMENT_3D('',#6999,#7000,#7001);
#6999 = CARTESIAN_POINT('',(9.0424,-14.478,-19.177));
#7000 = DIRECTION('',(0.,0.,-1.));
#7001 = DIRECTION('',(0.,1.,0.));
#7002 = ORIENTED_EDGE('',*,*,#7003,.T.);
#7003 = EDGE_CURVE('',#6995,#7004,#7006,.T.);
#7004 = VERTEX_POINT('',#7005);
#7005 = CARTESIAN_POINT('',(4.5847,-14.351,-19.17699999874));
#7006 = LINE('',#7007,#7008);
#7007 = CARTESIAN_POINT('',(9.0424,-14.351,-19.177));
#7008 = VECTOR('',#7009,1.);
#7009 = DIRECTION('',(-1.,0.,2.828941015708E-10));
#7010 = ORIENTED_EDGE('',*,*,#7011,.F.);
#7011 = EDGE_CURVE('',#6838,#7004,#7012,.T.);
#7012 = B_SPLINE_CURVE_WITH_KNOTS('',3,(#7013,#7014,#7015,#7016,#7017,
    #7018,#7019,#7020,#7021,#7022,#7023,#7024,#7025,#7026,#7027,#7028,
    #7029,#7030,#7031,#7032,#7033,#7034,#7035,#7036,#7037,#7038,#7039,
    #7040,#7041,#7042,#7043,#7044,#7045,#7046,#7047,#7048,#7049,#7050,
    #7051,#7052,#7053,#7054,#7055,#7056,#7057,#7058,#7059,#7060,#7061,
    #7062,#7063,#7064,#7065,#7066,#7067,#7068,#7069,#7070,#7071,#7072,
    #7073),.UNSPECIFIED.,.F.,.F.,(4,1,1,1,1,1,1,1,1,1,1,1,1,1,1,1,1,1,1,
    1,1,1,1,1,1,1,1,1,1,1,1,1,1,1,1,1,1,1,1,1,1,1,1,1,1,1,1,1,1,1,1,1,1,
    1,1,1,1,1,4),(0.,1.724137931034E-02,3.448275862069E-02,
    5.172413793103E-02,6.896551724138E-02,8.620689655172E-02,
    0.103448275862,0.120689655172,0.137931034483,0.155172413793,
    0.172413793103,0.189655172414,0.206896551724,0.224137931034,
    0.241379310345,0.258620689655,0.275862068965,0.293103448276,
    0.310344827586,0.327586206897,0.344827586207,0.362068965517,
    0.379310344828,0.396551724138,0.413793103448,0.431034482759,
    0.448275862069,0.465517241379,0.48275862069,0.5,0.51724137931,
    0.534482758621,0.551724137931,0.568965517241,0.586206896552,
    0.603448275862,0.620689655172,0.637931034483,0.655172413793,
    0.672413793103,0.689655172414,0.706896551724,0.724137931034,
    0.741379310345,0.758620689655,0.775862068966,0.793103448276,
    0.810344827586,0.827586206897,0.844827586207,0.862068965517,
    0.879310344828,0.896551724138,0.913793103448,0.931034482759,
    0.948275862069,0.965517241379,0.98275862069,1.),.UNSPECIFIED.);
#7013 = CARTESIAN_POINT('',(3.5687,-13.462,-19.17699999931));
#7014 = CARTESIAN_POINT('',(3.568699992299,-13.46915615957,
    -19.17699999729));
#7015 = CARTESIAN_POINT('',(3.568912551508,-13.48353355569,
    -19.17700000126));
#7016 = CARTESIAN_POINT('',(3.569881272327,-13.50530315284,
    -19.17699999966));
#7017 = CARTESIAN_POINT('',(3.571510961766,-13.5272514412,
    -19.17700000009));
#7018 = CARTESIAN_POINT('',(3.573811321312,-13.54936120721,
    -19.17699999998));
#7019 = CARTESIAN_POINT('',(3.576790474499,-13.57160986779,
    -19.17700000001));
#7020 = CARTESIAN_POINT('',(3.580458009504,-13.59399115075,-19.177));
#7021 = CARTESIAN_POINT('',(3.584825637981,-13.61650385731,-19.177));
#7022 = CARTESIAN_POINT('',(3.589904419967,-13.63913605139,-19.177));
#7023 = CARTESIAN_POINT('',(3.595698816496,-13.66184959607,-19.177));
#7024 = CARTESIAN_POINT('',(3.602212415251,-13.68461237017,-19.177));
#7025 = CARTESIAN_POINT('',(3.609448451901,-13.70739579177,-19.177));
#7026 = CARTESIAN_POINT('',(3.617408949631,-13.73017097607,-19.177));
#7027 = CARTESIAN_POINT('',(3.626094384664,-13.75290787742,-19.177));
#7028 = CARTESIAN_POINT('',(3.635503428205,-13.77557510465,-19.177));
#7029 = CARTESIAN_POINT('',(3.645633142342,-13.79814080254,-19.177));
#7030 = CARTESIAN_POINT('',(3.656478659809,-13.82057229147,-19.177));
#7031 = CARTESIAN_POINT('',(3.668033779642,-13.84283740979,-19.177));
#7032 = CARTESIAN_POINT('',(3.68028769033,-13.86489898588,-19.177));
#7033 = CARTESIAN_POINT('',(3.693231400799,-13.88672715369,-19.177));
#7034 = CARTESIAN_POINT('',(3.706856794792,-13.90829573624,-19.177));
#7035 = CARTESIAN_POINT('',(3.721154606569,-13.92957854954,-19.177));
#7036 = CARTESIAN_POINT('',(3.736114859428,-13.95055017936,-19.177));
#7037 = CARTESIAN_POINT('',(3.751726643449,-13.97118562443,-19.177));
#7038 = CARTESIAN_POINT('',(3.767977459526,-13.99145956039,-19.177));
#7039 = CARTESIAN_POINT('',(3.784852841389,-14.01134620375,-19.177));
#7040 = CARTESIAN_POINT('',(3.802337994329,-14.03082148381,-19.177));
#7041 = CARTESIAN_POINT('',(3.820420615304,-14.04986565784,-19.177));
#7042 = CARTESIAN_POINT('',(3.839088454543,-14.06845998414,-19.177));
#7043 = CARTESIAN_POINT('',(3.858329243602,-14.08658659336,-19.177));
#7044 = CARTESIAN_POINT('',(3.878131440898,-14.10422901827,-19.177));
#7045 = CARTESIAN_POINT('',(3.898482870141,-14.12137079564,-19.177));
#7046 = CARTESIAN_POINT('',(3.919368485828,-14.13799386092,-19.177));
#7047 = CARTESIAN_POINT('',(3.940771592004,-14.1540800794,-19.177));
#7048 = CARTESIAN_POINT('',(3.962678446896,-14.16961464389,-19.177));
#7049 = CARTESIAN_POINT('',(3.985078293584,-14.18458531845,-19.177));
#7050 = CARTESIAN_POINT('',(4.007960412741,-14.19898006057,-19.177));
#7051 = CARTESIAN_POINT('',(4.031315100273,-14.21278760976,-19.177));
#7052 = CARTESIAN_POINT('',(4.055133076772,-14.22599698974,-19.177));
#7053 = CARTESIAN_POINT('',(4.079405583748,-14.23859752137,-19.177));
#7054 = CARTESIAN_POINT('',(4.104123010102,-14.25057810458,-19.177));
#7055 = CARTESIAN_POINT('',(4.129274576822,-14.26192737881,-19.177));
#7056 = CARTESIAN_POINT('',(4.154857767274,-14.27263773046,-19.177));
#7057 = CARTESIAN_POINT('',(4.180875712386,-14.28270299259,-19.177));
#7058 = CARTESIAN_POINT('',(4.207330193426,-14.29211518402,-19.177));
#7059 = CARTESIAN_POINT('',(4.234217373548,-14.30086422672,-19.177));
#7060 = CARTESIAN_POINT('',(4.261574670593,-14.30895127059,-19.177));
#7061 = CARTESIAN_POINT('',(4.28933325373,-14.31634424965,-19.177));
#7062 = CARTESIAN_POINT('',(4.317239327606,-14.32297932165,-19.177));
#7063 = CARTESIAN_POINT('',(4.345125256536,-14.32883894328,-19.177));
#7064 = CARTESIAN_POINT('',(4.37285798991,-14.3339279139,-19.177));
#7065 = CARTESIAN_POINT('',(4.400373889553,-14.33827411111,-19.177));
#7066 = CARTESIAN_POINT('',(4.427681953695,-14.3419181115,-19.177));
#7067 = CARTESIAN_POINT('',(4.454728554883,-14.34489173474,-19.177));
#7068 = CARTESIAN_POINT('',(4.481455493276,-14.3472308905,
    -19.17700000001));
#7069 = CARTESIAN_POINT('',(4.507842539918,-14.34897711261,
    -19.17699999998));
#7070 = CARTESIAN_POINT('',(4.533864867751,-14.35017168745,
    -19.17700000008));
#7071 = CARTESIAN_POINT('',(4.559506028106,-14.35085635524,
    -19.17699999968));
#7072 = CARTESIAN_POINT('',(4.576344526176,-14.35099999711,
    -19.17700000068));
#7073 = CARTESIAN_POINT('',(4.5847,-14.351,-19.17699999874));
#7074 = PLANE('',#7075);
#7075 = AXIS2_PLACEMENT_3D('',#7076,#7077,#7078);
#7076 = CARTESIAN_POINT('',(0.,0.,-19.177));
#7077 = DIRECTION('',(0.,0.,-1.));
#7078 = DIRECTION('',(-1.,0.,0.));
#7079 = ADVANCED_FACE('',(#7080),#7107,.F.);
#7080 = FACE_BOUND('',#7081,.F.);
#7081 = EDGE_LOOP('',(#7082,#7083,#7092,#7100));
#7082 = ORIENTED_EDGE('',*,*,#6871,.F.);
#7083 = ORIENTED_EDGE('',*,*,#7084,.T.);
#7084 = EDGE_CURVE('',#6840,#7085,#7087,.T.);
#7085 = VERTEX_POINT('',#7086);
#7086 = CARTESIAN_POINT('',(3.5687,-11.43,-19.685));
#7087 = CIRCLE('',#7088,0.508);
#7088 = AXIS2_PLACEMENT_3D('',#7089,#7090,#7091);
#7089 = CARTESIAN_POINT('',(3.5687,-11.938,-19.685));
#7090 = DIRECTION('',(-1.,0.,0.));
#7091 = DIRECTION('',(0.,0.,1.));
#7092 = ORIENTED_EDGE('',*,*,#7093,.T.);
#7093 = EDGE_CURVE('',#7085,#7094,#7096,.T.);
#7094 = VERTEX_POINT('',#7095);
#7095 = CARTESIAN_POINT('',(-0.4953,-11.43,-19.685));
#7096 = LINE('',#7097,#7098);
#7097 = CARTESIAN_POINT('',(3.5687,-11.43,-19.685));
#7098 = VECTOR('',#7099,1.);
#7099 = DIRECTION('',(-1.,0.,0.));
#7100 = ORIENTED_EDGE('',*,*,#7101,.T.);
#7101 = EDGE_CURVE('',#7094,#6872,#7102,.T.);
#7102 = CIRCLE('',#7103,0.508);
#7103 = AXIS2_PLACEMENT_3D('',#7104,#7105,#7106);
#7104 = CARTESIAN_POINT('',(-0.4953,-11.938,-19.685));
#7105 = DIRECTION('',(1.,0.,0.));
#7106 = DIRECTION('',(-0.,1.,0.));
#7107 = CYLINDRICAL_SURFACE('',#7108,0.508);
#7108 = AXIS2_PLACEMENT_3D('',#7109,#7110,#7111);
#7109 = CARTESIAN_POINT('',(69.1752744,-11.938,-19.685));
#7110 = DIRECTION('',(-1.,0.,0.));
#7111 = DIRECTION('',(0.,0.,1.));
#7112 = ADVANCED_FACE('',(#7113),#7124,.F.);
#7113 = FACE_BOUND('',#7114,.F.);
#7114 = EDGE_LOOP('',(#7115,#7116,#7117));
#7115 = ORIENTED_EDGE('',*,*,#7084,.F.);
#7116 = ORIENTED_EDGE('',*,*,#6855,.F.);
#7117 = ORIENTED_EDGE('',*,*,#7118,.F.);
#7118 = EDGE_CURVE('',#7085,#6782,#7119,.T.);
#7119 = CIRCLE('',#7120,0.508);
#7120 = AXIS2_PLACEMENT_3D('',#7121,#7122,#7123);
#7121 = CARTESIAN_POINT('',(3.5687,-11.938,-19.685));
#7122 = DIRECTION('',(0.,0.,-1.));
#7123 = DIRECTION('',(0.,1.,0.));
#7124 = SPHERICAL_SURFACE('',#7125,0.508);
#7125 = AXIS2_PLACEMENT_3D('',#7126,#7127,#7128);
#7126 = CARTESIAN_POINT('',(3.5687,-11.938,-19.685));
#7127 = DIRECTION('',(-0.707106781187,0.707106781187,0.));
#7128 = DIRECTION('',(0.707106781187,0.707106781187,0.));
#7129 = ADVANCED_FACE('',(#7130),#7149,.F.);
#7130 = FACE_BOUND('',#7131,.F.);
#7131 = EDGE_LOOP('',(#7132,#7140,#7141,#7142));
#7132 = ORIENTED_EDGE('',*,*,#7133,.T.);
#7133 = EDGE_CURVE('',#7134,#7085,#7136,.T.);
#7134 = VERTEX_POINT('',#7135);
#7135 = CARTESIAN_POINT('',(3.5687,-11.43,-21.844));
#7136 = LINE('',#7137,#7138);
#7137 = CARTESIAN_POINT('',(3.5687,-11.43,-21.844));
#7138 = VECTOR('',#7139,1.);
#7139 = DIRECTION('',(0.,0.,1.));
#7140 = ORIENTED_EDGE('',*,*,#7118,.T.);
#7141 = ORIENTED_EDGE('',*,*,#6823,.F.);
#7142 = ORIENTED_EDGE('',*,*,#7143,.T.);
#7143 = EDGE_CURVE('',#6815,#7134,#7144,.T.);
#7144 = CIRCLE('',#7145,0.508);
#7145 = AXIS2_PLACEMENT_3D('',#7146,#7147,#7148);
#7146 = CARTESIAN_POINT('',(3.5687,-11.938,-21.844));
#7147 = DIRECTION('',(0.,0.,1.));
#7148 = DIRECTION('',(1.,0.,-0.));
#7149 = CYLINDRICAL_SURFACE('',#7150,0.508);
#7150 = AXIS2_PLACEMENT_3D('',#7151,#7152,#7153);
#7151 = CARTESIAN_POINT('',(3.5687,-11.938,-70.2522852));
#7152 = DIRECTION('',(0.,0.,1.));
#7153 = DIRECTION('',(1.,0.,-0.));
#7154 = ADVANCED_FACE('',(#7155),#7173,.T.);
#7155 = FACE_BOUND('',#7156,.F.);
#7156 = EDGE_LOOP('',(#7157,#7165,#7171,#7172));
#7157 = ORIENTED_EDGE('',*,*,#7158,.T.);
#7158 = EDGE_CURVE('',#7134,#7159,#7161,.T.);
#7159 = VERTEX_POINT('',#7160);
#7160 = CARTESIAN_POINT('',(-0.4953,-11.43,-21.844));
#7161 = LINE('',#7162,#7163);
#7162 = CARTESIAN_POINT('',(3.5687,-11.43,-21.844));
#7163 = VECTOR('',#7164,1.);
#7164 = DIRECTION('',(-1.,0.,0.));
#7165 = ORIENTED_EDGE('',*,*,#7166,.F.);
#7166 = EDGE_CURVE('',#7094,#7159,#7167,.T.);
#7167 = LINE('',#7168,#7169);
#7168 = CARTESIAN_POINT('',(-0.4953,-11.43,-19.685));
#7169 = VECTOR('',#7170,1.);
#7170 = DIRECTION('',(0.,0.,-1.));
#7171 = ORIENTED_EDGE('',*,*,#7093,.F.);
#7172 = ORIENTED_EDGE('',*,*,#7133,.F.);
#7173 = PLANE('',#7174);
#7174 = AXIS2_PLACEMENT_3D('',#7175,#7176,#7177);
#7175 = CARTESIAN_POINT('',(4.0767,-11.43,-19.177));
#7176 = DIRECTION('',(0.,-1.,0.));
#7177 = DIRECTION('',(-1.,0.,0.));
#7178 = ADVANCED_FACE('',(#7179),#7206,.T.);
#7179 = FACE_BOUND('',#7180,.T.);
#7180 = EDGE_LOOP('',(#7181,#7190,#7198,#7205));
#7181 = ORIENTED_EDGE('',*,*,#7182,.F.);
#7182 = EDGE_CURVE('',#7183,#7159,#7185,.T.);
#7183 = VERTEX_POINT('',#7184);
#7184 = CARTESIAN_POINT('',(-0.4953,-10.922,-22.352));
#7185 = CIRCLE('',#7186,0.508);
#7186 = AXIS2_PLACEMENT_3D('',#7187,#7188,#7189);
#7187 = CARTESIAN_POINT('',(-0.4953,-10.922,-21.844));
#7188 = DIRECTION('',(-1.,0.,0.));
#7189 = DIRECTION('',(0.,0.,-1.));
#7190 = ORIENTED_EDGE('',*,*,#7191,.F.);
#7191 = EDGE_CURVE('',#7192,#7183,#7194,.T.);
#7192 = VERTEX_POINT('',#7193);
#7193 = CARTESIAN_POINT('',(3.5687,-10.922,-22.352));
#7194 = LINE('',#7195,#7196);
#7195 = CARTESIAN_POINT('',(3.5687,-10.922,-22.352));
#7196 = VECTOR('',#7197,1.);
#7197 = DIRECTION('',(-1.,0.,0.));
#7198 = ORIENTED_EDGE('',*,*,#7199,.F.);
#7199 = EDGE_CURVE('',#7134,#7192,#7200,.T.);
#7200 = CIRCLE('',#7201,0.508);
#7201 = AXIS2_PLACEMENT_3D('',#7202,#7203,#7204);
#7202 = CARTESIAN_POINT('',(3.5687,-10.922,-21.844));
#7203 = DIRECTION('',(1.,0.,0.));
#7204 = DIRECTION('',(0.,-1.,0.));
#7205 = ORIENTED_EDGE('',*,*,#7158,.T.);
#7206 = CYLINDRICAL_SURFACE('',#7207,0.508);
#7207 = AXIS2_PLACEMENT_3D('',#7208,#7209,#7210);
#7208 = CARTESIAN_POINT('',(69.1752744,-10.922,-21.844));
#7209 = DIRECTION('',(-1.,0.,0.));
#7210 = DIRECTION('',(0.,0.,-1.));
#7211 = ADVANCED_FACE('',(#7212),#7224,.F.);
#7212 = FACE_BOUND('',#7213,.F.);
#7213 = EDGE_LOOP('',(#7214,#7215,#7216,#7223));
#7214 = ORIENTED_EDGE('',*,*,#7143,.F.);
#7215 = ORIENTED_EDGE('',*,*,#6814,.T.);
#7216 = ORIENTED_EDGE('',*,*,#7217,.F.);
#7217 = EDGE_CURVE('',#7192,#6807,#7218,.T.);
#7218 = CIRCLE('',#7219,0.508);
#7219 = AXIS2_PLACEMENT_3D('',#7220,#7221,#7222);
#7220 = CARTESIAN_POINT('',(3.5687,-10.922,-22.86));
#7221 = DIRECTION('',(0.,1.,0.));
#7222 = DIRECTION('',(1.311287036959E-14,-0.,1.));
#7223 = ORIENTED_EDGE('',*,*,#7199,.F.);
#7224 = TOROIDAL_SURFACE('',#7225,1.016,0.508);
#7225 = AXIS2_PLACEMENT_3D('',#7226,#7227,#7228);
#7226 = CARTESIAN_POINT('',(3.5687,-10.922,-21.844));
#7227 = DIRECTION('',(-1.,0.,0.));
#7228 = DIRECTION('',(0.,-0.99984539171,1.758387543951E-02));
#7229 = ADVANCED_FACE('',(#7230),#7249,.F.);
#7230 = FACE_BOUND('',#7231,.F.);
#7231 = EDGE_LOOP('',(#7232,#7233,#7242,#7248));
#7232 = ORIENTED_EDGE('',*,*,#6806,.F.);
#7233 = ORIENTED_EDGE('',*,*,#7234,.T.);
#7234 = EDGE_CURVE('',#6799,#7235,#7237,.T.);
#7235 = VERTEX_POINT('',#7236);
#7236 = CARTESIAN_POINT('',(3.5687,-9.144,-22.352));
#7237 = CIRCLE('',#7238,0.508);
#7238 = AXIS2_PLACEMENT_3D('',#7239,#7240,#7241);
#7239 = CARTESIAN_POINT('',(3.5687,-9.144,-22.86));
#7240 = DIRECTION('',(0.,-1.,0.));
#7241 = DIRECTION('',(1.,0.,0.));
#7242 = ORIENTED_EDGE('',*,*,#7243,.T.);
#7243 = EDGE_CURVE('',#7235,#7192,#7244,.T.);
#7244 = LINE('',#7245,#7246);
#7245 = CARTESIAN_POINT('',(3.5687,-9.144,-22.352));
#7246 = VECTOR('',#7247,1.);
#7247 = DIRECTION('',(0.,-1.,0.));
#7248 = ORIENTED_EDGE('',*,*,#7217,.T.);
#7249 = CYLINDRICAL_SURFACE('',#7250,0.508);
#7250 = AXIS2_PLACEMENT_3D('',#7251,#7252,#7253);
#7251 = CARTESIAN_POINT('',(3.5687,63.58627872,-22.86));
#7252 = DIRECTION('',(0.,-1.,0.));
#7253 = DIRECTION('',(1.,0.,0.));
#7254 = ADVANCED_FACE('',(#7255),#7274,.F.);
#7255 = FACE_BOUND('',#7256,.F.);
#7256 = EDGE_LOOP('',(#7257,#7266,#7267));
#7257 = ORIENTED_EDGE('',*,*,#7258,.F.);
#7258 = EDGE_CURVE('',#7235,#7259,#7261,.T.);
#7259 = VERTEX_POINT('',#7260);
#7260 = CARTESIAN_POINT('',(3.5687,-8.636,-22.86));
#7261 = CIRCLE('',#7262,0.508);
#7262 = AXIS2_PLACEMENT_3D('',#7263,#7264,#7265);
#7263 = CARTESIAN_POINT('',(3.5687,-9.144,-22.86));
#7264 = DIRECTION('',(-1.,0.,0.));
#7265 = DIRECTION('',(0.,0.,1.));
#7266 = ORIENTED_EDGE('',*,*,#7234,.F.);
#7267 = ORIENTED_EDGE('',*,*,#7268,.F.);
#7268 = EDGE_CURVE('',#7259,#6799,#7269,.T.);
#7269 = CIRCLE('',#7270,0.508);
#7270 = AXIS2_PLACEMENT_3D('',#7271,#7272,#7273);
#7271 = CARTESIAN_POINT('',(3.5687,-9.144,-22.86));
#7272 = DIRECTION('',(0.,0.,-1.));
#7273 = DIRECTION('',(0.,1.,0.));
#7274 = SPHERICAL_SURFACE('',#7275,0.508);
#7275 = AXIS2_PLACEMENT_3D('',#7276,#7277,#7278);
#7276 = CARTESIAN_POINT('',(3.5687,-9.144,-22.86));
#7277 = DIRECTION('',(0.,-0.707106781187,0.707106781187));
#7278 = DIRECTION('',(0.,0.707106781187,0.707106781187));
#7279 = ADVANCED_FACE('',(#7280),#7306,.F.);
#7280 = FACE_BOUND('',#7281,.F.);
#7281 = EDGE_LOOP('',(#7282,#7293,#7299,#7300));
#7282 = ORIENTED_EDGE('',*,*,#7283,.T.);
#7283 = EDGE_CURVE('',#7284,#7286,#7288,.T.);
#7284 = VERTEX_POINT('',#7285);
#7285 = CARTESIAN_POINT('',(-0.4953,-8.636,-22.86));
#7286 = VERTEX_POINT('',#7287);
#7287 = CARTESIAN_POINT('',(-0.4953,-9.144,-22.352));
#7288 = CIRCLE('',#7289,0.508);
#7289 = AXIS2_PLACEMENT_3D('',#7290,#7291,#7292);
#7290 = CARTESIAN_POINT('',(-0.4953,-9.144,-22.86));
#7291 = DIRECTION('',(1.,0.,0.));
#7292 = DIRECTION('',(-0.,1.,0.));
#7293 = ORIENTED_EDGE('',*,*,#7294,.T.);
#7294 = EDGE_CURVE('',#7286,#7235,#7295,.T.);
#7295 = LINE('',#7296,#7297);
#7296 = CARTESIAN_POINT('',(-0.4953,-9.144,-22.352));
#7297 = VECTOR('',#7298,1.);
#7298 = DIRECTION('',(1.,0.,0.));
#7299 = ORIENTED_EDGE('',*,*,#7258,.T.);
#7300 = ORIENTED_EDGE('',*,*,#7301,.F.);
#7301 = EDGE_CURVE('',#7284,#7259,#7302,.T.);
#7302 = LINE('',#7303,#7304);
#7303 = CARTESIAN_POINT('',(-0.4953,-8.636,-22.86));
#7304 = VECTOR('',#7305,1.);
#7305 = DIRECTION('',(1.,0.,0.));
#7306 = CYLINDRICAL_SURFACE('',#7307,0.508);
#7307 = AXIS2_PLACEMENT_3D('',#7308,#7309,#7310);
#7308 = CARTESIAN_POINT('',(-69.1752744,-9.144,-22.86));
#7309 = DIRECTION('',(1.,0.,0.));
#7310 = DIRECTION('',(-0.,1.,0.));
#7311 = ADVANCED_FACE('',(#7312),#7331,.F.);
#7312 = FACE_BOUND('',#7313,.F.);
#7313 = EDGE_LOOP('',(#7314,#7323,#7324));
#7314 = ORIENTED_EDGE('',*,*,#7315,.F.);
#7315 = EDGE_CURVE('',#7286,#7316,#7318,.T.);
#7316 = VERTEX_POINT('',#7317);
#7317 = CARTESIAN_POINT('',(-1.0033,-9.144,-22.86));
#7318 = CIRCLE('',#7319,0.508);
#7319 = AXIS2_PLACEMENT_3D('',#7320,#7321,#7322);
#7320 = CARTESIAN_POINT('',(-0.4953,-9.144,-22.86));
#7321 = DIRECTION('',(0.,-1.,0.));
#7322 = DIRECTION('',(0.,0.,1.));
#7323 = ORIENTED_EDGE('',*,*,#7283,.F.);
#7324 = ORIENTED_EDGE('',*,*,#7325,.F.);
#7325 = EDGE_CURVE('',#7316,#7284,#7326,.T.);
#7326 = CIRCLE('',#7327,0.508);
#7327 = AXIS2_PLACEMENT_3D('',#7328,#7329,#7330);
#7328 = CARTESIAN_POINT('',(-0.4953,-9.144,-22.86));
#7329 = DIRECTION('',(0.,0.,-1.));
#7330 = DIRECTION('',(-1.,0.,0.));
#7331 = SPHERICAL_SURFACE('',#7332,0.508);
#7332 = AXIS2_PLACEMENT_3D('',#7333,#7334,#7335);
#7333 = CARTESIAN_POINT('',(-0.4953,-9.144,-22.86));
#7334 = DIRECTION('',(0.707106781187,0.,0.707106781187));
#7335 = DIRECTION('',(-0.707106781187,0.,0.707106781187));
#7336 = ADVANCED_FACE('',(#7337),#7361,.F.);
#7337 = FACE_BOUND('',#7338,.F.);
#7338 = EDGE_LOOP('',(#7339,#7348,#7354,#7355));
#7339 = ORIENTED_EDGE('',*,*,#7340,.T.);
#7340 = EDGE_CURVE('',#7341,#7183,#7343,.T.);
#7341 = VERTEX_POINT('',#7342);
#7342 = CARTESIAN_POINT('',(-1.0033,-10.922,-22.86));
#7343 = CIRCLE('',#7344,0.508);
#7344 = AXIS2_PLACEMENT_3D('',#7345,#7346,#7347);
#7345 = CARTESIAN_POINT('',(-0.4953,-10.922,-22.86));
#7346 = DIRECTION('',(0.,1.,0.));
#7347 = DIRECTION('',(-1.,0.,0.));
#7348 = ORIENTED_EDGE('',*,*,#7349,.T.);
#7349 = EDGE_CURVE('',#7183,#7286,#7350,.T.);
#7350 = LINE('',#7351,#7352);
#7351 = CARTESIAN_POINT('',(-0.4953,-10.922,-22.352));
#7352 = VECTOR('',#7353,1.);
#7353 = DIRECTION('',(0.,1.,0.));
#7354 = ORIENTED_EDGE('',*,*,#7315,.T.);
#7355 = ORIENTED_EDGE('',*,*,#7356,.F.);
#7356 = EDGE_CURVE('',#7341,#7316,#7357,.T.);
#7357 = LINE('',#7358,#7359);
#7358 = CARTESIAN_POINT('',(-1.0033,-10.922,-22.86));
#7359 = VECTOR('',#7360,1.);
#7360 = DIRECTION('',(0.,1.,0.));
#7361 = CYLINDRICAL_SURFACE('',#7362,0.508);
#7362 = AXIS2_PLACEMENT_3D('',#7363,#7364,#7365);
#7363 = CARTESIAN_POINT('',(-0.4953,-63.58627872,-22.86));
#7364 = DIRECTION('',(0.,1.,0.));
#7365 = DIRECTION('',(-1.,0.,0.));
#7366 = ADVANCED_FACE('',(#7367),#7387,.F.);
#7367 = FACE_BOUND('',#7368,.F.);
#7368 = EDGE_LOOP('',(#7369,#7370,#7379,#7386));
#7369 = ORIENTED_EDGE('',*,*,#7340,.F.);
#7370 = ORIENTED_EDGE('',*,*,#7371,.T.);
#7371 = EDGE_CURVE('',#7341,#7372,#7374,.T.);
#7372 = VERTEX_POINT('',#7373);
#7373 = CARTESIAN_POINT('',(-1.0033,-11.938,-21.844));
#7374 = CIRCLE('',#7375,1.016);
#7375 = AXIS2_PLACEMENT_3D('',#7376,#7377,#7378);
#7376 = CARTESIAN_POINT('',(-1.0033,-10.922,-21.844));
#7377 = DIRECTION('',(-1.,0.,0.));
#7378 = DIRECTION('',(-0.,-1.92322098754E-14,-1.));
#7379 = ORIENTED_EDGE('',*,*,#7380,.F.);
#7380 = EDGE_CURVE('',#7159,#7372,#7381,.T.);
#7381 = CIRCLE('',#7382,0.508);
#7382 = AXIS2_PLACEMENT_3D('',#7383,#7384,#7385);
#7383 = CARTESIAN_POINT('',(-0.4953,-11.938,-21.844));
#7384 = DIRECTION('',(0.,-0.,1.));
#7385 = DIRECTION('',(0.,1.,0.));
#7386 = ORIENTED_EDGE('',*,*,#7182,.F.);
#7387 = TOROIDAL_SURFACE('',#7388,1.016,0.508);
#7388 = AXIS2_PLACEMENT_3D('',#7389,#7390,#7391);
#7389 = CARTESIAN_POINT('',(-0.4953,-10.922,-21.844));
#7390 = DIRECTION('',(-1.,0.,0.));
#7391 = DIRECTION('',(0.,1.916924930447E-02,-0.999816253059));
#7392 = ADVANCED_FACE('',(#7393),#7435,.F.);
#7393 = FACE_BOUND('',#7394,.F.);
#7394 = EDGE_LOOP('',(#7395,#7403,#7411,#7419,#7427,#7433,#7434));
#7395 = ORIENTED_EDGE('',*,*,#7396,.F.);
#7396 = EDGE_CURVE('',#7397,#7316,#7399,.T.);
#7397 = VERTEX_POINT('',#7398);
#7398 = CARTESIAN_POINT('',(-1.0033,-9.144,-25.654));
#7399 = LINE('',#7400,#7401);
#7400 = CARTESIAN_POINT('',(-1.0033,-9.144,-25.654));
#7401 = VECTOR('',#7402,1.);
#7402 = DIRECTION('',(0.,0.,1.));
#7403 = ORIENTED_EDGE('',*,*,#7404,.T.);
#7404 = EDGE_CURVE('',#7397,#7405,#7407,.T.);
#7405 = VERTEX_POINT('',#7406);
#7406 = CARTESIAN_POINT('',(-1.0033,-13.462,-25.654));
#7407 = LINE('',#7408,#7409);
#7408 = CARTESIAN_POINT('',(-1.0033,-9.144,-25.654));
#7409 = VECTOR('',#7410,1.);
#7410 = DIRECTION('',(0.,-1.,-1.16833103842E-13));
#7411 = ORIENTED_EDGE('',*,*,#7412,.F.);
#7412 = EDGE_CURVE('',#7413,#7405,#7415,.T.);
#7413 = VERTEX_POINT('',#7414);
#7414 = CARTESIAN_POINT('',(-1.00330000006,-13.46200003185,
    -19.68499999971));
#7415 = LINE('',#7416,#7417);
#7416 = CARTESIAN_POINT('',(-1.00330000006,-13.46200003185,
    -19.68499999971));
#7417 = VECTOR('',#7418,1.);
#7418 = DIRECTION('',(1.011718398367E-11,5.335825673563E-09,-1.));
#7419 = ORIENTED_EDGE('',*,*,#7420,.F.);
#7420 = EDGE_CURVE('',#7421,#7413,#7423,.T.);
#7421 = VERTEX_POINT('',#7422);
#7422 = CARTESIAN_POINT('',(-1.0033,-11.938,-19.685));
#7423 = LINE('',#7424,#7425);
#7424 = CARTESIAN_POINT('',(-1.0033,-11.938,-19.685));
#7425 = VECTOR('',#7426,1.);
#7426 = DIRECTION('',(-3.962563644318E-11,-1.,1.896225918777E-10));
#7427 = ORIENTED_EDGE('',*,*,#7428,.T.);
#7428 = EDGE_CURVE('',#7421,#7372,#7429,.T.);
#7429 = LINE('',#7430,#7431);
#7430 = CARTESIAN_POINT('',(-1.0033,-11.938,-19.685));
#7431 = VECTOR('',#7432,1.);
#7432 = DIRECTION('',(0.,0.,-1.));
#7433 = ORIENTED_EDGE('',*,*,#7371,.F.);
#7434 = ORIENTED_EDGE('',*,*,#7356,.T.);
#7435 = PLANE('',#7436);
#7436 = AXIS2_PLACEMENT_3D('',#7437,#7438,#7439);
#7437 = CARTESIAN_POINT('',(-1.0033,-13.97,-26.162));
#7438 = DIRECTION('',(-1.,0.,0.));
#7439 = DIRECTION('',(0.,1.,0.));
#7440 = ADVANCED_FACE('',(#7441),#7460,.F.);
#7441 = FACE_BOUND('',#7442,.F.);
#7442 = EDGE_LOOP('',(#7443,#7451,#7458,#7459));
#7443 = ORIENTED_EDGE('',*,*,#7444,.F.);
#7444 = EDGE_CURVE('',#7445,#7284,#7447,.T.);
#7445 = VERTEX_POINT('',#7446);
#7446 = CARTESIAN_POINT('',(-0.4953,-8.636,-25.654));
#7447 = LINE('',#7448,#7449);
#7448 = CARTESIAN_POINT('',(-0.4953,-8.636,-25.654));
#7449 = VECTOR('',#7450,1.);
#7450 = DIRECTION('',(0.,0.,1.));
#7451 = ORIENTED_EDGE('',*,*,#7452,.T.);
#7452 = EDGE_CURVE('',#7445,#7397,#7453,.T.);
#7453 = CIRCLE('',#7454,0.508);
#7454 = AXIS2_PLACEMENT_3D('',#7455,#7456,#7457);
#7455 = CARTESIAN_POINT('',(-0.4953,-9.144,-25.654));
#7456 = DIRECTION('',(0.,-0.,1.));
#7457 = DIRECTION('',(0.,1.,0.));
#7458 = ORIENTED_EDGE('',*,*,#7396,.T.);
#7459 = ORIENTED_EDGE('',*,*,#7325,.T.);
#7460 = CYLINDRICAL_SURFACE('',#7461,0.508);
#7461 = AXIS2_PLACEMENT_3D('',#7462,#7463,#7464);
#7462 = CARTESIAN_POINT('',(-0.4953,-9.144,-70.2522852));
#7463 = DIRECTION('',(0.,0.,1.));
#7464 = DIRECTION('',(0.,1.,0.));
#7465 = ADVANCED_FACE('',(#7466),#7534,.F.);
#7466 = FACE_BOUND('',#7467,.F.);
#7467 = EDGE_LOOP('',(#7468,#7476,#7485,#7493,#7501,#7509,#7517,#7525,
    #7532,#7533));
#7468 = ORIENTED_EDGE('',*,*,#7469,.F.);
#7469 = EDGE_CURVE('',#7470,#7259,#7472,.T.);
#7470 = VERTEX_POINT('',#7471);
#7471 = CARTESIAN_POINT('',(3.5687,-8.636,-25.654));
#7472 = LINE('',#7473,#7474);
#7473 = CARTESIAN_POINT('',(3.5687,-8.636,-25.654));
#7474 = VECTOR('',#7475,1.);
#7475 = DIRECTION('',(0.,0.,1.));
#7476 = ORIENTED_EDGE('',*,*,#7477,.F.);
#7477 = EDGE_CURVE('',#7478,#7470,#7480,.T.);
#7478 = VERTEX_POINT('',#7479);
#7479 = CARTESIAN_POINT('',(4.584700000001,-8.636,-26.67));
#7480 = CIRCLE('',#7481,1.016);
#7481 = AXIS2_PLACEMENT_3D('',#7482,#7483,#7484);
#7482 = CARTESIAN_POINT('',(4.5847,-8.636,-25.654));
#7483 = DIRECTION('',(0.,1.,0.));
#7484 = DIRECTION('',(3.059669752904E-14,0.,-1.));
#7485 = ORIENTED_EDGE('',*,*,#7486,.F.);
#7486 = EDGE_CURVE('',#7487,#7478,#7489,.T.);
#7487 = VERTEX_POINT('',#7488);
#7488 = CARTESIAN_POINT('',(6.693477320444,-8.636,-26.67));
#7489 = LINE('',#7490,#7491);
#7490 = CARTESIAN_POINT('',(6.693477320444,-8.636,-26.67));
#7491 = VECTOR('',#7492,1.);
#7492 = DIRECTION('',(-1.,0.,0.));
#7493 = ORIENTED_EDGE('',*,*,#7494,.T.);
#7494 = EDGE_CURVE('',#7487,#7495,#7497,.T.);
#7495 = VERTEX_POINT('',#7496);
#7496 = CARTESIAN_POINT('',(6.693477320444,-8.636,-28.8036));
#7497 = LINE('',#7498,#7499);
#7498 = CARTESIAN_POINT('',(6.693477320444,-8.636,-26.67));
#7499 = VECTOR('',#7500,1.);
#7500 = DIRECTION('',(0.,0.,-1.));
#7501 = ORIENTED_EDGE('',*,*,#7502,.T.);
#7502 = EDGE_CURVE('',#7495,#7503,#7505,.T.);
#7503 = VERTEX_POINT('',#7504);
#7504 = CARTESIAN_POINT('',(-3.620077320444,-8.636,-28.8036));
#7505 = LINE('',#7506,#7507);
#7506 = CARTESIAN_POINT('',(6.693477320444,-8.636,-28.8036));
#7507 = VECTOR('',#7508,1.);
#7508 = DIRECTION('',(-1.,0.,0.));
#7509 = ORIENTED_EDGE('',*,*,#7510,.T.);
#7510 = EDGE_CURVE('',#7503,#7511,#7513,.T.);
#7511 = VERTEX_POINT('',#7512);
#7512 = CARTESIAN_POINT('',(-3.620077320444,-8.636,-26.67));
#7513 = LINE('',#7514,#7515);
#7514 = CARTESIAN_POINT('',(-3.620077320444,-8.636,-28.8036));
#7515 = VECTOR('',#7516,1.);
#7516 = DIRECTION('',(0.,0.,1.));
#7517 = ORIENTED_EDGE('',*,*,#7518,.F.);
#7518 = EDGE_CURVE('',#7519,#7511,#7521,.T.);
#7519 = VERTEX_POINT('',#7520);
#7520 = CARTESIAN_POINT('',(-1.5113,-8.636,-26.67));
#7521 = LINE('',#7522,#7523);
#7522 = CARTESIAN_POINT('',(-1.511300000001,-8.636,-26.67));
#7523 = VECTOR('',#7524,1.);
#7524 = DIRECTION('',(-1.,0.,0.));
#7525 = ORIENTED_EDGE('',*,*,#7526,.F.);
#7526 = EDGE_CURVE('',#7445,#7519,#7527,.T.);
#7527 = CIRCLE('',#7528,1.016);
#7528 = AXIS2_PLACEMENT_3D('',#7529,#7530,#7531);
#7529 = CARTESIAN_POINT('',(-1.5113,-8.636,-25.654));
#7530 = DIRECTION('',(-0.,1.,0.));
#7531 = DIRECTION('',(1.,0.,0.));
#7532 = ORIENTED_EDGE('',*,*,#7444,.T.);
#7533 = ORIENTED_EDGE('',*,*,#7301,.T.);
#7534 = PLANE('',#7535);
#7535 = AXIS2_PLACEMENT_3D('',#7536,#7537,#7538);
#7536 = CARTESIAN_POINT('',(-1.0033,-8.636,-26.162));
#7537 = DIRECTION('',(0.,1.,0.));
#7538 = DIRECTION('',(1.,0.,0.));
#7539 = ADVANCED_FACE('',(#7540),#7552,.F.);
#7540 = FACE_BOUND('',#7541,.F.);
#7541 = EDGE_LOOP('',(#7542,#7543,#7550,#7551));
#7542 = ORIENTED_EDGE('',*,*,#6798,.F.);
#7543 = ORIENTED_EDGE('',*,*,#7544,.T.);
#7544 = EDGE_CURVE('',#6791,#7470,#7545,.T.);
#7545 = CIRCLE('',#7546,0.508);
#7546 = AXIS2_PLACEMENT_3D('',#7547,#7548,#7549);
#7547 = CARTESIAN_POINT('',(3.5687,-9.144,-25.654));
#7548 = DIRECTION('',(0.,0.,1.));
#7549 = DIRECTION('',(1.,0.,-0.));
#7550 = ORIENTED_EDGE('',*,*,#7469,.T.);
#7551 = ORIENTED_EDGE('',*,*,#7268,.T.);
#7552 = CYLINDRICAL_SURFACE('',#7553,0.508);
#7553 = AXIS2_PLACEMENT_3D('',#7554,#7555,#7556);
#7554 = CARTESIAN_POINT('',(3.5687,-9.144,-70.2522852));
#7555 = DIRECTION('',(0.,0.,1.));
#7556 = DIRECTION('',(1.,0.,-0.));
#7557 = ADVANCED_FACE('',(#7558),#7576,.F.);
#7558 = FACE_BOUND('',#7559,.F.);
#7559 = EDGE_LOOP('',(#7560,#7561,#7568,#7575));
#7560 = ORIENTED_EDGE('',*,*,#7544,.F.);
#7561 = ORIENTED_EDGE('',*,*,#7562,.F.);
#7562 = EDGE_CURVE('',#4714,#6791,#7563,.T.);
#7563 = CIRCLE('',#7564,0.508);
#7564 = AXIS2_PLACEMENT_3D('',#7565,#7566,#7567);
#7565 = CARTESIAN_POINT('',(4.5847,-9.144,-25.654));
#7566 = DIRECTION('',(0.,1.,0.));
#7567 = DIRECTION('',(0.,0.,-1.));
#7568 = ORIENTED_EDGE('',*,*,#7569,.F.);
#7569 = EDGE_CURVE('',#7478,#4714,#7570,.T.);
#7570 = CIRCLE('',#7571,0.508);
#7571 = AXIS2_PLACEMENT_3D('',#7572,#7573,#7574);
#7572 = CARTESIAN_POINT('',(4.5847,-9.144,-26.67));
#7573 = DIRECTION('',(1.,0.,0.));
#7574 = DIRECTION('',(-0.,1.,0.));
#7575 = ORIENTED_EDGE('',*,*,#7477,.T.);
#7576 = TOROIDAL_SURFACE('',#7577,1.016,0.508);
#7577 = AXIS2_PLACEMENT_3D('',#7578,#7579,#7580);
#7578 = CARTESIAN_POINT('',(4.5847,-9.144,-25.654));
#7579 = DIRECTION('',(0.,1.,0.));
#7580 = DIRECTION('',(1.916924930447E-02,0.,-0.999816253059));
#7581 = ADVANCED_FACE('',(#7582),#7594,.T.);
#7582 = FACE_BOUND('',#7583,.T.);
#7583 = EDGE_LOOP('',(#7584,#7585,#7586,#7593));
#7584 = ORIENTED_EDGE('',*,*,#7562,.F.);
#7585 = ORIENTED_EDGE('',*,*,#4721,.F.);
#7586 = ORIENTED_EDGE('',*,*,#7587,.F.);
#7587 = EDGE_CURVE('',#6692,#4679,#7588,.T.);
#7588 = CIRCLE('',#7589,0.508);
#7589 = AXIS2_PLACEMENT_3D('',#7590,#7591,#7592);
#7590 = CARTESIAN_POINT('',(4.5847,-13.462,-25.654));
#7591 = DIRECTION('',(0.,-1.,0.));
#7592 = DIRECTION('',(-1.,0.,0.));
#7593 = ORIENTED_EDGE('',*,*,#6790,.T.);
#7594 = CYLINDRICAL_SURFACE('',#7595,0.508);
#7595 = AXIS2_PLACEMENT_3D('',#7596,#7597,#7598);
#7596 = CARTESIAN_POINT('',(4.5847,-63.58627872,-25.654));
#7597 = DIRECTION('',(0.,1.,0.));
#7598 = DIRECTION('',(0.,0.,-1.));
#7599 = ADVANCED_FACE('',(#7600),#7611,.T.);
#7600 = FACE_BOUND('',#7601,.T.);
#7601 = EDGE_LOOP('',(#7602,#7609,#7610));
#7602 = ORIENTED_EDGE('',*,*,#7603,.T.);
#7603 = EDGE_CURVE('',#4679,#6663,#7604,.T.);
#7604 = CIRCLE('',#7605,0.508);
#7605 = AXIS2_PLACEMENT_3D('',#7606,#7607,#7608);
#7606 = CARTESIAN_POINT('',(4.5847,-13.462,-25.654));
#7607 = DIRECTION('',(-1.,0.,0.));
#7608 = DIRECTION('',(0.,0.,-1.));
#7609 = ORIENTED_EDGE('',*,*,#6691,.T.);
#7610 = ORIENTED_EDGE('',*,*,#7587,.T.);
#7611 = SPHERICAL_SURFACE('',#7612,0.508);
#7612 = AXIS2_PLACEMENT_3D('',#7613,#7614,#7615);
#7613 = CARTESIAN_POINT('',(4.5847,-13.462,-25.654));
#7614 = DIRECTION('',(0.707106781187,-0.707106781187,0.));
#7615 = DIRECTION('',(-0.707106781187,-0.707106781187,0.));
#7616 = ADVANCED_FACE('',(#7617),#7653,.T.);
#7617 = FACE_BOUND('',#7618,.T.);
#7618 = EDGE_LOOP('',(#7619,#7633,#7650,#7651,#7652));
#7619 = ORIENTED_EDGE('',*,*,#7620,.T.);
#7620 = EDGE_CURVE('',#4677,#7621,#7623,.T.);
#7621 = VERTEX_POINT('',#7622);
#7622 = CARTESIAN_POINT('',(9.289899660673,-13.84625167412,
    -25.98628664351));
#7623 = B_SPLINE_CURVE_WITH_KNOTS('',3,(#7624,#7625,#7626,#7627,#7628,
    #7629,#7630,#7631,#7632),.UNSPECIFIED.,.F.,.F.,(4,1,1,1,1,1,4),(0.,
    0.166666666667,0.333333333333,0.5,0.666666666667,0.833333333333,1.),
  .UNSPECIFIED.);
#7624 = CARTESIAN_POINT('',(8.42563637951,-13.462,-26.162));
#7625 = CARTESIAN_POINT('',(8.459451636483,-13.48329808842,-26.162));
#7626 = CARTESIAN_POINT('',(8.531782589528,-13.52714839702,
    -26.15931836559));
#7627 = CARTESIAN_POINT('',(8.655058002962,-13.59519441877,
    -26.14592248191));
#7628 = CARTESIAN_POINT('',(8.792229292794,-13.66311061347,
    -26.1223934772));
#7629 = CARTESIAN_POINT('',(8.943221920316,-13.72902842184,-26.088340306
    ));
#7630 = CARTESIAN_POINT('',(9.108392944423,-13.79118998366,
    -26.04350555072));
#7631 = CARTESIAN_POINT('',(9.227845011391,-13.82876723082,
    -26.00650541178));
#7632 = CARTESIAN_POINT('',(9.289899660673,-13.84625167412,
    -25.98628664351));
#7633 = ORIENTED_EDGE('',*,*,#7634,.F.);
#7634 = EDGE_CURVE('',#6628,#7621,#7635,.T.);
#7635 = B_SPLINE_CURVE_WITH_KNOTS('',3,(#7636,#7637,#7638,#7639,#7640,
    #7641,#7642,#7643,#7644,#7645,#7646,#7647,#7648,#7649),
  .UNSPECIFIED.,.F.,.F.,(4,1,1,1,1,1,1,1,1,1,1,4),(0.,9.090909090909E-02
    ,0.181818181818,0.272727272727,0.363636363636,0.454545454545,
    0.545454545455,0.636363636364,0.727272727273,0.818181818182,
    0.909090909091,1.),.UNSPECIFIED.);
#7636 = CARTESIAN_POINT('',(9.042400387562,-13.97000007812,
    -25.65400578286));
#7637 = CARTESIAN_POINT('',(9.042400733512,-13.97000007849,
    -25.66309630722));
#7638 = CARTESIAN_POINT('',(9.043387135367,-13.96950687977,
    -25.68126834727));
#7639 = CARTESIAN_POINT('',(9.047685078368,-13.96735840966,
    -25.70802535474));
#7640 = CARTESIAN_POINT('',(9.054916331152,-13.96374120586,
    -25.73508714315));
#7641 = CARTESIAN_POINT('',(9.065414795597,-13.95849122707,
    -25.76280113797));
#7642 = CARTESIAN_POINT('',(9.079756806087,-13.95132077266,
    -25.79163101849));
#7643 = CARTESIAN_POINT('',(9.098753056405,-13.94182426695,
    -25.82190108362));
#7644 = CARTESIAN_POINT('',(9.123125099416,-13.92963900563,
    -25.85345218802));
#7645 = CARTESIAN_POINT('',(9.153381204205,-13.91450937714,
    -25.88583495127));
#7646 = CARTESIAN_POINT('',(9.190305950323,-13.89604520912,
    -25.91892252341));
#7647 = CARTESIAN_POINT('',(9.235386448207,-13.87349849882,
    -25.95285939284));
#7648 = CARTESIAN_POINT('',(9.270807140289,-13.85580016363,
    -25.9752455592));
#7649 = CARTESIAN_POINT('',(9.289899660673,-13.84625167412,
    -25.98628664351));
#7650 = ORIENTED_EDGE('',*,*,#6677,.T.);
#7651 = ORIENTED_EDGE('',*,*,#7603,.F.);
#7652 = ORIENTED_EDGE('',*,*,#4676,.F.);
#7653 = CYLINDRICAL_SURFACE('',#7654,0.508);
#7654 = AXIS2_PLACEMENT_3D('',#7655,#7656,#7657);
#7655 = CARTESIAN_POINT('',(69.1752744,-13.462,-25.654));
#7656 = DIRECTION('',(-1.,0.,0.));
#7657 = DIRECTION('',(0.,0.,-1.));
#7658 = ADVANCED_FACE('',(#7659),#7679,.F.);
#7659 = FACE_BOUND('',#7660,.F.);
#7660 = EDGE_LOOP('',(#7661,#7662,#7663,#7678));
#7661 = ORIENTED_EDGE('',*,*,#6645,.F.);
#7662 = ORIENTED_EDGE('',*,*,#6545,.F.);
#7663 = ORIENTED_EDGE('',*,*,#7664,.F.);
#7664 = EDGE_CURVE('',#7621,#6546,#7665,.T.);
#7665 = B_SPLINE_CURVE_WITH_KNOTS('',3,(#7666,#7667,#7668,#7669,#7670,
    #7671,#7672,#7673,#7674,#7675,#7676,#7677),.UNSPECIFIED.,.F.,.F.,(4,
    1,1,1,1,1,1,1,1,4),(0.,0.111111111111,0.222222222222,0.333333333333,
    0.444444444444,0.555555555556,0.666666666667,0.777777777778,
    0.888888888889,1.),.UNSPECIFIED.);
#7666 = CARTESIAN_POINT('',(9.289899660673,-13.84625167412,
    -25.98628664351));
#7667 = CARTESIAN_POINT('',(9.301074057149,-13.84940015863,
    -25.98264577971));
#7668 = CARTESIAN_POINT('',(9.324831417932,-13.85596658143,
    -25.9763369792));
#7669 = CARTESIAN_POINT('',(9.36469205027,-13.86648071447,
    -25.97056132557));
#7670 = CARTESIAN_POINT('',(9.409826267933,-13.87775034667,
    -25.96912641267));
#7671 = CARTESIAN_POINT('',(9.460609344649,-13.88962897054,
    -25.97286974863));
#7672 = CARTESIAN_POINT('',(9.517612277104,-13.90196472287,
    -25.98257731165));
#7673 = CARTESIAN_POINT('',(9.581348800453,-13.91451693153,
    -25.99909453783));
#7674 = CARTESIAN_POINT('',(9.651482135354,-13.92682964407,
    -26.02303290863));
#7675 = CARTESIAN_POINT('',(9.728403504805,-13.93856410591,
    -26.05526430198));
#7676 = CARTESIAN_POINT('',(9.785269624412,-13.94580178166,
    -26.08364979486));
#7677 = CARTESIAN_POINT('',(9.814829558014,-13.94914026779,
    -26.09980035641));
#7678 = ORIENTED_EDGE('',*,*,#7634,.F.);
#7679 = ( BOUNDED_SURFACE() B_SPLINE_SURFACE(3,3,(
    (#7680,#7681,#7682,#7683,#7684,#7685,#7686,#7687,#7688,#7689,#7690
      ,#7691,#7692,#7693,#7694,#7695,#7696)
    ,(#7697,#7698,#7699,#7700,#7701,#7702,#7703,#7704,#7705,#7706,#7707
      ,#7708,#7709,#7710,#7711,#7712,#7713)
    ,(#7714,#7715,#7716,#7717,#7718,#7719,#7720,#7721,#7722,#7723,#7724
      ,#7725,#7726,#7727,#7728,#7729,#7730)
    ,(#7731,#7732,#7733,#7734,#7735,#7736,#7737,#7738,#7739,#7740,#7741
      ,#7742,#7743,#7744,#7745,#7746,#7747
)),.UNSPECIFIED.,.F.,.F.,.F.) B_SPLINE_SURFACE_WITH_KNOTS((4,4),(4,1,1,1
    ,1,1,1,1,1,1,1,1,1,1,4),(0.,1.),(0.377005441816,0.424720998199,
    0.503398496944,0.573045811558,0.635137730265,0.690148544779,
    0.739456809172,0.782948977795,0.822117082753,0.857353756147,
    0.889098241248,0.91829679933,0.945926939104,0.972865380141,
0.997347041104),.UNSPECIFIED.) GEOMETRIC_REPRESENTATION_ITEM() 
RATIONAL_B_SPLINE_SURFACE((
    (1.187263865694,1.187263865694,1.187263865694,1.187263865694
      ,1.187263865694,1.187263865694,1.187263865694,1.187263865694
      ,1.187263865694,1.187263865694,1.187263865694,1.187263865694
      ,1.187263865694,1.187263865694,1.187263865694,1.187263865694
      ,1.187263865694)
    ,(0.937578711435,0.937578711435,0.937578711435,0.937578711435
      ,0.937578711435,0.937578711435,0.937578711435,0.937578711435
      ,0.937578711435,0.937578711435,0.937578711435,0.937578711435
      ,0.937578711435,0.937578711435,0.937578711435,0.937578711435
      ,0.937578711435)
    ,(0.937578711435,0.937578711435,0.937578711435,0.937578711435
      ,0.937578711435,0.937578711435,0.937578711435,0.937578711435
      ,0.937578711435,0.937578711435,0.937578711435,0.937578711435
      ,0.937578711435,0.937578711435,0.937578711435,0.937578711435
      ,0.937578711435)
    ,(1.187263865694,1.187263865694,1.187263865694,1.187263865694
      ,1.187263865694,1.187263865694,1.187263865694,1.187263865694
      ,1.187263865694,1.187263865694,1.187263865694,1.187263865694
      ,1.187263865694,1.187263865694,1.187263865694,1.187263865694
,1.187263865694))) REPRESENTATION_ITEM('') SURFACE() );
#7680 = CARTESIAN_POINT('',(9.827510818798,-13.95411180272,
    -26.10690295304));
#7681 = CARTESIAN_POINT('',(9.817523000153,-13.97379768917,
    -26.10180967346));
#7682 = CARTESIAN_POINT('',(9.791216073009,-14.02559524535,
    -26.08728956745));
#7683 = CARTESIAN_POINT('',(9.75118310498,-14.10419633717,
    -26.06030938525));
#7684 = CARTESIAN_POINT('',(9.70964841457,-14.18544879938,
    -26.02507789033));
#7685 = CARTESIAN_POINT('',(9.67439195961,-14.25417424348,
    -25.98827875793));
#7686 = CARTESIAN_POINT('',(9.644737292229,-14.31178124687,
    -25.95061620601));
#7687 = CARTESIAN_POINT('',(9.620277113208,-14.35914182462,
    -25.91293678961));
#7688 = CARTESIAN_POINT('',(9.600406374378,-14.39749965266,
    -25.87569994234));
#7689 = CARTESIAN_POINT('',(9.58465226219,-14.42782845342,
    -25.83946749308));
#7690 = CARTESIAN_POINT('',(9.572471949317,-14.4512222701,
    -25.80446064252));
#7691 = CARTESIAN_POINT('',(9.563388983037,-14.46863379686,
    -25.77091713239));
#7692 = CARTESIAN_POINT('',(9.556908476363,-14.4810381041,
    -25.73869029287));
#7693 = CARTESIAN_POINT('',(9.552626067984,-14.48922620292,
    -25.70727698064));
#7694 = CARTESIAN_POINT('',(9.550383533836,-14.49351109638,
    -25.67706714694));
#7695 = CARTESIAN_POINT('',(9.550072747627,-14.49410471218,
    -25.6572598769));
#7696 = CARTESIAN_POINT('',(9.550186564165,-14.49388730367,
    -25.64784321979));
#7697 = CARTESIAN_POINT('',(9.650079860619,-13.7196857052,-26.0006146589
    ));
#7698 = CARTESIAN_POINT('',(9.643625835829,-13.73816708095,
    -25.99227840051));
#7699 = CARTESIAN_POINT('',(9.62727765357,-13.78652942081,
    -25.96963416295));
#7700 = CARTESIAN_POINT('',(9.605174867751,-13.85870866656,
    -25.93238015715));
#7701 = CARTESIAN_POINT('',(9.586027119555,-13.93154404663,
    -25.89024339203));
#7702 = CARTESIAN_POINT('',(9.572973263142,-13.99152312711,
    -25.85172762223));
#7703 = CARTESIAN_POINT('',(9.564648698931,-14.04035430611,
    -25.81711877589));
#7704 = CARTESIAN_POINT('',(9.559905273797,-14.07927569814,
    -25.78672135912));
#7705 = CARTESIAN_POINT('',(9.557672267626,-14.10981699849,
    -25.76035827766));
#7706 = CARTESIAN_POINT('',(9.557067145768,-14.13323081626,
    -25.73780486862));
#7707 = CARTESIAN_POINT('',(9.557386807703,-14.15077815299,
    -25.71855510357));
#7708 = CARTESIAN_POINT('',(9.558110016567,-14.16351467041,
    -25.70208224233));
#7709 = CARTESIAN_POINT('',(9.558895800477,-14.17240492787,
    -25.68771354202));
#7710 = CARTESIAN_POINT('',(9.559544990091,-14.17818396504,
    -25.67473153372));
#7711 = CARTESIAN_POINT('',(9.559928083868,-14.18117782779,
    -25.66286993914));
#7712 = CARTESIAN_POINT('',(9.559983776329,-14.18159152878,-25.655257432
    ));
#7713 = CARTESIAN_POINT('',(9.559963690238,-14.18143965841,
    -25.65162799456));
#7714 = CARTESIAN_POINT('',(9.41680460477,-13.55383931713,
    -26.12635960474));
#7715 = CARTESIAN_POINT('',(9.408446581868,-13.57146855334,
    -26.11336755585));
#7716 = CARTESIAN_POINT('',(9.387559000692,-13.61740062529,
    -26.07826924159));
#7717 = CARTESIAN_POINT('',(9.360575377301,-13.68503669096,
    -26.02139582081));
#7718 = CARTESIAN_POINT('',(9.339127618281,-13.75191734719,
    -25.95839473389));
#7719 = CARTESIAN_POINT('',(9.326458362259,-13.80570875135,
    -25.90210042316));
#7720 = CARTESIAN_POINT('',(9.320396629445,-13.84833141178,
    -25.85280953206));
#7721 = CARTESIAN_POINT('',(9.319070255028,-13.88128244265,
    -25.81081080618));
#7722 = CARTESIAN_POINT('',(9.32079669812,-13.90629388562,
    -25.77566854648));
#7723 = CARTESIAN_POINT('',(9.324181849521,-13.92481565013,
    -25.74683593383));
#7724 = CARTESIAN_POINT('',(9.32816178889,-13.93822685358,
    -25.72337510867));
#7725 = CARTESIAN_POINT('',(9.331968617367,-13.94765600284,
    -25.70430771838));
#7726 = CARTESIAN_POINT('',(9.335151551316,-13.95406022113,
    -25.68851091856));
#7727 = CARTESIAN_POINT('',(9.337479712537,-13.95813495072,
    -25.67488476127));
#7728 = CARTESIAN_POINT('',(9.338773527337,-13.96021546474,
    -25.66285877235));
#7729 = CARTESIAN_POINT('',(9.338957333415,-13.96050188373,
    -25.65525871817));
#7730 = CARTESIAN_POINT('',(9.33889055557,-13.96039637878,
    -25.65162764617));
#7731 = CARTESIAN_POINT('',(9.274860510533,-13.56120661799,
    -26.40480417205));
#7732 = CARTESIAN_POINT('',(9.260361947106,-13.57887370831,
    -26.3886809011));
#7733 = CARTESIAN_POINT('',(9.223300770859,-13.6249137387,
    -26.34465595412));
#7734 = CARTESIAN_POINT('',(9.171704654486,-13.6927516235,
    -26.27119559254));
#7735 = CARTESIAN_POINT('',(9.12472102914,-13.75989680308,-26.1865346207
    ));
#7736 = CARTESIAN_POINT('',(9.090375727503,-13.8139630789,
    -26.10761650707));
#7737 = CARTESIAN_POINT('',(9.066081913611,-13.85686153686,
    -26.0351708551));
#7738 = CARTESIAN_POINT('',(9.049717038676,-13.89007778573,
    -25.97000688173));
#7739 = CARTESIAN_POINT('',(9.039226595445,-13.91533487844,
    -25.91197136236));
#7740 = CARTESIAN_POINT('',(9.032925803709,-13.93407395989,
    -25.86086290836));
#7741 = CARTESIAN_POINT('',(9.029417021147,-13.94766890046,
    -25.8158796732));
#7742 = CARTESIAN_POINT('',(9.027639430331,-13.95724497108,
    -25.77618948764));
#7743 = CARTESIAN_POINT('',(9.026837990229,-13.96375962528,
    -25.74057935045));
#7744 = CARTESIAN_POINT('',(9.026533218367,-13.96791006437,
    -25.70763999065));
#7745 = CARTESIAN_POINT('',(9.026448265193,-13.97003115157,
    -25.67704069179));
#7746 = CARTESIAN_POINT('',(9.026440991803,-13.97032322474,
    -25.65726292394));
#7747 = CARTESIAN_POINT('',(9.026444191326,-13.97021566012,
    -25.64784239444));
#7748 = ADVANCED_FACE('',(#7749),#7779,.T.);
#7749 = FACE_BOUND('',#7750,.T.);
#7750 = EDGE_LOOP('',(#7751,#7759,#7760,#7761,#7762,#7763,#7764,#7772));
#7751 = ORIENTED_EDGE('',*,*,#7752,.F.);
#7752 = EDGE_CURVE('',#4736,#7753,#7755,.T.);
#7753 = VERTEX_POINT('',#7754);
#7754 = CARTESIAN_POINT('',(13.4874,-10.668,-29.845));
#7755 = LINE('',#7756,#7757);
#7756 = CARTESIAN_POINT('',(13.4874,-10.668,-26.162));
#7757 = VECTOR('',#7758,1.);
#7758 = DIRECTION('',(0.,0.,-1.));
#7759 = ORIENTED_EDGE('',*,*,#4735,.T.);
#7760 = ORIENTED_EDGE('',*,*,#6569,.F.);
#7761 = ORIENTED_EDGE('',*,*,#7664,.F.);
#7762 = ORIENTED_EDGE('',*,*,#7620,.F.);
#7763 = ORIENTED_EDGE('',*,*,#4686,.T.);
#7764 = ORIENTED_EDGE('',*,*,#7765,.T.);
#7765 = EDGE_CURVE('',#4687,#7766,#7768,.T.);
#7766 = VERTEX_POINT('',#7767);
#7767 = CARTESIAN_POINT('',(6.8834,-10.668,-29.845));
#7768 = LINE('',#7769,#7770);
#7769 = CARTESIAN_POINT('',(6.8834,-10.668,-26.162));
#7770 = VECTOR('',#7771,1.);
#7771 = DIRECTION('',(0.,0.,-1.));
#7772 = ORIENTED_EDGE('',*,*,#7773,.F.);
#7773 = EDGE_CURVE('',#7753,#7766,#7774,.T.);
#7774 = CIRCLE('',#7775,3.302);
#7775 = AXIS2_PLACEMENT_3D('',#7776,#7777,#7778);
#7776 = CARTESIAN_POINT('',(10.1854,-10.668,-29.845));
#7777 = DIRECTION('',(0.,0.,-1.));
#7778 = DIRECTION('',(1.,0.,0.));
#7779 = CYLINDRICAL_SURFACE('',#7780,3.302);
#7780 = AXIS2_PLACEMENT_3D('',#7781,#7782,#7783);
#7781 = CARTESIAN_POINT('',(10.1854,-10.668,-26.162));
#7782 = DIRECTION('',(0.,0.,-1.));
#7783 = DIRECTION('',(-1.,0.,0.));
#7784 = ADVANCED_FACE('',(#7785),#7803,.T.);
#7785 = FACE_BOUND('',#7786,.T.);
#7786 = EDGE_LOOP('',(#7787,#7794,#7795,#7802));
#7787 = ORIENTED_EDGE('',*,*,#7788,.T.);
#7788 = EDGE_CURVE('',#5610,#7753,#7789,.T.);
#7789 = CIRCLE('',#7790,0.508);
#7790 = AXIS2_PLACEMENT_3D('',#7791,#7792,#7793);
#7791 = CARTESIAN_POINT('',(12.9794,-10.668,-29.845));
#7792 = DIRECTION('',(0.,-1.,0.));
#7793 = DIRECTION('',(0.,0.,-1.));
#7794 = ORIENTED_EDGE('',*,*,#7773,.T.);
#7795 = ORIENTED_EDGE('',*,*,#7796,.F.);
#7796 = EDGE_CURVE('',#5608,#7766,#7797,.T.);
#7797 = CIRCLE('',#7798,0.508);
#7798 = AXIS2_PLACEMENT_3D('',#7799,#7800,#7801);
#7799 = CARTESIAN_POINT('',(7.3914,-10.668,-29.845));
#7800 = DIRECTION('',(0.,1.,0.));
#7801 = DIRECTION('',(0.,0.,-1.));
#7802 = ORIENTED_EDGE('',*,*,#5618,.F.);
#7803 = TOROIDAL_SURFACE('',#7804,2.794,0.508);
#7804 = AXIS2_PLACEMENT_3D('',#7805,#7806,#7807);
#7805 = CARTESIAN_POINT('',(10.1854,-10.668,-29.845));
#7806 = DIRECTION('',(0.,0.,-1.));
#7807 = DIRECTION('',(0.99999604183,2.813596491317E-03,0.));
#7808 = ADVANCED_FACE('',(#7809),#7821,.T.);
#7809 = FACE_BOUND('',#7810,.T.);
#7810 = EDGE_LOOP('',(#7811,#7812,#7819,#7820));
#7811 = ORIENTED_EDGE('',*,*,#7796,.T.);
#7812 = ORIENTED_EDGE('',*,*,#7813,.T.);
#7813 = EDGE_CURVE('',#7766,#7753,#7814,.T.);
#7814 = CIRCLE('',#7815,3.302);
#7815 = AXIS2_PLACEMENT_3D('',#7816,#7817,#7818);
#7816 = CARTESIAN_POINT('',(10.1854,-10.668,-29.845));
#7817 = DIRECTION('',(0.,0.,-1.));
#7818 = DIRECTION('',(-1.,0.,0.));
#7819 = ORIENTED_EDGE('',*,*,#7788,.F.);
#7820 = ORIENTED_EDGE('',*,*,#5607,.F.);
#7821 = TOROIDAL_SURFACE('',#7822,2.794,0.508);
#7822 = AXIS2_PLACEMENT_3D('',#7823,#7824,#7825);
#7823 = CARTESIAN_POINT('',(10.1854,-10.668,-29.845));
#7824 = DIRECTION('',(0.,0.,-1.));
#7825 = DIRECTION('',(-0.99999604183,-2.813596491317E-03,-0.));
#7826 = ADVANCED_FACE('',(#7827),#7885,.T.);
#7827 = FACE_BOUND('',#7828,.T.);
#7828 = EDGE_LOOP('',(#7829,#7830,#7831,#7839,#7856,#7857,#7876,#7882,
    #7883,#7884));
#7829 = ORIENTED_EDGE('',*,*,#7765,.F.);
#7830 = ORIENTED_EDGE('',*,*,#4695,.T.);
#7831 = ORIENTED_EDGE('',*,*,#7832,.T.);
#7832 = EDGE_CURVE('',#4696,#7833,#7835,.T.);
#7833 = VERTEX_POINT('',#7834);
#7834 = CARTESIAN_POINT('',(7.159067011051,-9.3472,-28.8036));
#7835 = LINE('',#7836,#7837);
#7836 = CARTESIAN_POINT('',(7.159067011051,-9.3472,-26.162));
#7837 = VECTOR('',#7838,1.);
#7838 = DIRECTION('',(0.,0.,-1.));
#7839 = ORIENTED_EDGE('',*,*,#7840,.F.);
#7840 = EDGE_CURVE('',#5203,#7833,#7841,.T.);
#7841 = B_SPLINE_CURVE_WITH_KNOTS('',3,(#7842,#7843,#7844,#7845,#7846,
    #7847,#7848,#7849,#7850,#7851,#7852,#7853,#7854,#7855),
  .UNSPECIFIED.,.F.,.F.,(4,1,1,1,1,1,1,1,1,1,1,4),(0.,9.090909090909E-02
    ,0.181818181818,0.272727272727,0.363636363636,0.454545454545,
    0.545454545455,0.636363636364,0.727272727273,0.818181818182,
    0.909090909091,1.),.UNSPECIFIED.);
#7842 = CARTESIAN_POINT('',(7.577304949173,-8.642896495028,-29.3116));
#7843 = CARTESIAN_POINT('',(7.565456756779,-8.658155572832,-29.3116));
#7844 = CARTESIAN_POINT('',(7.541600761587,-8.689432486809,
    -29.3097228959));
#7845 = CARTESIAN_POINT('',(7.50546787653,-8.738633500517,
    -29.30091919442));
#7846 = CARTESIAN_POINT('',(7.468999775921,-8.790302007505,
    -29.28562928511));
#7847 = CARTESIAN_POINT('',(7.432354696194,-8.844425135007,
    -29.26331777749));
#7848 = CARTESIAN_POINT('',(7.395194863242,-8.901760206247,
    -29.2329707559));
#7849 = CARTESIAN_POINT('',(7.357053437609,-8.963438764763,
    -29.19287958378));
#7850 = CARTESIAN_POINT('',(7.318053789659,-9.029832383662,
    -29.14135952478));
#7851 = CARTESIAN_POINT('',(7.279038979508,-9.100032066077,
    -29.07804434346));
#7852 = CARTESIAN_POINT('',(7.239558908623,-9.175407833993,
    -29.00114339784));
#7853 = CARTESIAN_POINT('',(7.199237608812,-9.257686683677,
    -28.90890285583));
#7854 = CARTESIAN_POINT('',(7.17253971052,-9.316330167435,
    -28.83978000181));
#7855 = CARTESIAN_POINT('',(7.159067011051,-9.3472,-28.8036));
#7856 = ORIENTED_EDGE('',*,*,#5211,.T.);
#7857 = ORIENTED_EDGE('',*,*,#7858,.F.);
#7858 = EDGE_CURVE('',#7859,#5212,#7861,.T.);
#7859 = VERTEX_POINT('',#7860);
#7860 = CARTESIAN_POINT('',(10.3505,-7.370130082917,-28.8036));
#7861 = B_SPLINE_CURVE_WITH_KNOTS('',3,(#7862,#7863,#7864,#7865,#7866,
    #7867,#7868,#7869,#7870,#7871,#7872,#7873,#7874,#7875),
  .UNSPECIFIED.,.F.,.F.,(4,1,1,1,1,1,1,1,1,1,1,4),(0.,9.090909090909E-02
    ,0.181818181818,0.272727272727,0.363636363636,0.454545454545,
    0.545454545455,0.636363636364,0.727272727273,0.818181818182,
    0.909090909091,1.),.UNSPECIFIED.);
#7862 = CARTESIAN_POINT('',(10.3505,-7.370130082917,-28.8036));
#7863 = CARTESIAN_POINT('',(10.31595766708,-7.368400803319,
    -28.84075088525));
#7864 = CARTESIAN_POINT('',(10.24997703002,-7.36617086499,
    -28.91154537364));
#7865 = CARTESIAN_POINT('',(10.15722279928,-7.365712497362,
    -29.00466095605));
#7866 = CARTESIAN_POINT('',(10.07013692801,-7.36765293744,-29.0828868758
    ));
#7867 = CARTESIAN_POINT('',(9.988606995285,-7.371556633578,
    -29.14639199049));
#7868 = CARTESIAN_POINT('',(9.913018844785,-7.376983455661,
    -29.19628395251));
#7869 = CARTESIAN_POINT('',(9.842500881878,-7.38361154956,
    -29.23492456237));
#7870 = CARTESIAN_POINT('',(9.775509930533,-7.391317962978,
    -29.2645238978));
#7871 = CARTESIAN_POINT('',(9.711409119977,-7.399991591514,
    -29.2863188662));
#7872 = CARTESIAN_POINT('',(9.649785862003,-7.409538282233,
    -29.30119543435));
#7873 = CARTESIAN_POINT('',(9.590438784659,-7.419862990559,
    -29.30977285047));
#7874 = CARTESIAN_POINT('',(9.552325447548,-7.427200092227,-29.3116));
#7875 = CARTESIAN_POINT('',(9.533636635795,-7.430963003443,-29.3116));
#7876 = ORIENTED_EDGE('',*,*,#7877,.T.);
#7877 = EDGE_CURVE('',#7859,#5006,#7878,.T.);
#7878 = LINE('',#7879,#7880);
#7879 = CARTESIAN_POINT('',(10.3505,-7.370130082917,-28.8036));
#7880 = VECTOR('',#7881,1.);
#7881 = DIRECTION('',(0.,0.,1.));
#7882 = ORIENTED_EDGE('',*,*,#5014,.T.);
#7883 = ORIENTED_EDGE('',*,*,#7752,.T.);
#7884 = ORIENTED_EDGE('',*,*,#7813,.F.);
#7885 = CYLINDRICAL_SURFACE('',#7886,3.302);
#7886 = AXIS2_PLACEMENT_3D('',#7887,#7888,#7889);
#7887 = CARTESIAN_POINT('',(10.1854,-10.668,-26.162));
#7888 = DIRECTION('',(0.,0.,-1.));
#7889 = DIRECTION('',(-1.,0.,0.));
#7890 = ADVANCED_FACE('',(#7891),#7910,.F.);
#7891 = FACE_BOUND('',#7892,.F.);
#7892 = EDGE_LOOP('',(#7893,#7894,#7902,#7909));
#7893 = ORIENTED_EDGE('',*,*,#5005,.T.);
#7894 = ORIENTED_EDGE('',*,*,#7895,.F.);
#7895 = EDGE_CURVE('',#7896,#4998,#7898,.T.);
#7896 = VERTEX_POINT('',#7897);
#7897 = CARTESIAN_POINT('',(9.8679,-6.862765480289,-28.8036));
#7898 = LINE('',#7899,#7900);
#7899 = CARTESIAN_POINT('',(9.8679,-6.862765480289,-28.8036));
#7900 = VECTOR('',#7901,1.);
#7901 = DIRECTION('',(0.,0.,1.));
#7902 = ORIENTED_EDGE('',*,*,#7903,.T.);
#7903 = EDGE_CURVE('',#7896,#7859,#7904,.T.);
#7904 = CIRCLE('',#7905,0.508);
#7905 = AXIS2_PLACEMENT_3D('',#7906,#7907,#7908);
#7906 = CARTESIAN_POINT('',(10.3759,-6.862765480289,-28.8036));
#7907 = DIRECTION('',(0.,0.,1.));
#7908 = DIRECTION('',(-1.,0.,0.));
#7909 = ORIENTED_EDGE('',*,*,#7877,.T.);
#7910 = CYLINDRICAL_SURFACE('',#7911,0.508);
#7911 = AXIS2_PLACEMENT_3D('',#7912,#7913,#7914);
#7912 = CARTESIAN_POINT('',(10.3759,-6.862765480289,-70.2522852));
#7913 = DIRECTION('',(0.,0.,1.));
#7914 = DIRECTION('',(-1.,0.,0.));
#7915 = ADVANCED_FACE('',(#7916),#7934,.T.);
#7916 = FACE_BOUND('',#7917,.F.);
#7917 = EDGE_LOOP('',(#7918,#7926,#7927,#7928));
#7918 = ORIENTED_EDGE('',*,*,#7919,.T.);
#7919 = EDGE_CURVE('',#7920,#7896,#7922,.T.);
#7920 = VERTEX_POINT('',#7921);
#7921 = CARTESIAN_POINT('',(9.8679,-2.47921536402,-28.8036));
#7922 = LINE('',#7923,#7924);
#7923 = CARTESIAN_POINT('',(9.8679,-2.47921536402,-28.8036));
#7924 = VECTOR('',#7925,1.);
#7925 = DIRECTION('',(0.,-1.,0.));
#7926 = ORIENTED_EDGE('',*,*,#7895,.T.);
#7927 = ORIENTED_EDGE('',*,*,#4997,.F.);
#7928 = ORIENTED_EDGE('',*,*,#7929,.T.);
#7929 = EDGE_CURVE('',#4989,#7920,#7930,.T.);
#7930 = LINE('',#7931,#7932);
#7931 = CARTESIAN_POINT('',(9.8679,-2.479215364019,-26.162));
#7932 = VECTOR('',#7933,1.);
#7933 = DIRECTION('',(0.,-1.035580531752E-13,-1.));
#7934 = PLANE('',#7935);
#7935 = AXIS2_PLACEMENT_3D('',#7936,#7937,#7938);
#7936 = CARTESIAN_POINT('',(9.8679,-2.479215364019,-26.162));
#7937 = DIRECTION('',(1.,0.,0.));
#7938 = DIRECTION('',(0.,-1.,0.));
#7939 = ADVANCED_FACE('',(#7940),#7958,.T.);
#7940 = FACE_BOUND('',#7941,.T.);
#7941 = EDGE_LOOP('',(#7942,#7949,#7950,#7957));
#7942 = ORIENTED_EDGE('',*,*,#7943,.F.);
#7943 = EDGE_CURVE('',#5221,#7896,#7944,.T.);
#7944 = CIRCLE('',#7945,0.508);
#7945 = AXIS2_PLACEMENT_3D('',#7946,#7947,#7948);
#7946 = CARTESIAN_POINT('',(9.3599,-6.862765480289,-28.8036));
#7947 = DIRECTION('',(0.,-1.,0.));
#7948 = DIRECTION('',(0.,0.,-1.));
#7949 = ORIENTED_EDGE('',*,*,#5229,.F.);
#7950 = ORIENTED_EDGE('',*,*,#7951,.T.);
#7951 = EDGE_CURVE('',#5230,#7920,#7952,.T.);
#7952 = CIRCLE('',#7953,0.508);
#7953 = AXIS2_PLACEMENT_3D('',#7954,#7955,#7956);
#7954 = CARTESIAN_POINT('',(9.3599,-2.479215364019,-28.8036));
#7955 = DIRECTION('',(0.,-1.,0.));
#7956 = DIRECTION('',(0.,0.,-1.));
#7957 = ORIENTED_EDGE('',*,*,#7919,.T.);
#7958 = CYLINDRICAL_SURFACE('',#7959,0.508);
#7959 = AXIS2_PLACEMENT_3D('',#7960,#7961,#7962);
#7960 = CARTESIAN_POINT('',(9.3599,-2.469924856147,-28.8036));
#7961 = DIRECTION('',(0.,-1.,0.));
#7962 = DIRECTION('',(0.,0.,-1.));
#7963 = ADVANCED_FACE('',(#7964),#7984,.T.);
#7964 = FACE_BOUND('',#7965,.T.);
#7965 = EDGE_LOOP('',(#7966,#7975,#7982,#7983));
#7966 = ORIENTED_EDGE('',*,*,#7967,.T.);
#7967 = EDGE_CURVE('',#5238,#7968,#7970,.T.);
#7968 = VERTEX_POINT('',#7969);
#7969 = CARTESIAN_POINT('',(10.80844036243,-2.202282534598,-28.8036));
#7970 = CIRCLE('',#7971,0.508);
#7971 = AXIS2_PLACEMENT_3D('',#7972,#7973,#7974);
#7972 = CARTESIAN_POINT('',(11.23538531713,-1.926997217773,-28.8036));
#7973 = DIRECTION('',(-0.54190022997,0.840442824206,1.566205812517E-29)
  );
#7974 = DIRECTION('',(-1.9624463801E-13,-1.265345022947E-13,-1.));
#7975 = ORIENTED_EDGE('',*,*,#7976,.T.);
#7976 = EDGE_CURVE('',#7968,#7920,#7977,.T.);
#7977 = CIRCLE('',#7978,0.51104025078);
#7978 = AXIS2_PLACEMENT_3D('',#7979,#7980,#7981);
#7979 = CARTESIAN_POINT('',(10.37894025078,-2.479215364019,-28.8036));
#7980 = DIRECTION('',(0.,0.,1.));
#7981 = DIRECTION('',(0.840442824206,0.54190022997,-0.));
#7982 = ORIENTED_EDGE('',*,*,#7951,.F.);
#7983 = ORIENTED_EDGE('',*,*,#5237,.F.);
#7984 = TOROIDAL_SURFACE('',#7985,1.01904025078,0.508);
#7985 = AXIS2_PLACEMENT_3D('',#7986,#7987,#7988);
#7986 = CARTESIAN_POINT('',(10.37894025078,-2.479215364019,-28.8036));
#7987 = DIRECTION('',(0.,0.,-1.));
#7988 = DIRECTION('',(0.854155669286,0.520017396465,0.));
#7989 = ADVANCED_FACE('',(#7990),#8001,.F.);
#7990 = FACE_BOUND('',#7991,.F.);
#7991 = EDGE_LOOP('',(#7992,#7993,#7994,#7995));
#7992 = ORIENTED_EDGE('',*,*,#7976,.T.);
#7993 = ORIENTED_EDGE('',*,*,#7929,.F.);
#7994 = ORIENTED_EDGE('',*,*,#4988,.T.);
#7995 = ORIENTED_EDGE('',*,*,#7996,.T.);
#7996 = EDGE_CURVE('',#4980,#7968,#7997,.T.);
#7997 = LINE('',#7998,#7999);
#7998 = CARTESIAN_POINT('',(10.80844036243,-2.202282534598,-26.162));
#7999 = VECTOR('',#8000,1.);
#8000 = DIRECTION('',(1.203694254439E-13,-1.861018910145E-13,-1.));
#8001 = CYLINDRICAL_SURFACE('',#8002,0.51104025078);
#8002 = AXIS2_PLACEMENT_3D('',#8003,#8004,#8005);
#8003 = CARTESIAN_POINT('',(10.37894025078,-2.479215364019,-26.162));
#8004 = DIRECTION('',(0.,0.,-1.));
#8005 = DIRECTION('',(-1.,0.,0.));
#8006 = ADVANCED_FACE('',(#8007),#8026,.T.);
#8007 = FACE_BOUND('',#8008,.T.);
#8008 = EDGE_LOOP('',(#8009,#8017,#8018,#8019));
#8009 = ORIENTED_EDGE('',*,*,#8010,.F.);
#8010 = EDGE_CURVE('',#4971,#8011,#8013,.T.);
#8011 = VERTEX_POINT('',#8012);
#8012 = CARTESIAN_POINT('',(10.82006208426,2.220203293793,-28.8036));
#8013 = LINE('',#8014,#8015);
#8014 = CARTESIAN_POINT('',(10.82006208426,2.220203293793,-26.162));
#8015 = VECTOR('',#8016,1.);
#8016 = DIRECTION('',(6.253830483958E-14,9.46480258728E-14,-1.));
#8017 = ORIENTED_EDGE('',*,*,#4979,.T.);
#8018 = ORIENTED_EDGE('',*,*,#7996,.T.);
#8019 = ORIENTED_EDGE('',*,*,#8020,.F.);
#8020 = EDGE_CURVE('',#8011,#7968,#8021,.T.);
#8021 = CIRCLE('',#8022,4.064);
#8022 = AXIS2_PLACEMENT_3D('',#8023,#8024,#8025);
#8023 = CARTESIAN_POINT('',(14.224,0.,-28.8036));
#8024 = DIRECTION('',(0.,0.,-1.));
#8025 = DIRECTION('',(-0.837583148559,0.546309865599,0.));
#8026 = CYLINDRICAL_SURFACE('',#8027,4.064);
#8027 = AXIS2_PLACEMENT_3D('',#8028,#8029,#8030);
#8028 = CARTESIAN_POINT('',(14.224,0.,-26.162));
#8029 = DIRECTION('',(0.,0.,-1.));
#8030 = DIRECTION('',(-1.,0.,0.));
#8031 = ADVANCED_FACE('',(#8032),#8044,.T.);
#8032 = FACE_BOUND('',#8033,.T.);
#8033 = EDGE_LOOP('',(#8034,#8041,#8042,#8043));
#8034 = ORIENTED_EDGE('',*,*,#8035,.T.);
#8035 = EDGE_CURVE('',#5247,#8011,#8036,.T.);
#8036 = CIRCLE('',#8037,0.508);
#8037 = AXIS2_PLACEMENT_3D('',#8038,#8039,#8040);
#8038 = CARTESIAN_POINT('',(11.24555432373,1.942677882069,-28.8036));
#8039 = DIRECTION('',(0.546309865599,0.837583148559,0.));
#8040 = DIRECTION('',(0.,0.,-1.));
#8041 = ORIENTED_EDGE('',*,*,#8020,.T.);
#8042 = ORIENTED_EDGE('',*,*,#7967,.F.);
#8043 = ORIENTED_EDGE('',*,*,#5246,.F.);
#8044 = TOROIDAL_SURFACE('',#8045,3.556,0.508);
#8045 = AXIS2_PLACEMENT_3D('',#8046,#8047,#8048);
#8046 = CARTESIAN_POINT('',(14.224,0.,-28.8036));
#8047 = DIRECTION('',(0.,0.,-1.));
#8048 = DIRECTION('',(-0.838829850615,0.544393682657,0.));
#8049 = ADVANCED_FACE('',(#8050),#8070,.T.);
#8050 = FACE_BOUND('',#8051,.T.);
#8051 = EDGE_LOOP('',(#8052,#8061,#8068,#8069));
#8052 = ORIENTED_EDGE('',*,*,#8053,.T.);
#8053 = EDGE_CURVE('',#5256,#8054,#8056,.T.);
#8054 = VERTEX_POINT('',#8055);
#8055 = CARTESIAN_POINT('',(9.8679,2.503279213751,-28.8036));
#8056 = CIRCLE('',#8057,0.508);
#8057 = AXIS2_PLACEMENT_3D('',#8058,#8059,#8060);
#8058 = CARTESIAN_POINT('',(9.3599,2.503279213751,-28.8036));
#8059 = DIRECTION('',(0.,-1.,0.));
#8060 = DIRECTION('',(0.,0.,-1.));
#8061 = ORIENTED_EDGE('',*,*,#8062,.T.);
#8062 = EDGE_CURVE('',#8054,#8011,#8063,.T.);
#8063 = CIRCLE('',#8064,0.51816);
#8064 = AXIS2_PLACEMENT_3D('',#8065,#8066,#8067);
#8065 = CARTESIAN_POINT('',(10.38606,2.503279213751,-28.8036));
#8066 = DIRECTION('',(0.,0.,1.));
#8067 = DIRECTION('',(-1.,0.,0.));
#8068 = ORIENTED_EDGE('',*,*,#8035,.F.);
#8069 = ORIENTED_EDGE('',*,*,#5255,.F.);
#8070 = TOROIDAL_SURFACE('',#8071,1.02616,0.508);
#8071 = AXIS2_PLACEMENT_3D('',#8072,#8073,#8074);
#8072 = CARTESIAN_POINT('',(10.38606,2.503279213751,-28.8036));
#8073 = DIRECTION('',(0.,0.,-1.));
#8074 = DIRECTION('',(-0.999675649802,2.546753214455E-02,0.));
#8075 = ADVANCED_FACE('',(#8076),#8087,.F.);
#8076 = FACE_BOUND('',#8077,.F.);
#8077 = EDGE_LOOP('',(#8078,#8079,#8080,#8081));
#8078 = ORIENTED_EDGE('',*,*,#8062,.T.);
#8079 = ORIENTED_EDGE('',*,*,#8010,.F.);
#8080 = ORIENTED_EDGE('',*,*,#4970,.T.);
#8081 = ORIENTED_EDGE('',*,*,#8082,.T.);
#8082 = EDGE_CURVE('',#4963,#8054,#8083,.T.);
#8083 = LINE('',#8084,#8085);
#8084 = CARTESIAN_POINT('',(9.8679,2.503279213751,-26.162));
#8085 = VECTOR('',#8086,1.);
#8086 = DIRECTION('',(0.,2.666283641816E-13,-1.));
#8087 = CYLINDRICAL_SURFACE('',#8088,0.51816);
#8088 = AXIS2_PLACEMENT_3D('',#8089,#8090,#8091);
#8089 = CARTESIAN_POINT('',(10.38606,2.503279213751,-26.162));
#8090 = DIRECTION('',(0.,0.,-1.));
#8091 = DIRECTION('',(-1.,0.,0.));
#8092 = ADVANCED_FACE('',(#8093),#8111,.T.);
#8093 = FACE_BOUND('',#8094,.F.);
#8094 = EDGE_LOOP('',(#8095,#8103,#8104,#8105));
#8095 = ORIENTED_EDGE('',*,*,#8096,.T.);
#8096 = EDGE_CURVE('',#8097,#8054,#8099,.T.);
#8097 = VERTEX_POINT('',#8098);
#8098 = CARTESIAN_POINT('',(9.8679,6.862765480289,-28.8036));
#8099 = LINE('',#8100,#8101);
#8100 = CARTESIAN_POINT('',(9.8679,6.862765480289,-28.8036));
#8101 = VECTOR('',#8102,1.);
#8102 = DIRECTION('',(0.,-1.,0.));
#8103 = ORIENTED_EDGE('',*,*,#8082,.F.);
#8104 = ORIENTED_EDGE('',*,*,#4962,.F.);
#8105 = ORIENTED_EDGE('',*,*,#8106,.T.);
#8106 = EDGE_CURVE('',#4954,#8097,#8107,.T.);
#8107 = LINE('',#8108,#8109);
#8108 = CARTESIAN_POINT('',(9.8679,6.862765480289,-26.162));
#8109 = VECTOR('',#8110,1.);
#8110 = DIRECTION('',(0.,0.,-1.));
#8111 = PLANE('',#8112);
#8112 = AXIS2_PLACEMENT_3D('',#8113,#8114,#8115);
#8113 = CARTESIAN_POINT('',(9.8679,8.636,-26.162));
#8114 = DIRECTION('',(1.,0.,0.));
#8115 = DIRECTION('',(0.,-1.,0.));
#8116 = ADVANCED_FACE('',(#8117),#8129,.T.);
#8117 = FACE_BOUND('',#8118,.T.);
#8118 = EDGE_LOOP('',(#8119,#8126,#8127,#8128));
#8119 = ORIENTED_EDGE('',*,*,#8120,.F.);
#8120 = EDGE_CURVE('',#8097,#5265,#8121,.T.);
#8121 = CIRCLE('',#8122,0.508);
#8122 = AXIS2_PLACEMENT_3D('',#8123,#8124,#8125);
#8123 = CARTESIAN_POINT('',(9.3599,6.862765480289,-28.8036));
#8124 = DIRECTION('',(-0.,1.,0.));
#8125 = DIRECTION('',(1.,0.,0.));
#8126 = ORIENTED_EDGE('',*,*,#8096,.T.);
#8127 = ORIENTED_EDGE('',*,*,#8053,.F.);
#8128 = ORIENTED_EDGE('',*,*,#5264,.F.);
#8129 = CYLINDRICAL_SURFACE('',#8130,0.508);
#8130 = AXIS2_PLACEMENT_3D('',#8131,#8132,#8133);
#8131 = CARTESIAN_POINT('',(9.3599,63.58627872,-28.8036));
#8132 = DIRECTION('',(0.,-1.,0.));
#8133 = DIRECTION('',(0.,0.,-1.));
#8134 = ADVANCED_FACE('',(#8135),#8165,.T.);
#8135 = FACE_BOUND('',#8136,.T.);
#8136 = EDGE_LOOP('',(#8137,#8156,#8163,#8164));
#8137 = ORIENTED_EDGE('',*,*,#8138,.T.);
#8138 = EDGE_CURVE('',#5273,#8139,#8141,.T.);
#8139 = VERTEX_POINT('',#8140);
#8140 = CARTESIAN_POINT('',(10.3505,7.370130082917,-28.8036));
#8141 = B_SPLINE_CURVE_WITH_KNOTS('',3,(#8142,#8143,#8144,#8145,#8146,
    #8147,#8148,#8149,#8150,#8151,#8152,#8153,#8154,#8155),
  .UNSPECIFIED.,.F.,.F.,(4,1,1,1,1,1,1,1,1,1,1,4),(0.,9.090909090909E-02
    ,0.181818181818,0.272727272727,0.363636363636,0.454545454545,
    0.545454545455,0.636363636364,0.727272727273,0.818181818182,
    0.909090909091,1.),.UNSPECIFIED.);
#8142 = CARTESIAN_POINT('',(9.533636635795,7.430963003443,-29.3116));
#8143 = CARTESIAN_POINT('',(9.552326425112,7.427199895398,-29.3116));
#8144 = CARTESIAN_POINT('',(9.590441797289,7.419862419403,
    -29.30977265856));
#8145 = CARTESIAN_POINT('',(9.649792134819,7.409537229491,
    -29.30119432984));
#8146 = CARTESIAN_POINT('',(9.711418958288,7.399990141043,-29.2863161196
    ));
#8147 = CARTESIAN_POINT('',(9.77552355961,7.391316230453,-29.2645187036)
  );
#8148 = CARTESIAN_POINT('',(9.842518901279,7.383609637493,
    -29.23491579098));
#8149 = CARTESIAN_POINT('',(9.913041306266,7.376981562444,
    -29.19627054388));
#8150 = CARTESIAN_POINT('',(9.988636431144,7.371554789819,
    -29.14637120298));
#8151 = CARTESIAN_POINT('',(10.07017642759,7.36765153157,-29.08285375434
    ));
#8152 = CARTESIAN_POINT('',(10.15725518324,7.365712349695,
    -29.00462945934));
#8153 = CARTESIAN_POINT('',(10.24999310485,7.366171335687,
    -28.91152813364));
#8154 = CARTESIAN_POINT('',(10.31596345908,7.368401093282,
    -28.84074465585));
#8155 = CARTESIAN_POINT('',(10.3505,7.370130082917,-28.8036));
#8156 = ORIENTED_EDGE('',*,*,#8157,.T.);
#8157 = EDGE_CURVE('',#8139,#8097,#8158,.T.);
#8158 = CIRCLE('',#8159,0.508);
#8159 = AXIS2_PLACEMENT_3D('',#8160,#8161,#8162);
#8160 = CARTESIAN_POINT('',(10.3759,6.862765480289,-28.8036));
#8161 = DIRECTION('',(0.,0.,1.));
#8162 = DIRECTION('',(-5.E-02,0.998749217772,0.));
#8163 = ORIENTED_EDGE('',*,*,#8120,.T.);
#8164 = ORIENTED_EDGE('',*,*,#5272,.T.);
#8165 = TOROIDAL_SURFACE('',#8166,1.016,0.508);
#8166 = AXIS2_PLACEMENT_3D('',#8167,#8168,#8169);
#8167 = CARTESIAN_POINT('',(10.3759,6.862765480289,-28.8036));
#8168 = DIRECTION('',(0.,0.,-1.));
#8169 = DIRECTION('',(-0.999816253059,-1.916924930448E-02,-0.));
#8170 = ADVANCED_FACE('',(#8171),#8182,.F.);
#8171 = FACE_BOUND('',#8172,.F.);
#8172 = EDGE_LOOP('',(#8173,#8174,#8180,#8181));
#8173 = ORIENTED_EDGE('',*,*,#4953,.T.);
#8174 = ORIENTED_EDGE('',*,*,#8175,.T.);
#8175 = EDGE_CURVE('',#4945,#8139,#8176,.T.);
#8176 = LINE('',#8177,#8178);
#8177 = CARTESIAN_POINT('',(10.3505,7.370130082917,-26.162));
#8178 = VECTOR('',#8179,1.);
#8179 = DIRECTION('',(0.,0.,-1.));
#8180 = ORIENTED_EDGE('',*,*,#8157,.T.);
#8181 = ORIENTED_EDGE('',*,*,#8106,.F.);
#8182 = CYLINDRICAL_SURFACE('',#8183,0.508);
#8183 = AXIS2_PLACEMENT_3D('',#8184,#8185,#8186);
#8184 = CARTESIAN_POINT('',(10.3759,6.862765480289,40.1532852));
#8185 = DIRECTION('',(0.,0.,-1.));
#8186 = DIRECTION('',(-1.,0.,0.));
#8187 = ADVANCED_FACE('',(#8188),#8243,.T.);
#8188 = FACE_BOUND('',#8189,.T.);
#8189 = EDGE_LOOP('',(#8190,#8198,#8199,#8200,#8201,#8202,#8221,#8227,
    #8228,#8236));
#8190 = ORIENTED_EDGE('',*,*,#8191,.F.);
#8191 = EDGE_CURVE('',#4936,#8192,#8194,.T.);
#8192 = VERTEX_POINT('',#8193);
#8193 = CARTESIAN_POINT('',(13.4874,10.668,-29.845));
#8194 = LINE('',#8195,#8196);
#8195 = CARTESIAN_POINT('',(13.4874,10.668,-26.162));
#8196 = VECTOR('',#8197,1.);
#8197 = DIRECTION('',(0.,0.,-1.));
#8198 = ORIENTED_EDGE('',*,*,#4944,.T.);
#8199 = ORIENTED_EDGE('',*,*,#8175,.T.);
#8200 = ORIENTED_EDGE('',*,*,#8138,.F.);
#8201 = ORIENTED_EDGE('',*,*,#5281,.T.);
#8202 = ORIENTED_EDGE('',*,*,#8203,.F.);
#8203 = EDGE_CURVE('',#8204,#5282,#8206,.T.);
#8204 = VERTEX_POINT('',#8205);
#8205 = CARTESIAN_POINT('',(7.159067011051,9.3472,-28.8036));
#8206 = B_SPLINE_CURVE_WITH_KNOTS('',3,(#8207,#8208,#8209,#8210,#8211,
    #8212,#8213,#8214,#8215,#8216,#8217,#8218,#8219,#8220),
  .UNSPECIFIED.,.F.,.F.,(4,1,1,1,1,1,1,1,1,1,1,4),(0.,9.090909090909E-02
    ,0.181818181818,0.272727272727,0.363636363636,0.454545454545,
    0.545454545455,0.636363636364,0.727272727273,0.818181818182,
    0.909090909091,1.),.UNSPECIFIED.);
#8207 = CARTESIAN_POINT('',(7.159067011051,9.3472,-28.8036));
#8208 = CARTESIAN_POINT('',(7.172539523896,9.316330595043,
    -28.83977950065));
#8209 = CARTESIAN_POINT('',(7.199235208401,9.257692077762,
    -28.90889636673));
#8210 = CARTESIAN_POINT('',(7.239547984354,9.175429853188,
    -29.00111905079));
#8211 = CARTESIAN_POINT('',(7.27900643281,9.100093939419,-29.07798160185
    ));
#8212 = CARTESIAN_POINT('',(7.317955978393,9.030006002909,
    -29.14120802159));
#8213 = CARTESIAN_POINT('',(7.356895223333,8.963701587048,-29.1926911793
    ));
#8214 = CARTESIAN_POINT('',(7.395069527599,8.901956510918,-29.2328591918
    ));
#8215 = CARTESIAN_POINT('',(7.432291269041,8.844519844644,
    -29.26327591791));
#8216 = CARTESIAN_POINT('',(7.468954108243,8.790368285892,
    -29.28560516053));
#8217 = CARTESIAN_POINT('',(7.505406477403,8.738718637268,
    -29.30089933128));
#8218 = CARTESIAN_POINT('',(7.541572541653,8.689469548608,
    -29.30972042878));
#8219 = CARTESIAN_POINT('',(7.565446024181,8.658169395155,-29.3116));
#8220 = CARTESIAN_POINT('',(7.577304949173,8.642896495028,-29.3116));
#8221 = ORIENTED_EDGE('',*,*,#8222,.T.);
#8222 = EDGE_CURVE('',#8204,#4918,#8223,.T.);
#8223 = LINE('',#8224,#8225);
#8224 = CARTESIAN_POINT('',(7.159067011051,9.3472,-28.8036));
#8225 = VECTOR('',#8226,1.);
#8226 = DIRECTION('',(0.,0.,1.));
#8227 = ORIENTED_EDGE('',*,*,#4926,.T.);
#8228 = ORIENTED_EDGE('',*,*,#8229,.T.);
#8229 = EDGE_CURVE('',#4927,#8230,#8232,.T.);
#8230 = VERTEX_POINT('',#8231);
#8231 = CARTESIAN_POINT('',(6.8834,10.668,-29.845));
#8232 = LINE('',#8233,#8234);
#8233 = CARTESIAN_POINT('',(6.8834,10.668,-26.162));
#8234 = VECTOR('',#8235,1.);
#8235 = DIRECTION('',(0.,0.,-1.));
#8236 = ORIENTED_EDGE('',*,*,#8237,.F.);
#8237 = EDGE_CURVE('',#8192,#8230,#8238,.T.);
#8238 = CIRCLE('',#8239,3.302);
#8239 = AXIS2_PLACEMENT_3D('',#8240,#8241,#8242);
#8240 = CARTESIAN_POINT('',(10.1854,10.668,-29.845));
#8241 = DIRECTION('',(0.,0.,-1.));
#8242 = DIRECTION('',(1.,0.,0.));
#8243 = CYLINDRICAL_SURFACE('',#8244,3.302);
#8244 = AXIS2_PLACEMENT_3D('',#8245,#8246,#8247);
#8245 = CARTESIAN_POINT('',(10.1854,10.668,-26.162));
#8246 = DIRECTION('',(0.,0.,-1.));
#8247 = DIRECTION('',(-1.,0.,0.));
#8248 = ADVANCED_FACE('',(#8249),#8267,.T.);
#8249 = FACE_BOUND('',#8250,.T.);
#8250 = EDGE_LOOP('',(#8251,#8258,#8259,#8266));
#8251 = ORIENTED_EDGE('',*,*,#8252,.T.);
#8252 = EDGE_CURVE('',#5702,#8192,#8253,.T.);
#8253 = CIRCLE('',#8254,0.508);
#8254 = AXIS2_PLACEMENT_3D('',#8255,#8256,#8257);
#8255 = CARTESIAN_POINT('',(12.9794,10.668,-29.845));
#8256 = DIRECTION('',(0.,-1.,0.));
#8257 = DIRECTION('',(0.,0.,-1.));
#8258 = ORIENTED_EDGE('',*,*,#8237,.T.);
#8259 = ORIENTED_EDGE('',*,*,#8260,.F.);
#8260 = EDGE_CURVE('',#5700,#8230,#8261,.T.);
#8261 = CIRCLE('',#8262,0.508);
#8262 = AXIS2_PLACEMENT_3D('',#8263,#8264,#8265);
#8263 = CARTESIAN_POINT('',(7.3914,10.668,-29.845));
#8264 = DIRECTION('',(0.,1.,0.));
#8265 = DIRECTION('',(0.,0.,-1.));
#8266 = ORIENTED_EDGE('',*,*,#5710,.F.);
#8267 = TOROIDAL_SURFACE('',#8268,2.794,0.508);
#8268 = AXIS2_PLACEMENT_3D('',#8269,#8270,#8271);
#8269 = CARTESIAN_POINT('',(10.1854,10.668,-29.845));
#8270 = DIRECTION('',(0.,0.,-1.));
#8271 = DIRECTION('',(0.99999604183,2.813596491317E-03,0.));
#8272 = ADVANCED_FACE('',(#8273),#8285,.T.);
#8273 = FACE_BOUND('',#8274,.T.);
#8274 = EDGE_LOOP('',(#8275,#8276,#8283,#8284));
#8275 = ORIENTED_EDGE('',*,*,#8260,.T.);
#8276 = ORIENTED_EDGE('',*,*,#8277,.T.);
#8277 = EDGE_CURVE('',#8230,#8192,#8278,.T.);
#8278 = CIRCLE('',#8279,3.302);
#8279 = AXIS2_PLACEMENT_3D('',#8280,#8281,#8282);
#8280 = CARTESIAN_POINT('',(10.1854,10.668,-29.845));
#8281 = DIRECTION('',(0.,0.,-1.));
#8282 = DIRECTION('',(-1.,0.,0.));
#8283 = ORIENTED_EDGE('',*,*,#8252,.F.);
#8284 = ORIENTED_EDGE('',*,*,#5699,.F.);
#8285 = TOROIDAL_SURFACE('',#8286,2.794,0.508);
#8286 = AXIS2_PLACEMENT_3D('',#8287,#8288,#8289);
#8287 = CARTESIAN_POINT('',(10.1854,10.668,-29.845));
#8288 = DIRECTION('',(0.,0.,-1.));
#8289 = DIRECTION('',(-0.99999604183,-2.813596491317E-03,-0.));
#8290 = ADVANCED_FACE('',(#8291),#8297,.T.);
#8291 = FACE_BOUND('',#8292,.T.);
#8292 = EDGE_LOOP('',(#8293,#8294,#8295,#8296));
#8293 = ORIENTED_EDGE('',*,*,#8229,.F.);
#8294 = ORIENTED_EDGE('',*,*,#4935,.T.);
#8295 = ORIENTED_EDGE('',*,*,#8191,.T.);
#8296 = ORIENTED_EDGE('',*,*,#8277,.F.);
#8297 = CYLINDRICAL_SURFACE('',#8298,3.302);
#8298 = AXIS2_PLACEMENT_3D('',#8299,#8300,#8301);
#8299 = CARTESIAN_POINT('',(10.1854,10.668,-26.162));
#8300 = DIRECTION('',(0.,0.,-1.));
#8301 = DIRECTION('',(-1.,0.,0.));
#8302 = ADVANCED_FACE('',(#8303),#8322,.F.);
#8303 = FACE_BOUND('',#8304,.F.);
#8304 = EDGE_LOOP('',(#8305,#8306,#8314,#8321));
#8305 = ORIENTED_EDGE('',*,*,#4917,.T.);
#8306 = ORIENTED_EDGE('',*,*,#8307,.F.);
#8307 = EDGE_CURVE('',#8308,#4910,#8310,.T.);
#8308 = VERTEX_POINT('',#8309);
#8309 = CARTESIAN_POINT('',(6.693477320444,8.636,-28.8036));
#8310 = LINE('',#8311,#8312);
#8311 = CARTESIAN_POINT('',(6.693477320444,8.636,-28.8036));
#8312 = VECTOR('',#8313,1.);
#8313 = DIRECTION('',(0.,0.,1.));
#8314 = ORIENTED_EDGE('',*,*,#8315,.F.);
#8315 = EDGE_CURVE('',#8204,#8308,#8316,.T.);
#8316 = CIRCLE('',#8317,0.508);
#8317 = AXIS2_PLACEMENT_3D('',#8318,#8319,#8320);
#8318 = CARTESIAN_POINT('',(6.693477320444,9.144,-28.8036));
#8319 = DIRECTION('',(0.,0.,-1.));
#8320 = DIRECTION('',(0.916515138991,0.4,0.));
#8321 = ORIENTED_EDGE('',*,*,#8222,.T.);
#8322 = CYLINDRICAL_SURFACE('',#8323,0.508);
#8323 = AXIS2_PLACEMENT_3D('',#8324,#8325,#8326);
#8324 = CARTESIAN_POINT('',(6.693477320444,9.144,-70.2522852));
#8325 = DIRECTION('',(0.,0.,1.));
#8326 = DIRECTION('',(0.,-1.,0.));
#8327 = ADVANCED_FACE('',(#8328),#8346,.T.);
#8328 = FACE_BOUND('',#8329,.F.);
#8329 = EDGE_LOOP('',(#8330,#8331,#8332,#8340));
#8330 = ORIENTED_EDGE('',*,*,#8307,.T.);
#8331 = ORIENTED_EDGE('',*,*,#4909,.F.);
#8332 = ORIENTED_EDGE('',*,*,#8333,.T.);
#8333 = EDGE_CURVE('',#4901,#8334,#8336,.T.);
#8334 = VERTEX_POINT('',#8335);
#8335 = CARTESIAN_POINT('',(-3.620077320444,8.636,-28.8036));
#8336 = LINE('',#8337,#8338);
#8337 = CARTESIAN_POINT('',(-3.620077320444,8.636,-26.162));
#8338 = VECTOR('',#8339,1.);
#8339 = DIRECTION('',(0.,0.,-1.));
#8340 = ORIENTED_EDGE('',*,*,#8341,.T.);
#8341 = EDGE_CURVE('',#8334,#8308,#8342,.T.);
#8342 = LINE('',#8343,#8344);
#8343 = CARTESIAN_POINT('',(-3.620077320444,8.636,-28.8036));
#8344 = VECTOR('',#8345,1.);
#8345 = DIRECTION('',(1.,0.,0.));
#8346 = PLANE('',#8347);
#8347 = AXIS2_PLACEMENT_3D('',#8348,#8349,#8350);
#8348 = CARTESIAN_POINT('',(-6.7691,8.636,-26.162));
#8349 = DIRECTION('',(0.,1.,0.));
#8350 = DIRECTION('',(1.,0.,0.));
#8351 = ADVANCED_FACE('',(#8352),#8371,.F.);
#8352 = FACE_BOUND('',#8353,.F.);
#8353 = EDGE_LOOP('',(#8354,#8355,#8363,#8370));
#8354 = ORIENTED_EDGE('',*,*,#4900,.T.);
#8355 = ORIENTED_EDGE('',*,*,#8356,.T.);
#8356 = EDGE_CURVE('',#4892,#8357,#8359,.T.);
#8357 = VERTEX_POINT('',#8358);
#8358 = CARTESIAN_POINT('',(-4.085667011051,9.3472,-28.8036));
#8359 = LINE('',#8360,#8361);
#8360 = CARTESIAN_POINT('',(-4.085667011051,9.3472,-26.162));
#8361 = VECTOR('',#8362,1.);
#8362 = DIRECTION('',(0.,0.,-1.));
#8363 = ORIENTED_EDGE('',*,*,#8364,.F.);
#8364 = EDGE_CURVE('',#8334,#8357,#8365,.T.);
#8365 = CIRCLE('',#8366,0.508);
#8366 = AXIS2_PLACEMENT_3D('',#8367,#8368,#8369);
#8367 = CARTESIAN_POINT('',(-3.620077320444,9.144,-28.8036));
#8368 = DIRECTION('',(0.,0.,-1.));
#8369 = DIRECTION('',(0.,-1.,0.));
#8370 = ORIENTED_EDGE('',*,*,#8333,.F.);
#8371 = CYLINDRICAL_SURFACE('',#8372,0.508);
#8372 = AXIS2_PLACEMENT_3D('',#8373,#8374,#8375);
#8373 = CARTESIAN_POINT('',(-3.620077320444,9.144,40.1532852));
#8374 = DIRECTION('',(0.,0.,-1.));
#8375 = DIRECTION('',(0.,-1.,0.));
#8376 = ADVANCED_FACE('',(#8377),#8448,.T.);
#8377 = FACE_BOUND('',#8378,.T.);
#8378 = EDGE_LOOP('',(#8379,#8387,#8388,#8389,#8406,#8407,#8426,#8432,
    #8433,#8441));
#8379 = ORIENTED_EDGE('',*,*,#8380,.F.);
#8380 = EDGE_CURVE('',#4883,#8381,#8383,.T.);
#8381 = VERTEX_POINT('',#8382);
#8382 = CARTESIAN_POINT('',(-3.81,10.668,-29.845));
#8383 = LINE('',#8384,#8385);
#8384 = CARTESIAN_POINT('',(-3.81,10.668,-26.162));
#8385 = VECTOR('',#8386,1.);
#8386 = DIRECTION('',(0.,0.,-1.));
#8387 = ORIENTED_EDGE('',*,*,#4891,.T.);
#8388 = ORIENTED_EDGE('',*,*,#8356,.T.);
#8389 = ORIENTED_EDGE('',*,*,#8390,.F.);
#8390 = EDGE_CURVE('',#5308,#8357,#8391,.T.);
#8391 = B_SPLINE_CURVE_WITH_KNOTS('',3,(#8392,#8393,#8394,#8395,#8396,
    #8397,#8398,#8399,#8400,#8401,#8402,#8403,#8404,#8405),
  .UNSPECIFIED.,.F.,.F.,(4,1,1,1,1,1,1,1,1,1,1,4),(0.,9.090909090909E-02
    ,0.181818181818,0.272727272727,0.363636363636,0.454545454545,
    0.545454545455,0.636363636364,0.727272727273,0.818181818182,
    0.909090909091,1.),.UNSPECIFIED.);
#8392 = CARTESIAN_POINT('',(-4.503904949173,8.642896495028,-29.3116));
#8393 = CARTESIAN_POINT('',(-4.492056756779,8.658155572832,-29.3116));
#8394 = CARTESIAN_POINT('',(-4.468200761587,8.689432486809,
    -29.3097228959));
#8395 = CARTESIAN_POINT('',(-4.43206787653,8.738633500517,
    -29.30091919442));
#8396 = CARTESIAN_POINT('',(-4.395599775921,8.790302007505,
    -29.28562928511));
#8397 = CARTESIAN_POINT('',(-4.358954696194,8.844425135007,
    -29.26331777749));
#8398 = CARTESIAN_POINT('',(-4.321794863242,8.901760206247,
    -29.2329707559));
#8399 = CARTESIAN_POINT('',(-4.283653437609,8.963438764763,
    -29.19287958378));
#8400 = CARTESIAN_POINT('',(-4.244653789659,9.029832383662,
    -29.14135952478));
#8401 = CARTESIAN_POINT('',(-4.205638979508,9.100032066077,
    -29.07804434346));
#8402 = CARTESIAN_POINT('',(-4.166158908623,9.175407833993,
    -29.00114339784));
#8403 = CARTESIAN_POINT('',(-4.125837608812,9.257686683677,
    -28.90890285583));
#8404 = CARTESIAN_POINT('',(-4.09913971052,9.316330167435,
    -28.83978000181));
#8405 = CARTESIAN_POINT('',(-4.085667011051,9.3472,-28.8036));
#8406 = ORIENTED_EDGE('',*,*,#5316,.T.);
#8407 = ORIENTED_EDGE('',*,*,#8408,.F.);
#8408 = EDGE_CURVE('',#8409,#5317,#8411,.T.);
#8409 = VERTEX_POINT('',#8410);
#8410 = CARTESIAN_POINT('',(-7.255086666667,7.369101667856,-28.8036));
#8411 = B_SPLINE_CURVE_WITH_KNOTS('',3,(#8412,#8413,#8414,#8415,#8416,
    #8417,#8418,#8419,#8420,#8421,#8422,#8423,#8424,#8425),
  .UNSPECIFIED.,.F.,.F.,(4,1,1,1,1,1,1,1,1,1,1,4),(0.,9.090909090909E-02
    ,0.181818181818,0.272727272727,0.363636363636,0.454545454545,
    0.545454545455,0.636363636364,0.727272727273,0.818181818182,
    0.909090909091,1.),.UNSPECIFIED.);
#8412 = CARTESIAN_POINT('',(-7.255086666667,7.369101667856,-28.8036));
#8413 = CARTESIAN_POINT('',(-7.220535878925,7.367603059366,
    -28.84074839412));
#8414 = CARTESIAN_POINT('',(-7.154544119713,7.365813472975,
    -28.91154053428));
#8415 = CARTESIAN_POINT('',(-7.061784693483,7.365974015965,-29.004660834
    ));
#8416 = CARTESIAN_POINT('',(-6.974701908719,7.368496025694,
    -29.08289712639));
#8417 = CARTESIAN_POINT('',(-6.893179750297,7.37294534023,
    -29.14641557521));
#8418 = CARTESIAN_POINT('',(-6.817616028408,7.37887865236,
    -29.19631098478));
#8419 = CARTESIAN_POINT('',(-6.747160711774,7.385976391493,
    -29.23493802293));
#8420 = CARTESIAN_POINT('',(-6.680226348774,7.394129748514,
    -29.26453337656));
#8421 = CARTESIAN_POINT('',(-6.61619257798,7.403230334576,
    -29.28632347895));
#8422 = CARTESIAN_POINT('',(-6.554640115933,7.413187405844,
    -29.30119740912));
#8423 = CARTESIAN_POINT('',(-6.49536891233,7.423907098759,
    -29.30977318964));
#8424 = CARTESIAN_POINT('',(-6.457308997017,7.431497713154,-29.3116));
#8425 = CARTESIAN_POINT('',(-6.438647487472,7.435384898589,-29.3116));
#8426 = ORIENTED_EDGE('',*,*,#8427,.T.);
#8427 = EDGE_CURVE('',#8409,#4865,#8428,.T.);
#8428 = LINE('',#8429,#8430);
#8429 = CARTESIAN_POINT('',(-7.255086666667,7.369101667856,-28.8036));
#8430 = VECTOR('',#8431,1.);
#8431 = DIRECTION('',(0.,0.,1.));
#8432 = ORIENTED_EDGE('',*,*,#4873,.T.);
#8433 = ORIENTED_EDGE('',*,*,#8434,.T.);
#8434 = EDGE_CURVE('',#4874,#8435,#8437,.T.);
#8435 = VERTEX_POINT('',#8436);
#8436 = CARTESIAN_POINT('',(-10.414,10.668,-29.845));
#8437 = LINE('',#8438,#8439);
#8438 = CARTESIAN_POINT('',(-10.414,10.668,-26.162));
#8439 = VECTOR('',#8440,1.);
#8440 = DIRECTION('',(0.,0.,-1.));
#8441 = ORIENTED_EDGE('',*,*,#8442,.F.);
#8442 = EDGE_CURVE('',#8381,#8435,#8443,.T.);
#8443 = CIRCLE('',#8444,3.302);
#8444 = AXIS2_PLACEMENT_3D('',#8445,#8446,#8447);
#8445 = CARTESIAN_POINT('',(-7.112,10.668,-29.845));
#8446 = DIRECTION('',(0.,0.,-1.));
#8447 = DIRECTION('',(1.,0.,0.));
#8448 = CYLINDRICAL_SURFACE('',#8449,3.302);
#8449 = AXIS2_PLACEMENT_3D('',#8450,#8451,#8452);
#8450 = CARTESIAN_POINT('',(-7.112,10.668,-26.162));
#8451 = DIRECTION('',(0.,0.,-1.));
#8452 = DIRECTION('',(-1.,0.,0.));
#8453 = ADVANCED_FACE('',(#8454),#8472,.T.);
#8454 = FACE_BOUND('',#8455,.T.);
#8455 = EDGE_LOOP('',(#8456,#8463,#8464,#8471));
#8456 = ORIENTED_EDGE('',*,*,#8457,.T.);
#8457 = EDGE_CURVE('',#5656,#8381,#8458,.T.);
#8458 = CIRCLE('',#8459,0.508);
#8459 = AXIS2_PLACEMENT_3D('',#8460,#8461,#8462);
#8460 = CARTESIAN_POINT('',(-4.318,10.668,-29.845));
#8461 = DIRECTION('',(0.,-1.,0.));
#8462 = DIRECTION('',(0.,0.,-1.));
#8463 = ORIENTED_EDGE('',*,*,#8442,.T.);
#8464 = ORIENTED_EDGE('',*,*,#8465,.F.);
#8465 = EDGE_CURVE('',#5654,#8435,#8466,.T.);
#8466 = CIRCLE('',#8467,0.508);
#8467 = AXIS2_PLACEMENT_3D('',#8468,#8469,#8470);
#8468 = CARTESIAN_POINT('',(-9.906,10.668,-29.845));
#8469 = DIRECTION('',(0.,1.,0.));
#8470 = DIRECTION('',(0.,0.,-1.));
#8471 = ORIENTED_EDGE('',*,*,#5664,.F.);
#8472 = TOROIDAL_SURFACE('',#8473,2.794,0.508);
#8473 = AXIS2_PLACEMENT_3D('',#8474,#8475,#8476);
#8474 = CARTESIAN_POINT('',(-7.112,10.668,-29.845));
#8475 = DIRECTION('',(0.,0.,-1.));
#8476 = DIRECTION('',(0.99999604183,2.813596491317E-03,0.));
#8477 = ADVANCED_FACE('',(#8478),#8490,.T.);
#8478 = FACE_BOUND('',#8479,.T.);
#8479 = EDGE_LOOP('',(#8480,#8481,#8488,#8489));
#8480 = ORIENTED_EDGE('',*,*,#8465,.T.);
#8481 = ORIENTED_EDGE('',*,*,#8482,.T.);
#8482 = EDGE_CURVE('',#8435,#8381,#8483,.T.);
#8483 = CIRCLE('',#8484,3.302);
#8484 = AXIS2_PLACEMENT_3D('',#8485,#8486,#8487);
#8485 = CARTESIAN_POINT('',(-7.112,10.668,-29.845));
#8486 = DIRECTION('',(0.,0.,-1.));
#8487 = DIRECTION('',(-1.,0.,0.));
#8488 = ORIENTED_EDGE('',*,*,#8457,.F.);
#8489 = ORIENTED_EDGE('',*,*,#5653,.F.);
#8490 = TOROIDAL_SURFACE('',#8491,2.794,0.508);
#8491 = AXIS2_PLACEMENT_3D('',#8492,#8493,#8494);
#8492 = CARTESIAN_POINT('',(-7.112,10.668,-29.845));
#8493 = DIRECTION('',(0.,0.,-1.));
#8494 = DIRECTION('',(-0.99999604183,-2.813596491317E-03,-0.));
#8495 = ADVANCED_FACE('',(#8496),#8502,.T.);
#8496 = FACE_BOUND('',#8497,.T.);
#8497 = EDGE_LOOP('',(#8498,#8499,#8500,#8501));
#8498 = ORIENTED_EDGE('',*,*,#8434,.F.);
#8499 = ORIENTED_EDGE('',*,*,#4882,.T.);
#8500 = ORIENTED_EDGE('',*,*,#8380,.T.);
#8501 = ORIENTED_EDGE('',*,*,#8482,.F.);
#8502 = CYLINDRICAL_SURFACE('',#8503,3.302);
#8503 = AXIS2_PLACEMENT_3D('',#8504,#8505,#8506);
#8504 = CARTESIAN_POINT('',(-7.112,10.668,-26.162));
#8505 = DIRECTION('',(0.,0.,-1.));
#8506 = DIRECTION('',(-1.,0.,0.));
#8507 = ADVANCED_FACE('',(#8508),#8527,.F.);
#8508 = FACE_BOUND('',#8509,.F.);
#8509 = EDGE_LOOP('',(#8510,#8511,#8519,#8526));
#8510 = ORIENTED_EDGE('',*,*,#4864,.T.);
#8511 = ORIENTED_EDGE('',*,*,#8512,.F.);
#8512 = EDGE_CURVE('',#8513,#4857,#8515,.T.);
#8513 = VERTEX_POINT('',#8514);
#8514 = CARTESIAN_POINT('',(-6.7691,6.861578847526,-28.8036));
#8515 = LINE('',#8516,#8517);
#8516 = CARTESIAN_POINT('',(-6.7691,6.861578847526,-28.8036));
#8517 = VECTOR('',#8518,1.);
#8518 = DIRECTION('',(0.,0.,1.));
#8519 = ORIENTED_EDGE('',*,*,#8520,.T.);
#8520 = EDGE_CURVE('',#8513,#8409,#8521,.T.);
#8521 = CIRCLE('',#8522,0.508);
#8522 = AXIS2_PLACEMENT_3D('',#8523,#8524,#8525);
#8523 = CARTESIAN_POINT('',(-7.2771,6.861578847526,-28.8036));
#8524 = DIRECTION('',(0.,0.,1.));
#8525 = DIRECTION('',(1.,0.,-0.));
#8526 = ORIENTED_EDGE('',*,*,#8427,.T.);
#8527 = CYLINDRICAL_SURFACE('',#8528,0.508);
#8528 = AXIS2_PLACEMENT_3D('',#8529,#8530,#8531);
#8529 = CARTESIAN_POINT('',(-7.2771,6.861578847526,-70.2522852));
#8530 = DIRECTION('',(0.,0.,1.));
#8531 = DIRECTION('',(1.,0.,-0.));
#8532 = ADVANCED_FACE('',(#8533),#8551,.T.);
#8533 = FACE_BOUND('',#8534,.F.);
#8534 = EDGE_LOOP('',(#8535,#8543,#8544,#8545));
#8535 = ORIENTED_EDGE('',*,*,#8536,.T.);
#8536 = EDGE_CURVE('',#8537,#8513,#8539,.T.);
#8537 = VERTEX_POINT('',#8538);
#8538 = CARTESIAN_POINT('',(-6.7691,-6.861578847526,-28.8036));
#8539 = LINE('',#8540,#8541);
#8540 = CARTESIAN_POINT('',(-6.7691,-6.861578847526,-28.8036));
#8541 = VECTOR('',#8542,1.);
#8542 = DIRECTION('',(0.,1.,0.));
#8543 = ORIENTED_EDGE('',*,*,#8512,.T.);
#8544 = ORIENTED_EDGE('',*,*,#4856,.F.);
#8545 = ORIENTED_EDGE('',*,*,#8546,.T.);
#8546 = EDGE_CURVE('',#4848,#8537,#8547,.T.);
#8547 = LINE('',#8548,#8549);
#8548 = CARTESIAN_POINT('',(-6.7691,-6.861578847526,-26.162));
#8549 = VECTOR('',#8550,1.);
#8550 = DIRECTION('',(0.,0.,-1.));
#8551 = PLANE('',#8552);
#8552 = AXIS2_PLACEMENT_3D('',#8553,#8554,#8555);
#8553 = CARTESIAN_POINT('',(-6.7691,-8.636,-26.162));
#8554 = DIRECTION('',(-1.,0.,0.));
#8555 = DIRECTION('',(0.,1.,0.));
#8556 = ADVANCED_FACE('',(#8557),#8575,.T.);
#8557 = FACE_BOUND('',#8558,.T.);
#8558 = EDGE_LOOP('',(#8559,#8566,#8567,#8574));
#8559 = ORIENTED_EDGE('',*,*,#8560,.F.);
#8560 = EDGE_CURVE('',#5326,#8513,#8561,.T.);
#8561 = CIRCLE('',#8562,0.508);
#8562 = AXIS2_PLACEMENT_3D('',#8563,#8564,#8565);
#8563 = CARTESIAN_POINT('',(-6.2611,6.861578847526,-28.8036));
#8564 = DIRECTION('',(0.,1.,0.));
#8565 = DIRECTION('',(0.,0.,-1.));
#8566 = ORIENTED_EDGE('',*,*,#5334,.F.);
#8567 = ORIENTED_EDGE('',*,*,#8568,.F.);
#8568 = EDGE_CURVE('',#8537,#5335,#8569,.T.);
#8569 = CIRCLE('',#8570,0.508);
#8570 = AXIS2_PLACEMENT_3D('',#8571,#8572,#8573);
#8571 = CARTESIAN_POINT('',(-6.2611,-6.861578847526,-28.8036));
#8572 = DIRECTION('',(0.,-1.,0.));
#8573 = DIRECTION('',(-1.,0.,0.));
#8574 = ORIENTED_EDGE('',*,*,#8536,.T.);
#8575 = CYLINDRICAL_SURFACE('',#8576,0.508);
#8576 = AXIS2_PLACEMENT_3D('',#8577,#8578,#8579);
#8577 = CARTESIAN_POINT('',(-6.2611,-63.58627872,-28.8036));
#8578 = DIRECTION('',(0.,1.,0.));
#8579 = DIRECTION('',(0.,0.,-1.));
#8580 = ADVANCED_FACE('',(#8581),#8593,.T.);
#8581 = FACE_BOUND('',#8582,.T.);
#8582 = EDGE_LOOP('',(#8583,#8584,#8585,#8586));
#8583 = ORIENTED_EDGE('',*,*,#8568,.T.);
#8584 = ORIENTED_EDGE('',*,*,#5342,.T.);
#8585 = ORIENTED_EDGE('',*,*,#5470,.T.);
#8586 = ORIENTED_EDGE('',*,*,#8587,.T.);
#8587 = EDGE_CURVE('',#5463,#8537,#8588,.T.);
#8588 = CIRCLE('',#8589,0.508);
#8589 = AXIS2_PLACEMENT_3D('',#8590,#8591,#8592);
#8590 = CARTESIAN_POINT('',(-7.2771,-6.861578847526,-28.8036));
#8591 = DIRECTION('',(0.,0.,1.));
#8592 = DIRECTION('',(4.333333333333E-02,-0.999060669941,0.));
#8593 = TOROIDAL_SURFACE('',#8594,1.016,0.508);
#8594 = AXIS2_PLACEMENT_3D('',#8595,#8596,#8597);
#8595 = CARTESIAN_POINT('',(-7.2771,-6.861578847526,-28.8036));
#8596 = DIRECTION('',(0.,0.,-1.));
#8597 = DIRECTION('',(0.999816253059,1.916924930447E-02,0.));
#8598 = ADVANCED_FACE('',(#8599),#8605,.F.);
#8599 = FACE_BOUND('',#8600,.F.);
#8600 = EDGE_LOOP('',(#8601,#8602,#8603,#8604));
#8601 = ORIENTED_EDGE('',*,*,#8587,.T.);
#8602 = ORIENTED_EDGE('',*,*,#8546,.F.);
#8603 = ORIENTED_EDGE('',*,*,#4847,.T.);
#8604 = ORIENTED_EDGE('',*,*,#5462,.T.);
#8605 = CYLINDRICAL_SURFACE('',#8606,0.508);
#8606 = AXIS2_PLACEMENT_3D('',#8607,#8608,#8609);
#8607 = CARTESIAN_POINT('',(-7.2771,-6.861578847526,40.1532852));
#8608 = DIRECTION('',(0.,0.,-1.));
#8609 = DIRECTION('',(1.,0.,0.));
#8610 = ADVANCED_FACE('',(#8611),#8617,.T.);
#8611 = FACE_BOUND('',#8612,.T.);
#8612 = EDGE_LOOP('',(#8613,#8614,#8615,#8616));
#8613 = ORIENTED_EDGE('',*,*,#8520,.T.);
#8614 = ORIENTED_EDGE('',*,*,#8408,.T.);
#8615 = ORIENTED_EDGE('',*,*,#5325,.T.);
#8616 = ORIENTED_EDGE('',*,*,#8560,.T.);
#8617 = TOROIDAL_SURFACE('',#8618,1.016,0.508);
#8618 = AXIS2_PLACEMENT_3D('',#8619,#8620,#8621);
#8619 = CARTESIAN_POINT('',(-7.2771,6.861578847526,-28.8036));
#8620 = DIRECTION('',(0.,0.,1.));
#8621 = DIRECTION('',(-0.7230168211,-0.690830425218,0.));
#8622 = ADVANCED_FACE('',(#8623),#8635,.T.);
#8623 = FACE_BOUND('',#8624,.T.);
#8624 = EDGE_LOOP('',(#8625,#8632,#8633,#8634));
#8625 = ORIENTED_EDGE('',*,*,#8626,.T.);
#8626 = EDGE_CURVE('',#8334,#5300,#8627,.T.);
#8627 = CIRCLE('',#8628,0.508);
#8628 = AXIS2_PLACEMENT_3D('',#8629,#8630,#8631);
#8629 = CARTESIAN_POINT('',(-3.620077320444,8.128,-28.8036));
#8630 = DIRECTION('',(-1.,0.,0.));
#8631 = DIRECTION('',(0.,1.,0.));
#8632 = ORIENTED_EDGE('',*,*,#5307,.F.);
#8633 = ORIENTED_EDGE('',*,*,#8390,.T.);
#8634 = ORIENTED_EDGE('',*,*,#8364,.F.);
#8635 = TOROIDAL_SURFACE('',#8636,1.016,0.508);
#8636 = AXIS2_PLACEMENT_3D('',#8637,#8638,#8639);
#8637 = CARTESIAN_POINT('',(-3.620077320444,9.144,-28.8036));
#8638 = DIRECTION('',(0.,0.,-1.));
#8639 = DIRECTION('',(1.916924930447E-02,-0.999816253059,0.));
#8640 = ADVANCED_FACE('',(#8641),#8653,.T.);
#8641 = FACE_BOUND('',#8642,.T.);
#8642 = EDGE_LOOP('',(#8643,#8650,#8651,#8652));
#8643 = ORIENTED_EDGE('',*,*,#8644,.F.);
#8644 = EDGE_CURVE('',#5291,#8308,#8645,.T.);
#8645 = CIRCLE('',#8646,0.508);
#8646 = AXIS2_PLACEMENT_3D('',#8647,#8648,#8649);
#8647 = CARTESIAN_POINT('',(6.693477320444,8.128,-28.8036));
#8648 = DIRECTION('',(1.,0.,0.));
#8649 = DIRECTION('',(0.,0.,-1.));
#8650 = ORIENTED_EDGE('',*,*,#5299,.F.);
#8651 = ORIENTED_EDGE('',*,*,#8626,.F.);
#8652 = ORIENTED_EDGE('',*,*,#8341,.T.);
#8653 = CYLINDRICAL_SURFACE('',#8654,0.508);
#8654 = AXIS2_PLACEMENT_3D('',#8655,#8656,#8657);
#8655 = CARTESIAN_POINT('',(-69.1752744,8.128,-28.8036));
#8656 = DIRECTION('',(1.,0.,0.));
#8657 = DIRECTION('',(0.,0.,-1.));
#8658 = ADVANCED_FACE('',(#8659),#8665,.T.);
#8659 = FACE_BOUND('',#8660,.T.);
#8660 = EDGE_LOOP('',(#8661,#8662,#8663,#8664));
#8661 = ORIENTED_EDGE('',*,*,#8644,.T.);
#8662 = ORIENTED_EDGE('',*,*,#8315,.F.);
#8663 = ORIENTED_EDGE('',*,*,#8203,.T.);
#8664 = ORIENTED_EDGE('',*,*,#5290,.F.);
#8665 = TOROIDAL_SURFACE('',#8666,1.016,0.508);
#8666 = AXIS2_PLACEMENT_3D('',#8667,#8668,#8669);
#8667 = CARTESIAN_POINT('',(6.693477320444,9.144,-28.8036));
#8668 = DIRECTION('',(0.,0.,1.));
#8669 = DIRECTION('',(0.873806149232,-0.486274422076,0.));
#8670 = ADVANCED_FACE('',(#8671),#8677,.T.);
#8671 = FACE_BOUND('',#8672,.T.);
#8672 = EDGE_LOOP('',(#8673,#8674,#8675,#8676));
#8673 = ORIENTED_EDGE('',*,*,#7903,.T.);
#8674 = ORIENTED_EDGE('',*,*,#7858,.T.);
#8675 = ORIENTED_EDGE('',*,*,#5220,.T.);
#8676 = ORIENTED_EDGE('',*,*,#7943,.T.);
#8677 = TOROIDAL_SURFACE('',#8678,1.016,0.508);
#8678 = AXIS2_PLACEMENT_3D('',#8679,#8680,#8681);
#8679 = CARTESIAN_POINT('',(10.3759,-6.862765480289,-28.8036));
#8680 = DIRECTION('',(0.,0.,1.));
#8681 = DIRECTION('',(0.725318075235,0.688413894207,-0.));
#8682 = ADVANCED_FACE('',(#8683),#8701,.T.);
#8683 = FACE_BOUND('',#8684,.T.);
#8684 = EDGE_LOOP('',(#8685,#8686,#8693,#8700));
#8685 = ORIENTED_EDGE('',*,*,#7840,.T.);
#8686 = ORIENTED_EDGE('',*,*,#8687,.F.);
#8687 = EDGE_CURVE('',#7495,#7833,#8688,.T.);
#8688 = CIRCLE('',#8689,0.508);
#8689 = AXIS2_PLACEMENT_3D('',#8690,#8691,#8692);
#8690 = CARTESIAN_POINT('',(6.693477320444,-9.144,-28.8036));
#8691 = DIRECTION('',(0.,0.,-1.));
#8692 = DIRECTION('',(0.,1.,0.));
#8693 = ORIENTED_EDGE('',*,*,#8694,.T.);
#8694 = EDGE_CURVE('',#7495,#5195,#8695,.T.);
#8695 = CIRCLE('',#8696,0.508);
#8696 = AXIS2_PLACEMENT_3D('',#8697,#8698,#8699);
#8697 = CARTESIAN_POINT('',(6.693477320444,-8.128,-28.8036));
#8698 = DIRECTION('',(1.,0.,0.));
#8699 = DIRECTION('',(0.,-1.,0.));
#8700 = ORIENTED_EDGE('',*,*,#5202,.F.);
#8701 = TOROIDAL_SURFACE('',#8702,1.016,0.508);
#8702 = AXIS2_PLACEMENT_3D('',#8703,#8704,#8705);
#8703 = CARTESIAN_POINT('',(6.693477320444,-9.144,-28.8036));
#8704 = DIRECTION('',(0.,0.,-1.));
#8705 = DIRECTION('',(0.857954562075,0.513725577924,0.));
#8706 = ADVANCED_FACE('',(#8707),#8719,.T.);
#8707 = FACE_BOUND('',#8708,.T.);
#8708 = EDGE_LOOP('',(#8709,#8716,#8717,#8718));
#8709 = ORIENTED_EDGE('',*,*,#8710,.F.);
#8710 = EDGE_CURVE('',#5186,#7503,#8711,.T.);
#8711 = CIRCLE('',#8712,0.508);
#8712 = AXIS2_PLACEMENT_3D('',#8713,#8714,#8715);
#8713 = CARTESIAN_POINT('',(-3.620077320444,-8.128,-28.8036));
#8714 = DIRECTION('',(-1.,0.,0.));
#8715 = DIRECTION('',(0.,0.,-1.));
#8716 = ORIENTED_EDGE('',*,*,#5194,.F.);
#8717 = ORIENTED_EDGE('',*,*,#8694,.F.);
#8718 = ORIENTED_EDGE('',*,*,#7502,.T.);
#8719 = CYLINDRICAL_SURFACE('',#8720,0.508);
#8720 = AXIS2_PLACEMENT_3D('',#8721,#8722,#8723);
#8721 = CARTESIAN_POINT('',(69.1752744,-8.128,-28.8036));
#8722 = DIRECTION('',(-1.,0.,0.));
#8723 = DIRECTION('',(0.,0.,-1.));
#8724 = ADVANCED_FACE('',(#8725),#8737,.T.);
#8725 = FACE_BOUND('',#8726,.T.);
#8726 = EDGE_LOOP('',(#8727,#8728,#8729,#8730));
#8727 = ORIENTED_EDGE('',*,*,#5488,.T.);
#8728 = ORIENTED_EDGE('',*,*,#5185,.F.);
#8729 = ORIENTED_EDGE('',*,*,#8710,.T.);
#8730 = ORIENTED_EDGE('',*,*,#8731,.F.);
#8731 = EDGE_CURVE('',#5489,#7503,#8732,.T.);
#8732 = CIRCLE('',#8733,0.508);
#8733 = AXIS2_PLACEMENT_3D('',#8734,#8735,#8736);
#8734 = CARTESIAN_POINT('',(-3.620077320444,-9.144,-28.8036));
#8735 = DIRECTION('',(0.,0.,-1.));
#8736 = DIRECTION('',(-0.916515138991,-0.4,-0.));
#8737 = TOROIDAL_SURFACE('',#8738,1.016,0.508);
#8738 = AXIS2_PLACEMENT_3D('',#8739,#8740,#8741);
#8739 = CARTESIAN_POINT('',(-3.620077320444,-9.144,-28.8036));
#8740 = DIRECTION('',(0.,0.,1.));
#8741 = DIRECTION('',(0.83606375701,-0.548632294178,0.));
#8742 = ADVANCED_FACE('',(#8743),#8782,.F.);
#8743 = FACE_BOUND('',#8744,.F.);
#8744 = EDGE_LOOP('',(#8745,#8778,#8779,#8780,#8781));
#8745 = ORIENTED_EDGE('',*,*,#8746,.F.);
#8746 = EDGE_CURVE('',#7511,#5060,#8747,.T.);
#8747 = B_SPLINE_CURVE_WITH_KNOTS('',3,(#8748,#8749,#8750,#8751,#8752,
    #8753,#8754,#8755,#8756,#8757,#8758,#8759,#8760,#8761,#8762,#8763,
    #8764,#8765,#8766,#8767,#8768,#8769,#8770,#8771,#8772,#8773,#8774,
    #8775,#8776,#8777),.UNSPECIFIED.,.F.,.F.,(4,1,1,1,1,1,1,1,1,1,1,1,1,
    1,1,1,1,1,1,1,1,1,1,1,1,1,1,4),(0.,3.703703703704E-02,
    7.407407407407E-02,0.111111111111,0.148148148148,0.185185185185,
    0.222222222222,0.259259259259,0.296296296296,0.333333333333,
    0.37037037037,0.407407407407,0.444444444444,0.481481481481,
    0.518518518518,0.555555555556,0.592592592593,0.62962962963,
    0.666666666667,0.703703703704,0.740740740741,0.777777777778,
    0.814814814815,0.851851851852,0.888888888889,0.925925925926,
    0.962962962963,1.),.UNSPECIFIED.);
#8748 = CARTESIAN_POINT('',(-3.620077320444,-8.636,-26.67));
#8749 = CARTESIAN_POINT('',(-3.628113964954,-8.636,-26.66196335549));
#8750 = CARTESIAN_POINT('',(-3.644277869837,-8.636381079143,
    -26.64579945061));
#8751 = CARTESIAN_POINT('',(-3.668789695529,-8.638139545004,
    -26.62128762491));
#8752 = CARTESIAN_POINT('',(-3.693470434698,-8.641122541762,
    -26.59660688575));
#8753 = CARTESIAN_POINT('',(-3.718249509988,-8.645362726274,
    -26.57182781046));
#8754 = CARTESIAN_POINT('',(-3.743051727461,-8.650888691879,
    -26.54702559298));
#8755 = CARTESIAN_POINT('',(-3.767805529072,-8.657725904027,
    -26.52227179137));
#8756 = CARTESIAN_POINT('',(-3.792440605993,-8.665897694216,
    -26.49763671445));
#8757 = CARTESIAN_POINT('',(-3.81688720679,-8.675425723174,
    -26.47319011365));
#8758 = CARTESIAN_POINT('',(-3.841078258474,-8.686332022313,
    -26.44899906197));
#8759 = CARTESIAN_POINT('',(-3.864943017599,-8.698637235627,
    -26.42513430284));
#8760 = CARTESIAN_POINT('',(-3.888411182539,-8.712363029234,
    -26.4016661379));
#8761 = CARTESIAN_POINT('',(-3.911410476596,-8.727532133447,
    -26.37866684385));
#8762 = CARTESIAN_POINT('',(-3.933865873255,-8.744168875591,
    -26.35621144719));
#8763 = CARTESIAN_POINT('',(-3.955698237902,-8.762299422786,
    -26.33437908254));
#8764 = CARTESIAN_POINT('',(-3.976822918688,-8.781951879883,
    -26.31325440176));
#8765 = CARTESIAN_POINT('',(-3.997148175633,-8.803156209294,
    -26.29292914481));
#8766 = CARTESIAN_POINT('',(-4.016573416184,-8.825943859168,
    -26.27350390426));
#8767 = CARTESIAN_POINT('',(-4.034987281023,-8.85034721196,
    -26.25509003942));
#8768 = CARTESIAN_POINT('',(-4.052265012409,-8.876397565856,
    -26.23781230804));
#8769 = CARTESIAN_POINT('',(-4.068267314865,-8.904125546303,
    -26.22181000558));
#8770 = CARTESIAN_POINT('',(-4.082832745641,-8.933548137204,
    -26.2072445748));
#8771 = CARTESIAN_POINT('',(-4.095781383944,-8.964671781192,
    -26.1942959365));
#8772 = CARTESIAN_POINT('',(-4.106910792733,-8.997479463179,
    -26.18316652771));
#8773 = CARTESIAN_POINT('',(-4.115997864407,-9.031922306352,
    -26.17407945604));
#8774 = CARTESIAN_POINT('',(-4.122802794405,-9.067905659933,
    -26.16727452604));
#8775 = CARTESIAN_POINT('',(-4.127077401842,-9.10528716108,
    -26.1629999186));
#8776 = CARTESIAN_POINT('',(-4.128077320444,-9.130987691973,-26.162));
#8777 = CARTESIAN_POINT('',(-4.128077320444,-9.144,-26.162));
#8778 = ORIENTED_EDGE('',*,*,#7510,.F.);
#8779 = ORIENTED_EDGE('',*,*,#8731,.F.);
#8780 = ORIENTED_EDGE('',*,*,#5507,.T.);
#8781 = ORIENTED_EDGE('',*,*,#5067,.T.);
#8782 = CYLINDRICAL_SURFACE('',#8783,0.508);
#8783 = AXIS2_PLACEMENT_3D('',#8784,#8785,#8786);
#8784 = CARTESIAN_POINT('',(-3.620077320444,-9.144,-70.2522852));
#8785 = DIRECTION('',(0.,0.,1.));
#8786 = DIRECTION('',(0.,1.,0.));
#8787 = ADVANCED_FACE('',(#8788),#8800,.F.);
#8788 = FACE_BOUND('',#8789,.F.);
#8789 = EDGE_LOOP('',(#8790,#8797,#8798,#8799));
#8790 = ORIENTED_EDGE('',*,*,#8791,.T.);
#8791 = EDGE_CURVE('',#5050,#7519,#8792,.T.);
#8792 = CIRCLE('',#8793,0.508);
#8793 = AXIS2_PLACEMENT_3D('',#8794,#8795,#8796);
#8794 = CARTESIAN_POINT('',(-1.5113,-9.144,-26.67));
#8795 = DIRECTION('',(-1.,0.,0.));
#8796 = DIRECTION('',(0.,0.,1.));
#8797 = ORIENTED_EDGE('',*,*,#7518,.T.);
#8798 = ORIENTED_EDGE('',*,*,#8746,.T.);
#8799 = ORIENTED_EDGE('',*,*,#5059,.F.);
#8800 = CYLINDRICAL_SURFACE('',#8801,0.508);
#8801 = AXIS2_PLACEMENT_3D('',#8802,#8803,#8804);
#8802 = CARTESIAN_POINT('',(69.1752744,-9.144,-26.67));
#8803 = DIRECTION('',(-1.,0.,0.));
#8804 = DIRECTION('',(0.,0.,1.));
#8805 = ADVANCED_FACE('',(#8806),#8818,.F.);
#8806 = FACE_BOUND('',#8807,.F.);
#8807 = EDGE_LOOP('',(#8808,#8815,#8816,#8817));
#8808 = ORIENTED_EDGE('',*,*,#8809,.F.);
#8809 = EDGE_CURVE('',#7397,#5050,#8810,.T.);
#8810 = CIRCLE('',#8811,0.508);
#8811 = AXIS2_PLACEMENT_3D('',#8812,#8813,#8814);
#8812 = CARTESIAN_POINT('',(-1.5113,-9.144,-25.654));
#8813 = DIRECTION('',(-0.,1.,0.));
#8814 = DIRECTION('',(1.,0.,0.));
#8815 = ORIENTED_EDGE('',*,*,#7452,.F.);
#8816 = ORIENTED_EDGE('',*,*,#7526,.T.);
#8817 = ORIENTED_EDGE('',*,*,#8791,.F.);
#8818 = TOROIDAL_SURFACE('',#8819,1.016,0.508);
#8819 = AXIS2_PLACEMENT_3D('',#8820,#8821,#8822);
#8820 = CARTESIAN_POINT('',(-1.5113,-9.144,-25.654));
#8821 = DIRECTION('',(0.,-1.,0.));
#8822 = DIRECTION('',(0.99984539171,0.,1.758387543952E-02));
#8823 = ADVANCED_FACE('',(#8824),#8836,.T.);
#8824 = FACE_BOUND('',#8825,.T.);
#8825 = EDGE_LOOP('',(#8826,#8827,#8828,#8835));
#8826 = ORIENTED_EDGE('',*,*,#8809,.F.);
#8827 = ORIENTED_EDGE('',*,*,#7404,.T.);
#8828 = ORIENTED_EDGE('',*,*,#8829,.F.);
#8829 = EDGE_CURVE('',#5052,#7405,#8830,.T.);
#8830 = CIRCLE('',#8831,0.508);
#8831 = AXIS2_PLACEMENT_3D('',#8832,#8833,#8834);
#8832 = CARTESIAN_POINT('',(-1.5113,-13.462,-25.654));
#8833 = DIRECTION('',(0.,-1.,0.));
#8834 = DIRECTION('',(0.,0.,-1.));
#8835 = ORIENTED_EDGE('',*,*,#5049,.F.);
#8836 = CYLINDRICAL_SURFACE('',#8837,0.508);
#8837 = AXIS2_PLACEMENT_3D('',#8838,#8839,#8840);
#8838 = CARTESIAN_POINT('',(-1.5113,63.58627872,-25.654));
#8839 = DIRECTION('',(0.,-1.,0.));
#8840 = DIRECTION('',(0.,0.,-1.));
#8841 = ADVANCED_FACE('',(#8842),#8861,.T.);
#8842 = FACE_BOUND('',#8843,.T.);
#8843 = EDGE_LOOP('',(#8844,#8845,#8854));
#8844 = ORIENTED_EDGE('',*,*,#8829,.T.);
#8845 = ORIENTED_EDGE('',*,*,#8846,.T.);
#8846 = EDGE_CURVE('',#7405,#8847,#8849,.T.);
#8847 = VERTEX_POINT('',#8848);
#8848 = CARTESIAN_POINT('',(-1.5113,-13.97,-25.654));
#8849 = CIRCLE('',#8850,0.508);
#8850 = AXIS2_PLACEMENT_3D('',#8851,#8852,#8853);
#8851 = CARTESIAN_POINT('',(-1.5113,-13.462,-25.654));
#8852 = DIRECTION('',(0.,0.,-1.));
#8853 = DIRECTION('',(1.,0.,0.));
#8854 = ORIENTED_EDGE('',*,*,#8855,.T.);
#8855 = EDGE_CURVE('',#8847,#5052,#8856,.T.);
#8856 = CIRCLE('',#8857,0.508);
#8857 = AXIS2_PLACEMENT_3D('',#8858,#8859,#8860);
#8858 = CARTESIAN_POINT('',(-1.5113,-13.462,-25.654));
#8859 = DIRECTION('',(1.,0.,0.));
#8860 = DIRECTION('',(0.,-1.,0.));
#8861 = SPHERICAL_SURFACE('',#8862,0.508);
#8862 = AXIS2_PLACEMENT_3D('',#8863,#8864,#8865);
#8863 = CARTESIAN_POINT('',(-1.5113,-13.462,-25.654));
#8864 = DIRECTION('',(0.707106781187,0.707106781187,0.));
#8865 = DIRECTION('',(0.707106781187,-0.707106781187,0.));
#8866 = ADVANCED_FACE('',(#8867),#8897,.T.);
#8867 = FACE_BOUND('',#8868,.T.);
#8868 = EDGE_LOOP('',(#8869,#8888,#8889,#8890,#8891));
#8869 = ORIENTED_EDGE('',*,*,#8870,.F.);
#8870 = EDGE_CURVE('',#6006,#8871,#8873,.T.);
#8871 = VERTEX_POINT('',#8872);
#8872 = CARTESIAN_POINT('',(-5.968999947678,-13.96999996119,
    -25.65399757445));
#8873 = B_SPLINE_CURVE_WITH_KNOTS('',3,(#8874,#8875,#8876,#8877,#8878,
    #8879,#8880,#8881,#8882,#8883,#8884,#8885,#8886,#8887),
  .UNSPECIFIED.,.F.,.F.,(4,1,1,1,1,1,1,1,1,1,1,4),(0.,9.090909090909E-02
    ,0.181818181818,0.272727272727,0.363636363636,0.454545454545,
    0.545454545455,0.636363636364,0.727272727273,0.818181818182,
    0.909090909091,1.),.UNSPECIFIED.);
#8874 = CARTESIAN_POINT('',(-6.216496461883,-13.84625063519,
    -25.98628840136));
#8875 = CARTESIAN_POINT('',(-6.19740266695,-13.85579747265,
    -25.97524832571));
#8876 = CARTESIAN_POINT('',(-6.161993830658,-13.87350547125,
    -25.9528504566));
#8877 = CARTESIAN_POINT('',(-6.116907275938,-13.89604622969,
    -25.91892024338));
#8878 = CARTESIAN_POINT('',(-6.079980372368,-13.91450954353,
    -25.88583466162));
#8879 = CARTESIAN_POINT('',(-6.0497224448,-13.92963846008,
    -25.85345340425));
#8880 = CARTESIAN_POINT('',(-6.025351822662,-13.94182428728,
    -25.8219011788));
#8881 = CARTESIAN_POINT('',(-6.006358815504,-13.9513212201,
    -25.79162946941));
#8882 = CARTESIAN_POINT('',(-5.99201785653,-13.95849155036,
    -25.7627996735));
#8883 = CARTESIAN_POINT('',(-5.981517916837,-13.96374127583,
    -25.7350863073));
#8884 = CARTESIAN_POINT('',(-5.974282505294,-13.96735833706,
    -25.70802688585));
#8885 = CARTESIAN_POINT('',(-5.969985859028,-13.96950694344,
    -25.68126452301));
#8886 = CARTESIAN_POINT('',(-5.969000295466,-13.96999996126,
    -25.66310452815));
#8887 = CARTESIAN_POINT('',(-5.968999947678,-13.96999996119,
    -25.65399757445));
#8888 = ORIENTED_EDGE('',*,*,#6005,.T.);
#8889 = ORIENTED_EDGE('',*,*,#5094,.F.);
#8890 = ORIENTED_EDGE('',*,*,#8855,.F.);
#8891 = ORIENTED_EDGE('',*,*,#8892,.T.);
#8892 = EDGE_CURVE('',#8847,#8871,#8893,.T.);
#8893 = LINE('',#8894,#8895);
#8894 = CARTESIAN_POINT('',(-1.5113,-13.97,-25.654));
#8895 = VECTOR('',#8896,1.);
#8896 = DIRECTION('',(-1.,8.707114191139E-09,5.441265291201E-07));
#8897 = CYLINDRICAL_SURFACE('',#8898,0.508);
#8898 = AXIS2_PLACEMENT_3D('',#8899,#8900,#8901);
#8899 = CARTESIAN_POINT('',(69.1752744,-13.462,-25.654));
#8900 = DIRECTION('',(-1.,0.,0.));
#8901 = DIRECTION('',(0.,0.,-1.));
#8902 = ADVANCED_FACE('',(#8903),#8928,.F.);
#8903 = FACE_BOUND('',#8904,.F.);
#8904 = EDGE_LOOP('',(#8905,#8906,#8914,#8922));
#8905 = ORIENTED_EDGE('',*,*,#8892,.T.);
#8906 = ORIENTED_EDGE('',*,*,#8907,.T.);
#8907 = EDGE_CURVE('',#8871,#8908,#8910,.T.);
#8908 = VERTEX_POINT('',#8909);
#8909 = CARTESIAN_POINT('',(-5.968999999999,-13.97,-19.558));
#8910 = LINE('',#8911,#8912);
#8911 = CARTESIAN_POINT('',(-5.968999947678,-13.96999996119,
    -25.65399757445));
#8912 = VECTOR('',#8913,1.);
#8913 = DIRECTION('',(-8.582832525638E-09,-6.367080002349E-09,1.));
#8914 = ORIENTED_EDGE('',*,*,#8915,.F.);
#8915 = EDGE_CURVE('',#8916,#8908,#8918,.T.);
#8916 = VERTEX_POINT('',#8917);
#8917 = CARTESIAN_POINT('',(-1.511299947819,-13.96999999917,
    -19.55800000184));
#8918 = LINE('',#8919,#8920);
#8919 = CARTESIAN_POINT('',(-1.511299947819,-13.96999999917,
    -19.55800000184));
#8920 = VECTOR('',#8921,1.);
#8921 = DIRECTION('',(-1.,-1.852397020533E-10,4.128653810383E-10));
#8922 = ORIENTED_EDGE('',*,*,#8923,.T.);
#8923 = EDGE_CURVE('',#8916,#8847,#8924,.T.);
#8924 = LINE('',#8925,#8926);
#8925 = CARTESIAN_POINT('',(-1.511299947819,-13.96999999917,
    -19.55800000184));
#8926 = VECTOR('',#8927,1.);
#8927 = DIRECTION('',(-8.559815552158E-09,-1.354568251501E-10,-1.));
#8928 = PLANE('',#8929);
#8929 = AXIS2_PLACEMENT_3D('',#8930,#8931,#8932);
#8930 = CARTESIAN_POINT('',(-6.477,-13.97,-26.162));
#8931 = DIRECTION('',(0.,1.,0.));
#8932 = DIRECTION('',(1.,0.,0.));
#8933 = ADVANCED_FACE('',(#8934),#8959,.F.);
#8934 = FACE_BOUND('',#8935,.F.);
#8935 = EDGE_LOOP('',(#8936,#8944,#8951,#8952));
#8936 = ORIENTED_EDGE('',*,*,#8937,.T.);
#8937 = EDGE_CURVE('',#6062,#8938,#8940,.T.);
#8938 = VERTEX_POINT('',#8939);
#8939 = CARTESIAN_POINT('',(-6.477,-14.478,-19.558));
#8940 = LINE('',#8941,#8942);
#8941 = CARTESIAN_POINT('',(-6.476999921878,-14.47799959778,
    -25.65400578286));
#8942 = VECTOR('',#8943,1.);
#8943 = DIRECTION('',(-1.281530722319E-08,-6.598155011559E-08,1.));
#8944 = ORIENTED_EDGE('',*,*,#8945,.T.);
#8945 = EDGE_CURVE('',#8938,#8908,#8946,.T.);
#8946 = CIRCLE('',#8947,0.508);
#8947 = AXIS2_PLACEMENT_3D('',#8948,#8949,#8950);
#8948 = CARTESIAN_POINT('',(-5.969,-14.478,-19.558));
#8949 = DIRECTION('',(0.,0.,-1.));
#8950 = DIRECTION('',(-1.,0.,0.));
#8951 = ORIENTED_EDGE('',*,*,#8907,.F.);
#8952 = ORIENTED_EDGE('',*,*,#8953,.T.);
#8953 = EDGE_CURVE('',#8871,#6062,#8954,.T.);
#8954 = CIRCLE('',#8955,0.508);
#8955 = AXIS2_PLACEMENT_3D('',#8956,#8957,#8958);
#8956 = CARTESIAN_POINT('',(-5.969,-14.478,-25.65400000156));
#8957 = DIRECTION('',(0.,0.,1.));
#8958 = DIRECTION('',(-6.101469460907E-07,1.,0.));
#8959 = CYLINDRICAL_SURFACE('',#8960,0.508);
#8960 = AXIS2_PLACEMENT_3D('',#8961,#8962,#8963);
#8961 = CARTESIAN_POINT('',(-5.969,-14.478,-70.2522852));
#8962 = DIRECTION('',(0.,0.,1.));
#8963 = DIRECTION('',(0.,1.,0.));
#8964 = ADVANCED_FACE('',(#8965),#8983,.F.);
#8965 = FACE_BOUND('',#8966,.F.);
#8966 = EDGE_LOOP('',(#8967,#8975,#8976,#8977));
#8967 = ORIENTED_EDGE('',*,*,#8968,.F.);
#8968 = EDGE_CURVE('',#8938,#8969,#8971,.T.);
#8969 = VERTEX_POINT('',#8970);
#8970 = CARTESIAN_POINT('',(-6.477,-17.11960000283,-19.55799994069));
#8971 = LINE('',#8972,#8973);
#8972 = CARTESIAN_POINT('',(-6.477,-14.478,-19.558));
#8973 = VECTOR('',#8974,1.);
#8974 = DIRECTION('',(-1.383004350621E-11,-1.,4.159274713492E-09));
#8975 = ORIENTED_EDGE('',*,*,#8937,.F.);
#8976 = ORIENTED_EDGE('',*,*,#6083,.T.);
#8977 = ORIENTED_EDGE('',*,*,#8978,.T.);
#8978 = EDGE_CURVE('',#6084,#8969,#8979,.T.);
#8979 = LINE('',#8980,#8981);
#8980 = CARTESIAN_POINT('',(-6.477,-17.1196,-25.654));
#8981 = VECTOR('',#8982,1.);
#8982 = DIRECTION('',(-5.993018843779E-12,-1.368214375724E-10,1.));
#8983 = PLANE('',#8984);
#8984 = AXIS2_PLACEMENT_3D('',#8985,#8986,#8987);
#8985 = CARTESIAN_POINT('',(-6.477,-17.6276,-26.162));
#8986 = DIRECTION('',(-1.,0.,0.));
#8987 = DIRECTION('',(0.,1.,0.));
#8988 = ADVANCED_FACE('',(#8989),#9062,.F.);
#8989 = FACE_BOUND('',#8990,.F.);
#8990 = EDGE_LOOP('',(#8991,#8992,#9054,#9055));
#8991 = ORIENTED_EDGE('',*,*,#8968,.T.);
#8992 = ORIENTED_EDGE('',*,*,#8993,.T.);
#8993 = EDGE_CURVE('',#8969,#6971,#8994,.T.);
#8994 = B_SPLINE_CURVE_WITH_KNOTS('',3,(#8995,#8996,#8997,#8998,#8999,
    #9000,#9001,#9002,#9003,#9004,#9005,#9006,#9007,#9008,#9009,#9010,
    #9011,#9012,#9013,#9014,#9015,#9016,#9017,#9018,#9019,#9020,#9021,
    #9022,#9023,#9024,#9025,#9026,#9027,#9028,#9029,#9030,#9031,#9032,
    #9033,#9034,#9035,#9036,#9037,#9038,#9039,#9040,#9041,#9042,#9043,
    #9044,#9045,#9046,#9047,#9048,#9049,#9050,#9051,#9052,#9053),
  .UNSPECIFIED.,.F.,.F.,(4,1,1,1,1,1,1,1,1,1,1,1,1,1,1,1,1,1,1,1,1,1,1,1
    ,1,1,1,1,1,1,1,1,1,1,1,1,1,1,1,1,1,1,1,1,1,1,1,1,1,1,1,1,1,1,1,1,4),
  (0.,1.785714285714E-02,3.571428571429E-02,5.357142857143E-02,
    7.142857142857E-02,8.928571428571E-02,0.107142857143,0.125,
    0.142857142857,0.160714285714,0.178571428571,0.196428571429,
    0.214285714286,0.232142857143,0.25,0.267857142857,0.285714285714,
    0.303571428571,0.321428571429,0.339285714286,0.357142857143,0.375,
    0.392857142857,0.410714285714,0.428571428571,0.446428571429,
    0.464285714286,0.482142857143,0.5,0.517857142857,0.535714285714,
    0.553571428571,0.571428571429,0.589285714286,0.607142857143,0.625,
    0.642857142857,0.660714285714,0.678571428571,0.696428571429,
    0.714285714286,0.732142857143,0.75,0.767857142857,0.785714285714,
    0.803571428571,0.821428571429,0.839285714286,0.857142857143,0.875,
    0.892857142857,0.910714285714,0.928571428571,0.946428571429,
    0.964285714286,0.982142857143,1.),.UNSPECIFIED.);
#8995 = CARTESIAN_POINT('',(-6.477000000037,-17.11960000083,
    -19.55799998901));
#8996 = CARTESIAN_POINT('',(-6.477000000037,-17.11960001244,
    -19.55529986813));
#8997 = CARTESIAN_POINT('',(-6.476942540307,-17.11966317218,
    -19.54987077839));
#8998 = CARTESIAN_POINT('',(-6.476679127993,-17.11994611915,
    -19.54165348054));
#8999 = CARTESIAN_POINT('',(-6.476231832067,-17.12041638342,
    -19.53333980145));
#9000 = CARTESIAN_POINT('',(-6.475594893146,-17.12107092062,
    -19.52494541599));
#9001 = CARTESIAN_POINT('',(-6.474762124074,-17.12190601592,
    -19.51647034254));
#9002 = CARTESIAN_POINT('',(-6.473726645831,-17.12291772836,
    -19.50791346421));
#9003 = CARTESIAN_POINT('',(-6.472480395833,-17.12410242665,
    -19.49926934373));
#9004 = CARTESIAN_POINT('',(-6.47101465832,-17.12545631826,
    -19.49053510407));
#9005 = CARTESIAN_POINT('',(-6.469322024855,-17.12697379923,
    -19.48171836168));
#9006 = CARTESIAN_POINT('',(-6.467395709991,-17.1286483829,
    -19.47282865732));
#9007 = CARTESIAN_POINT('',(-6.465229114724,-17.1304732694,
    -19.46387507092));
#9008 = CARTESIAN_POINT('',(-6.462815417203,-17.13244179766,
    -19.45486509468));
#9009 = CARTESIAN_POINT('',(-6.460148180816,-17.1345470178,
    -19.44580741935));
#9010 = CARTESIAN_POINT('',(-6.457221748873,-17.13678150651,
    -19.43671265025));
#9011 = CARTESIAN_POINT('',(-6.454031288346,-17.13913746911,
    -19.4275927524));
#9012 = CARTESIAN_POINT('',(-6.450572548909,-17.14160702784,
    -19.41845993159));
#9013 = CARTESIAN_POINT('',(-6.446841018985,-17.14418285159,
    -19.40932461386));
#9014 = CARTESIAN_POINT('',(-6.442832588125,-17.14685766251,
    -19.40019757812));
#9015 = CARTESIAN_POINT('',(-6.438544338338,-17.14962375756,
    -19.39109146632));
#9016 = CARTESIAN_POINT('',(-6.433974479552,-17.15247314946,
    -19.38202004519));
#9017 = CARTESIAN_POINT('',(-6.429121256284,-17.15539828396,
    -19.37299588445));
#9018 = CARTESIAN_POINT('',(-6.423982647814,-17.15839215372,
    -19.36403021793));
#9019 = CARTESIAN_POINT('',(-6.418556720756,-17.1614480209,
    -19.3551339057));
#9020 = CARTESIAN_POINT('',(-6.412842089942,-17.16455913598,
    -19.34631821373));
#9021 = CARTESIAN_POINT('',(-6.406837051812,-17.16771918385,
    -19.33759350858));
#9022 = CARTESIAN_POINT('',(-6.400540391212,-17.17092179629,
    -19.32897063165));
#9023 = CARTESIAN_POINT('',(-6.393951793556,-17.17416035217,
    -19.32046130298));
#9024 = CARTESIAN_POINT('',(-6.387071889724,-17.17742798397,
    -19.3120779529));
#9025 = CARTESIAN_POINT('',(-6.37990143254,-17.1807179816,
    -19.30383257914));
#9026 = CARTESIAN_POINT('',(-6.372439754709,-17.1840244073,
    -19.29573527552));
#9027 = CARTESIAN_POINT('',(-6.364686584108,-17.18734116849,
    -19.28779659048));
#9028 = CARTESIAN_POINT('',(-6.356641601128,-17.19066218984,
    -19.28002700915));
#9029 = CARTESIAN_POINT('',(-6.348303978575,-17.19398153107,
    -19.27243665176));
#9030 = CARTESIAN_POINT('',(-6.339673366958,-17.19729291961,
    -19.26503629861));
#9031 = CARTESIAN_POINT('',(-6.330751203508,-17.20058925658,
    -19.25783831649));
#9032 = CARTESIAN_POINT('',(-6.32153914032,-17.2038632486,
    -19.25085504503));
#9033 = CARTESIAN_POINT('',(-6.312034841121,-17.20710872443,
    -19.24409603962));
#9034 = CARTESIAN_POINT('',(-6.302237806684,-17.21031839111,
    -19.23757283095));
#9035 = CARTESIAN_POINT('',(-6.292147993409,-17.21348434216,
    -19.2312975442));
#9036 = CARTESIAN_POINT('',(-6.281760425468,-17.21659951082,
    -19.22527998057));
#9037 = CARTESIAN_POINT('',(-6.271069673006,-17.2196559733,
    -19.2195309159));
#9038 = CARTESIAN_POINT('',(-6.260072921048,-17.2226437191,
    -19.21406423183));
#9039 = CARTESIAN_POINT('',(-6.248780804561,-17.22554863698,
    -19.20889923686));
#9040 = CARTESIAN_POINT('',(-6.237116498299,-17.22837581591,
    -19.20402099618));
#9041 = CARTESIAN_POINT('',(-6.225171933691,-17.23108654677,
    -19.19948873975));
#9042 = CARTESIAN_POINT('',(-6.213037160129,-17.23364690482,
    -19.19534582265));
#9043 = CARTESIAN_POINT('',(-6.20081903548,-17.23602313616,
    -19.1916289537));
#9044 = CARTESIAN_POINT('',(-6.188639732696,-17.23818440772,
    -19.18836356062));
#9045 = CARTESIAN_POINT('',(-6.176532592604,-17.24012019282,
    -19.18554009914));
#9046 = CARTESIAN_POINT('',(-6.164498844469,-17.24182410204,
    -19.18314233357));
#9047 = CARTESIAN_POINT('',(-6.152604723317,-17.24328099667,
    -19.18116517027));
#9048 = CARTESIAN_POINT('',(-6.140869884959,-17.24448408479,
    -19.17959078979));
#9049 = CARTESIAN_POINT('',(-6.129320259512,-17.24542635934,
    -19.17840180312));
#9050 = CARTESIAN_POINT('',(-6.117975360313,-17.24610269454,
    -19.17757880474));
#9051 = CARTESIAN_POINT('',(-6.106854446881,-17.24650950967,
    -19.17710158916));
#9052 = CARTESIAN_POINT('',(-6.099591577788,-17.24660000391,
    -19.1770000001));
#9053 = CARTESIAN_POINT('',(-6.096000062436,-17.24659999897,
    -19.1770000001));
#9054 = ORIENTED_EDGE('',*,*,#6970,.F.);
#9055 = ORIENTED_EDGE('',*,*,#9056,.T.);
#9056 = EDGE_CURVE('',#6962,#8938,#9057,.T.);
#9057 = CIRCLE('',#9058,0.381);
#9058 = AXIS2_PLACEMENT_3D('',#9059,#9060,#9061);
#9059 = CARTESIAN_POINT('',(-6.096,-14.478,-19.558));
#9060 = DIRECTION('',(0.,-1.,0.));
#9061 = DIRECTION('',(0.,0.,1.));
#9062 = CYLINDRICAL_SURFACE('',#9063,0.381);
#9063 = AXIS2_PLACEMENT_3D('',#9064,#9065,#9066);
#9064 = CARTESIAN_POINT('',(-6.096,63.58627872,-19.558));
#9065 = DIRECTION('',(0.,-1.,0.));
#9066 = DIRECTION('',(0.,0.,1.));
#9067 = ADVANCED_FACE('',(#9068),#9086,.T.);
#9068 = FACE_BOUND('',#9069,.T.);
#9069 = EDGE_LOOP('',(#9070,#9071,#9078,#9079));
#9070 = ORIENTED_EDGE('',*,*,#6375,.T.);
#9071 = ORIENTED_EDGE('',*,*,#9072,.T.);
#9072 = EDGE_CURVE('',#6376,#8969,#9073,.T.);
#9073 = CIRCLE('',#9074,0.508);
#9074 = AXIS2_PLACEMENT_3D('',#9075,#9076,#9077);
#9075 = CARTESIAN_POINT('',(-6.985,-17.1196,-19.55799994069));
#9076 = DIRECTION('',(0.,0.,1.));
#9077 = DIRECTION('',(0.,-1.,0.));
#9078 = ORIENTED_EDGE('',*,*,#8993,.T.);
#9079 = ORIENTED_EDGE('',*,*,#9080,.T.);
#9080 = EDGE_CURVE('',#6971,#6368,#9081,.T.);
#9081 = CIRCLE('',#9082,0.381000001031);
#9082 = AXIS2_PLACEMENT_3D('',#9083,#9084,#9085);
#9083 = CARTESIAN_POINT('',(-6.096000048573,-17.24659999899,
    -18.79599999938));
#9084 = DIRECTION('',(-1.,-1.116987043968E-07,-1.661661028517E-07));
#9085 = DIRECTION('',(1.661661028518E-07,-8.205742856701E-13,-1.));
#9086 = ( BOUNDED_SURFACE() B_SPLINE_SURFACE(3,3,(
    (#9087,#9088,#9089,#9090,#9091,#9092,#9093,#9094,#9095,#9096,#9097
      ,#9098,#9099,#9100,#9101,#9102,#9103,#9104,#9105,#9106,#9107,#9108
      ,#9109,#9110,#9111,#9112,#9113,#9114,#9115,#9116,#9117,#9118,#9119
      ,#9120,#9121,#9122,#9123,#9124,#9125,#9126,#9127,#9128,#9129,#9130
      ,#9131,#9132,#9133,#9134,#9135,#9136,#9137,#9138,#9139,#9140,#9141
      ,#9142,#9143,#9144,#9145,#9146,#9147)
    ,(#9148,#9149,#9150,#9151,#9152,#9153,#9154,#9155,#9156,#9157,#9158
      ,#9159,#9160,#9161,#9162,#9163,#9164,#9165,#9166,#9167,#9168,#9169
      ,#9170,#9171,#9172,#9173,#9174,#9175,#9176,#9177,#9178,#9179,#9180
      ,#9181,#9182,#9183,#9184,#9185,#9186,#9187,#9188,#9189,#9190,#9191
      ,#9192,#9193,#9194,#9195,#9196,#9197,#9198,#9199,#9200,#9201,#9202
      ,#9203,#9204,#9205,#9206,#9207,#9208)
    ,(#9209,#9210,#9211,#9212,#9213,#9214,#9215,#9216,#9217,#9218,#9219
      ,#9220,#9221,#9222,#9223,#9224,#9225,#9226,#9227,#9228,#9229,#9230
      ,#9231,#9232,#9233,#9234,#9235,#9236,#9237,#9238,#9239,#9240,#9241
      ,#9242,#9243,#9244,#9245,#9246,#9247,#9248,#9249,#9250,#9251,#9252
      ,#9253,#9254,#9255,#9256,#9257,#9258,#9259,#9260,#9261,#9262,#9263
      ,#9264,#9265,#9266,#9267,#9268,#9269)
    ,(#9270,#9271,#9272,#9273,#9274,#9275,#9276,#9277,#9278,#9279,#9280
      ,#9281,#9282,#9283,#9284,#9285,#9286,#9287,#9288,#9289,#9290,#9291
      ,#9292,#9293,#9294,#9295,#9296,#9297,#9298,#9299,#9300,#9301,#9302
      ,#9303,#9304,#9305,#9306,#9307,#9308,#9309,#9310,#9311,#9312,#9313
      ,#9314,#9315,#9316,#9317,#9318,#9319,#9320,#9321,#9322,#9323,#9324
      ,#9325,#9326,#9327,#9328,#9329,#9330
)),.UNSPECIFIED.,.F.,.F.,.F.) B_SPLINE_SURFACE_WITH_KNOTS((4,4),(4,1,1,1
    ,1,1,1,1,1,1,1,1,1,1,1,1,1,1,1,1,1,1,1,1,1,1,1,1,1,1,1,1,1,1,1,1,1,1
    ,1,1,1,1,1,1,1,1,1,1,1,1,1,1,1,1,1,1,1,1,4),(0.,1.),(
    1.657368935745E-03,1.599749290275E-02,3.23436499525E-02,
    4.905682310996E-02,6.615093727418E-02,8.362730902846E-02,
    0.10148329287,0.119712544068,0.138301816991,0.157210365536,
    0.176445479531,0.195967083404,0.215633371293,0.235297362023,
    0.254825533456,0.274129845386,0.293282569798,0.312297750095,
    0.331184108626,0.349957000629,0.368629626072,0.387208645402,
    0.405700148409,0.424110806132,0.442441730922,0.460693039043,
    0.478866902095,0.496965834103,0.514991015108,0.532942808132,
    0.550820713776,0.568620899902,0.586338363817,0.603968989145,
    0.62150974391,0.638957567865,0.656307963627,0.673556116844,
    0.690695863494,0.707718423813,0.72461332805,0.741371602693,
    0.757986512308,0.77445102611,0.790755654395,0.806890909497,
    0.822849273882,0.838625736238,0.854216060187,0.869613796132,
    0.884812057375,0.899809463354,0.914617740246,0.929251786444,
    0.943720906638,0.958027059732,0.972166313721,0.986163264848,
0.992209876557),.UNSPECIFIED.) GEOMETRIC_REPRESENTATION_ITEM() 
RATIONAL_B_SPLINE_SURFACE((
    (1.192332973246,1.192332973246,1.192332973246,1.192332973246
      ,1.192332973246,1.192332973246,1.192332973246,1.192332973246
      ,1.192332973246,1.192332973246,1.192332973246,1.192332973246
      ,1.192332973246,1.192332973246,1.192332973246,1.192332973246
      ,1.192332973246,1.192332973246,1.192332973246,1.192332973246
      ,1.192332973246,1.192332973246,1.192332973246,1.192332973246
      ,1.192332973246,1.192332973246,1.192332973246,1.192332973246
      ,1.192332973246,1.192332973246,1.192332973246,1.192332973246
      ,1.192332973246,1.192332973246,1.192332973246,1.192332973246
      ,1.192332973246,1.192332973246,1.192332973246,1.192332973246
      ,1.192332973246,1.192332973246,1.192332973246,1.192332973246
      ,1.192332973246,1.192332973246,1.192332973246,1.192332973246
      ,1.192332973246,1.192332973246,1.192332973246,1.192332973246
      ,1.192332973246,1.192332973246,1.192332973246,1.192332973246
      ,1.192332973246,1.192332973246,1.192332973246,1.192332973246
      ,1.192332973246)
    ,(0.935889008918,0.935889008918,0.935889008918,0.935889008918
      ,0.935889008918,0.935889008918,0.935889008918,0.935889008918
      ,0.935889008918,0.935889008918,0.935889008918,0.935889008918
      ,0.935889008918,0.935889008918,0.935889008918,0.935889008918
      ,0.935889008918,0.935889008918,0.935889008918,0.935889008918
      ,0.935889008918,0.935889008918,0.935889008918,0.935889008918
      ,0.935889008918,0.935889008918,0.935889008918,0.935889008918
      ,0.935889008918,0.935889008918,0.935889008918,0.935889008918
      ,0.935889008918,0.935889008918,0.935889008918,0.935889008918
      ,0.935889008918,0.935889008918,0.935889008918,0.935889008918
      ,0.935889008918,0.935889008918,0.935889008918,0.935889008918
      ,0.935889008918,0.935889008918,0.935889008918,0.935889008918
      ,0.935889008918,0.935889008918,0.935889008918,0.935889008918
      ,0.935889008918,0.935889008918,0.935889008918,0.935889008918
      ,0.935889008918,0.935889008918,0.935889008918,0.935889008918
      ,0.935889008918)
    ,(0.935889008918,0.935889008918,0.935889008918,0.935889008918
      ,0.935889008918,0.935889008918,0.935889008918,0.935889008918
      ,0.935889008918,0.935889008918,0.935889008918,0.935889008918
      ,0.935889008918,0.935889008918,0.935889008918,0.935889008918
      ,0.935889008918,0.935889008918,0.935889008918,0.935889008918
      ,0.935889008918,0.935889008918,0.935889008918,0.935889008918
      ,0.935889008918,0.935889008918,0.935889008918,0.935889008918
      ,0.935889008918,0.935889008918,0.935889008918,0.935889008918
      ,0.935889008918,0.935889008918,0.935889008918,0.935889008918
      ,0.935889008918,0.935889008918,0.935889008918,0.935889008918
      ,0.935889008918,0.935889008918,0.935889008918,0.935889008918
      ,0.935889008918,0.935889008918,0.935889008918,0.935889008918
      ,0.935889008918,0.935889008918,0.935889008918,0.935889008918
      ,0.935889008918,0.935889008918,0.935889008918,0.935889008918
      ,0.935889008918,0.935889008918,0.935889008918,0.935889008918
      ,0.935889008918)
    ,(1.192332973246,1.192332973246,1.192332973246,1.192332973246
      ,1.192332973246,1.192332973246,1.192332973246,1.192332973246
      ,1.192332973246,1.192332973246,1.192332973246,1.192332973246
      ,1.192332973246,1.192332973246,1.192332973246,1.192332973246
      ,1.192332973246,1.192332973246,1.192332973246,1.192332973246
      ,1.192332973246,1.192332973246,1.192332973246,1.192332973246
      ,1.192332973246,1.192332973246,1.192332973246,1.192332973246
      ,1.192332973246,1.192332973246,1.192332973246,1.192332973246
      ,1.192332973246,1.192332973246,1.192332973246,1.192332973246
      ,1.192332973246,1.192332973246,1.192332973246,1.192332973246
      ,1.192332973246,1.192332973246,1.192332973246,1.192332973246
      ,1.192332973246,1.192332973246,1.192332973246,1.192332973246
      ,1.192332973246,1.192332973246,1.192332973246,1.192332973246
      ,1.192332973246,1.192332973246,1.192332973246,1.192332973246
      ,1.192332973246,1.192332973246,1.192332973246,1.192332973246
,1.192332973246))) REPRESENTATION_ITEM('') SURFACE() );
#9087 = CARTESIAN_POINT('',(-6.087491869195,-17.23439922987,
    -19.17690238637));
#9088 = CARTESIAN_POINT('',(-6.090637160847,-17.23446632373,
    -19.17683220275));
#9089 = CARTESIAN_POINT('',(-6.097373941175,-17.23452838147,
    -19.17676521285));
#9090 = CARTESIAN_POINT('',(-6.107787610415,-17.23436838529,
    -19.17693775053));
#9091 = CARTESIAN_POINT('',(-6.118800113658,-17.23392620897,
    -19.17743525442));
#9092 = CARTESIAN_POINT('',(-6.130038440461,-17.23320906143,
    -19.17827262833));
#9093 = CARTESIAN_POINT('',(-6.14148777252,-17.23222025686,
    -19.17947051764));
#9094 = CARTESIAN_POINT('',(-6.153127563031,-17.23096490006,
    -19.18104850465));
#9095 = CARTESIAN_POINT('',(-6.164933017477,-17.22944974204,
    -19.18302460957));
#9096 = CARTESIAN_POINT('',(-6.176870288978,-17.22768386362,
    -19.18541369897));
#9097 = CARTESIAN_POINT('',(-6.188908020659,-17.22567727604,
    -19.18822859965));
#9098 = CARTESIAN_POINT('',(-6.201008936582,-17.22344182167,
    -19.19147834735));
#9099 = CARTESIAN_POINT('',(-6.213114903987,-17.22099441553,
    -19.19516275577));
#9100 = CARTESIAN_POINT('',(-6.225138137815,-17.21836099845,
    -19.19926453991));
#9101 = CARTESIAN_POINT('',(-6.236976551535,-17.2155750994,-19.203749097
    ));
#9102 = CARTESIAN_POINT('',(-6.248544968312,-17.21267052098,
    -19.20857493113));
#9103 = CARTESIAN_POINT('',(-6.259806959935,-17.20967128973,
    -19.21371102389));
#9104 = CARTESIAN_POINT('',(-6.270757278461,-17.20659273387,
    -19.21913783964));
#9105 = CARTESIAN_POINT('',(-6.281409479314,-17.20344315343,
    -19.22484665658));
#9106 = CARTESIAN_POINT('',(-6.291766526402,-17.2002323822,
    -19.23082489388));
#9107 = CARTESIAN_POINT('',(-6.301831554343,-17.19696911155,
    -19.23706103337));
#9108 = CARTESIAN_POINT('',(-6.311607521778,-17.19366115102,
    -19.24354444872));
#9109 = CARTESIAN_POINT('',(-6.321095970185,-17.1903160477,
    -19.25026438284));
#9110 = CARTESIAN_POINT('',(-6.330297599494,-17.18694109318,
    -19.25721002944));
#9111 = CARTESIAN_POINT('',(-6.339212472171,-17.18354338701,
    -19.26437051889));
#9112 = CARTESIAN_POINT('',(-6.347840019577,-17.18012996874,
    -19.27173471429));
#9113 = CARTESIAN_POINT('',(-6.356179371653,-17.17670781071,
    -19.27929126812));
#9114 = CARTESIAN_POINT('',(-6.364230262878,-17.17328350817,
    -19.28702939687));
#9115 = CARTESIAN_POINT('',(-6.371992902698,-17.16986334792,
    -19.29493886855));
#9116 = CARTESIAN_POINT('',(-6.379467529043,-17.16645353722,
    -19.30300958124));
#9117 = CARTESIAN_POINT('',(-6.386654263973,-17.16306032436,
    -19.31123134008));
#9118 = CARTESIAN_POINT('',(-6.393552896132,-17.15969016284,
    -19.31959349752));
#9119 = CARTESIAN_POINT('',(-6.400162936374,-17.1563497631,
    -19.32808481814));
#9120 = CARTESIAN_POINT('',(-6.406483937853,-17.15304600267,
    -19.33669368957));
#9121 = CARTESIAN_POINT('',(-6.412516048908,-17.14978567006,
    -19.34540882643));
#9122 = CARTESIAN_POINT('',(-6.418260084296,-17.14657542095,
    -19.35421949698));
#9123 = CARTESIAN_POINT('',(-6.423717213555,-17.14342195011,
    -19.36311516664));
#9124 = CARTESIAN_POINT('',(-6.428888816453,-17.14033209895,
    -19.37208525843));
#9125 = CARTESIAN_POINT('',(-6.433776382774,-17.13731294955,
    -19.38111891128));
#9126 = CARTESIAN_POINT('',(-6.438381456324,-17.13437189985,
    -19.39020475132));
#9127 = CARTESIAN_POINT('',(-6.442705607606,-17.13151673132,
    -19.39933061269));
#9128 = CARTESIAN_POINT('',(-6.446750778014,-17.12875542423,
    -19.40848401209));
#9129 = CARTESIAN_POINT('',(-6.450519673773,-17.12609588247,
    -19.4176530317));
#9130 = CARTESIAN_POINT('',(-6.454015770411,-17.12354587853,
    -19.42682661295));
#9131 = CARTESIAN_POINT('',(-6.457242948015,-17.12111327041,
    -19.43599385279));
#9132 = CARTESIAN_POINT('',(-6.460205360467,-17.11880607965,
    -19.44514357156));
#9133 = CARTESIAN_POINT('',(-6.462907607547,-17.11663232468,
    -19.45426471115));
#9134 = CARTESIAN_POINT('',(-6.465354960776,-17.11459975887,
    -19.46334726487));
#9135 = CARTESIAN_POINT('',(-6.46755326383,-17.11271583324,
    -19.47238243224));
#9136 = CARTESIAN_POINT('',(-6.469508622315,-17.11098784031,
    -19.48136181067));
#9137 = CARTESIAN_POINT('',(-6.471227275669,-17.10942291948,
    -19.49027678617));
#9138 = CARTESIAN_POINT('',(-6.472715800504,-17.10802774341,
    -19.49911939441));
#9139 = CARTESIAN_POINT('',(-6.473981457012,-17.10680800293,
    -19.50788527652));
#9140 = CARTESIAN_POINT('',(-6.475031832757,-17.10576851354,
    -19.51657441396));
#9141 = CARTESIAN_POINT('',(-6.475874156892,-17.10491371135,
    -19.52518896524));
#9142 = CARTESIAN_POINT('',(-6.476514861166,-17.10424799263,
    -19.53372919094));
#9143 = CARTESIAN_POINT('',(-6.476959784784,-17.10377541064,
    -19.54219158895));
#9144 = CARTESIAN_POINT('',(-6.477214831654,-17.10349884018,
    -19.55057556551));
#9145 = CARTESIAN_POINT('',(-6.477272413795,-17.1034348514,
    -19.5573358668));
#9146 = CARTESIAN_POINT('',(-6.477244283503,-17.10346607165,
    -19.56130151801));
#9147 = CARTESIAN_POINT('',(-6.477230161752,-17.10348182248,
    -19.56249791972));
#9148 = CARTESIAN_POINT('',(-6.08512672135,-17.47235691114,
    -19.18452569078));
#9149 = CARTESIAN_POINT('',(-6.089169304144,-17.47240266254,
    -19.18441320889));
#9150 = CARTESIAN_POINT('',(-6.097773943791,-17.47244388641,
    -19.18430774263));
#9151 = CARTESIAN_POINT('',(-6.110890642619,-17.47233748765,
    -19.18457955615));
#9152 = CARTESIAN_POINT('',(-6.124545530859,-17.47205354104,
    -19.18534483925));
#9153 = CARTESIAN_POINT('',(-6.138258278127,-17.47160686042,
    -19.18660677851));
#9154 = CARTESIAN_POINT('',(-6.15200507733,-17.47100896173,
    -19.18837658055));
#9155 = CARTESIAN_POINT('',(-6.165760268879,-17.47027141001,
    -19.19066350661));
#9156 = CARTESIAN_POINT('',(-6.17949690185,-17.4694054828,
    -19.19347472372));
#9157 = CARTESIAN_POINT('',(-6.193180397916,-17.46842246051,
    -19.1968134962));
#9158 = CARTESIAN_POINT('',(-6.206781261766,-17.46733283099,
    -19.2006811476));
#9159 = CARTESIAN_POINT('',(-6.220264555978,-17.46614690495,
    -19.20507480677));
#9160 = CARTESIAN_POINT('',(-6.233573201475,-17.46487661881,
    -19.20998031953));
#9161 = CARTESIAN_POINT('',(-6.246619827285,-17.46353742998,
    -19.21536269207));
#9162 = CARTESIAN_POINT('',(-6.259304804356,-17.46214739249,
    -19.22116700621));
#9163 = CARTESIAN_POINT('',(-6.271549568945,-17.46072354678,
    -19.22733252844));
#9164 = CARTESIAN_POINT('',(-6.283328598804,-17.45927732541,
    -19.23381452118));
#9165 = CARTESIAN_POINT('',(-6.294648182556,-17.45781562973,
    -19.24058411142));
#9166 = CARTESIAN_POINT('',(-6.305532219992,-17.45634198564,
    -19.24762634765));
#9167 = CARTESIAN_POINT('',(-6.315992209238,-17.45486065164,
    -19.25492173345));
#9168 = CARTESIAN_POINT('',(-6.326038727041,-17.45337536456,
    -19.26245229487));
#9169 = CARTESIAN_POINT('',(-6.335681274677,-17.45188948257,
    -19.27020125834));
#9170 = CARTESIAN_POINT('',(-6.34492726649,-17.45040627052,
    -19.27815177258));
#9171 = CARTESIAN_POINT('',(-6.353782805323,-17.44892889835,
    -19.28628699604));
#9172 = CARTESIAN_POINT('',(-6.362253023915,-17.4474604676,
    -19.29459005919));
#9173 = CARTESIAN_POINT('',(-6.37034222574,-17.44600406322,
    -19.30304382443));
#9174 = CARTESIAN_POINT('',(-6.378054315339,-17.44456274255,
    -19.31163096293));
#9175 = CARTESIAN_POINT('',(-6.385393699337,-17.44313940325,
    -19.32033482009));
#9176 = CARTESIAN_POINT('',(-6.392365184861,-17.44173681625,
    -19.32913935619));
#9177 = CARTESIAN_POINT('',(-6.398973607554,-17.44035772062,
    -19.33802864421));
#9178 = CARTESIAN_POINT('',(-6.405223750497,-17.43900486877,
    -19.3469866102));
#9179 = CARTESIAN_POINT('',(-6.411120206279,-17.43768108573,
    -19.35599663694));
#9180 = CARTESIAN_POINT('',(-6.416667491067,-17.43638927866,
    -19.36504143436));
#9181 = CARTESIAN_POINT('',(-6.421870374205,-17.43513238935,
    -19.37410328542));
#9182 = CARTESIAN_POINT('',(-6.426734358922,-17.4339132885,
    -19.38316478007));
#9183 = CARTESIAN_POINT('',(-6.431265730535,-17.43273475614,
    -19.39220900575));
#9184 = CARTESIAN_POINT('',(-6.435471305254,-17.43159953914,
    -19.40121913226));
#9185 = CARTESIAN_POINT('',(-6.439358341054,-17.43051037577,
    -19.41017814583));
#9186 = CARTESIAN_POINT('',(-6.442934498769,-17.42947000732,
    -19.41906860369));
#9187 = CARTESIAN_POINT('',(-6.446207849486,-17.42848117415,
    -19.42787242723));
#9188 = CARTESIAN_POINT('',(-6.449186920636,-17.42754659689,
    -19.43657068952));
#9189 = CARTESIAN_POINT('',(-6.451881000088,-17.42666886453,
    -19.44514415853));
#9190 = CARTESIAN_POINT('',(-6.454300425349,-17.42585029604,
    -19.4535741912));
#9191 = CARTESIAN_POINT('',(-6.456456573847,-17.42509287457,
    -19.46184303269));
#9192 = CARTESIAN_POINT('',(-6.458361635154,-17.42439825208,
    -19.46993324914));
#9193 = CARTESIAN_POINT('',(-6.460028568598,-17.42376768971,
    -19.47782753189));
#9194 = CARTESIAN_POINT('',(-6.461471228479,-17.4232019202,
    -19.48550930754));
#9195 = CARTESIAN_POINT('',(-6.462704462313,-17.42270099554,
    -19.49296378883));
#9196 = CARTESIAN_POINT('',(-6.46374398846,-17.42226420766,
    -19.50017835593));
#9197 = CARTESIAN_POINT('',(-6.46460616379,-17.42189005841,
    -19.50714224046));
#9198 = CARTESIAN_POINT('',(-6.465307840739,-17.42157620389,
    -19.51384654142));
#9199 = CARTESIAN_POINT('',(-6.465866315056,-17.42131936769,
    -19.52028544664));
#9200 = CARTESIAN_POINT('',(-6.466299209386,-17.42111529676,
    -19.52645878421));
#9201 = CARTESIAN_POINT('',(-6.4666240059,-17.42095891599,
    -19.53237261252));
#9202 = CARTESIAN_POINT('',(-6.4668575081,-17.42084458153,
    -19.53803773694));
#9203 = CARTESIAN_POINT('',(-6.467015457977,-17.42076631668,
    -19.54346750444));
#9204 = CARTESIAN_POINT('',(-6.467112292759,-17.42071803441,
    -19.5486768702));
#9205 = CARTESIAN_POINT('',(-6.46716092963,-17.42069378003,
    -19.55368769281));
#9206 = CARTESIAN_POINT('',(-6.467170152713,-17.42068921898,
    -19.55762463355));
#9207 = CARTESIAN_POINT('',(-6.467165587526,-17.42069147793,
    -19.55990068276));
#9208 = CARTESIAN_POINT('',(-6.467163377429,-17.42069256708,
    -19.56058460433));
#9209 = CARTESIAN_POINT('',(-6.081309955676,-17.63913135537,
    -19.0146454867));
#9210 = CARTESIAN_POINT('',(-6.086764284645,-17.63914797308,
    -19.01451697229));
#9211 = CARTESIAN_POINT('',(-6.09839022669,-17.63916228433,
    -19.01439653998));
#9212 = CARTESIAN_POINT('',(-6.116176331984,-17.63912527207,
    -19.01470695441));
#9213 = CARTESIAN_POINT('',(-6.134775815867,-17.63903270269,
    -19.01558138973));
#9214 = CARTESIAN_POINT('',(-6.15354960179,-17.63889585608,
    -19.0170252763));
#9215 = CARTESIAN_POINT('',(-6.172476129484,-17.63872441852,
    -19.0190547848));
#9216 = CARTESIAN_POINT('',(-6.191529771386,-17.63852739437,
    -19.02168552515));
#9217 = CARTESIAN_POINT('',(-6.210681855536,-17.63831284893,
    -19.02493233109));
#9218 = CARTESIAN_POINT('',(-6.229891905943,-17.63808791251,
    -19.02880701284));
#9219 = CARTESIAN_POINT('',(-6.249125378195,-17.63785858727,
    -19.03332037201));
#9220 = CARTESIAN_POINT('',(-6.268339052579,-17.63762997034,
    -19.03847931017));
#9221 = CARTESIAN_POINT('',(-6.287456881143,-17.63740666335,
    -19.04427815088));
#9222 = CARTESIAN_POINT('',(-6.306356492302,-17.63719298012,
    -19.05068654412));
#9223 = CARTESIAN_POINT('',(-6.324893360267,-17.63699264039,
    -19.05764940162));
#9224 = CARTESIAN_POINT('',(-6.342948978489,-17.63680827749,
    -19.0651029037));
#9225 = CARTESIAN_POINT('',(-6.360479488237,-17.63664111709,
    -19.07300067747));
#9226 = CARTESIAN_POINT('',(-6.377487379467,-17.6364915727,
    -19.08131443385));
#9227 = CARTESIAN_POINT('',(-6.394002164451,-17.63635967695,
    -19.09003237852));
#9228 = CARTESIAN_POINT('',(-6.410035167407,-17.63624553871,
    -19.0991366418));
#9229 = CARTESIAN_POINT('',(-6.425596578664,-17.63614922889,
    -19.10861075837));
#9230 = CARTESIAN_POINT('',(-6.440695182322,-17.63607081168,
    -19.11843935709));
#9231 = CARTESIAN_POINT('',(-6.455336655784,-17.63601036624,
    -19.1286065829));
#9232 = CARTESIAN_POINT('',(-6.469524636919,-17.63596798219,
    -19.13909620969));
#9233 = CARTESIAN_POINT('',(-6.483261178434,-17.63594375919,
    -19.14989160723));
#9234 = CARTESIAN_POINT('',(-6.496546872702,-17.63593780273,
    -19.16097542686));
#9235 = CARTESIAN_POINT('',(-6.509381454402,-17.63595021639,
    -19.17232968401));
#9236 = CARTESIAN_POINT('',(-6.52176527059,-17.63598110138,
    -19.18393691299));
#9237 = CARTESIAN_POINT('',(-6.533699143069,-17.63603056026,
    -19.1957801318));
#9238 = CARTESIAN_POINT('',(-6.54518373512,-17.63609869458,
    -19.2078421952));
#9239 = CARTESIAN_POINT('',(-6.556219376232,-17.63618559903,
    -19.22010544781));
#9240 = CARTESIAN_POINT('',(-6.566805768888,-17.63629135121,
    -19.23255117438));
#9241 = CARTESIAN_POINT('',(-6.576942111108,-17.63641599931,
    -19.24515938948));
#9242 = CARTESIAN_POINT('',(-6.586627621193,-17.63655955318,
    -19.25790914376));
#9243 = CARTESIAN_POINT('',(-6.595862413865,-17.63672198731,
    -19.270779552));
#9244 = CARTESIAN_POINT('',(-6.604647633518,-17.63690323998,
    -19.28375010087));
#9245 = CARTESIAN_POINT('',(-6.612985000173,-17.63710319811,
    -19.29680009421));
#9246 = CARTESIAN_POINT('',(-6.620876612253,-17.63732167684,
    -19.30990828118));
#9247 = CARTESIAN_POINT('',(-6.628324817855,-17.63755839198,
    -19.32305249326));
#9248 = CARTESIAN_POINT('',(-6.63533215409,-17.63781292526,
    -19.33620931661));
#9249 = CARTESIAN_POINT('',(-6.641901331253,-17.63808467846,
    -19.34935372018));
#9250 = CARTESIAN_POINT('',(-6.648035780414,-17.6383728414,
    -19.36245980126));
#9251 = CARTESIAN_POINT('',(-6.65374026842,-17.63867637184,
    -19.37550211506));
#9252 = CARTESIAN_POINT('',(-6.659020913349,-17.63899395526,
    -19.38845614975));
#9253 = CARTESIAN_POINT('',(-6.663884637883,-17.6393239208,
    -19.40129742113));
#9254 = CARTESIAN_POINT('',(-6.668338974561,-17.63966415275,
    -19.41400103958));
#9255 = CARTESIAN_POINT('',(-6.672392318029,-17.64001202769,
    -19.42654250399));
#9256 = CARTESIAN_POINT('',(-6.676054241512,-17.64036437704,
    -19.43889923909));
#9257 = CARTESIAN_POINT('',(-6.679335309584,-17.64071742791,
    -19.45105106565));
#9258 = CARTESIAN_POINT('',(-6.682246566311,-17.6410667174,
    -19.46297942912));
#9259 = CARTESIAN_POINT('',(-6.684799288072,-17.6414070391,
    -19.47466702368));
#9260 = CARTESIAN_POINT('',(-6.687005219032,-17.64173249049,
    -19.48609942399));
#9261 = CARTESIAN_POINT('',(-6.688877006496,-17.64203664338,
    -19.4972692761));
#9262 = CARTESIAN_POINT('',(-6.690427595441,-17.64231264929,
    -19.50817734087));
#9263 = CARTESIAN_POINT('',(-6.691669153005,-17.64255327868,
    -19.51882977902));
#9264 = CARTESIAN_POINT('',(-6.692612384802,-17.6427510059,
    -19.52923352398));
#9265 = CARTESIAN_POINT('',(-6.693266812305,-17.64289834338,
    -19.539394185));
#9266 = CARTESIAN_POINT('',(-6.693641743991,-17.64298841036,
    -19.54932522199));
#9267 = CARTESIAN_POINT('',(-6.693726373719,-17.64301026082,
    -19.55723472122));
#9268 = CARTESIAN_POINT('',(-6.693685024135,-17.64299963125,
    -19.5618400976));
#9269 = CARTESIAN_POINT('',(-6.693664266637,-17.64299421947,
    -19.56322655095));
#9270 = CARTESIAN_POINT('',(-6.078504273136,-17.62711428388,
    -18.77687398978));
#9271 = CARTESIAN_POINT('',(-6.084973898906,-17.62711277467,
    -18.7767660533));
#9272 = CARTESIAN_POINT('',(-6.098825144164,-17.62711145942,
    -18.77666382182));
#9273 = CARTESIAN_POINT('',(-6.120234180355,-17.62711485231,
    -18.77692725567));
#9274 = CARTESIAN_POINT('',(-6.142890057101,-17.6271233249,
    -18.77768178766));
#9275 = CARTESIAN_POINT('',(-6.166045953637,-17.62713576446,
    -18.7789476052));
#9276 = CARTESIAN_POINT('',(-6.189692342406,-17.6271511767,
    -18.78075704288));
#9277 = CARTESIAN_POINT('',(-6.213808752017,-17.62716863671,
    -18.78314463264));
#9278 = CARTESIAN_POINT('',(-6.238366335317,-17.62718733138,
    -18.78614644801));
#9279 = CARTESIAN_POINT('',(-6.263317357795,-17.62720656899,
    -18.78979747916));
#9280 = CARTESIAN_POINT('',(-6.288618573116,-17.62722579803,
    -18.79413287159));
#9281 = CARTESIAN_POINT('',(-6.314213202473,-17.6272445841,
    -18.79918467344));
#9282 = CARTESIAN_POINT('',(-6.339998445814,-17.62726257052,
    -18.80497266154));
#9283 = CARTESIAN_POINT('',(-6.365804099773,-17.62727945755,
    -18.81149048595));
#9284 = CARTESIAN_POINT('',(-6.391422356438,-17.6272950202,
    -18.81870314337));
#9285 = CARTESIAN_POINT('',(-6.416673982945,-17.62730913572,
    -18.82656187072));
#9286 = CARTESIAN_POINT('',(-6.441479372932,-17.62732179578,
    -18.83503179873));
#9287 = CARTESIAN_POINT('',(-6.465824333477,-17.62733305123,
    -18.84409476686));
#9288 = CARTESIAN_POINT('',(-6.489735636092,-17.62734297626,
    -18.85374948771));
#9289 = CARTESIAN_POINT('',(-6.513215835172,-17.62735163329,
    -18.86398721104));
#9290 = CARTESIAN_POINT('',(-6.53626715541,-17.62735908124,
    -18.87479997117));
#9291 = CARTESIAN_POINT('',(-6.558890866666,-17.62736537315,
    -18.88618044418));
#9292 = CARTESIAN_POINT('',(-6.581084420324,-17.62737055451,
    -18.89812021884));
#9293 = CARTESIAN_POINT('',(-6.602842711876,-17.62737466349,
    -18.91060993805));
#9294 = CARTESIAN_POINT('',(-6.624158551023,-17.6273777309,
    -18.92363929572));
#9295 = CARTESIAN_POINT('',(-6.645022630349,-17.62737978039,
    -18.93719665794));
#9296 = CARTESIAN_POINT('',(-6.665424260737,-17.62738082883,
    -18.95126913304));
#9297 = CARTESIAN_POINT('',(-6.685353617331,-17.62738088649,
    -18.96584402763));
#9298 = CARTESIAN_POINT('',(-6.704801525058,-17.62737995677,
    -18.98090889082));
#9299 = CARTESIAN_POINT('',(-6.723758396911,-17.62737803624,
    -18.99645075211));
#9300 = CARTESIAN_POINT('',(-6.742213867768,-17.62737511487,
    -19.01245569271));
#9301 = CARTESIAN_POINT('',(-6.760156211218,-17.6273711765,
    -19.02890812472));
#9302 = CARTESIAN_POINT('',(-6.777572415111,-17.62736619948,
    -19.04579046575));
#9303 = CARTESIAN_POINT('',(-6.794448961188,-17.62736015725,
    -19.0630834921));
#9304 = CARTESIAN_POINT('',(-6.810773309102,-17.62735301843,
    -19.0807677352));
#9305 = CARTESIAN_POINT('',(-6.826534167932,-17.62734474699,
    -19.09882398431));
#9306 = CARTESIAN_POINT('',(-6.841720706879,-17.62733530328,
    -19.1172326014));
#9307 = CARTESIAN_POINT('',(-6.856322156162,-17.62732464534,
    -19.13597303218));
#9308 = CARTESIAN_POINT('',(-6.870327495303,-17.62731273095,
    -19.15502328755));
#9309 = CARTESIAN_POINT('',(-6.883725236887,-17.62729952027,
    -19.1743594304));
#9310 = CARTESIAN_POINT('',(-6.896503253406,-17.62728497961,
    -19.19395492109));
#9311 = CARTESIAN_POINT('',(-6.908649694859,-17.62726908495,
    -19.21378156844));
#9312 = CARTESIAN_POINT('',(-6.920154149858,-17.62725182538,
    -19.23381143811));
#9313 = CARTESIAN_POINT('',(-6.93100770939,-17.62723320808,
    -19.2540175604));
#9314 = CARTESIAN_POINT('',(-6.941201851231,-17.62721326663,
    -19.27437243035));
#9315 = CARTESIAN_POINT('',(-6.950727950443,-17.62719207086,
    -19.2948470169));
#9316 = CARTESIAN_POINT('',(-6.95957775059,-17.62716973625,
    -19.31541159401));
#9317 = CARTESIAN_POINT('',(-6.967744103461,-17.6271464324,
    -19.33603781608));
#9318 = CARTESIAN_POINT('',(-6.975220716763,-17.62712239344,
    -19.35669908192));
#9319 = CARTESIAN_POINT('',(-6.982001185683,-17.6270979306,
    -19.3773686544));
#9320 = CARTESIAN_POINT('',(-6.988078619345,-17.62707344273,
    -19.3980181281));
#9321 = CARTESIAN_POINT('',(-6.993446521667,-17.6270494186,
    -19.41861925666));
#9322 = CARTESIAN_POINT('',(-6.998100437076,-17.62702642709,
    -19.43915076923));
#9323 = CARTESIAN_POINT('',(-7.002037269093,-17.62700510784,
    -19.45960017277));
#9324 = CARTESIAN_POINT('',(-7.005253329315,-17.62698616301,
    -19.4799586887));
#9325 = CARTESIAN_POINT('',(-7.007743189995,-17.62697034146,
    -19.50021147526));
#9326 = CARTESIAN_POINT('',(-7.009501114872,-17.62695839853,
    -19.52033302282));
#9327 = CARTESIAN_POINT('',(-7.010524510194,-17.62695102828,
    -19.54030296067));
#9328 = CARTESIAN_POINT('',(-7.010759657457,-17.62694923248,
    -19.5564177139));
#9329 = CARTESIAN_POINT('',(-7.01064490846,-17.62695010324,
    -19.5658683892));
#9330 = CARTESIAN_POINT('',(-7.010587111893,-17.62695054591,
    -19.56871908997));
#9331 = ADVANCED_FACE('',(#9332),#9344,.T.);
#9332 = FACE_BOUND('',#9333,.T.);
#9333 = EDGE_LOOP('',(#9334,#9335,#9336,#9343));
#9334 = ORIENTED_EDGE('',*,*,#9080,.F.);
#9335 = ORIENTED_EDGE('',*,*,#6978,.T.);
#9336 = ORIENTED_EDGE('',*,*,#9337,.F.);
#9337 = EDGE_CURVE('',#6304,#6979,#9338,.T.);
#9338 = CIRCLE('',#9339,0.381);
#9339 = AXIS2_PLACEMENT_3D('',#9340,#9341,#9342);
#9340 = CARTESIAN_POINT('',(9.16939998721,-17.2466,-18.796));
#9341 = DIRECTION('',(1.,0.,0.));
#9342 = DIRECTION('',(0.,-1.,0.));
#9343 = ORIENTED_EDGE('',*,*,#6367,.F.);
#9344 = CYLINDRICAL_SURFACE('',#9345,0.381);
#9345 = AXIS2_PLACEMENT_3D('',#9346,#9347,#9348);
#9346 = CARTESIAN_POINT('',(-69.1752744,-17.2466,-18.796));
#9347 = DIRECTION('',(1.,0.,0.));
#9348 = DIRECTION('',(0.,-1.,0.));
#9349 = ADVANCED_FACE('',(#9350),#9423,.T.);
#9350 = FACE_BOUND('',#9351,.T.);
#9351 = EDGE_LOOP('',(#9352,#9353,#9354,#9416));
#9352 = ORIENTED_EDGE('',*,*,#6303,.T.);
#9353 = ORIENTED_EDGE('',*,*,#9337,.T.);
#9354 = ORIENTED_EDGE('',*,*,#9355,.T.);
#9355 = EDGE_CURVE('',#6979,#6605,#9356,.T.);
#9356 = B_SPLINE_CURVE_WITH_KNOTS('',3,(#9357,#9358,#9359,#9360,#9361,
    #9362,#9363,#9364,#9365,#9366,#9367,#9368,#9369,#9370,#9371,#9372,
    #9373,#9374,#9375,#9376,#9377,#9378,#9379,#9380,#9381,#9382,#9383,
    #9384,#9385,#9386,#9387,#9388,#9389,#9390,#9391,#9392,#9393,#9394,
    #9395,#9396,#9397,#9398,#9399,#9400,#9401,#9402,#9403,#9404,#9405,
    #9406,#9407,#9408,#9409,#9410,#9411,#9412,#9413,#9414,#9415),
  .UNSPECIFIED.,.F.,.F.,(4,1,1,1,1,1,1,1,1,1,1,1,1,1,1,1,1,1,1,1,1,1,1,1
    ,1,1,1,1,1,1,1,1,1,1,1,1,1,1,1,1,1,1,1,1,1,1,1,1,1,1,1,1,1,1,1,1,4),
  (0.,1.785714285714E-02,3.571428571429E-02,5.357142857143E-02,
    7.142857142857E-02,8.928571428571E-02,0.107142857143,0.125,
    0.142857142857,0.160714285714,0.178571428571,0.196428571429,
    0.214285714286,0.232142857143,0.25,0.267857142857,0.285714285714,
    0.303571428571,0.321428571429,0.339285714286,0.357142857143,0.375,
    0.392857142857,0.410714285714,0.428571428571,0.446428571429,
    0.464285714286,0.482142857143,0.5,0.517857142857,0.535714285714,
    0.553571428571,0.571428571429,0.589285714286,0.607142857143,0.625,
    0.642857142857,0.660714285714,0.678571428571,0.696428571429,
    0.714285714286,0.732142857143,0.75,0.767857142857,0.785714285714,
    0.803571428571,0.821428571429,0.839285714286,0.857142857143,0.875,
    0.892857142857,0.910714285714,0.928571428571,0.946428571429,
    0.964285714286,0.982142857143,1.),.UNSPECIFIED.);
#9357 = CARTESIAN_POINT('',(9.169400062407,-17.24659999897,
    -19.1770000001));
#9358 = CARTESIAN_POINT('',(9.172991577817,-17.24660000391,
    -19.1770000001));
#9359 = CARTESIAN_POINT('',(9.180254446868,-17.24650950966,
    -19.17710158916));
#9360 = CARTESIAN_POINT('',(9.191375360319,-17.24610269455,
    -19.17757880474));
#9361 = CARTESIAN_POINT('',(9.202720259514,-17.24542635934,
    -19.17840180312));
#9362 = CARTESIAN_POINT('',(9.214269884962,-17.24448408479,
    -19.17959078979));
#9363 = CARTESIAN_POINT('',(9.226004723319,-17.24328099667,
    -19.18116517027));
#9364 = CARTESIAN_POINT('',(9.237898844468,-17.24182410204,
    -19.18314233357));
#9365 = CARTESIAN_POINT('',(9.249932592595,-17.24012019282,
    -19.18554009914));
#9366 = CARTESIAN_POINT('',(9.262039732682,-17.23818440772,
    -19.18836356061));
#9367 = CARTESIAN_POINT('',(9.274219035465,-17.23602313617,
    -19.19162895369));
#9368 = CARTESIAN_POINT('',(9.286437160114,-17.23364690482,
    -19.19534582264));
#9369 = CARTESIAN_POINT('',(9.298571933677,-17.23108654677,
    -19.19948873974));
#9370 = CARTESIAN_POINT('',(9.310516498286,-17.22837581591,
    -19.20402099617));
#9371 = CARTESIAN_POINT('',(9.322180804548,-17.22554863699,
    -19.20889923686));
#9372 = CARTESIAN_POINT('',(9.333472921036,-17.22264371911,
    -19.21406423183));
#9373 = CARTESIAN_POINT('',(9.344469672995,-17.21965597331,
    -19.2195309159));
#9374 = CARTESIAN_POINT('',(9.355160425458,-17.21659951083,
    -19.22527998056));
#9375 = CARTESIAN_POINT('',(9.365547993399,-17.21348434216,
    -19.23129754419));
#9376 = CARTESIAN_POINT('',(9.375637806674,-17.21031839111,
    -19.23757283094));
#9377 = CARTESIAN_POINT('',(9.385434841112,-17.20710872444,
    -19.24409603961));
#9378 = CARTESIAN_POINT('',(9.394939140312,-17.20386324861,
    -19.25085504503));
#9379 = CARTESIAN_POINT('',(9.404151203499,-17.20058925658,
    -19.25783831649));
#9380 = CARTESIAN_POINT('',(9.41307336695,-17.19729291961,
    -19.26503629861));
#9381 = CARTESIAN_POINT('',(9.421703978568,-17.19398153107,
    -19.27243665175));
#9382 = CARTESIAN_POINT('',(9.430041601122,-17.19066218984,
    -19.28002700914));
#9383 = CARTESIAN_POINT('',(9.438086584102,-17.18734116849,
    -19.28779659047));
#9384 = CARTESIAN_POINT('',(9.445839754703,-17.18402440731,
    -19.29573527551));
#9385 = CARTESIAN_POINT('',(9.453301432534,-17.1807179816,
    -19.30383257914));
#9386 = CARTESIAN_POINT('',(9.460471889719,-17.17742798397,
    -19.31207795289));
#9387 = CARTESIAN_POINT('',(9.467351793551,-17.17416035217,
    -19.32046130297));
#9388 = CARTESIAN_POINT('',(9.473940391208,-17.17092179629,
    -19.32897063165));
#9389 = CARTESIAN_POINT('',(9.480237051808,-17.16771918385,
    -19.33759350857));
#9390 = CARTESIAN_POINT('',(9.486242089938,-17.16455913598,
    -19.34631821372));
#9391 = CARTESIAN_POINT('',(9.491956720753,-17.1614480209,
    -19.35513390569));
#9392 = CARTESIAN_POINT('',(9.497382647811,-17.15839215372,
    -19.36403021793));
#9393 = CARTESIAN_POINT('',(9.502521256281,-17.15539828397,
    -19.37299588444));
#9394 = CARTESIAN_POINT('',(9.507374479549,-17.15247314947,
    -19.38202004519));
#9395 = CARTESIAN_POINT('',(9.511944338336,-17.14962375757,
    -19.39109146631));
#9396 = CARTESIAN_POINT('',(9.516232588123,-17.14685766251,
    -19.40019757812));
#9397 = CARTESIAN_POINT('',(9.520241018983,-17.14418285159,
    -19.40932461386));
#9398 = CARTESIAN_POINT('',(9.523972548908,-17.14160702784,
    -19.41845993158));
#9399 = CARTESIAN_POINT('',(9.527431288345,-17.13913746912,
    -19.4275927524));
#9400 = CARTESIAN_POINT('',(9.530621748872,-17.13678150651,
    -19.43671265024));
#9401 = CARTESIAN_POINT('',(9.533548180815,-17.13454701781,
    -19.44580741935));
#9402 = CARTESIAN_POINT('',(9.536215417202,-17.13244179766,
    -19.45486509468));
#9403 = CARTESIAN_POINT('',(9.538629114724,-17.1304732694,
    -19.46387507091));
#9404 = CARTESIAN_POINT('',(9.540795709991,-17.1286483829,
    -19.47282865732));
#9405 = CARTESIAN_POINT('',(9.542722024855,-17.12697379923,
    -19.48171836168));
#9406 = CARTESIAN_POINT('',(9.54441465832,-17.12545631826,
    -19.49053510407));
#9407 = CARTESIAN_POINT('',(9.545880395833,-17.12410242665,
    -19.49926934373));
#9408 = CARTESIAN_POINT('',(9.547126645831,-17.12291772836,
    -19.50791346421));
#9409 = CARTESIAN_POINT('',(9.548162124074,-17.12190601592,
    -19.51647034254));
#9410 = CARTESIAN_POINT('',(9.548994893145,-17.12107092062,
    -19.52494541599));
#9411 = CARTESIAN_POINT('',(9.549631832067,-17.12041638341,
    -19.53333980144));
#9412 = CARTESIAN_POINT('',(9.550079127993,-17.11994611916,
    -19.54165348054));
#9413 = CARTESIAN_POINT('',(9.550342540307,-17.11966317216,
    -19.54987077838));
#9414 = CARTESIAN_POINT('',(9.550400000037,-17.11960001245,
    -19.55529986815));
#9415 = CARTESIAN_POINT('',(9.550400000037,-17.11960000084,
    -19.55799998898));
#9416 = ORIENTED_EDGE('',*,*,#9417,.T.);
#9417 = EDGE_CURVE('',#6605,#6296,#9418,.T.);
#9418 = CIRCLE('',#9419,0.507999993161);
#9419 = AXIS2_PLACEMENT_3D('',#9420,#9421,#9422);
#9420 = CARTESIAN_POINT('',(10.05839999331,-17.11960000283,
    -19.5580002133));
#9421 = DIRECTION('',(4.611440836813E-07,4.006164005251E-07,1.));
#9422 = DIRECTION('',(-1.,-1.888253347957E-13,4.611440836814E-07));
#9423 = ( BOUNDED_SURFACE() B_SPLINE_SURFACE(3,3,(
    (#9424,#9425,#9426,#9427,#9428,#9429,#9430,#9431,#9432,#9433,#9434
      ,#9435,#9436,#9437,#9438,#9439,#9440,#9441,#9442,#9443,#9444,#9445
      ,#9446,#9447,#9448,#9449,#9450,#9451,#9452,#9453,#9454,#9455,#9456
      ,#9457,#9458,#9459,#9460,#9461,#9462,#9463,#9464,#9465,#9466,#9467
      ,#9468,#9469,#9470,#9471,#9472,#9473,#9474,#9475,#9476,#9477,#9478
      ,#9479,#9480,#9481,#9482,#9483,#9484)
    ,(#9485,#9486,#9487,#9488,#9489,#9490,#9491,#9492,#9493,#9494,#9495
      ,#9496,#9497,#9498,#9499,#9500,#9501,#9502,#9503,#9504,#9505,#9506
      ,#9507,#9508,#9509,#9510,#9511,#9512,#9513,#9514,#9515,#9516,#9517
      ,#9518,#9519,#9520,#9521,#9522,#9523,#9524,#9525,#9526,#9527,#9528
      ,#9529,#9530,#9531,#9532,#9533,#9534,#9535,#9536,#9537,#9538,#9539
      ,#9540,#9541,#9542,#9543,#9544,#9545)
    ,(#9546,#9547,#9548,#9549,#9550,#9551,#9552,#9553,#9554,#9555,#9556
      ,#9557,#9558,#9559,#9560,#9561,#9562,#9563,#9564,#9565,#9566,#9567
      ,#9568,#9569,#9570,#9571,#9572,#9573,#9574,#9575,#9576,#9577,#9578
      ,#9579,#9580,#9581,#9582,#9583,#9584,#9585,#9586,#9587,#9588,#9589
      ,#9590,#9591,#9592,#9593,#9594,#9595,#9596,#9597,#9598,#9599,#9600
      ,#9601,#9602,#9603,#9604,#9605,#9606)
    ,(#9607,#9608,#9609,#9610,#9611,#9612,#9613,#9614,#9615,#9616,#9617
      ,#9618,#9619,#9620,#9621,#9622,#9623,#9624,#9625,#9626,#9627,#9628
      ,#9629,#9630,#9631,#9632,#9633,#9634,#9635,#9636,#9637,#9638,#9639
      ,#9640,#9641,#9642,#9643,#9644,#9645,#9646,#9647,#9648,#9649,#9650
      ,#9651,#9652,#9653,#9654,#9655,#9656,#9657,#9658,#9659,#9660,#9661
      ,#9662,#9663,#9664,#9665,#9666,#9667
)),.UNSPECIFIED.,.F.,.F.,.F.) B_SPLINE_SURFACE_WITH_KNOTS((4,4),(4,1,1,1
    ,1,1,1,1,1,1,1,1,1,1,1,1,1,1,1,1,1,1,1,1,1,1,1,1,1,1,1,1,1,1,1,1,1,1
    ,1,1,1,1,1,1,1,1,1,1,1,1,1,1,1,1,1,1,1,1,4),(0.,1.),(
    7.812370127413E-03,1.383673515222E-02,2.783368628012E-02,
    4.197294026897E-02,5.627909336369E-02,7.07482135582E-02,
    8.538225975654E-02,0.100190536648,0.115187942628,0.130386203872,
    0.145783939817,0.161374263766,0.177150726122,0.193109090508,
    0.20924434561,0.225548973896,0.242013487699,0.258628397315,
    0.275386671957,0.292281576195,0.309304136515,0.326443883165,
    0.343692036382,0.361042432145,0.3784902561,0.396031010866,
    0.413661636195,0.43137910011,0.449179286237,0.467057191881,
    0.485008984905,0.503034165911,0.521133097919,0.539306960972,
    0.557558269094,0.575889193884,0.594299851608,0.612791354615,
    0.631370373945,0.650042999389,0.668815891392,0.687702249924,
    0.706717430222,0.725870154635,0.745174466565,0.764702637998,
    0.784366628729,0.804032916619,0.823554520492,0.842789634485,
    0.861698183024,0.880287455936,0.898516707127,0.916372690967,
    0.933849062722,0.950943176888,0.967656350046,0.984002507097,
0.99815495391),.UNSPECIFIED.) GEOMETRIC_REPRESENTATION_ITEM() 
RATIONAL_B_SPLINE_SURFACE((
    (1.192332973246,1.192332973246,1.192332973246,1.192332973246
      ,1.192332973246,1.192332973246,1.192332973246,1.192332973246
      ,1.192332973246,1.192332973246,1.192332973246,1.192332973246
      ,1.192332973246,1.192332973246,1.192332973246,1.192332973246
      ,1.192332973246,1.192332973246,1.192332973246,1.192332973246
      ,1.192332973246,1.192332973246,1.192332973246,1.192332973246
      ,1.192332973246,1.192332973246,1.192332973246,1.192332973246
      ,1.192332973246,1.192332973246,1.192332973246,1.192332973246
      ,1.192332973246,1.192332973246,1.192332973246,1.192332973246
      ,1.192332973246,1.192332973246,1.192332973246,1.192332973246
      ,1.192332973246,1.192332973246,1.192332973246,1.192332973246
      ,1.192332973246,1.192332973246,1.192332973246,1.192332973246
      ,1.192332973246,1.192332973246,1.192332973246,1.192332973246
      ,1.192332973246,1.192332973246,1.192332973246,1.192332973246
      ,1.192332973246,1.192332973246,1.192332973246,1.192332973246
      ,1.192332973246)
    ,(0.935889008918,0.935889008918,0.935889008918,0.935889008918
      ,0.935889008918,0.935889008918,0.935889008918,0.935889008918
      ,0.935889008918,0.935889008918,0.935889008918,0.935889008918
      ,0.935889008918,0.935889008918,0.935889008918,0.935889008918
      ,0.935889008918,0.935889008918,0.935889008918,0.935889008918
      ,0.935889008918,0.935889008918,0.935889008918,0.935889008918
      ,0.935889008918,0.935889008918,0.935889008918,0.935889008918
      ,0.935889008918,0.935889008918,0.935889008918,0.935889008918
      ,0.935889008918,0.935889008918,0.935889008918,0.935889008918
      ,0.935889008918,0.935889008918,0.935889008918,0.935889008918
      ,0.935889008918,0.935889008918,0.935889008918,0.935889008918
      ,0.935889008918,0.935889008918,0.935889008918,0.935889008918
      ,0.935889008918,0.935889008918,0.935889008918,0.935889008918
      ,0.935889008918,0.935889008918,0.935889008918,0.935889008918
      ,0.935889008918,0.935889008918,0.935889008918,0.935889008918
      ,0.935889008918)
    ,(0.935889008918,0.935889008918,0.935889008918,0.935889008918
      ,0.935889008918,0.935889008918,0.935889008918,0.935889008918
      ,0.935889008918,0.935889008918,0.935889008918,0.935889008918
      ,0.935889008918,0.935889008918,0.935889008918,0.935889008918
      ,0.935889008918,0.935889008918,0.935889008918,0.935889008918
      ,0.935889008918,0.935889008918,0.935889008918,0.935889008918
      ,0.935889008918,0.935889008918,0.935889008918,0.935889008918
      ,0.935889008918,0.935889008918,0.935889008918,0.935889008918
      ,0.935889008918,0.935889008918,0.935889008918,0.935889008918
      ,0.935889008918,0.935889008918,0.935889008918,0.935889008918
      ,0.935889008918,0.935889008918,0.935889008918,0.935889008918
      ,0.935889008918,0.935889008918,0.935889008918,0.935889008918
      ,0.935889008918,0.935889008918,0.935889008918,0.935889008918
      ,0.935889008918,0.935889008918,0.935889008918,0.935889008918
      ,0.935889008918,0.935889008918,0.935889008918,0.935889008918
      ,0.935889008918)
    ,(1.192332973246,1.192332973246,1.192332973246,1.192332973246
      ,1.192332973246,1.192332973246,1.192332973246,1.192332973246
      ,1.192332973246,1.192332973246,1.192332973246,1.192332973246
      ,1.192332973246,1.192332973246,1.192332973246,1.192332973246
      ,1.192332973246,1.192332973246,1.192332973246,1.192332973246
      ,1.192332973246,1.192332973246,1.192332973246,1.192332973246
      ,1.192332973246,1.192332973246,1.192332973246,1.192332973246
      ,1.192332973246,1.192332973246,1.192332973246,1.192332973246
      ,1.192332973246,1.192332973246,1.192332973246,1.192332973246
      ,1.192332973246,1.192332973246,1.192332973246,1.192332973246
      ,1.192332973246,1.192332973246,1.192332973246,1.192332973246
      ,1.192332973246,1.192332973246,1.192332973246,1.192332973246
      ,1.192332973246,1.192332973246,1.192332973246,1.192332973246
      ,1.192332973246,1.192332973246,1.192332973246,1.192332973246
      ,1.192332973246,1.192332973246,1.192332973246,1.192332973246
,1.192332973246))) REPRESENTATION_ITEM('') SURFACE() );
#9424 = CARTESIAN_POINT('',(9.550630317393,-17.10348164889,
    -19.56248471444));
#9425 = CARTESIAN_POINT('',(9.55064434587,-17.10346600243,
    -19.56129271501));
#9426 = CARTESIAN_POINT('',(9.550672376322,-17.10343489304,
    -19.55733146701));
#9427 = CARTESIAN_POINT('',(9.550614831653,-17.10349884018,
    -19.55057556553));
#9428 = CARTESIAN_POINT('',(9.550359784784,-17.10377541064,
    -19.54219158894));
#9429 = CARTESIAN_POINT('',(9.549914861166,-17.10424799263,
    -19.53372919094));
#9430 = CARTESIAN_POINT('',(9.549274156892,-17.10491371135,
    -19.52518896524));
#9431 = CARTESIAN_POINT('',(9.548431832757,-17.10576851354,
    -19.51657441396));
#9432 = CARTESIAN_POINT('',(9.547381457012,-17.10680800293,
    -19.50788527652));
#9433 = CARTESIAN_POINT('',(9.546115800503,-17.10802774341,
    -19.4991193944));
#9434 = CARTESIAN_POINT('',(9.544627275669,-17.10942291948,
    -19.49027678616));
#9435 = CARTESIAN_POINT('',(9.542908622314,-17.11098784031,
    -19.48136181066));
#9436 = CARTESIAN_POINT('',(9.540953263829,-17.11271583324,
    -19.47238243224));
#9437 = CARTESIAN_POINT('',(9.538754960775,-17.11459975888,
    -19.46334726487));
#9438 = CARTESIAN_POINT('',(9.536307607546,-17.11663232468,
    -19.45426471115));
#9439 = CARTESIAN_POINT('',(9.533605360466,-17.11880607965,
    -19.44514357156));
#9440 = CARTESIAN_POINT('',(9.530642948014,-17.12111327041,
    -19.43599385279));
#9441 = CARTESIAN_POINT('',(9.52741577041,-17.12354587853,
    -19.42682661295));
#9442 = CARTESIAN_POINT('',(9.523919673771,-17.12609588248,
    -19.4176530317));
#9443 = CARTESIAN_POINT('',(9.520150778012,-17.12875542423,
    -19.40848401209));
#9444 = CARTESIAN_POINT('',(9.516105607604,-17.13151673132,
    -19.39933061268));
#9445 = CARTESIAN_POINT('',(9.511781456322,-17.13437189985,
    -19.39020475131));
#9446 = CARTESIAN_POINT('',(9.507176382771,-17.13731294956,
    -19.38111891127));
#9447 = CARTESIAN_POINT('',(9.502288816451,-17.14033209895,
    -19.37208525843));
#9448 = CARTESIAN_POINT('',(9.497117213552,-17.14342195011,
    -19.36311516664));
#9449 = CARTESIAN_POINT('',(9.491660084293,-17.14657542095,
    -19.35421949698));
#9450 = CARTESIAN_POINT('',(9.485916048904,-17.14978567006,
    -19.34540882643));
#9451 = CARTESIAN_POINT('',(9.479883937849,-17.15304600267,
    -19.33669368957));
#9452 = CARTESIAN_POINT('',(9.47356293637,-17.1563497631,-19.32808481813
    ));
#9453 = CARTESIAN_POINT('',(9.466952896127,-17.15969016284,
    -19.31959349751));
#9454 = CARTESIAN_POINT('',(9.460054263967,-17.16306032437,
    -19.31123134007));
#9455 = CARTESIAN_POINT('',(9.452867529038,-17.16645353722,
    -19.30300958124));
#9456 = CARTESIAN_POINT('',(9.445392902692,-17.16986334793,
    -19.29493886854));
#9457 = CARTESIAN_POINT('',(9.437630262871,-17.17328350818,
    -19.28702939686));
#9458 = CARTESIAN_POINT('',(9.429579371646,-17.17670781072,
    -19.27929126811));
#9459 = CARTESIAN_POINT('',(9.42124001957,-17.18012996875,
    -19.27173471429));
#9460 = CARTESIAN_POINT('',(9.412612472164,-17.18354338702,
    -19.26437051889));
#9461 = CARTESIAN_POINT('',(9.403697599486,-17.18694109318,
    -19.25721002943));
#9462 = CARTESIAN_POINT('',(9.394495970176,-17.1903160477,
    -19.25026438284));
#9463 = CARTESIAN_POINT('',(9.385007521769,-17.19366115103,
    -19.24354444871));
#9464 = CARTESIAN_POINT('',(9.375231554333,-17.19696911155,
    -19.23706103336));
#9465 = CARTESIAN_POINT('',(9.365166526392,-17.20023238221,
    -19.23082489388));
#9466 = CARTESIAN_POINT('',(9.354809479303,-17.20344315343,
    -19.22484665657));
#9467 = CARTESIAN_POINT('',(9.34415727845,-17.20659273388,
    -19.21913783964));
#9468 = CARTESIAN_POINT('',(9.333206959923,-17.20967128973,
    -19.21371102388));
#9469 = CARTESIAN_POINT('',(9.3219449683,-17.21267052098,-19.20857493113
    ));
#9470 = CARTESIAN_POINT('',(9.310376551522,-17.2155750994,
    -19.20374909699));
#9471 = CARTESIAN_POINT('',(9.298538137801,-17.21836099845,
    -19.19926453991));
#9472 = CARTESIAN_POINT('',(9.286514903972,-17.22099441553,
    -19.19516275576));
#9473 = CARTESIAN_POINT('',(9.274408936568,-17.22344182168,
    -19.19147834735));
#9474 = CARTESIAN_POINT('',(9.262308020646,-17.22567727604,
    -19.18822859965));
#9475 = CARTESIAN_POINT('',(9.250270288969,-17.22768386362,
    -19.18541369897));
#9476 = CARTESIAN_POINT('',(9.238333017473,-17.22944974204,
    -19.18302460957));
#9477 = CARTESIAN_POINT('',(9.226527563032,-17.23096490006,
    -19.18104850465));
#9478 = CARTESIAN_POINT('',(9.214887772521,-17.23222025686,
    -19.17947051764));
#9479 = CARTESIAN_POINT('',(9.203438440469,-17.23320906143,
    -19.17827262833));
#9480 = CARTESIAN_POINT('',(9.192200113641,-17.23392620897,
    -19.17743525442));
#9481 = CARTESIAN_POINT('',(9.181187610483,-17.23436838529,
    -19.17693775053));
#9482 = CARTESIAN_POINT('',(9.170815173656,-17.23452774797,-19.176765896
    ));
#9483 = CARTESIAN_POINT('',(9.164119565676,-17.23446707662,
    -19.17683139002));
#9484 = CARTESIAN_POINT('',(9.161015363354,-17.23440184459,
    -19.17689965075));
#9485 = CARTESIAN_POINT('',(9.54056340178,-17.4206925551,-19.5605770562)
  );
#9486 = CARTESIAN_POINT('',(9.540565597661,-17.42069147298,
    -19.55989563088));
#9487 = CARTESIAN_POINT('',(9.540570146696,-17.42068922188,
    -19.55762207041));
#9488 = CARTESIAN_POINT('',(9.540560929639,-17.42069378005,
    -19.5536876933));
#9489 = CARTESIAN_POINT('',(9.540512292753,-17.42071803441,-19.54867687)
  );
#9490 = CARTESIAN_POINT('',(9.54041545798,-17.42076631668,
    -19.54346750453));
#9491 = CARTESIAN_POINT('',(9.540257508099,-17.42084458153,
    -19.53803773691));
#9492 = CARTESIAN_POINT('',(9.540024005901,-17.42095891599,
    -19.53237261253));
#9493 = CARTESIAN_POINT('',(9.539699209385,-17.42111529676,
    -19.5264587842));
#9494 = CARTESIAN_POINT('',(9.539266315056,-17.42131936769,
    -19.52028544664));
#9495 = CARTESIAN_POINT('',(9.538707840739,-17.42157620389,
    -19.51384654142));
#9496 = CARTESIAN_POINT('',(9.53800616379,-17.42189005841,
    -19.50714224045));
#9497 = CARTESIAN_POINT('',(9.537143988459,-17.42226420766,
    -19.50017835593));
#9498 = CARTESIAN_POINT('',(9.536104462312,-17.42270099554,
    -19.49296378882));
#9499 = CARTESIAN_POINT('',(9.534871228478,-17.4232019202,
    -19.48550930754));
#9500 = CARTESIAN_POINT('',(9.533428568598,-17.42376768971,
    -19.47782753189));
#9501 = CARTESIAN_POINT('',(9.531761635153,-17.42439825209,
    -19.46993324914));
#9502 = CARTESIAN_POINT('',(9.529856573846,-17.42509287457,
    -19.46184303269));
#9503 = CARTESIAN_POINT('',(9.527700425348,-17.42585029604,
    -19.4535741912));
#9504 = CARTESIAN_POINT('',(9.525281000087,-17.42666886453,
    -19.44514415853));
#9505 = CARTESIAN_POINT('',(9.522586920635,-17.42754659689,
    -19.43657068951));
#9506 = CARTESIAN_POINT('',(9.519607849485,-17.42848117415,
    -19.42787242722));
#9507 = CARTESIAN_POINT('',(9.516334498767,-17.42947000732,
    -19.41906860369));
#9508 = CARTESIAN_POINT('',(9.512758341052,-17.43051037577,
    -19.41017814582));
#9509 = CARTESIAN_POINT('',(9.508871305251,-17.43159953914,
    -19.40121913225));
#9510 = CARTESIAN_POINT('',(9.504665730532,-17.43273475614,
    -19.39220900574));
#9511 = CARTESIAN_POINT('',(9.500134358919,-17.4339132885,
    -19.38316478007));
#9512 = CARTESIAN_POINT('',(9.495270374202,-17.43513238935,
    -19.37410328542));
#9513 = CARTESIAN_POINT('',(9.490067491064,-17.43638927866,
    -19.36504143436));
#9514 = CARTESIAN_POINT('',(9.484520206275,-17.43768108573,
    -19.35599663693));
#9515 = CARTESIAN_POINT('',(9.478623750493,-17.43900486877,
    -19.34698661019));
#9516 = CARTESIAN_POINT('',(9.472373607549,-17.44035772063,
    -19.33802864421));
#9517 = CARTESIAN_POINT('',(9.465765184856,-17.44173681626,
    -19.32913935618));
#9518 = CARTESIAN_POINT('',(9.458793699332,-17.44313940325,
    -19.32033482008));
#9519 = CARTESIAN_POINT('',(9.451454315333,-17.44456274255,
    -19.31163096292));
#9520 = CARTESIAN_POINT('',(9.443742225734,-17.44600406322,
    -19.30304382442));
#9521 = CARTESIAN_POINT('',(9.435653023908,-17.4474604676,
    -19.29459005919));
#9522 = CARTESIAN_POINT('',(9.427182805315,-17.44892889836,
    -19.28628699603));
#9523 = CARTESIAN_POINT('',(9.418327266482,-17.45040627053,
    -19.27815177257));
#9524 = CARTESIAN_POINT('',(9.409081274668,-17.45188948258,
    -19.27020125834));
#9525 = CARTESIAN_POINT('',(9.399438727032,-17.45337536456,
    -19.26245229487));
#9526 = CARTESIAN_POINT('',(9.389392209228,-17.45486065164,
    -19.25492173344));
#9527 = CARTESIAN_POINT('',(9.378932219981,-17.45634198564,
    -19.24762634764));
#9528 = CARTESIAN_POINT('',(9.368048182544,-17.45781562973,
    -19.24058411141));
#9529 = CARTESIAN_POINT('',(9.356728598792,-17.45927732541,
    -19.23381452118));
#9530 = CARTESIAN_POINT('',(9.344949568932,-17.46072354678,
    -19.22733252843));
#9531 = CARTESIAN_POINT('',(9.332704804342,-17.46214739249,
    -19.22116700621));
#9532 = CARTESIAN_POINT('',(9.320019827271,-17.46353742998,
    -19.21536269207));
#9533 = CARTESIAN_POINT('',(9.30697320146,-17.46487661881,
    -19.20998031952));
#9534 = CARTESIAN_POINT('',(9.293664555963,-17.46614690495,
    -19.20507480676));
#9535 = CARTESIAN_POINT('',(9.280181261752,-17.46733283099,
    -19.2006811476));
#9536 = CARTESIAN_POINT('',(9.266580397906,-17.46842246051,
    -19.1968134962));
#9537 = CARTESIAN_POINT('',(9.252896901847,-17.4694054828,
    -19.19347472372));
#9538 = CARTESIAN_POINT('',(9.239160268878,-17.47027141001,
    -19.19066350661));
#9539 = CARTESIAN_POINT('',(9.22540507734,-17.47100896173,
    -19.18837658055));
#9540 = CARTESIAN_POINT('',(9.211658278102,-17.47160686042,
    -19.18660677851));
#9541 = CARTESIAN_POINT('',(9.197945530962,-17.47205354103,
    -19.18534483926));
#9542 = CARTESIAN_POINT('',(9.184290642271,-17.4723374877,
    -19.18457955612));
#9543 = CARTESIAN_POINT('',(9.171225880195,-17.47244346496,
    -19.18430881896));
#9544 = CARTESIAN_POINT('',(9.162674549996,-17.47240316298,
    -19.18441192918));
#9545 = CARTESIAN_POINT('',(9.158685432082,-17.47235869385,
    -19.18452130692));
#9546 = CARTESIAN_POINT('',(9.767064495422,-17.64299427915,
    -19.56321124829));
#9547 = CARTESIAN_POINT('',(9.767085115853,-17.64299965491,
    -19.5618298748));
#9548 = CARTESIAN_POINT('',(9.767126318595,-17.64301024649,
    -19.55722957291));
#9549 = CARTESIAN_POINT('',(9.767041744009,-17.64298841039,
    -19.5493252224));
#9550 = CARTESIAN_POINT('',(9.766666812299,-17.64289834338,
    -19.53939418482));
#9551 = CARTESIAN_POINT('',(9.766012384804,-17.6427510059,
    -19.52923352406));
#9552 = CARTESIAN_POINT('',(9.765069153004,-17.64255327868,
    -19.51882977899));
#9553 = CARTESIAN_POINT('',(9.763827595441,-17.64231264929,
    -19.50817734088));
#9554 = CARTESIAN_POINT('',(9.762277006496,-17.64203664339,
    -19.49726927609));
#9555 = CARTESIAN_POINT('',(9.760405219032,-17.64173249049,
    -19.48609942399));
#9556 = CARTESIAN_POINT('',(9.758199288071,-17.6414070391,
    -19.47466702368));
#9557 = CARTESIAN_POINT('',(9.75564656631,-17.6410667174,-19.46297942911
    ));
#9558 = CARTESIAN_POINT('',(9.752735309583,-17.64071742791,
    -19.45105106565));
#9559 = CARTESIAN_POINT('',(9.749454241511,-17.64036437704,
    -19.43889923909));
#9560 = CARTESIAN_POINT('',(9.745792318027,-17.64001202769,
    -19.42654250399));
#9561 = CARTESIAN_POINT('',(9.74173897456,-17.63966415275,
    -19.41400103958));
#9562 = CARTESIAN_POINT('',(9.737284637881,-17.6393239208,
    -19.40129742112));
#9563 = CARTESIAN_POINT('',(9.732420913347,-17.63899395526,
    -19.38845614974));
#9564 = CARTESIAN_POINT('',(9.727140268417,-17.63867637184,
    -19.37550211506));
#9565 = CARTESIAN_POINT('',(9.721435780411,-17.6383728414,
    -19.36245980125));
#9566 = CARTESIAN_POINT('',(9.71530133125,-17.63808467846,
    -19.34935372017));
#9567 = CARTESIAN_POINT('',(9.708732154087,-17.63781292526,
    -19.3362093166));
#9568 = CARTESIAN_POINT('',(9.701724817851,-17.63755839197,
    -19.32305249326));
#9569 = CARTESIAN_POINT('',(9.694276612248,-17.63732167684,
    -19.30990828117));
#9570 = CARTESIAN_POINT('',(9.686385000168,-17.63710319811,
    -19.2968000942));
#9571 = CARTESIAN_POINT('',(9.678047633513,-17.63690323998,
    -19.28375010086));
#9572 = CARTESIAN_POINT('',(9.66926241386,-17.63672198731,-19.270779552)
  );
#9573 = CARTESIAN_POINT('',(9.660027621187,-17.63655955318,
    -19.25790914375));
#9574 = CARTESIAN_POINT('',(9.650342111101,-17.63641599931,
    -19.24515938947));
#9575 = CARTESIAN_POINT('',(9.640205768881,-17.63629135121,
    -19.23255117437));
#9576 = CARTESIAN_POINT('',(9.629619376224,-17.63618559903,
    -19.2201054478));
#9577 = CARTESIAN_POINT('',(9.618583735112,-17.63609869458,
    -19.20784219519));
#9578 = CARTESIAN_POINT('',(9.60709914306,-17.63603056026,
    -19.19578013179));
#9579 = CARTESIAN_POINT('',(9.595165270581,-17.63598110138,
    -19.18393691298));
#9580 = CARTESIAN_POINT('',(9.582781454391,-17.63595021639,-19.172329684
    ));
#9581 = CARTESIAN_POINT('',(9.569946872691,-17.63593780273,
    -19.16097542686));
#9582 = CARTESIAN_POINT('',(9.556661178422,-17.63594375919,
    -19.14989160722));
#9583 = CARTESIAN_POINT('',(9.542924636906,-17.63596798219,
    -19.13909620968));
#9584 = CARTESIAN_POINT('',(9.528736655771,-17.63601036624,
    -19.12860658289));
#9585 = CARTESIAN_POINT('',(9.514095182308,-17.63607081168,
    -19.11843935708));
#9586 = CARTESIAN_POINT('',(9.498996578649,-17.63614922889,
    -19.10861075836));
#9587 = CARTESIAN_POINT('',(9.483435167391,-17.63624553871,
    -19.09913664179));
#9588 = CARTESIAN_POINT('',(9.467402164435,-17.63635967695,
    -19.09003237851));
#9589 = CARTESIAN_POINT('',(9.450887379449,-17.6364915727,
    -19.08131443384));
#9590 = CARTESIAN_POINT('',(9.433879488219,-17.63664111709,
    -19.07300067746));
#9591 = CARTESIAN_POINT('',(9.41634897847,-17.63680827749,
    -19.06510290369));
#9592 = CARTESIAN_POINT('',(9.398293360247,-17.6369926404,
    -19.05764940161));
#9593 = CARTESIAN_POINT('',(9.379756492281,-17.63719298012,
    -19.05068654411));
#9594 = CARTESIAN_POINT('',(9.360856881121,-17.63740666335,
    -19.04427815087));
#9595 = CARTESIAN_POINT('',(9.341739052557,-17.63762997034,
    -19.03847931016));
#9596 = CARTESIAN_POINT('',(9.322525378175,-17.63785858727,
    -19.03332037201));
#9597 = CARTESIAN_POINT('',(9.303291905929,-17.63808791251,
    -19.02880701283));
#9598 = CARTESIAN_POINT('',(9.284081855531,-17.63831284893,
    -19.02493233109));
#9599 = CARTESIAN_POINT('',(9.264929771384,-17.63852739437,
    -19.02168552515));
#9600 = CARTESIAN_POINT('',(9.245876129497,-17.63872441851,
    -19.0190547848));
#9601 = CARTESIAN_POINT('',(9.226949601759,-17.63889585609,
    -19.01702527629));
#9602 = CARTESIAN_POINT('',(9.208175815993,-17.63903270267,
    -19.01558138974));
#9603 = CARTESIAN_POINT('',(9.189576331556,-17.63912527215,
    -19.01470695436));
#9604 = CARTESIAN_POINT('',(9.17186065179,-17.63916213749,
    -19.01439776922));
#9605 = CARTESIAN_POINT('',(9.160306486582,-17.63914814724,
    -19.01451551088));
#9606 = CARTESIAN_POINT('',(9.154924095251,-17.63913200272,-19.014640478
    ));
#9607 = CARTESIAN_POINT('',(10.08398774893,-17.62695054105,
    -19.56868762455));
#9608 = CARTESIAN_POINT('',(10.08404516294,-17.62695010139,
    -19.56584740989));
#9609 = CARTESIAN_POINT('',(10.08415950435,-17.62694923355,
    -19.55640722663));
#9610 = CARTESIAN_POINT('',(10.08392451021,-17.62695102832,
    -19.54030296049));
#9611 = CARTESIAN_POINT('',(10.08290111487,-17.62695839852,
    -19.52033302287));
#9612 = CARTESIAN_POINT('',(10.08114318999,-17.62697034146,
    -19.50021147524));
#9613 = CARTESIAN_POINT('',(10.07865332932,-17.62698616301,
    -19.47995868871));
#9614 = CARTESIAN_POINT('',(10.07543726909,-17.62700510784,
    -19.45960017277));
#9615 = CARTESIAN_POINT('',(10.07150043708,-17.62702642709,
    -19.43915076923));
#9616 = CARTESIAN_POINT('',(10.06684652167,-17.6270494186,
    -19.41861925666));
#9617 = CARTESIAN_POINT('',(10.06147861934,-17.62707344273,
    -19.39801812809));
#9618 = CARTESIAN_POINT('',(10.05540118568,-17.6270979306,
    -19.37736865439));
#9619 = CARTESIAN_POINT('',(10.04862071676,-17.62712239344,
    -19.35669908192));
#9620 = CARTESIAN_POINT('',(10.04114410346,-17.6271464324,
    -19.33603781607));
#9621 = CARTESIAN_POINT('',(10.03297775059,-17.62716973625,
    -19.31541159401));
#9622 = CARTESIAN_POINT('',(10.02412795044,-17.62719207086,
    -19.29484701689));
#9623 = CARTESIAN_POINT('',(10.01460185123,-17.62721326663,
    -19.27437243034));
#9624 = CARTESIAN_POINT('',(10.00440770939,-17.62723320808,
    -19.2540175604));
#9625 = CARTESIAN_POINT('',(9.993554149854,-17.62725182538,
    -19.2338114381));
#9626 = CARTESIAN_POINT('',(9.982049694854,-17.62726908495,
    -19.21378156843));
#9627 = CARTESIAN_POINT('',(9.9699032534,-17.62728497961,-19.19395492108
    ));
#9628 = CARTESIAN_POINT('',(9.95712523688,-17.62729952027,
    -19.17435943039));
#9629 = CARTESIAN_POINT('',(9.943727495296,-17.62731273095,
    -19.15502328754));
#9630 = CARTESIAN_POINT('',(9.929722156154,-17.62732464534,
    -19.13597303217));
#9631 = CARTESIAN_POINT('',(9.915120706871,-17.62733530328,
    -19.11723260139));
#9632 = CARTESIAN_POINT('',(9.899934167922,-17.62734474699,
    -19.09882398429));
#9633 = CARTESIAN_POINT('',(9.884173309092,-17.62735301843,
    -19.08076773519));
#9634 = CARTESIAN_POINT('',(9.867848961177,-17.62736015725,
    -19.06308349209));
#9635 = CARTESIAN_POINT('',(9.850972415099,-17.62736619948,
    -19.04579046574));
#9636 = CARTESIAN_POINT('',(9.833556211206,-17.6273711765,
    -19.02890812471));
#9637 = CARTESIAN_POINT('',(9.815613867754,-17.62737511487,
    -19.0124556927));
#9638 = CARTESIAN_POINT('',(9.797158396897,-17.62737803624,
    -18.9964507521));
#9639 = CARTESIAN_POINT('',(9.778201525043,-17.62737995677,
    -18.98090889081));
#9640 = CARTESIAN_POINT('',(9.758753617315,-17.62738088649,
    -18.96584402762));
#9641 = CARTESIAN_POINT('',(9.738824260721,-17.62738082883,
    -18.95126913303));
#9642 = CARTESIAN_POINT('',(9.718422630331,-17.62737978039,
    -18.93719665793));
#9643 = CARTESIAN_POINT('',(9.697558551005,-17.6273777309,-18.9236392957
    ));
#9644 = CARTESIAN_POINT('',(9.676242711856,-17.62737466349,
    -18.91060993804));
#9645 = CARTESIAN_POINT('',(9.654484420304,-17.62737055451,
    -18.89812021883));
#9646 = CARTESIAN_POINT('',(9.632290866645,-17.62736537315,
    -18.88618044417));
#9647 = CARTESIAN_POINT('',(9.609667155387,-17.62735908124,
    -18.87479997116));
#9648 = CARTESIAN_POINT('',(9.586615835149,-17.62735163329,
    -18.86398721103));
#9649 = CARTESIAN_POINT('',(9.563135636068,-17.62734297626,
    -18.8537494877));
#9650 = CARTESIAN_POINT('',(9.539224333452,-17.62733305123,
    -18.84409476685));
#9651 = CARTESIAN_POINT('',(9.514879372906,-17.62732179578,
    -18.83503179872));
#9652 = CARTESIAN_POINT('',(9.490073982918,-17.62730913572,
    -18.82656187071));
#9653 = CARTESIAN_POINT('',(9.464822356409,-17.6272950202,
    -18.81870314336));
#9654 = CARTESIAN_POINT('',(9.439204099743,-17.62727945755,
    -18.81149048594));
#9655 = CARTESIAN_POINT('',(9.413398445783,-17.62726257052,
    -18.80497266153));
#9656 = CARTESIAN_POINT('',(9.387613202443,-17.6272445841,
    -18.79918467343));
#9657 = CARTESIAN_POINT('',(9.36201857309,-17.62722579803,
    -18.79413287158));
#9658 = CARTESIAN_POINT('',(9.336717357777,-17.62720656899,
    -18.78979747916));
#9659 = CARTESIAN_POINT('',(9.31176633531,-17.62718733138,
    -18.78614644801));
#9660 = CARTESIAN_POINT('',(9.287208752018,-17.62716863671,
    -18.78314463264));
#9661 = CARTESIAN_POINT('',(9.263092342413,-17.6271511767,
    -18.78075704288));
#9662 = CARTESIAN_POINT('',(9.239445953632,-17.62713576446,
    -18.7789476052));
#9663 = CARTESIAN_POINT('',(9.216290057138,-17.62712332488,
    -18.77768178767));
#9664 = CARTESIAN_POINT('',(9.193634180235,-17.62711485239,
    -18.77692725563));
#9665 = CARTESIAN_POINT('',(9.172309913227,-17.62711147257,
    -18.77666486504));
#9666 = CARTESIAN_POINT('',(9.158543326729,-17.62711275923,
    -18.77676481272));
#9667 = CARTESIAN_POINT('',(9.152158289337,-17.62711422508,
    -18.77686978282));
#9668 = ADVANCED_FACE('',(#9669),#9675,.T.);
#9669 = FACE_BOUND('',#9670,.T.);
#9670 = EDGE_LOOP('',(#9671,#9672,#9673,#9674));
#9671 = ORIENTED_EDGE('',*,*,#9417,.F.);
#9672 = ORIENTED_EDGE('',*,*,#6612,.T.);
#9673 = ORIENTED_EDGE('',*,*,#6521,.F.);
#9674 = ORIENTED_EDGE('',*,*,#6295,.F.);
#9675 = CYLINDRICAL_SURFACE('',#9676,0.508);
#9676 = AXIS2_PLACEMENT_3D('',#9677,#9678,#9679);
#9677 = CARTESIAN_POINT('',(10.0584,-17.1196,40.1532852));
#9678 = DIRECTION('',(0.,0.,-1.));
#9679 = DIRECTION('',(0.,-1.,0.));
#9680 = ADVANCED_FACE('',(#9681),#9693,.F.);
#9681 = FACE_BOUND('',#9682,.F.);
#9682 = EDGE_LOOP('',(#9683,#9684,#9685,#9692));
#9683 = ORIENTED_EDGE('',*,*,#9355,.T.);
#9684 = ORIENTED_EDGE('',*,*,#6604,.T.);
#9685 = ORIENTED_EDGE('',*,*,#9686,.T.);
#9686 = EDGE_CURVE('',#6597,#6987,#9687,.T.);
#9687 = CIRCLE('',#9688,0.381);
#9688 = AXIS2_PLACEMENT_3D('',#9689,#9690,#9691);
#9689 = CARTESIAN_POINT('',(9.1694,-14.478,-19.558));
#9690 = DIRECTION('',(0.,-1.,0.));
#9691 = DIRECTION('',(1.,0.,0.));
#9692 = ORIENTED_EDGE('',*,*,#6986,.F.);
#9693 = CYLINDRICAL_SURFACE('',#9694,0.381);
#9694 = AXIS2_PLACEMENT_3D('',#9695,#9696,#9697);
#9695 = CARTESIAN_POINT('',(9.1694,-63.58627872,-19.558));
#9696 = DIRECTION('',(0.,1.,0.));
#9697 = DIRECTION('',(0.,-0.,1.));
#9698 = ADVANCED_FACE('',(#9699),#9711,.F.);
#9699 = FACE_BOUND('',#9700,.F.);
#9700 = EDGE_LOOP('',(#9701,#9702,#9703,#9710));
#9701 = ORIENTED_EDGE('',*,*,#9686,.F.);
#9702 = ORIENTED_EDGE('',*,*,#6637,.F.);
#9703 = ORIENTED_EDGE('',*,*,#9704,.F.);
#9704 = EDGE_CURVE('',#6995,#6630,#9705,.T.);
#9705 = CIRCLE('',#9706,0.381);
#9706 = AXIS2_PLACEMENT_3D('',#9707,#9708,#9709);
#9707 = CARTESIAN_POINT('',(9.0424,-14.351,-19.558));
#9708 = DIRECTION('',(-1.,0.,0.));
#9709 = DIRECTION('',(0.,0.,1.));
#9710 = ORIENTED_EDGE('',*,*,#6994,.T.);
#9711 = ( BOUNDED_SURFACE() B_SPLINE_SURFACE(3,3,(
    (#9712,#9713,#9714,#9715)
    ,(#9716,#9717,#9718,#9719)
    ,(#9720,#9721,#9722,#9723)
    ,(#9724,#9725,#9726,#9727
)),.UNSPECIFIED.,.F.,.F.,.F.) B_SPLINE_SURFACE_WITH_KNOTS((4,4),(4,4),(
    0.,1.),(0.,1.),.PIECEWISE_BEZIER_KNOTS.) 
GEOMETRIC_REPRESENTATION_ITEM() RATIONAL_B_SPLINE_SURFACE((
    (1.426605078585,1.126587278094,1.126587278094,1.426605078585)
    ,(1.107481950464,0.874576359527,0.874576359527,1.107481950464)
    ,(1.107481950464,0.874576359527,0.874576359527,1.107481950464)
    ,(1.426605078585,1.126587278094,1.126587278094,1.426605078585
))) REPRESENTATION_ITEM('') SURFACE() );
#9712 = CARTESIAN_POINT('',(9.549339492775,-14.50775529366,
    -19.56996749921));
#9713 = CARTESIAN_POINT('',(9.556691621062,-14.50818683379,
    -19.33561632888));
#9714 = CARTESIAN_POINT('',(9.391183371001,-14.4984721703,
    -19.16982321827));
#9715 = CARTESIAN_POINT('',(9.157234855539,-14.48474034061,
    -19.1771880005));
#9716 = CARTESIAN_POINT('',(9.56843580515,-14.18241234727,
    -19.56996749921));
#9717 = CARTESIAN_POINT('',(9.576064886684,-14.17812544839,
    -19.33561632888));
#9718 = CARTESIAN_POINT('',(9.404321972942,-14.2746304472,
    -19.16982321827));
#9719 = CARTESIAN_POINT('',(9.161560662276,-14.41104178135,
    -19.1771880005));
#9720 = CARTESIAN_POINT('',(9.337987652728,-13.95196419485,
    -19.56996749921));
#9721 = CARTESIAN_POINT('',(9.342274551606,-13.94433511332,
    -19.33561632888));
#9722 = CARTESIAN_POINT('',(9.245769552805,-14.11607802706,
    -19.16982321827));
#9723 = CARTESIAN_POINT('',(9.109358218651,-14.35883933772,
    -19.1771880005));
#9724 = CARTESIAN_POINT('',(9.012644706342,-13.97106050723,
    -19.56996749921));
#9725 = CARTESIAN_POINT('',(9.012213166209,-13.96370837894,
    -19.33561632888));
#9726 = CARTESIAN_POINT('',(9.021927829701,-14.129216629,-19.16982321827
    ));
#9727 = CARTESIAN_POINT('',(9.035659659392,-14.36316514446,
    -19.1771880005));
#9728 = ADVANCED_FACE('',(#9729),#9741,.F.);
#9729 = FACE_BOUND('',#9730,.F.);
#9730 = EDGE_LOOP('',(#9731,#9732,#9739,#9740));
#9731 = ORIENTED_EDGE('',*,*,#6670,.T.);
#9732 = ORIENTED_EDGE('',*,*,#9733,.T.);
#9733 = EDGE_CURVE('',#6661,#7004,#9734,.T.);
#9734 = CIRCLE('',#9735,0.381);
#9735 = AXIS2_PLACEMENT_3D('',#9736,#9737,#9738);
#9736 = CARTESIAN_POINT('',(4.58469997492,-14.351,-19.558));
#9737 = DIRECTION('',(1.,0.,0.));
#9738 = DIRECTION('',(0.,1.,-1.251959515935E-08));
#9739 = ORIENTED_EDGE('',*,*,#7003,.F.);
#9740 = ORIENTED_EDGE('',*,*,#9704,.T.);
#9741 = CYLINDRICAL_SURFACE('',#9742,0.381);
#9742 = AXIS2_PLACEMENT_3D('',#9743,#9744,#9745);
#9743 = CARTESIAN_POINT('',(69.1752744,-14.351,-19.558));
#9744 = DIRECTION('',(-1.,0.,0.));
#9745 = DIRECTION('',(0.,0.,1.));
#9746 = ADVANCED_FACE('',(#9747),#9753,.F.);
#9747 = FACE_BOUND('',#9748,.F.);
#9748 = EDGE_LOOP('',(#9749,#9750,#9751,#9752));
#9749 = ORIENTED_EDGE('',*,*,#7011,.T.);
#9750 = ORIENTED_EDGE('',*,*,#9733,.F.);
#9751 = ORIENTED_EDGE('',*,*,#6701,.F.);
#9752 = ORIENTED_EDGE('',*,*,#6847,.F.);
#9753 = ( BOUNDED_SURFACE() B_SPLINE_SURFACE(3,3,(
    (#9754,#9755,#9756,#9757,#9758,#9759,#9760,#9761,#9762,#9763,#9764
      ,#9765,#9766,#9767,#9768,#9769,#9770,#9771,#9772,#9773,#9774,#9775
      ,#9776,#9777,#9778,#9779,#9780,#9781,#9782,#9783,#9784,#9785,#9786
      ,#9787,#9788,#9789,#9790,#9791,#9792,#9793,#9794,#9795,#9796,#9797
      ,#9798,#9799,#9800,#9801,#9802,#9803,#9804,#9805,#9806,#9807,#9808
      ,#9809,#9810,#9811,#9812,#9813,#9814,#9815)
    ,(#9816,#9817,#9818,#9819,#9820,#9821,#9822,#9823,#9824,#9825,#9826
      ,#9827,#9828,#9829,#9830,#9831,#9832,#9833,#9834,#9835,#9836,#9837
      ,#9838,#9839,#9840,#9841,#9842,#9843,#9844,#9845,#9846,#9847,#9848
      ,#9849,#9850,#9851,#9852,#9853,#9854,#9855,#9856,#9857,#9858,#9859
      ,#9860,#9861,#9862,#9863,#9864,#9865,#9866,#9867,#9868,#9869,#9870
      ,#9871,#9872,#9873,#9874,#9875,#9876,#9877)
    ,(#9878,#9879,#9880,#9881,#9882,#9883,#9884,#9885,#9886,#9887,#9888
      ,#9889,#9890,#9891,#9892,#9893,#9894,#9895,#9896,#9897,#9898,#9899
      ,#9900,#9901,#9902,#9903,#9904,#9905,#9906,#9907,#9908,#9909,#9910
      ,#9911,#9912,#9913,#9914,#9915,#9916,#9917,#9918,#9919,#9920,#9921
      ,#9922,#9923,#9924,#9925,#9926,#9927,#9928,#9929,#9930,#9931,#9932
      ,#9933,#9934,#9935,#9936,#9937,#9938,#9939)
    ,(#9940,#9941,#9942,#9943,#9944,#9945,#9946,#9947,#9948,#9949,#9950
      ,#9951,#9952,#9953,#9954,#9955,#9956,#9957,#9958,#9959,#9960,#9961
      ,#9962,#9963,#9964,#9965,#9966,#9967,#9968,#9969,#9970,#9971,#9972
      ,#9973,#9974,#9975,#9976,#9977,#9978,#9979,#9980,#9981,#9982,#9983
      ,#9984,#9985,#9986,#9987,#9988,#9989,#9990,#9991,#9992,#9993,#9994
      ,#9995,#9996,#9997,#9998,#9999,#10000,#10001
)),.UNSPECIFIED.,.F.,.F.,.F.) B_SPLINE_SURFACE_WITH_KNOTS((4,4),(4,1,1,1
    ,1,1,1,1,1,1,1,1,1,1,1,1,1,1,1,1,1,1,1,1,1,1,1,1,1,1,1,1,1,1,1,1,1,1
    ,1,1,1,1,1,1,1,1,1,1,1,1,1,1,1,1,1,1,1,1,1,4),(0.,1.),(
    3.482159996651E-03,1.391218771322E-02,2.7961695917E-02,
    4.215560343159E-02,5.649538256783E-02,7.098259870915E-02,
    8.561973390978E-02,0.100417292586,0.115387062669,0.130532100909,
    0.145843819054,0.161316381915,0.176945488078,0.192726524003,
    0.208653978215,0.224721415613,0.240921804359,0.257247422997,
    0.273689647432,0.290238138766,0.306887124316,0.323632058957,
    0.340468458937,0.357392026529,0.374398197553,0.391481670962,
    0.408636839003,0.425859790675,0.443149136346,0.460503679587,
    0.47792319954,0.495407894307,0.512957093599,0.530568477681,
    0.548240599621,0.565975034789,0.583774801513,0.601643281426,
    0.61958490712,0.637604141217,0.655705982108,0.673894477469,
    0.692176304531,0.710564000989,0.729070365125,0.747707626653,
    0.766492098583,0.78543290725,0.804408867706,0.823301621171,
    0.842028315575,0.86053800248,0.878836289648,0.896914958975,
    0.914747551612,0.932324308066,0.949638891107,0.966687226653,
    0.983471925011,0.99811445387),.UNSPECIFIED.) 
GEOMETRIC_REPRESENTATION_ITEM() RATIONAL_B_SPLINE_SURFACE((
    (1.191069702308,1.191069702308,1.191069702308,1.191069702308
      ,1.191069702308,1.191069702308,1.191069702308,1.191069702308
      ,1.191069702308,1.191069702308,1.191069702308,1.191069702308
      ,1.191069702308,1.191069702308,1.191069702308,1.191069702308
      ,1.191069702308,1.191069702308,1.191069702308,1.191069702308
      ,1.191069702308,1.191069702308,1.191069702308,1.191069702308
      ,1.191069702308,1.191069702308,1.191069702308,1.191069702308
      ,1.191069702308,1.191069702308,1.191069702308,1.191069702308
      ,1.191069702308,1.191069702308,1.191069702308,1.191069702308
      ,1.191069702308,1.191069702308,1.191069702308,1.191069702308
      ,1.191069702308,1.191069702308,1.191069702308,1.191069702308
      ,1.191069702308,1.191069702308,1.191069702308,1.191069702308
      ,1.191069702308,1.191069702308,1.191069702308,1.191069702308
      ,1.191069702308,1.191069702308,1.191069702308,1.191069702308
      ,1.191069702308,1.191069702308,1.191069702308,1.191069702308
      ,1.191069702308,1.191069702308)
    ,(0.936310099231,0.936310099231,0.936310099231,0.936310099231
      ,0.936310099231,0.936310099231,0.936310099231,0.936310099231
      ,0.936310099231,0.936310099231,0.936310099231,0.936310099231
      ,0.936310099231,0.936310099231,0.936310099231,0.936310099231
      ,0.936310099231,0.936310099231,0.936310099231,0.936310099231
      ,0.936310099231,0.936310099231,0.936310099231,0.936310099231
      ,0.936310099231,0.936310099231,0.936310099231,0.936310099231
      ,0.936310099231,0.936310099231,0.936310099231,0.936310099231
      ,0.936310099231,0.936310099231,0.936310099231,0.936310099231
      ,0.936310099231,0.936310099231,0.936310099231,0.936310099231
      ,0.936310099231,0.936310099231,0.936310099231,0.936310099231
      ,0.936310099231,0.936310099231,0.936310099231,0.936310099231
      ,0.936310099231,0.936310099231,0.936310099231,0.936310099231
      ,0.936310099231,0.936310099231,0.936310099231,0.936310099231
      ,0.936310099231,0.936310099231,0.936310099231,0.936310099231
      ,0.936310099231,0.936310099231)
    ,(0.936310099231,0.936310099231,0.936310099231,0.936310099231
      ,0.936310099231,0.936310099231,0.936310099231,0.936310099231
      ,0.936310099231,0.936310099231,0.936310099231,0.936310099231
      ,0.936310099231,0.936310099231,0.936310099231,0.936310099231
      ,0.936310099231,0.936310099231,0.936310099231,0.936310099231
      ,0.936310099231,0.936310099231,0.936310099231,0.936310099231
      ,0.936310099231,0.936310099231,0.936310099231,0.936310099231
      ,0.936310099231,0.936310099231,0.936310099231,0.936310099231
      ,0.936310099231,0.936310099231,0.936310099231,0.936310099231
      ,0.936310099231,0.936310099231,0.936310099231,0.936310099231
      ,0.936310099231,0.936310099231,0.936310099231,0.936310099231
      ,0.936310099231,0.936310099231,0.936310099231,0.936310099231
      ,0.936310099231,0.936310099231,0.936310099231,0.936310099231
      ,0.936310099231,0.936310099231,0.936310099231,0.936310099231
      ,0.936310099231,0.936310099231,0.936310099231,0.936310099231
      ,0.936310099231,0.936310099231)
    ,(1.191069702308,1.191069702308,1.191069702308,1.191069702308
      ,1.191069702308,1.191069702308,1.191069702308,1.191069702308
      ,1.191069702308,1.191069702308,1.191069702308,1.191069702308
      ,1.191069702308,1.191069702308,1.191069702308,1.191069702308
      ,1.191069702308,1.191069702308,1.191069702308,1.191069702308
      ,1.191069702308,1.191069702308,1.191069702308,1.191069702308
      ,1.191069702308,1.191069702308,1.191069702308,1.191069702308
      ,1.191069702308,1.191069702308,1.191069702308,1.191069702308
      ,1.191069702308,1.191069702308,1.191069702308,1.191069702308
      ,1.191069702308,1.191069702308,1.191069702308,1.191069702308
      ,1.191069702308,1.191069702308,1.191069702308,1.191069702308
      ,1.191069702308,1.191069702308,1.191069702308,1.191069702308
      ,1.191069702308,1.191069702308,1.191069702308,1.191069702308
      ,1.191069702308,1.191069702308,1.191069702308,1.191069702308
      ,1.191069702308,1.191069702308,1.191069702308,1.191069702308
,1.191069702308,1.191069702308))) REPRESENTATION_ITEM('') SURFACE() );
#9754 = CARTESIAN_POINT('',(4.076484066181,-13.45568318061,
    -19.7010677872));
#9755 = CARTESIAN_POINT('',(4.076450068469,-13.4584174106,-19.7010961221
    ));
#9756 = CARTESIAN_POINT('',(4.076422093621,-13.46483453902,
    -19.7011190563));
#9757 = CARTESIAN_POINT('',(4.076569893977,-13.47496766463,
    -19.70099756328));
#9758 = CARTESIAN_POINT('',(4.07697610852,-13.48611355908,
    -19.70067117442));
#9759 = CARTESIAN_POINT('',(4.077634419091,-13.49735648689,
    -19.70015375607));
#9760 = CARTESIAN_POINT('',(4.078551853178,-13.50869196085,
    -19.6994493032));
#9761 = CARTESIAN_POINT('',(4.079735777858,-13.52011783895,
    -19.69856246328));
#9762 = CARTESIAN_POINT('',(4.081194255955,-13.53163457198,
    -19.69749811885));
#9763 = CARTESIAN_POINT('',(4.08293602621,-13.5432426064,-19.69626129406
    ));
#9764 = CARTESIAN_POINT('',(4.084969597502,-13.55493724833,
    -19.69485767528));
#9765 = CARTESIAN_POINT('',(4.087302699367,-13.56670908375,
    -19.69329379383));
#9766 = CARTESIAN_POINT('',(4.089942361291,-13.57854664951,
    -19.69157676471));
#9767 = CARTESIAN_POINT('',(4.092895478311,-13.59043930339,
    -19.68971377124));
#9768 = CARTESIAN_POINT('',(4.096168654735,-13.60237624616,
    -19.68771206959));
#9769 = CARTESIAN_POINT('',(4.099768000026,-13.61434587758,
    -19.68557902548));
#9770 = CARTESIAN_POINT('',(4.1036990162,-13.62633572284,-19.68332209847
    ));
#9771 = CARTESIAN_POINT('',(4.107966518917,-13.63833249341,
    -19.68094881634));
#9772 = CARTESIAN_POINT('',(4.112574547072,-13.6503221103,
    -19.67846676588));
#9773 = CARTESIAN_POINT('',(4.117526154285,-13.66228946252,
    -19.67588365128));
#9774 = CARTESIAN_POINT('',(4.122823834804,-13.67421972463,
    -19.67320702456));
#9775 = CARTESIAN_POINT('',(4.128469814905,-13.68609885992,
    -19.67044414019));
#9776 = CARTESIAN_POINT('',(4.134466398305,-13.69791399692,
    -19.66760182378));
#9777 = CARTESIAN_POINT('',(4.140815552458,-13.70965236106,
    -19.66468670724));
#9778 = CARTESIAN_POINT('',(4.147518728019,-13.72130093047,
    -19.66170532822));
#9779 = CARTESIAN_POINT('',(4.154576724653,-13.73284627405,
    -19.65866419756));
#9780 = CARTESIAN_POINT('',(4.161989567773,-13.74427447802,
    -19.65556985203));
#9781 = CARTESIAN_POINT('',(4.169756741213,-13.7555716255,-19.6524287565
    ));
#9782 = CARTESIAN_POINT('',(4.177877709184,-13.76672451202,
    -19.64924711592));
#9783 = CARTESIAN_POINT('',(4.186352115444,-13.77772069554,
    -19.64603085117));
#9784 = CARTESIAN_POINT('',(4.195179774554,-13.78854827948,
    -19.6427856579));
#9785 = CARTESIAN_POINT('',(4.204360381791,-13.7991954296,
    -19.63951715893));
#9786 = CARTESIAN_POINT('',(4.213893347589,-13.80965013516,
    -19.63623099693));
#9787 = CARTESIAN_POINT('',(4.223777287731,-13.81989969932,
    -19.63293302776));
#9788 = CARTESIAN_POINT('',(4.234010012584,-13.82993089337,
    -19.62962931965));
#9789 = CARTESIAN_POINT('',(4.244589233173,-13.83973073171,
    -19.62632593559));
#9790 = CARTESIAN_POINT('',(4.255513257228,-13.84928697026,
    -19.62302877337));
#9791 = CARTESIAN_POINT('',(4.266781012129,-13.85858787902,
    -19.61974364279));
#9792 = CARTESIAN_POINT('',(4.278391705006,-13.86762178927,
    -19.61647644108));
#9793 = CARTESIAN_POINT('',(4.290344540918,-13.87637678182,
    -19.61323329884));
#9794 = CARTESIAN_POINT('',(4.302638752861,-13.8848406625,
    -19.61002063632));
#9795 = CARTESIAN_POINT('',(4.315273119928,-13.89300060818,
    -19.60684535697));
#9796 = CARTESIAN_POINT('',(4.328246512812,-13.90084354666,
    -19.60371477657));
#9797 = CARTESIAN_POINT('',(4.341559176622,-13.90835680604,
    -19.60063642966));
#9798 = CARTESIAN_POINT('',(4.355213159646,-13.91552796653,
    -19.5976181732));
#9799 = CARTESIAN_POINT('',(4.369211608698,-13.92234412367,
    -19.59466857088));
#9800 = CARTESIAN_POINT('',(4.383558280839,-13.928791482,-19.59179720646
    ));
#9801 = CARTESIAN_POINT('',(4.398255536851,-13.93485435626,
    -19.58901531302));
#9802 = CARTESIAN_POINT('',(4.413269728282,-13.94050235768,
    -19.58634211762));
#9803 = CARTESIAN_POINT('',(4.42852784295,-13.9456963222,-19.58380338346
    ));
#9804 = CARTESIAN_POINT('',(4.44392683068,-13.95039835503,
    -19.58142749696));
#9805 = CARTESIAN_POINT('',(4.459378012218,-13.95458709908,
    -19.57923765845));
#9806 = CARTESIAN_POINT('',(4.474824075069,-13.95825840627,
    -19.5772504768));
#9807 = CARTESIAN_POINT('',(4.49022757893,-13.96141728254,
    -19.57547917809));
#9808 = CARTESIAN_POINT('',(4.505557903739,-13.96407235239,
    -19.57393611248));
#9809 = CARTESIAN_POINT('',(4.520780149153,-13.96623382623,
    -19.57263373178));
#9810 = CARTESIAN_POINT('',(4.535860169275,-13.96791458638,
    -19.57158366252));
#9811 = CARTESIAN_POINT('',(4.550770715414,-13.96913030879,
    -19.57079616014));
#9812 = CARTESIAN_POINT('',(4.565488871751,-13.96989843363,
    -19.5702802257));
#9813 = CARTESIAN_POINT('',(4.579453231316,-13.97022489263,
    -19.57005226925));
#9814 = CARTESIAN_POINT('',(4.588505038978,-13.97019463783,
    -19.57007272347));
#9815 = CARTESIAN_POINT('',(4.592719922996,-13.97012813772,
    -19.5701207536));
#9816 = CARTESIAN_POINT('',(4.086484289712,-13.45744486988,
    -19.38504208948));
#9817 = CARTESIAN_POINT('',(4.086469181319,-13.45941036597,
    -19.3850463629));
#9818 = CARTESIAN_POINT('',(4.086456386976,-13.46404144891,
    -19.38505000195));
#9819 = CARTESIAN_POINT('',(4.08652364356,-13.47143190392,
    -19.38503088837));
#9820 = CARTESIAN_POINT('',(4.086716103149,-13.4796822425,
    -19.38497576349));
#9821 = CARTESIAN_POINT('',(4.087040201305,-13.48814324417,
    -19.38488249497));
#9822 = CARTESIAN_POINT('',(4.08750987449,-13.49682784063,
    -19.38474709929));
#9823 = CARTESIAN_POINT('',(4.088140280506,-13.50574639919,
    -19.38456568921));
#9824 = CARTESIAN_POINT('',(4.088947692792,-13.51490807591,
    -19.38433459918));
#9825 = CARTESIAN_POINT('',(4.089949241988,-13.52431898837,
    -19.38405053009));
#9826 = CARTESIAN_POINT('',(4.09116218136,-13.53397847334,
    -19.38371078082));
#9827 = CARTESIAN_POINT('',(4.092603290844,-13.54387943395,
    -19.38331339742));
#9828 = CARTESIAN_POINT('',(4.094288684047,-13.55401078564,
    -19.38285716824));
#9829 = CARTESIAN_POINT('',(4.096234019711,-13.56436032478,
    -19.38234149114));
#9830 = CARTESIAN_POINT('',(4.098454327215,-13.57491435018,
    -19.38176633818));
#9831 = CARTESIAN_POINT('',(4.100963816727,-13.58565744297,
    -19.38113221787));
#9832 = CARTESIAN_POINT('',(4.10377576405,-13.59657266234,
    -19.38044011638));
#9833 = CARTESIAN_POINT('',(4.10690243312,-13.60764180685,
    -19.37969143305));
#9834 = CARTESIAN_POINT('',(4.110355000142,-13.61884559409,
    -19.37888792195));
#9835 = CARTESIAN_POINT('',(4.11414339067,-13.63016354527,
    -19.37803166016));
#9836 = CARTESIAN_POINT('',(4.118276600495,-13.64157530585,
    -19.37712491347));
#9837 = CARTESIAN_POINT('',(4.122762958087,-13.65306123953,
    -19.37617003872));
#9838 = CARTESIAN_POINT('',(4.127610458726,-13.66460289919,
    -19.37516939227));
#9839 = CARTESIAN_POINT('',(4.132826483563,-13.67618204692,
    -19.37412537591));
#9840 = CARTESIAN_POINT('',(4.138417678124,-13.68778032213,
    -19.37304044735));
#9841 = CARTESIAN_POINT('',(4.144389854518,-13.69937906583,
    -19.37191712668));
#9842 = CARTESIAN_POINT('',(4.15074789023,-13.71095921897,
    -19.37075800341));
#9843 = CARTESIAN_POINT('',(4.157495927376,-13.72250178042,
    -19.36956569032));
#9844 = CARTESIAN_POINT('',(4.164637843829,-13.73398853351,
    -19.36834274155));
#9845 = CARTESIAN_POINT('',(4.172177469775,-13.74540211596,
    -19.36709163072));
#9846 = CARTESIAN_POINT('',(4.180118620711,-13.75672580565,
    -19.36581476381));
#9847 = CARTESIAN_POINT('',(4.188464868102,-13.7679430132,
    -19.36451453239));
#9848 = CARTESIAN_POINT('',(4.197219410149,-13.77903701678,
    -19.36319334674));
#9849 = CARTESIAN_POINT('',(4.206384612078,-13.78999039576,
    -19.36185371277));
#9850 = CARTESIAN_POINT('',(4.215961988006,-13.80078515793,
    -19.36049823398));
#9851 = CARTESIAN_POINT('',(4.225952867522,-13.8114035514,
    -19.35912952261));
#9852 = CARTESIAN_POINT('',(4.236359097976,-13.82182861407,
    -19.3577501285));
#9853 = CARTESIAN_POINT('',(4.247183133725,-13.8320439444,
    -19.35636256463));
#9854 = CARTESIAN_POINT('',(4.258427772439,-13.84203320844,
    -19.35496937673));
#9855 = CARTESIAN_POINT('',(4.2700959401,-13.85177978592,-19.35357320349
    ));
#9856 = CARTESIAN_POINT('',(4.28219077948,-13.86126672432,
    -19.35217680059));
#9857 = CARTESIAN_POINT('',(4.29471524223,-13.87047631659,
    -19.35078312617));
#9858 = CARTESIAN_POINT('',(4.307672699454,-13.87939049302,
    -19.3493953138));
#9859 = CARTESIAN_POINT('',(4.321068335849,-13.88799153416,
    -19.34801658911));
#9860 = CARTESIAN_POINT('',(4.334909765051,-13.89626189471,
    -19.34665031459));
#9861 = CARTESIAN_POINT('',(4.349206522995,-13.90418332154,
    -19.34530016829));
#9862 = CARTESIAN_POINT('',(4.363969775222,-13.91173630263,
    -19.3439703046));
#9863 = CARTESIAN_POINT('',(4.37921047106,-13.91889877863,
    -19.34266567846));
#9864 = CARTESIAN_POINT('',(4.394903378691,-13.92563068508,
    -19.34139511541));
#9865 = CARTESIAN_POINT('',(4.410982111545,-13.93188003181,
    -19.34017093142));
#9866 = CARTESIAN_POINT('',(4.427347250796,-13.93759424689,
    -19.33900736296));
#9867 = CARTESIAN_POINT('',(4.443912756441,-13.94273872382,
    -19.33791689691));
#9868 = CARTESIAN_POINT('',(4.460624781698,-13.9472983057,
    -19.33690952412));
#9869 = CARTESIAN_POINT('',(4.477450311825,-13.9512680033,
    -19.33599427563));
#9870 = CARTESIAN_POINT('',(4.494363329919,-13.95464634864,
    -19.33518054732));
#9871 = CARTESIAN_POINT('',(4.511332005663,-13.95743283107,
    -19.33447875252));
#9872 = CARTESIAN_POINT('',(4.52832330273,-13.95962939261,
    -19.33389993763));
#9873 = CARTESIAN_POINT('',(4.545309083827,-13.96124088389,
    -19.3334554946));
#9874 = CARTESIAN_POINT('',(4.562262097214,-13.96227414701,
    -19.33315712368));
#9875 = CARTESIAN_POINT('',(4.578523432282,-13.96272044687,
    -19.3330217483));
#9876 = CARTESIAN_POINT('',(4.589167530124,-13.96267964276,
    -19.33303360357));
#9877 = CARTESIAN_POINT('',(4.594145591354,-13.96258742349,
    -19.33306280077));
#9878 = CARTESIAN_POINT('',(3.861348236825,-13.45466714384,
    -19.16304796495));
#9879 = CARTESIAN_POINT('',(3.86130131151,-13.45783470038,
    -19.16304046038));
#9880 = CARTESIAN_POINT('',(3.861262679869,-13.4652881314,
    -19.16303455576));
#9881 = CARTESIAN_POINT('',(3.861466741309,-13.47713526236,
    -19.16306597836));
#9882 = CARTESIAN_POINT('',(3.862027949089,-13.49027950656,
    -19.1631467426));
#9883 = CARTESIAN_POINT('',(3.862938210604,-13.5036614767,
    -19.16326910869));
#9884 = CARTESIAN_POINT('',(3.864208100409,-13.51728513557,
    -19.16342760245));
#9885 = CARTESIAN_POINT('',(3.865848871142,-13.53115350505,
    -19.16361657646));
#9886 = CARTESIAN_POINT('',(3.867872914714,-13.54527007906,-19.163830498
    ));
#9887 = CARTESIAN_POINT('',(3.870293682791,-13.55963581599,
    -19.16406412574));
#9888 = CARTESIAN_POINT('',(3.873124377194,-13.57424317099,
    -19.16431251836));
#9889 = CARTESIAN_POINT('',(3.876377119622,-13.58907666878,
    -19.16457110341));
#9890 = CARTESIAN_POINT('',(3.880062999305,-13.60411650213,
    -19.16483578033));
#9891 = CARTESIAN_POINT('',(3.884192811354,-13.61934256302,
    -19.1651030048));
#9892 = CARTESIAN_POINT('',(3.888776801153,-13.63473360919,
    -19.1653697539));
#9893 = CARTESIAN_POINT('',(3.893824350727,-13.65026675493,
    -19.16563347565));
#9894 = CARTESIAN_POINT('',(3.899343802651,-13.66591762839,
    -19.1658920397));
#9895 = CARTESIAN_POINT('',(3.905342340472,-13.68166065645,
    -19.16614368645));
#9896 = CARTESIAN_POINT('',(3.911825861132,-13.69746925894,
    -19.1663869751));
#9897 = CARTESIAN_POINT('',(3.91879868765,-13.71331565346,-19.1666207295
    ));
#9898 = CARTESIAN_POINT('',(3.926264180148,-13.72917269137,
    -19.16684401965));
#9899 = CARTESIAN_POINT('',(3.934225164438,-13.7450146216,
    -19.16705612721));
#9900 = CARTESIAN_POINT('',(3.942684439874,-13.76081766544,
    -19.16725651118));
#9901 = CARTESIAN_POINT('',(3.951644216611,-13.77655862609,
    -19.16744475568));
#9902 = CARTESIAN_POINT('',(3.961105880571,-13.79221443378,
    -19.16762053927));
#9903 = CARTESIAN_POINT('',(3.971069823586,-13.80776192116,
    -19.16778361359));
#9904 = CARTESIAN_POINT('',(3.98153528897,-13.82317771014,
    -19.16793378843));
#9905 = CARTESIAN_POINT('',(3.992500720009,-13.83843884297,
    -19.16807092737));
#9906 = CARTESIAN_POINT('',(4.003964517146,-13.8535237372,
    -19.16819494578));
#9907 = CARTESIAN_POINT('',(4.015925339171,-13.86841224383,
    -19.16830579945));
#9908 = CARTESIAN_POINT('',(4.028382110612,-13.88308533987,
    -19.16840347286));
#9909 = CARTESIAN_POINT('',(4.041333633217,-13.89752445759,
    -19.16848796803));
#9910 = CARTESIAN_POINT('',(4.054778374981,-13.91171114396,
    -19.16855929843));
#9911 = CARTESIAN_POINT('',(4.068713776879,-13.92562635307,
    -19.16861748407));
#9912 = CARTESIAN_POINT('',(4.083136267632,-13.93925064141,
    -19.1686625537));
#9913 = CARTESIAN_POINT('',(4.098042292477,-13.95256520987,
    -19.16869454822));
#9914 = CARTESIAN_POINT('',(4.113429330216,-13.96555257383,
    -19.16871351748));
#9915 = CARTESIAN_POINT('',(4.129295966703,-13.97819624777,
    -19.1687195132));
#9916 = CARTESIAN_POINT('',(4.145641465594,-13.9904801233,
    -19.16871258429));
#9917 = CARTESIAN_POINT('',(4.162465431325,-14.00238803914,
    -19.16869277517));
#9918 = CARTESIAN_POINT('',(4.179767922877,-14.01390374126,
    -19.16866012592));
#9919 = CARTESIAN_POINT('',(4.197548861678,-14.02501039372,
    -19.16861467551));
#9920 = CARTESIAN_POINT('',(4.215808901905,-14.03569108503,
    -19.16855646481));
#9921 = CARTESIAN_POINT('',(4.234551359186,-14.04592969878,
    -19.16848553525));
#9922 = CARTESIAN_POINT('',(4.253782967774,-14.05571069573,
    -19.16840192967));
#9923 = CARTESIAN_POINT('',(4.273513078822,-14.0650180837,
    -19.16830570745));
#9924 = CARTESIAN_POINT('',(4.293753207471,-14.07383482192,
    -19.16819697156));
#9925 = CARTESIAN_POINT('',(4.314514476231,-14.08214138467,
    -19.16807592395));
#9926 = CARTESIAN_POINT('',(4.335758972521,-14.08989805874,
    -19.16794323312));
#9927 = CARTESIAN_POINT('',(4.357394754252,-14.09705263254,
    -19.1678002638));
#9928 = CARTESIAN_POINT('',(4.379288377296,-14.10355368588,
    -19.16764916169));
#9929 = CARTESIAN_POINT('',(4.401327334264,-14.1093713228,
    -19.16749250423));
#9930 = CARTESIAN_POINT('',(4.423444131701,-14.1144980572,
    -19.16733315334));
#9931 = CARTESIAN_POINT('',(4.445600040919,-14.11893765955,
    -19.16717442408));
#9932 = CARTESIAN_POINT('',(4.46776630428,-14.12269733483,
    -19.16702033645));
#9933 = CARTESIAN_POINT('',(4.489907418992,-14.12578465786,
    -19.16687584433));
#9934 = CARTESIAN_POINT('',(4.511987365635,-14.12820901377,
    -19.16674684342));
#9935 = CARTESIAN_POINT('',(4.533977614346,-14.12998187824,
    -19.16664011837));
#9936 = CARTESIAN_POINT('',(4.555852044438,-14.13111564782,
    -19.16656326193));
#9937 = CARTESIAN_POINT('',(4.576773201928,-14.13160432996,
    -19.16652588176));
#9938 = CARTESIAN_POINT('',(4.590436817723,-14.13155961231,
    -19.16652895165));
#9939 = CARTESIAN_POINT('',(4.596821724584,-14.13145874772,
    -19.16653748138));
#9940 = CARTESIAN_POINT('',(3.545539925101,-13.44913239787,
    -19.17753333655));
#9941 = CARTESIAN_POINT('',(3.545430892726,-13.45470147794,
    -19.1775338951));
#9942 = CARTESIAN_POINT('',(3.545341985113,-13.46777462237,
    -19.17753432222));
#9943 = CARTESIAN_POINT('',(3.545812415878,-13.48841804144,
    -19.17753200999));
#9944 = CARTESIAN_POINT('',(3.547088258759,-13.51110535932,
    -19.17752609191));
#9945 = CARTESIAN_POINT('',(3.549128933447,-13.53395353359,
    -19.17751721019));
#9946 = CARTESIAN_POINT('',(3.551933538961,-13.55693692539,
    -19.17750584437));
#9947 = CARTESIAN_POINT('',(3.555500232728,-13.58003606984,
    -19.17749249076));
#9948 = CARTESIAN_POINT('',(3.559827923662,-13.60323806452,
    -19.17747762855));
#9949 = CARTESIAN_POINT('',(3.564916674288,-13.62653118885,
    -19.1774617015));
#9950 = CARTESIAN_POINT('',(3.570765438856,-13.64989451989,
    -19.17744511287));
#9951 = CARTESIAN_POINT('',(3.577370961267,-13.67329888454,
    -19.17742821868));
#9952 = CARTESIAN_POINT('',(3.584728421881,-13.69671224877,
    -19.17741132094));
#9953 = CARTESIAN_POINT('',(3.592833245715,-13.72010532925,
    -19.17739466438));
#9954 = CARTESIAN_POINT('',(3.60168075486,-13.74344954244,
    -19.17737844199));
#9955 = CARTESIAN_POINT('',(3.611265672438,-13.76671567888,
    -19.17736280188));
#9956 = CARTESIAN_POINT('',(3.621581866316,-13.78987373891,
    -19.17734785386));
#9957 = CARTESIAN_POINT('',(3.632622170934,-13.81289304923,
    -19.17733367589));
#9958 = CARTESIAN_POINT('',(3.644378174971,-13.83574232029,
    -19.17732032017));
#9959 = CARTESIAN_POINT('',(3.656839719442,-13.85838921686,
    -19.17730781878));
#9960 = CARTESIAN_POINT('',(3.669996007851,-13.88080289077,
    -19.17729618698));
#9961 = CARTESIAN_POINT('',(3.683836289416,-13.90295488471,
    -19.17728542701));
#9962 = CARTESIAN_POINT('',(3.698350614168,-13.92481975355,
    -19.17727553152));
#9963 = CARTESIAN_POINT('',(3.713528754666,-13.9463730281,
    -19.17726648743));
#9964 = CARTESIAN_POINT('',(3.729359757711,-13.96759058066,
    -19.1772582783));
#9965 = CARTESIAN_POINT('',(3.745831640183,-13.98844834796,-19.177250886
    ));
#9966 = CARTESIAN_POINT('',(3.762931140287,-14.00892223053,
    -19.17724429185));
#9967 = CARTESIAN_POINT('',(3.780644302161,-14.02898898049,
    -19.17723847724));
#9968 = CARTESIAN_POINT('',(3.798957672451,-14.04862745579,
    -19.17723342397));
#9969 = CARTESIAN_POINT('',(3.817858699079,-14.06781864229,
    -19.17722911511));
#9970 = CARTESIAN_POINT('',(3.837335662108,-14.08654521735,
    -19.17722553561));
#9971 = CARTESIAN_POINT('',(3.857377008271,-14.10479068104,
    -19.17722267294));
#9972 = CARTESIAN_POINT('',(3.877970992632,-14.12253893992,
    -19.17722051737));
#9973 = CARTESIAN_POINT('',(3.899104617987,-14.13977346423,
    -19.17721906213));
#9974 = CARTESIAN_POINT('',(3.920763701686,-14.15647760258,
    -19.17721830336));
#9975 = CARTESIAN_POINT('',(3.942934435857,-14.17263589972,-19.17721824)
  );
#9976 = CARTESIAN_POINT('',(3.965604825774,-14.18823487926,
    -19.17721887405));
#9977 = CARTESIAN_POINT('',(3.988764675625,-14.20326261318,
    -19.17722021087));
#9978 = CARTESIAN_POINT('',(4.012404858184,-14.21770796471,
    -19.17722225938));
#9979 = CARTESIAN_POINT('',(4.036516745223,-14.23156009706,
    -19.17722503204));
#9980 = CARTESIAN_POINT('',(4.061092297157,-14.24480846339,
    -19.1772285448));
#9981 = CARTESIAN_POINT('',(4.086123146821,-14.25744229487,
    -19.1772328168));
#9982 = CARTESIAN_POINT('',(4.111601757517,-14.26945125082,
    -19.17723787017));
#9983 = CARTESIAN_POINT('',(4.137523966471,-14.28082643978,
    -19.17724373014));
#9984 = CARTESIAN_POINT('',(4.163889748106,-14.29156017291,
    -19.17725042482));
#9985 = CARTESIAN_POINT('',(4.190701813458,-14.30164487784,
    -19.1772579839));
#9986 = CARTESIAN_POINT('',(4.21796474406,-14.31107258709,
    -19.17726643654));
#9987 = CARTESIAN_POINT('',(4.24568130911,-14.31983359055,
    -19.17727580679));
#9988 = CARTESIAN_POINT('',(4.273787954792,-14.3278983278,
    -19.17728608471));
#9989 = CARTESIAN_POINT('',(4.30215140068,-14.33522711258,
    -19.17729720691));
#9990 = CARTESIAN_POINT('',(4.330588353859,-14.34178476631,
    -19.17730904581));
#9991 = CARTESIAN_POINT('',(4.358947716358,-14.34756104087,
    -19.1773214321));
#9992 = CARTESIAN_POINT('',(4.387139992382,-14.35256987843,
    -19.17733416231));
#9993 = CARTESIAN_POINT('',(4.415114266281,-14.35683694314,
    -19.17734698235));
#9994 = CARTESIAN_POINT('',(4.442833454447,-14.36039131319,
    -19.1773595643));
#9995 = CARTESIAN_POINT('',(4.470253995646,-14.36326226717,
    -19.17737148485));
#9996 = CARTESIAN_POINT('',(4.497334708878,-14.36548024062,
    -19.17738222347));
#9997 = CARTESIAN_POINT('',(4.524047419637,-14.36707653357,
    -19.17739117006));
#9998 = CARTESIAN_POINT('',(4.550371879505,-14.36808168537,
    -19.17739763892));
#9999 = CARTESIAN_POINT('',(4.575325618079,-14.36850809561,
    -19.17740078707));
#10000 = CARTESIAN_POINT('',(4.591498432553,-14.36846861139,
    -19.17740052253));
#10001 = CARTESIAN_POINT('',(4.599031116789,-14.36838172282,
    -19.17739981203));
#10002 = ADVANCED_FACE('',(#10003),#10009,.T.);
#10003 = FACE_BOUND('',#10004,.T.);
#10004 = EDGE_LOOP('',(#10005,#10006,#10007,#10008));
#10005 = ORIENTED_EDGE('',*,*,#6439,.F.);
#10006 = ORIENTED_EDGE('',*,*,#6106,.F.);
#10007 = ORIENTED_EDGE('',*,*,#8978,.T.);
#10008 = ORIENTED_EDGE('',*,*,#9072,.F.);
#10009 = CYLINDRICAL_SURFACE('',#10010,0.508);
#10010 = AXIS2_PLACEMENT_3D('',#10011,#10012,#10013);
#10011 = CARTESIAN_POINT('',(-6.985,-17.1196,-70.2522852));
#10012 = DIRECTION('',(0.,0.,1.));
#10013 = DIRECTION('',(0.,-1.,0.));
#10014 = ADVANCED_FACE('',(#10015),#10027,.F.);
#10015 = FACE_BOUND('',#10016,.F.);
#10016 = EDGE_LOOP('',(#10017,#10024,#10025,#10026));
#10017 = ORIENTED_EDGE('',*,*,#10018,.F.);
#10018 = EDGE_CURVE('',#8908,#6954,#10019,.T.);
#10019 = CIRCLE('',#10020,0.381);
#10020 = AXIS2_PLACEMENT_3D('',#10021,#10022,#10023);
#10021 = CARTESIAN_POINT('',(-5.969,-14.351,-19.558));
#10022 = DIRECTION('',(1.,0.,0.));
#10023 = DIRECTION('',(-0.,1.,0.));
#10024 = ORIENTED_EDGE('',*,*,#8945,.F.);
#10025 = ORIENTED_EDGE('',*,*,#9056,.F.);
#10026 = ORIENTED_EDGE('',*,*,#6961,.T.);
#10027 = ( BOUNDED_SURFACE() B_SPLINE_SURFACE(3,3,(
    (#10028,#10029,#10030,#10031)
    ,(#10032,#10033,#10034,#10035)
    ,(#10036,#10037,#10038,#10039)
    ,(#10040,#10041,#10042,#10043
)),.UNSPECIFIED.,.F.,.F.,.F.) B_SPLINE_SURFACE_WITH_KNOTS((4,4),(4,4),(
    0.,1.),(0.,1.),.PIECEWISE_BEZIER_KNOTS.) 
GEOMETRIC_REPRESENTATION_ITEM() RATIONAL_B_SPLINE_SURFACE((
    (1.426605078585,1.126587278094,1.126587278094,1.426605078585)
    ,(1.107481950464,0.874576359527,0.874576359527,1.107481950464)
    ,(1.107481950464,0.874576359527,0.874576359527,1.107481950464)
    ,(1.426605078585,1.126587278094,1.126587278094,1.426605078585
))) REPRESENTATION_ITEM('') SURFACE() );
#10028 = CARTESIAN_POINT('',(-5.939244706342,-13.97106050723,
    -19.56996749921));
#10029 = CARTESIAN_POINT('',(-5.938813166209,-13.96370837894,
    -19.33561632888));
#10030 = CARTESIAN_POINT('',(-5.948527829701,-14.129216629,
    -19.16982321827));
#10031 = CARTESIAN_POINT('',(-5.962259659392,-14.36316514446,
    -19.1771880005));
#10032 = CARTESIAN_POINT('',(-6.264587652728,-13.95196419485,
    -19.56996749921));
#10033 = CARTESIAN_POINT('',(-6.268874551606,-13.94433511332,
    -19.33561632888));
#10034 = CARTESIAN_POINT('',(-6.172369552805,-14.11607802706,
    -19.16982321827));
#10035 = CARTESIAN_POINT('',(-6.035958218651,-14.35883933772,
    -19.1771880005));
#10036 = CARTESIAN_POINT('',(-6.49503580515,-14.18241234727,
    -19.56996749921));
#10037 = CARTESIAN_POINT('',(-6.502664886684,-14.17812544839,
    -19.33561632888));
#10038 = CARTESIAN_POINT('',(-6.330921972942,-14.2746304472,
    -19.16982321827));
#10039 = CARTESIAN_POINT('',(-6.088160662276,-14.41104178135,
    -19.1771880005));
#10040 = CARTESIAN_POINT('',(-6.475939492775,-14.50775529366,
    -19.56996749921));
#10041 = CARTESIAN_POINT('',(-6.483291621062,-14.50818683379,
    -19.33561632888));
#10042 = CARTESIAN_POINT('',(-6.317783371001,-14.4984721703,
    -19.16982321827));
#10043 = CARTESIAN_POINT('',(-6.08383485554,-14.48474034061,
    -19.1771880005));
#10044 = ADVANCED_FACE('',(#10045),#10057,.F.);
#10045 = FACE_BOUND('',#10046,.F.);
#10046 = EDGE_LOOP('',(#10047,#10048,#10049,#10050));
#10047 = ORIENTED_EDGE('',*,*,#8915,.T.);
#10048 = ORIENTED_EDGE('',*,*,#10018,.T.);
#10049 = ORIENTED_EDGE('',*,*,#6953,.F.);
#10050 = ORIENTED_EDGE('',*,*,#10051,.T.);
#10051 = EDGE_CURVE('',#6888,#8916,#10052,.T.);
#10052 = CIRCLE('',#10053,0.381000007328);
#10053 = AXIS2_PLACEMENT_3D('',#10054,#10055,#10056);
#10054 = CARTESIAN_POINT('',(-1.51130009225,-14.35100000403,
    -19.55800000538));
#10055 = DIRECTION('',(-1.,8.649645641219E-08,3.062669702801E-07));
#10056 = DIRECTION('',(3.062669711939E-07,1.056456739025E-08,1.));
#10057 = CYLINDRICAL_SURFACE('',#10058,0.381);
#10058 = AXIS2_PLACEMENT_3D('',#10059,#10060,#10061);
#10059 = CARTESIAN_POINT('',(69.1752744,-14.351,-19.558));
#10060 = DIRECTION('',(-1.,0.,0.));
#10061 = DIRECTION('',(0.,0.,1.));
#10062 = ADVANCED_FACE('',(#10063),#10138,.F.);
#10063 = FACE_BOUND('',#10064,.F.);
#10064 = EDGE_LOOP('',(#10065,#10066,#10073,#10137));
#10065 = ORIENTED_EDGE('',*,*,#6887,.T.);
#10066 = ORIENTED_EDGE('',*,*,#10067,.F.);
#10067 = EDGE_CURVE('',#7413,#6880,#10068,.T.);
#10068 = CIRCLE('',#10069,0.508);
#10069 = AXIS2_PLACEMENT_3D('',#10070,#10071,#10072);
#10070 = CARTESIAN_POINT('',(-0.4953,-13.46200001771,-19.685));
#10071 = DIRECTION('',(0.,1.,0.));
#10072 = DIRECTION('',(-1.,0.,1.385348528806E-10));
#10073 = ORIENTED_EDGE('',*,*,#10074,.F.);
#10074 = EDGE_CURVE('',#8916,#7413,#10075,.T.);
#10075 = B_SPLINE_CURVE_WITH_KNOTS('',3,(#10076,#10077,#10078,#10079,
    #10080,#10081,#10082,#10083,#10084,#10085,#10086,#10087,#10088,
    #10089,#10090,#10091,#10092,#10093,#10094,#10095,#10096,#10097,
    #10098,#10099,#10100,#10101,#10102,#10103,#10104,#10105,#10106,
    #10107,#10108,#10109,#10110,#10111,#10112,#10113,#10114,#10115,
    #10116,#10117,#10118,#10119,#10120,#10121,#10122,#10123,#10124,
    #10125,#10126,#10127,#10128,#10129,#10130,#10131,#10132,#10133,
    #10134,#10135,#10136),.UNSPECIFIED.,.F.,.F.,(4,1,1,1,1,1,1,1,1,1,1,1
    ,1,1,1,1,1,1,1,1,1,1,1,1,1,1,1,1,1,1,1,1,1,1,1,1,1,1,1,1,1,1,1,1,1,1
    ,1,1,1,1,1,1,1,1,1,1,1,1,4),(0.,1.724137931034E-02,
    3.448275862069E-02,5.172413793103E-02,6.896551724138E-02,
    8.620689655172E-02,0.103448275862,0.120689655172,0.137931034483,
    0.155172413793,0.172413793103,0.189655172414,0.206896551724,
    0.224137931034,0.241379310345,0.258620689655,0.275862068965,
    0.293103448276,0.310344827586,0.327586206897,0.344827586207,
    0.362068965517,0.379310344828,0.396551724138,0.413793103448,
    0.431034482759,0.448275862069,0.465517241379,0.48275862069,0.5,
    0.51724137931,0.534482758621,0.551724137931,0.568965517241,
    0.586206896552,0.603448275862,0.620689655172,0.637931034483,
    0.655172413793,0.672413793103,0.689655172414,0.706896551724,
    0.724137931034,0.741379310345,0.758620689655,0.775862068966,
    0.793103448276,0.810344827586,0.827586206897,0.844827586207,
    0.862068965517,0.879310344828,0.896551724138,0.913793103448,
    0.931034482759,0.948275862069,0.965517241379,0.98275862069,1.),
  .UNSPECIFIED.);
#10076 = CARTESIAN_POINT('',(-1.511299947819,-13.96999999917,
    -19.55800000184));
#10077 = CARTESIAN_POINT('',(-1.506525475022,-13.96999999917,
    -19.55799999867));
#10078 = CARTESIAN_POINT('',(-1.496903752543,-13.96986537755,
    -19.55809190898));
#10079 = CARTESIAN_POINT('',(-1.482264974205,-13.96924115252,
    -19.55850015865));
#10080 = CARTESIAN_POINT('',(-1.467435117151,-13.968176455,
    -19.55917189334));
#10081 = CARTESIAN_POINT('',(-1.452436443628,-13.96665417088,
    -19.56009876227));
#10082 = CARTESIAN_POINT('',(-1.437296052675,-13.96465906065,
    -19.56127097852));
#10083 = CARTESIAN_POINT('',(-1.42203738973,-13.96217670174,
    -19.56267843234));
#10084 = CARTESIAN_POINT('',(-1.406703782996,-13.95919781758,
    -19.56430861523));
#10085 = CARTESIAN_POINT('',(-1.391336243643,-13.95571674782,
    -19.56614810536));
#10086 = CARTESIAN_POINT('',(-1.375940065157,-13.95172111675,
    -19.56818798095));
#10087 = CARTESIAN_POINT('',(-1.360557524251,-13.94720798949,
    -19.57041527966));
#10088 = CARTESIAN_POINT('',(-1.345272105394,-13.94219272176,
    -19.57280968866));
#10089 = CARTESIAN_POINT('',(-1.330180772854,-13.9367052823,
    -19.57534634105));
#10090 = CARTESIAN_POINT('',(-1.315416626434,-13.93080368697,
    -19.57799075746));
#10091 = CARTESIAN_POINT('',(-1.301023179044,-13.92452455959,
    -19.58072150871));
#10092 = CARTESIAN_POINT('',(-1.286974046184,-13.91787453527,
    -19.58353158849));
#10093 = CARTESIAN_POINT('',(-1.273270980922,-13.91087010446,
    -19.58641037144));
#10094 = CARTESIAN_POINT('',(-1.259910109284,-13.9035245477,
    -19.58934934589));
#10095 = CARTESIAN_POINT('',(-1.246887059201,-13.8958494424,
    -19.59234117447));
#10096 = CARTESIAN_POINT('',(-1.234199860212,-13.88785662266,
    -19.59537881608));
#10097 = CARTESIAN_POINT('',(-1.221850893468,-13.87956007484,
    -19.59845478764));
#10098 = CARTESIAN_POINT('',(-1.209841252976,-13.87097278303,
    -19.60156233423));
#10099 = CARTESIAN_POINT('',(-1.198171267328,-13.86210683107,
    -19.60469528417));
#10100 = CARTESIAN_POINT('',(-1.186841661973,-13.85297427228,
    -19.60784767621));
#10101 = CARTESIAN_POINT('',(-1.175852911686,-13.84358669432,
    -19.6110138668));
#10102 = CARTESIAN_POINT('',(-1.16520578404,-13.83395570806,
    -19.61418832138));
#10103 = CARTESIAN_POINT('',(-1.154900843636,-13.82409256925,
    -19.61736570655));
#10104 = CARTESIAN_POINT('',(-1.144939977543,-13.81400974025,
    -19.62054036336));
#10105 = CARTESIAN_POINT('',(-1.135326182924,-13.80372114901,
    -19.62370625502));
#10106 = CARTESIAN_POINT('',(-1.12606141347,-13.79324013966,
    -19.62685760532));
#10107 = CARTESIAN_POINT('',(-1.117146046352,-13.78257857958,
    -19.6299891095));
#10108 = CARTESIAN_POINT('',(-1.10858004584,-13.77174794109,
    -19.63309555473));
#10109 = CARTESIAN_POINT('',(-1.100363498221,-13.76075999388,
    -19.63617159829));
#10110 = CARTESIAN_POINT('',(-1.09249638292,-13.74962662977,
    -19.63921180841));
#10111 = CARTESIAN_POINT('',(-1.084978479578,-13.73835974563,
    -19.64221067485));
#10112 = CARTESIAN_POINT('',(-1.077810709945,-13.72697350542,
    -19.64516201459));
#10113 = CARTESIAN_POINT('',(-1.070993555129,-13.71548237586,
    -19.64805952777));
#10114 = CARTESIAN_POINT('',(-1.064526461294,-13.70390004628,
    -19.65089704876));
#10115 = CARTESIAN_POINT('',(-1.058408000156,-13.69223945047,
    -19.6536684969));
#10116 = CARTESIAN_POINT('',(-1.052636241764,-13.68051328945,
    -19.65636771565));
#10117 = CARTESIAN_POINT('',(-1.04720888307,-13.66873427665,
    -19.65898839944));
#10118 = CARTESIAN_POINT('',(-1.042123070464,-13.65691473251,
    -19.66152416883));
#10119 = CARTESIAN_POINT('',(-1.037376116545,-13.64506821543,
    -19.66396820591));
#10120 = CARTESIAN_POINT('',(-1.032966172243,-13.63321214458,
    -19.66631281988));
#10121 = CARTESIAN_POINT('',(-1.028889326686,-13.62136060299,
    -19.66855095669));
#10122 = CARTESIAN_POINT('',(-1.025141066006,-13.60952741778,
    -19.67067552164));
#10123 = CARTESIAN_POINT('',(-1.02171605623,-13.59772540118,
    -19.67267953788));
#10124 = CARTESIAN_POINT('',(-1.018608387401,-13.58596677302,
    -19.6745560743));
#10125 = CARTESIAN_POINT('',(-1.015811542445,-13.57426279015,
    -19.67629833304));
#10126 = CARTESIAN_POINT('',(-1.013318511779,-13.56262375815,
    -19.67789966925));
#10127 = CARTESIAN_POINT('',(-1.011121959631,-13.5510594906,
    -19.67935358244));
#10128 = CARTESIAN_POINT('',(-1.009214508772,-13.53958055641,
    -19.68065363569));
#10129 = CARTESIAN_POINT('',(-1.007588979493,-13.52820205416,
    -19.68179337409));
#10130 = CARTESIAN_POINT('',(-1.006235752689,-13.51692388523,
    -19.68276836795));
#10131 = CARTESIAN_POINT('',(-1.005145509753,-13.50574104798,
    -19.68357456114));
#10132 = CARTESIAN_POINT('',(-1.004310124957,-13.49465079283,
    -19.68420769695));
#10133 = CARTESIAN_POINT('',(-1.003722539954,-13.48365863826,
    -19.68466347652));
#10134 = CARTESIAN_POINT('',(-1.003375575424,-13.47276825214,
    -19.6849385891));
#10135 = CARTESIAN_POINT('',(-1.00330000006,-13.46557717649,
    -19.68500000223));
#10136 = CARTESIAN_POINT('',(-1.00330000006,-13.46200003185,
    -19.68499999971));
#10137 = ORIENTED_EDGE('',*,*,#10051,.F.);
#10138 = ( BOUNDED_SURFACE() B_SPLINE_SURFACE(3,3,(
    (#10139,#10140,#10141,#10142,#10143,#10144,#10145,#10146,#10147
      ,#10148,#10149,#10150,#10151,#10152,#10153,#10154,#10155,#10156
      ,#10157,#10158,#10159,#10160,#10161,#10162,#10163,#10164,#10165
      ,#10166,#10167,#10168,#10169,#10170,#10171,#10172,#10173,#10174
      ,#10175,#10176,#10177,#10178,#10179,#10180,#10181,#10182,#10183
      ,#10184,#10185,#10186,#10187,#10188,#10189,#10190,#10191,#10192
      ,#10193,#10194,#10195,#10196,#10197,#10198,#10199,#10200)
    ,(#10201,#10202,#10203,#10204,#10205,#10206,#10207,#10208,#10209
      ,#10210,#10211,#10212,#10213,#10214,#10215,#10216,#10217,#10218
      ,#10219,#10220,#10221,#10222,#10223,#10224,#10225,#10226,#10227
      ,#10228,#10229,#10230,#10231,#10232,#10233,#10234,#10235,#10236
      ,#10237,#10238,#10239,#10240,#10241,#10242,#10243,#10244,#10245
      ,#10246,#10247,#10248,#10249,#10250,#10251,#10252,#10253,#10254
      ,#10255,#10256,#10257,#10258,#10259,#10260,#10261,#10262)
    ,(#10263,#10264,#10265,#10266,#10267,#10268,#10269,#10270,#10271
      ,#10272,#10273,#10274,#10275,#10276,#10277,#10278,#10279,#10280
      ,#10281,#10282,#10283,#10284,#10285,#10286,#10287,#10288,#10289
      ,#10290,#10291,#10292,#10293,#10294,#10295,#10296,#10297,#10298
      ,#10299,#10300,#10301,#10302,#10303,#10304,#10305,#10306,#10307
      ,#10308,#10309,#10310,#10311,#10312,#10313,#10314,#10315,#10316
      ,#10317,#10318,#10319,#10320,#10321,#10322,#10323,#10324)
    ,(#10325,#10326,#10327,#10328,#10329,#10330,#10331,#10332,#10333
      ,#10334,#10335,#10336,#10337,#10338,#10339,#10340,#10341,#10342
      ,#10343,#10344,#10345,#10346,#10347,#10348,#10349,#10350,#10351
      ,#10352,#10353,#10354,#10355,#10356,#10357,#10358,#10359,#10360
      ,#10361,#10362,#10363,#10364,#10365,#10366,#10367,#10368,#10369
      ,#10370,#10371,#10372,#10373,#10374,#10375,#10376,#10377,#10378
      ,#10379,#10380,#10381,#10382,#10383,#10384,#10385,#10386
)),.UNSPECIFIED.,.F.,.F.,.F.) B_SPLINE_SURFACE_WITH_KNOTS((4,4),(4,1,1,1
    ,1,1,1,1,1,1,1,1,1,1,1,1,1,1,1,1,1,1,1,1,1,1,1,1,1,1,1,1,1,1,1,1,1,1
    ,1,1,1,1,1,1,1,1,1,1,1,1,1,1,1,1,1,1,1,1,1,4),(0.,1.),(
    9.620017334585E-04,1.654548435951E-02,3.334826318079E-02,
    5.041527223695E-02,6.774861962533E-02,8.534383557637E-02,
    0.10319431786,0.121290358848,0.13960460258,0.158130810484,
    0.176873695272,0.195777605607,0.214757365103,0.233693793524,
    0.252471886125,0.271104550228,0.289607164424,0.307991726461,
    0.326271118968,0.344457808941,0.362557935761,0.380575621627,
    0.398516110744,0.41638376933,0.434182900215,0.451916855885,
    0.469588726539,0.487199823413,0.504748492182,0.522232494483,
    0.539651279812,0.557005050399,0.574293537585,0.591515598829,
    0.608669831077,0.625751994116,0.64275636199,0.659677632948,
    0.676511328869,0.693253225338,0.709898848741,0.72644367514,
    0.742881691491,0.759202453141,0.775397234739,0.79145832082,
    0.807378825391,0.823152458928,0.838773740936,0.8542380234,
    0.869541005697,0.884676888966,0.899636951774,0.914425277583,
    0.929054032653,0.943533408193,0.957865549617,0.972052080194,
    0.986094989989,0.995503598294),.UNSPECIFIED.) 
GEOMETRIC_REPRESENTATION_ITEM() RATIONAL_B_SPLINE_SURFACE((
    (1.191069701826,1.191069701826,1.191069701826,1.191069701826
      ,1.191069701826,1.191069701826,1.191069701826,1.191069701826
      ,1.191069701826,1.191069701826,1.191069701826,1.191069701826
      ,1.191069701826,1.191069701826,1.191069701826,1.191069701826
      ,1.191069701826,1.191069701826,1.191069701826,1.191069701826
      ,1.191069701826,1.191069701826,1.191069701826,1.191069701826
      ,1.191069701826,1.191069701826,1.191069701826,1.191069701826
      ,1.191069701826,1.191069701826,1.191069701826,1.191069701826
      ,1.191069701826,1.191069701826,1.191069701826,1.191069701826
      ,1.191069701826,1.191069701826,1.191069701826,1.191069701826
      ,1.191069701826,1.191069701826,1.191069701826,1.191069701826
      ,1.191069701826,1.191069701826,1.191069701826,1.191069701826
      ,1.191069701826,1.191069701826,1.191069701826,1.191069701826
      ,1.191069701826,1.191069701826,1.191069701826,1.191069701826
      ,1.191069701826,1.191069701826,1.191069701826,1.191069701826
      ,1.191069701826,1.191069701826)
    ,(0.936310099391,0.936310099391,0.936310099391,0.936310099391
      ,0.936310099391,0.936310099391,0.936310099391,0.936310099391
      ,0.936310099391,0.936310099391,0.936310099391,0.936310099391
      ,0.936310099391,0.936310099391,0.936310099391,0.936310099391
      ,0.936310099391,0.936310099391,0.936310099391,0.936310099391
      ,0.936310099391,0.936310099391,0.936310099391,0.936310099391
      ,0.936310099391,0.936310099391,0.936310099391,0.936310099391
      ,0.936310099391,0.936310099391,0.936310099391,0.936310099391
      ,0.936310099391,0.936310099391,0.936310099391,0.936310099391
      ,0.936310099391,0.936310099391,0.936310099391,0.936310099391
      ,0.936310099391,0.936310099391,0.936310099391,0.936310099391
      ,0.936310099391,0.936310099391,0.936310099391,0.936310099391
      ,0.936310099391,0.936310099391,0.936310099391,0.936310099391
      ,0.936310099391,0.936310099391,0.936310099391,0.936310099391
      ,0.936310099391,0.936310099391,0.936310099391,0.936310099391
      ,0.936310099391,0.936310099391)
    ,(0.936310099391,0.936310099391,0.936310099391,0.936310099391
      ,0.936310099391,0.936310099391,0.936310099391,0.936310099391
      ,0.936310099391,0.936310099391,0.936310099391,0.936310099391
      ,0.936310099391,0.936310099391,0.936310099391,0.936310099391
      ,0.936310099391,0.936310099391,0.936310099391,0.936310099391
      ,0.936310099391,0.936310099391,0.936310099391,0.936310099391
      ,0.936310099391,0.936310099391,0.936310099391,0.936310099391
      ,0.936310099391,0.936310099391,0.936310099391,0.936310099391
      ,0.936310099391,0.936310099391,0.936310099391,0.936310099391
      ,0.936310099391,0.936310099391,0.936310099391,0.936310099391
      ,0.936310099391,0.936310099391,0.936310099391,0.936310099391
      ,0.936310099391,0.936310099391,0.936310099391,0.936310099391
      ,0.936310099391,0.936310099391,0.936310099391,0.936310099391
      ,0.936310099391,0.936310099391,0.936310099391,0.936310099391
      ,0.936310099391,0.936310099391,0.936310099391,0.936310099391
      ,0.936310099391,0.936310099391)
    ,(1.191069701826,1.191069701826,1.191069701826,1.191069701826
      ,1.191069701826,1.191069701826,1.191069701826,1.191069701826
      ,1.191069701826,1.191069701826,1.191069701826,1.191069701826
      ,1.191069701826,1.191069701826,1.191069701826,1.191069701826
      ,1.191069701826,1.191069701826,1.191069701826,1.191069701826
      ,1.191069701826,1.191069701826,1.191069701826,1.191069701826
      ,1.191069701826,1.191069701826,1.191069701826,1.191069701826
      ,1.191069701826,1.191069701826,1.191069701826,1.191069701826
      ,1.191069701826,1.191069701826,1.191069701826,1.191069701826
      ,1.191069701826,1.191069701826,1.191069701826,1.191069701826
      ,1.191069701826,1.191069701826,1.191069701826,1.191069701826
      ,1.191069701826,1.191069701826,1.191069701826,1.191069701826
      ,1.191069701826,1.191069701826,1.191069701826,1.191069701826
      ,1.191069701826,1.191069701826,1.191069701826,1.191069701826
      ,1.191069701826,1.191069701826,1.191069701826,1.191069701826
,1.191069701826,1.191069701826))) REPRESENTATION_ITEM('') SURFACE() );
#10139 = CARTESIAN_POINT('',(-1.519319474159,-13.97012814522,
    -19.57012074698));
#10140 = CARTESIAN_POINT('',(-1.51483323523,-13.97019892359,
    -19.57006962606));
#10141 = CARTESIAN_POINT('',(-1.505503787877,-13.97022262739,
    -19.57005404236));
#10142 = CARTESIAN_POINT('',(-1.491256540827,-13.96986644647,
    -19.57030213795));
#10143 = CARTESIAN_POINT('',(-1.476522208764,-13.96907301518,
    -19.57083396067));
#10144 = CARTESIAN_POINT('',(-1.461596535938,-13.96783066348,
    -19.57163704678));
#10145 = CARTESIAN_POINT('',(-1.446502840506,-13.96612203492,
    -19.57270230045));
#10146 = CARTESIAN_POINT('',(-1.431268602173,-13.96393156313,
    -19.574019387));
#10147 = CARTESIAN_POINT('',(-1.415928325398,-13.96124653357,
    -19.57557659448));
#10148 = CARTESIAN_POINT('',(-1.400516619081,-13.95805681704,
    -19.57736145984));
#10149 = CARTESIAN_POINT('',(-1.38506407714,-13.9543538841,
    -19.57936162502));
#10150 = CARTESIAN_POINT('',(-1.369609158301,-13.95013310518,
    -19.58156371651));
#10151 = CARTESIAN_POINT('',(-1.354211281934,-13.94539956661,
    -19.58395073267));
#10152 = CARTESIAN_POINT('',(-1.338961042096,-13.94017590044,
    -19.58649899024));
#10153 = CARTESIAN_POINT('',(-1.323960353432,-13.93450043179,
    -19.58918008941));
#10154 = CARTESIAN_POINT('',(-1.309279536582,-13.9284118728,
    -19.59196864729));
#10155 = CARTESIAN_POINT('',(-1.294949761639,-13.92193974847,
    -19.59484593149));
#10156 = CARTESIAN_POINT('',(-1.280967974887,-13.91509936315,
    -19.59780092873));
#10157 = CARTESIAN_POINT('',(-1.267330677794,-13.90790456938,
    -19.60082406948));
#10158 = CARTESIAN_POINT('',(-1.254034763388,-13.90036823874,
    -19.60390683581));
#10159 = CARTESIAN_POINT('',(-1.241078297966,-13.89250281104,
    -19.6070413882));
#10160 = CARTESIAN_POINT('',(-1.228461143823,-13.88432100154,
    -19.61022019766));
#10161 = CARTESIAN_POINT('',(-1.216184455507,-13.87583589422,
    -19.61343596423));
#10162 = CARTESIAN_POINT('',(-1.204249382846,-13.8670602538,
    -19.61668182197));
#10163 = CARTESIAN_POINT('',(-1.192656674017,-13.85800624536,
    -19.61995137206));
#10164 = CARTESIAN_POINT('',(-1.181407163809,-13.84868580969,
    -19.62323848428));
#10165 = CARTESIAN_POINT('',(-1.170501646727,-13.83911061314,
    -19.62653726833));
#10166 = CARTESIAN_POINT('',(-1.159941223784,-13.82929241031,
    -19.62984190987));
#10167 = CARTESIAN_POINT('',(-1.149727644741,-13.81924351025,
    -19.63314649245));
#10168 = CARTESIAN_POINT('',(-1.139863242495,-13.80897697212,
    -19.63644493254));
#10169 = CARTESIAN_POINT('',(-1.130350173023,-13.79850602711,
    -19.63973116378));
#10170 = CARTESIAN_POINT('',(-1.121189753115,-13.78784332808,
    -19.64299934398));
#10171 = CARTESIAN_POINT('',(-1.112382533581,-13.77700086346,
    -19.64624383423));
#10172 = CARTESIAN_POINT('',(-1.103928793114,-13.76599045778,
    -19.64945900957));
#10173 = CARTESIAN_POINT('',(-1.095828694624,-13.75482400108,
    -19.65263916928));
#10174 = CARTESIAN_POINT('',(-1.088082614063,-13.74351399069,
    -19.65577836843));
#10175 = CARTESIAN_POINT('',(-1.080691122369,-13.73207372976,
    -19.6588703668));
#10176 = CARTESIAN_POINT('',(-1.073654755451,-13.7205172371,
    -19.66190866523));
#10177 = CARTESIAN_POINT('',(-1.06697344396,-13.70885843572,
    -19.66488671719));
#10178 = CARTESIAN_POINT('',(-1.06064632199,-13.6971107187,
    -19.66779801199));
#10179 = CARTESIAN_POINT('',(-1.054671877316,-13.68528706307,
    -19.67063601063));
#10180 = CARTESIAN_POINT('',(-1.049048093427,-13.67340021066,
    -19.67339407399));
#10181 = CARTESIAN_POINT('',(-1.043772653798,-13.66146307366,
    -19.67606535056));
#10182 = CARTESIAN_POINT('',(-1.038843323701,-13.64948975984,
    -19.67864255451));
#10183 = CARTESIAN_POINT('',(-1.03425760205,-13.63749519815,
    -19.68111809865));
#10184 = CARTESIAN_POINT('',(-1.030012397056,-13.62549454439,
    -19.68348425921));
#10185 = CARTESIAN_POINT('',(-1.026103609513,-13.61350185907,
    -19.68573344386));
#10186 = CARTESIAN_POINT('',(-1.022526349858,-13.60153034838,
    -19.6878581312));
#10187 = CARTESIAN_POINT('',(-1.019275051183,-13.58959239563,
    -19.68985086844));
#10188 = CARTESIAN_POINT('',(-1.016343560427,-13.57769955376,
    -19.69170428944));
#10189 = CARTESIAN_POINT('',(-1.013725242501,-13.56586261212,
    -19.69341113546));
#10190 = CARTESIAN_POINT('',(-1.011413171713,-13.55409220363,
    -19.69496422726));
#10191 = CARTESIAN_POINT('',(-1.009400291581,-13.5423998101,
    -19.69635646002));
#10192 = CARTESIAN_POINT('',(-1.007678807051,-13.53079460102,
    -19.69758135101));
#10193 = CARTESIAN_POINT('',(-1.006240164491,-13.51928093403,
    -19.69863326388));
#10194 = CARTESIAN_POINT('',(-1.005075627249,-13.50785807106,
    -19.69950720461));
#10195 = CARTESIAN_POINT('',(-1.00417718043,-13.49652562833,
    -19.7001982963));
#10196 = CARTESIAN_POINT('',(-1.003537492642,-13.48528590456,
    -19.70070191629));
#10197 = CARTESIAN_POINT('',(-1.003149545667,-13.47414333005,
    -19.70101412792));
#10198 = CARTESIAN_POINT('',(-1.003021650088,-13.46427980166,
    -19.70111948091));
#10199 = CARTESIAN_POINT('',(-1.003053534946,-13.45813142966,
    -19.70109323199));
#10200 = CARTESIAN_POINT('',(-1.00308429684,-13.45566467334,
    -19.70106759294));
#10201 = CARTESIAN_POINT('',(-1.520745102372,-13.96258743349,
    -19.33306279759));
#10202 = CARTESIAN_POINT('',(-1.515446492033,-13.96268558683,
    -19.3330317223));
#10203 = CARTESIAN_POINT('',(-1.504479011626,-13.96271719319,
    -19.33302287942));
#10204 = CARTESIAN_POINT('',(-1.487898363512,-13.9622307659,
    -19.33316996699));
#10205 = CARTESIAN_POINT('',(-1.470937400861,-13.96116437587,
    -19.33347708996));
#10206 = CARTESIAN_POINT('',(-1.453945170062,-13.95951894601,
    -19.33392970573));
#10207 = CARTESIAN_POINT('',(-1.436949123931,-13.95728775472,
    -19.33451610726));
#10208 = CARTESIAN_POINT('',(-1.419977464209,-13.95446607636,
    -19.33522491596));
#10209 = CARTESIAN_POINT('',(-1.403063481749,-13.95105214795,
    -19.3360450987));
#10210 = CARTESIAN_POINT('',(-1.386238590249,-13.94704653582,
    -19.33696629247));
#10211 = CARTESIAN_POINT('',(-1.369528735233,-13.94245077963,
    -19.33797914601));
#10212 = CARTESIAN_POINT('',(-1.352968008843,-13.93727028787,
    -19.33907459543));
#10213 = CARTESIAN_POINT('',(-1.336612449898,-13.93152129883,
    -19.34024249717));
#10214 = CARTESIAN_POINT('',(-1.320550007844,-13.92523985822,
    -19.34147017562));
#10215 = CARTESIAN_POINT('',(-1.304878776283,-13.91847892573,
    -19.34274343346));
#10216 = CARTESIAN_POINT('',(-1.289662277023,-13.91128984781,
    -19.34405016689));
#10217 = CARTESIAN_POINT('',(-1.274923209803,-13.90371161376,
    -19.34538179604));
#10218 = CARTESIAN_POINT('',(-1.26064998707,-13.89576581681,
    -19.34673347121));
#10219 = CARTESIAN_POINT('',(-1.24683176938,-13.88747202284,
    -19.3481010459));
#10220 = CARTESIAN_POINT('',(-1.233459109942,-13.8788484388,
    -19.34948086318));
#10221 = CARTESIAN_POINT('',(-1.220524548682,-13.86991262821,
    -19.35086956815));
#10222 = CARTESIAN_POINT('',(-1.208023035143,-13.86068235587,
    -19.35226393751));
#10223 = CARTESIAN_POINT('',(-1.195951241418,-13.85117570135,
    -19.35366084455));
#10224 = CARTESIAN_POINT('',(-1.184306160259,-13.84141030534,
    -19.3550573471));
#10225 = CARTESIAN_POINT('',(-1.17308464181,-13.83140308973,
    -19.35645069806));
#10226 = CARTESIAN_POINT('',(-1.162283805566,-13.82117070118,
    -19.3578382584));
#10227 = CARTESIAN_POINT('',(-1.151900858535,-13.81072947424,
    -19.3592174849));
#10228 = CARTESIAN_POINT('',(-1.14193337353,-13.80009584133,
    -19.36058586241));
#10229 = CARTESIAN_POINT('',(-1.132379553701,-13.78928683861,
    -19.36194083335));
#10230 = CARTESIAN_POINT('',(-1.123238102216,-13.77832029934,
    -19.36327977754));
#10231 = CARTESIAN_POINT('',(-1.114507463022,-13.76721422058,
    -19.36460009298));
#10232 = CARTESIAN_POINT('',(-1.106185198202,-13.75598598047,
    -19.36589927987));
#10233 = CARTESIAN_POINT('',(-1.098268063499,-13.74465228388,
    -19.36717492995));
#10234 = CARTESIAN_POINT('',(-1.090752452155,-13.73322971814,
    -19.36842465144));
#10235 = CARTESIAN_POINT('',(-1.083634515588,-13.72173500844,
    -19.36964603716));
#10236 = CARTESIAN_POINT('',(-1.076910426023,-13.71018558489,
    -19.37083660539));
#10237 = CARTESIAN_POINT('',(-1.070576317538,-13.69859977509,
    -19.37199379049));
#10238 = CARTESIAN_POINT('',(-1.064628042302,-13.68699669164,
    -19.37311496973));
#10239 = CARTESIAN_POINT('',(-1.059060660794,-13.67539541111,
    -19.37419755383));
#10240 = CARTESIAN_POINT('',(-1.05386828004,-13.66381456481,
    -19.37523902726));
#10241 = CARTESIAN_POINT('',(-1.049044177668,-13.65227248167,
    -19.37623693728));
#10242 = CARTESIAN_POINT('',(-1.044580905221,-13.64078738187,
    -19.37718888636));
#10243 = CARTESIAN_POINT('',(-1.040470426924,-13.62937776568,
    -19.37809251782));
#10244 = CARTESIAN_POINT('',(-1.036704372793,-13.61806334667,
    -19.3789454757));
#10245 = CARTESIAN_POINT('',(-1.033273701892,-13.60686457884,
    -19.37974549751));
#10246 = CARTESIAN_POINT('',(-1.030168416182,-13.59580197511,
    -19.3804905187));
#10247 = CARTESIAN_POINT('',(-1.027377249235,-13.58489478365,
    -19.38117880629));
#10248 = CARTESIAN_POINT('',(-1.024887837566,-13.57416110347,
    -19.38180898984));
#10249 = CARTESIAN_POINT('',(-1.02268681397,-13.56361775348,
    -19.38238011635));
#10250 = CARTESIAN_POINT('',(-1.020759893463,-13.55328005364,
    -19.38289171281));
#10251 = CARTESIAN_POINT('',(-1.019091982798,-13.54316161541,
    -19.38334384646));
#10252 = CARTESIAN_POINT('',(-1.017667363688,-13.53327452343,
    -19.38373716428));
#10253 = CARTESIAN_POINT('',(-1.016469872517,-13.52362973142,
    -19.38407292655));
#10254 = CARTESIAN_POINT('',(-1.015482669041,-13.51423395599,
    -19.38435314422));
#10255 = CARTESIAN_POINT('',(-1.014688471249,-13.50508739131,
    -19.38458057026));
#10256 = CARTESIAN_POINT('',(-1.014070165992,-13.49618347862,
    -19.38475854309));
#10257 = CARTESIAN_POINT('',(-1.013611539981,-13.48751287463,
    -19.38489075266));
#10258 = CARTESIAN_POINT('',(-1.013297509242,-13.47906505618,
    -19.38498110105));
#10259 = CARTESIAN_POINT('',(-1.013114225301,-13.47082675462,
    -19.38503357376));
#10260 = CARTESIAN_POINT('',(-1.01305624207,-13.46364016375,
    -19.38505003789));
#10261 = CARTESIAN_POINT('',(-1.013070721225,-13.45920479856,
    -19.38504592724));
#10262 = CARTESIAN_POINT('',(-1.01308439173,-13.45743155797,
    -19.3850420602));
#10263 = CARTESIAN_POINT('',(-1.523421092633,-14.1314587578,
    -19.16653748121));
#10264 = CARTESIAN_POINT('',(-1.516625054344,-14.13156611211,
    -19.16652840449));
#10265 = CARTESIAN_POINT('',(-1.502545551809,-14.13160078472,
    -19.16652624756));
#10266 = CARTESIAN_POINT('',(-1.48121034807,-14.13106810316,
    -19.16656669155));
#10267 = CARTESIAN_POINT('',(-1.459321729276,-14.12989782924,
    -19.16664549366));
#10268 = CARTESIAN_POINT('',(-1.43731862576,-14.1280873226,
    -19.16675373107));
#10269 = CARTESIAN_POINT('',(-1.415227487172,-14.12562423909,
    -19.16688384292));
#10270 = CARTESIAN_POINT('',(-1.393076987707,-14.12249716551,
    -19.16702908971));
#10271 = CARTESIAN_POINT('',(-1.370903535478,-14.11869684923,
    -19.16718362311));
#10272 = CARTESIAN_POINT('',(-1.348742138102,-14.11421572316,
    -19.16734254203));
#10273 = CARTESIAN_POINT('',(-1.326621497435,-14.10904661848,
    -19.16750187236));
#10274 = CARTESIAN_POINT('',(-1.30458180935,-14.10318620347,
    -19.1676583274));
#10275 = CARTESIAN_POINT('',(-1.282693576592,-14.09664318153,
    -19.16780905827));
#10276 = CARTESIAN_POINT('',(-1.26107203171,-14.0894491253,
    -19.16795150278));
#10277 = CARTESIAN_POINT('',(-1.239849040364,-14.081655976,
    -19.16808355849));
#10278 = CARTESIAN_POINT('',(-1.219112814058,-14.07331528268,
    -19.1682039099));
#10279 = CARTESIAN_POINT('',(-1.198897867442,-14.06446556213,
    -19.16831192334));
#10280 = CARTESIAN_POINT('',(-1.179192198453,-14.05512582125,
    -19.16840740854));
#10281 = CARTESIAN_POINT('',(-1.159984737631,-14.04531318576,
    -19.16849026438));
#10282 = CARTESIAN_POINT('',(-1.141266257199,-14.03504361316,
    -19.1685604332));
#10283 = CARTESIAN_POINT('',(-1.123030239952,-14.02433268247,
    -19.16861787243));
#10284 = CARTESIAN_POINT('',(-1.105273567819,-14.01319658312,
    -19.16866254066));
#10285 = CARTESIAN_POINT('',(-1.087995661035,-14.0016522578,
    -19.16869439726));
#10286 = CARTESIAN_POINT('',(-1.071196530839,-13.98971647929,
    -19.16871340336));
#10287 = CARTESIAN_POINT('',(-1.054876119171,-13.97740547931,
    -19.1687195185));
#10288 = CARTESIAN_POINT('',(-1.039034900717,-13.9647354665,
    -19.16871269784));
#10289 = CARTESIAN_POINT('',(-1.023673633482,-13.95172256476,
    -19.16869289213));
#10290 = CARTESIAN_POINT('',(-1.008793787837,-13.93838331259,
    -19.16866004949));
#10291 = CARTESIAN_POINT('',(-0.994397979644,-13.92473530326,
    -19.16861412034));
#10292 = CARTESIAN_POINT('',(-0.980489837064,-13.91079745691,
    -19.16855506463));
#10293 = CARTESIAN_POINT('',(-0.96707289339,-13.89658924255,
    -19.16848285437));
#10294 = CARTESIAN_POINT('',(-0.954149620128,-13.88212966966,
    -19.16839746998));
#10295 = CARTESIAN_POINT('',(-0.941721500494,-13.86743718575,
    -19.16829889849));
#10296 = CARTESIAN_POINT('',(-0.929789700402,-13.85253037168,
    -19.16818713867));
#10297 = CARTESIAN_POINT('',(-0.918355266544,-13.83742826962,
    -19.16806220705));
#10298 = CARTESIAN_POINT('',(-0.907419569675,-13.8221511332,
    -19.16792414999));
#10299 = CARTESIAN_POINT('',(-0.896984259415,-13.80672070943,
    -19.16777305562));
#10300 = CARTESIAN_POINT('',(-0.887050919424,-13.79116012566,
    -19.16760906495));
#10301 = CARTESIAN_POINT('',(-0.877620242006,-13.77549280568,
    -19.16743237252));
#10302 = CARTESIAN_POINT('',(-0.868691738028,-13.75974190042,
    -19.16724323119));
#10303 = CARTESIAN_POINT('',(-0.860263929449,-13.74393045577,
    -19.16704196789));
#10304 = CARTESIAN_POINT('',(-0.852334530241,-13.72808166202,
    -19.16682900568));
#10305 = CARTESIAN_POINT('',(-0.844900714813,-13.71221938936,
    -19.16660489604));
#10306 = CARTESIAN_POINT('',(-0.837959635666,-13.69636951789,
    -19.16637037116));
#10307 = CARTESIAN_POINT('',(-0.83150791165,-13.68055936261,
    -19.16612637879));
#10308 = CARTESIAN_POINT('',(-0.825541153214,-13.6648167868,
    -19.1658741153));
#10309 = CARTESIAN_POINT('',(-0.820053364793,-13.64916835936,
    -19.16561504423));
#10310 = CARTESIAN_POINT('',(-0.815037244715,-13.6336395484,
    -19.16535095049));
#10311 = CARTESIAN_POINT('',(-0.810484345136,-13.61825459695,
    -19.16508399364));
#10312 = CARTESIAN_POINT('',(-0.806385209384,-13.60303630305,
    -19.16481676001));
#10313 = CARTESIAN_POINT('',(-0.802729536793,-13.58800584775,
    -19.16455231138));
#10314 = CARTESIAN_POINT('',(-0.799506479362,-13.57318325189,
    -19.16429423342));
#10315 = CARTESIAN_POINT('',(-0.796704903124,-13.55858823917,
    -19.16404666912));
#10316 = CARTESIAN_POINT('',(-0.794312592021,-13.54423584291,
    -19.16381422564));
#10317 = CARTESIAN_POINT('',(-0.792316283543,-13.53013303623,
    -19.16360187341));
#10318 = CARTESIAN_POINT('',(-0.79070253493,-13.51627833448,
    -19.16341487896));
#10319 = CARTESIAN_POINT('',(-0.789459030716,-13.50266812974,
    -19.16325879599));
#10320 = CARTESIAN_POINT('',(-0.788574580793,-13.48929936071,
    -19.16313927593));
#10321 = CARTESIAN_POINT('',(-0.788038640393,-13.47616774966,
    -19.16306177136));
#10322 = CARTESIAN_POINT('',(-0.787862067805,-13.46464279134,
    -19.16303441584));
#10323 = CARTESIAN_POINT('',(-0.787906095971,-13.45750339774,
    -19.16304122668));
#10324 = CARTESIAN_POINT('',(-0.78794855539,-13.45464569868,
    -19.16304801717));
#10325 = CARTESIAN_POINT('',(-1.525630330787,-14.36838173073,
    -19.17739981227));
#10326 = CARTESIAN_POINT('',(-1.517612669027,-14.36847420797,
    -19.17740057115));
#10327 = CARTESIAN_POINT('',(-1.500944059884,-14.36850514298,
    -19.1774007551));
#10328 = CARTESIAN_POINT('',(-1.475484022073,-14.36803987944,
    -19.17739735041));
#10329 = CARTESIAN_POINT('',(-1.449128671848,-14.3670014561,
    -19.17739071817));
#10330 = CARTESIAN_POINT('',(-1.422385729071,-14.36536979957,
    -19.17738164795));
#10331 = CARTESIAN_POINT('',(-1.395276146111,-14.36311429365,
    -19.17737082191));
#10332 = CARTESIAN_POINT('',(-1.367828516873,-14.36020360046,
    -19.17735884593));
#10333 = CARTESIAN_POINT('',(-1.340084697329,-14.35660734246,
    -19.17734623547));
#10334 = CARTESIAN_POINT('',(-1.312087772014,-14.35229620917,
    -19.17733340842));
#10335 = CARTESIAN_POINT('',(-1.283874835168,-14.34724113374,
    -19.1773206879));
#10336 = CARTESIAN_POINT('',(-1.255498740111,-14.34141687435,
    -19.1773083248));
#10337 = CARTESIAN_POINT('',(-1.227053016856,-14.3348107476,
    -19.17729652074));
#10338 = CARTESIAN_POINT('',(-1.198692601902,-14.32743483653,
    -19.17728544321));
#10339 = CARTESIAN_POINT('',(-1.170599055412,-14.31932506445,
    -19.17727521605));
#10340 = CARTESIAN_POINT('',(-1.142900924366,-14.31052062126,
    -19.17726589872));
#10341 = CARTESIAN_POINT('',(-1.115657242267,-14.30104991763,
    -19.17725749855));
#10342 = CARTESIAN_POINT('',(-1.088863977853,-14.29092215851,
    -19.17724999067));
#10343 = CARTESIAN_POINT('',(-1.062517090132,-14.28014544172,
    -19.17724334593));
#10344 = CARTESIAN_POINT('',(-1.036613988645,-14.26872733394,
    -19.17723753464));
#10345 = CARTESIAN_POINT('',(-1.011154963278,-14.25667559488,
    -19.17723252881));
#10346 = CARTESIAN_POINT('',(-0.986144433521,-14.24399922455,
    -19.1772283034));
#10347 = CARTESIAN_POINT('',(-0.961590034936,-14.2307086258,
    -19.17722483642));
#10348 = CARTESIAN_POINT('',(-0.937500035931,-14.21681451652,
    -19.17722210889));
#10349 = CARTESIAN_POINT('',(-0.91388247614,-14.20232743418,
    -19.17722010507));
#10350 = CARTESIAN_POINT('',(-0.890746102984,-14.18725828655,
    -19.17721881272));
#10351 = CARTESIAN_POINT('',(-0.868100085382,-14.1716182432,
    -19.17721822314));
#10352 = CARTESIAN_POINT('',(-0.845954716054,-14.15541930892,
    -19.17721833119));
#10353 = CARTESIAN_POINT('',(-0.824322151374,-14.13867510658,
    -19.17721913507));
#10354 = CARTESIAN_POINT('',(-0.803216338974,-14.12140125856,
    -19.17722063603));
#10355 = CARTESIAN_POINT('',(-0.782651437171,-14.10361446741,
    -19.17722283812));
#10356 = CARTESIAN_POINT('',(-0.762640340768,-14.08533123323,
    -19.17722574829));
#10357 = CARTESIAN_POINT('',(-0.743194749505,-14.06656765413,
    -19.17722937649));
#10358 = CARTESIAN_POINT('',(-0.724326197579,-14.04734025604,
    -19.17723373544));
#10359 = CARTESIAN_POINT('',(-0.706046392559,-14.02766639321,
    -19.17723884036));
#10360 = CARTESIAN_POINT('',(-0.688367970219,-14.00756522171,
    -19.17724470833));
#10361 = CARTESIAN_POINT('',(-0.671304508943,-13.98705810883,
    -19.1772513576));
#10362 = CARTESIAN_POINT('',(-0.654870061364,-13.96616854143,
    -19.17725880678));
#10363 = CARTESIAN_POINT('',(-0.639077839809,-13.94492069467,
    -19.17726707452));
#10364 = CARTESIAN_POINT('',(-0.623939722393,-13.92333862039,
    -19.17727617892));
#10365 = CARTESIAN_POINT('',(-0.609466564726,-13.90144641973,
    -19.17728613627));
#10366 = CARTESIAN_POINT('',(-0.59566852499,-13.87926855571,
    -19.17729695939));
#10367 = CARTESIAN_POINT('',(-0.582555573964,-13.85683060452,
    -19.17730865515));
#10368 = CARTESIAN_POINT('',(-0.570138500747,-13.83416121654,
    -19.17732122054));
#10369 = CARTESIAN_POINT('',(-0.558428151869,-13.81129150129,
    -19.17733463921));
#10370 = CARTESIAN_POINT('',(-0.547434662182,-13.78825394906,
    -19.17734887767));
#10371 = CARTESIAN_POINT('',(-0.537166362893,-13.76507988504,
    -19.17736388203));
#10372 = CARTESIAN_POINT('',(-0.52763030184,-13.74179989413,
    -19.17737957223));
#10373 = CARTESIAN_POINT('',(-0.51883251357,-13.71844386819,
    -19.17739583594));
#10374 = CARTESIAN_POINT('',(-0.51077823176,-13.69504099589,
    -19.17741252193));
#10375 = CARTESIAN_POINT('',(-0.503472123781,-13.6716199181,
    -19.17742943353));
#10376 = CARTESIAN_POINT('',(-0.496918749665,-13.64820998393,
    -19.1774463219));
#10377 = CARTESIAN_POINT('',(-0.491122914483,-13.62484335766,
    -19.17746288062));
#10378 = CARTESIAN_POINT('',(-0.486087728513,-13.60154882225,
    -19.17747874965));
#10379 = CARTESIAN_POINT('',(-0.481814117417,-13.57834672233,
    -19.1774935221));
#10380 = CARTESIAN_POINT('',(-0.478302000517,-13.55524828623,
    -19.17750675112));
#10381 = CARTESIAN_POINT('',(-0.475552555256,-13.53226665607,
    -19.17751795509));
#10382 = CARTESIAN_POINT('',(-0.473567633241,-13.50942172803,
    -19.17752663694));
#10383 = CARTESIAN_POINT('',(-0.472348007472,-13.48673913597,
    -19.17753231981));
#10384 = CARTESIAN_POINT('',(-0.471940439564,-13.46664432408,
    -19.1775343318));
#10385 = CARTESIAN_POINT('',(-0.472042010613,-13.45411897237,
    -19.17753383929));
#10386 = CARTESIAN_POINT('',(-0.472140666144,-13.44909470975,
    -19.17753333417));
#10387 = ADVANCED_FACE('',(#10388),#10400,.F.);
#10388 = FACE_BOUND('',#10389,.F.);
#10389 = EDGE_LOOP('',(#10390,#10391,#10392,#10393));
#10390 = ORIENTED_EDGE('',*,*,#7420,.T.);
#10391 = ORIENTED_EDGE('',*,*,#10067,.T.);
#10392 = ORIENTED_EDGE('',*,*,#6879,.F.);
#10393 = ORIENTED_EDGE('',*,*,#10394,.T.);
#10394 = EDGE_CURVE('',#6872,#7421,#10395,.T.);
#10395 = CIRCLE('',#10396,0.508);
#10396 = AXIS2_PLACEMENT_3D('',#10397,#10398,#10399);
#10397 = CARTESIAN_POINT('',(-0.4953,-11.938,-19.685));
#10398 = DIRECTION('',(0.,-1.,0.));
#10399 = DIRECTION('',(0.,0.,1.));
#10400 = CYLINDRICAL_SURFACE('',#10401,0.508);
#10401 = AXIS2_PLACEMENT_3D('',#10402,#10403,#10404);
#10402 = CARTESIAN_POINT('',(-0.4953,63.58627872,-19.685));
#10403 = DIRECTION('',(0.,-1.,0.));
#10404 = DIRECTION('',(0.,0.,1.));
#10405 = ADVANCED_FACE('',(#10406),#10417,.F.);
#10406 = FACE_BOUND('',#10407,.F.);
#10407 = EDGE_LOOP('',(#10408,#10415,#10416));
#10408 = ORIENTED_EDGE('',*,*,#10409,.F.);
#10409 = EDGE_CURVE('',#7421,#7094,#10410,.T.);
#10410 = CIRCLE('',#10411,0.508);
#10411 = AXIS2_PLACEMENT_3D('',#10412,#10413,#10414);
#10412 = CARTESIAN_POINT('',(-0.4953,-11.938,-19.685));
#10413 = DIRECTION('',(0.,0.,-1.));
#10414 = DIRECTION('',(-1.,0.,0.));
#10415 = ORIENTED_EDGE('',*,*,#10394,.F.);
#10416 = ORIENTED_EDGE('',*,*,#7101,.F.);
#10417 = SPHERICAL_SURFACE('',#10418,0.508);
#10418 = AXIS2_PLACEMENT_3D('',#10419,#10420,#10421);
#10419 = CARTESIAN_POINT('',(-0.4953,-11.938,-19.685));
#10420 = DIRECTION('',(0.,0.707106781187,-0.707106781187));
#10421 = DIRECTION('',(0.,0.707106781187,0.707106781187));
#10422 = ADVANCED_FACE('',(#10423),#10429,.F.);
#10423 = FACE_BOUND('',#10424,.F.);
#10424 = EDGE_LOOP('',(#10425,#10426,#10427,#10428));
#10425 = ORIENTED_EDGE('',*,*,#10409,.T.);
#10426 = ORIENTED_EDGE('',*,*,#7166,.T.);
#10427 = ORIENTED_EDGE('',*,*,#7380,.T.);
#10428 = ORIENTED_EDGE('',*,*,#7428,.F.);
#10429 = CYLINDRICAL_SURFACE('',#10430,0.508);
#10430 = AXIS2_PLACEMENT_3D('',#10431,#10432,#10433);
#10431 = CARTESIAN_POINT('',(-0.4953,-11.938,40.1532852));
#10432 = DIRECTION('',(0.,0.,-1.));
#10433 = DIRECTION('',(-1.,0.,0.));
#10434 = ADVANCED_FACE('',(#10435),#10441,.T.);
#10435 = FACE_BOUND('',#10436,.T.);
#10436 = EDGE_LOOP('',(#10437,#10438,#10439,#10440));
#10437 = ORIENTED_EDGE('',*,*,#8846,.F.);
#10438 = ORIENTED_EDGE('',*,*,#7412,.F.);
#10439 = ORIENTED_EDGE('',*,*,#10074,.F.);
#10440 = ORIENTED_EDGE('',*,*,#8923,.T.);
#10441 = CYLINDRICAL_SURFACE('',#10442,0.508);
#10442 = AXIS2_PLACEMENT_3D('',#10443,#10444,#10445);
#10443 = CARTESIAN_POINT('',(-1.5113,-13.462,40.1532852));
#10444 = DIRECTION('',(0.,0.,-1.));
#10445 = DIRECTION('',(1.,0.,0.));
#10446 = ADVANCED_FACE('',(#10447),#10453,.F.);
#10447 = FACE_BOUND('',#10448,.F.);
#10448 = EDGE_LOOP('',(#10449,#10450,#10451,#10452));
#10449 = ORIENTED_EDGE('',*,*,#6061,.F.);
#10450 = ORIENTED_EDGE('',*,*,#8953,.F.);
#10451 = ORIENTED_EDGE('',*,*,#8870,.F.);
#10452 = ORIENTED_EDGE('',*,*,#6019,.F.);
#10453 = ( BOUNDED_SURFACE() B_SPLINE_SURFACE(3,3,(
    (#10454,#10455,#10456,#10457,#10458,#10459,#10460,#10461,#10462
      ,#10463,#10464,#10465,#10466,#10467,#10468,#10469,#10470)
    ,(#10471,#10472,#10473,#10474,#10475,#10476,#10477,#10478,#10479
      ,#10480,#10481,#10482,#10483,#10484,#10485,#10486,#10487)
    ,(#10488,#10489,#10490,#10491,#10492,#10493,#10494,#10495,#10496
      ,#10497,#10498,#10499,#10500,#10501,#10502,#10503,#10504)
    ,(#10505,#10506,#10507,#10508,#10509,#10510,#10511,#10512,#10513
      ,#10514,#10515,#10516,#10517,#10518,#10519,#10520,#10521
)),.UNSPECIFIED.,.F.,.F.,.F.) B_SPLINE_SURFACE_WITH_KNOTS((4,4),(4,1,1,1
    ,1,1,1,1,1,1,1,1,1,1,4),(0.,1.),(0.377004486714,0.424720998156,
    0.503398496915,0.573045811539,0.635137730256,0.690148544777,
    0.739456809175,0.782948977803,0.822117082765,0.857353756172,
    0.889098241286,0.918296799368,0.945926939124,0.972865380143,
0.997347049388),.UNSPECIFIED.) GEOMETRIC_REPRESENTATION_ITEM() 
RATIONAL_B_SPLINE_SURFACE((
    (1.187263629752,1.187263629752,1.187263629752,1.187263629752
      ,1.187263629752,1.187263629752,1.187263629752,1.187263629752
      ,1.187263629752,1.187263629752,1.187263629752,1.187263629752
      ,1.187263629752,1.187263629752,1.187263629752,1.187263629752
      ,1.187263629752)
    ,(0.937578790083,0.937578790083,0.937578790083,0.937578790083
      ,0.937578790083,0.937578790083,0.937578790083,0.937578790083
      ,0.937578790083,0.937578790083,0.937578790083,0.937578790083
      ,0.937578790083,0.937578790083,0.937578790083,0.937578790083
      ,0.937578790083)
    ,(0.937578790083,0.937578790083,0.937578790083,0.937578790083
      ,0.937578790083,0.937578790083,0.937578790083,0.937578790083
      ,0.937578790083,0.937578790083,0.937578790083,0.937578790083
      ,0.937578790083,0.937578790083,0.937578790083,0.937578790083
      ,0.937578790083)
    ,(1.187263629752,1.187263629752,1.187263629752,1.187263629752
      ,1.187263629752,1.187263629752,1.187263629752,1.187263629752
      ,1.187263629752,1.187263629752,1.187263629752,1.187263629752
      ,1.187263629752,1.187263629752,1.187263629752,1.187263629752
,1.187263629752))) REPRESENTATION_ITEM('') SURFACE() );
#10454 = CARTESIAN_POINT('',(-6.492889722553,-13.69288884115,
    -26.10690310331));
#10455 = CARTESIAN_POINT('',(-6.473203438584,-13.7028768568,
    -26.10180973259));
#10456 = CARTESIAN_POINT('',(-6.421405487554,-13.7291839719,
    -26.08728952669));
#10457 = CARTESIAN_POINT('',(-6.342804022199,-13.76921710872,
    -26.060309198));
#10458 = CARTESIAN_POINT('',(-6.261551572294,-13.81075176637,
    -26.02507769298));
#10459 = CARTESIAN_POINT('',(-6.192826140989,-13.84600818884,
    -25.98827855806));
#10460 = CARTESIAN_POINT('',(-6.135219150433,-13.875662825,
    -25.9506160106));
#10461 = CARTESIAN_POINT('',(-6.087858585035,-13.90012297516,
    -25.91293660486));
#10462 = CARTESIAN_POINT('',(-6.049500768431,-13.91999368818,
    -25.8756997735));
#10463 = CARTESIAN_POINT('',(-6.019171977791,-13.93574777819,
    -25.83946734426));
#10464 = CARTESIAN_POINT('',(-5.995778169658,-13.94792807277,
    -25.80446051675));
#10465 = CARTESIAN_POINT('',(-5.978366649741,-13.9570110247,
    -25.77091703159));
#10466 = CARTESIAN_POINT('',(-5.965962347656,-13.96349152073,
    -25.73869021822));
#10467 = CARTESIAN_POINT('',(-5.957774252363,-13.96777392189,
    -25.70727693298));
#10468 = CARTESIAN_POINT('',(-5.953489360354,-13.97001645243,
    -25.67706712298));
#10469 = CARTESIAN_POINT('',(-5.952895745072,-13.97032723797,
    -25.65725986759));
#10470 = CARTESIAN_POINT('',(-5.953113153902,-13.97021342141,
    -25.64784321577));
#10471 = CARTESIAN_POINT('',(-6.727315587034,-13.87032002305,
    -26.00061532508));
#10472 = CARTESIAN_POINT('',(-6.70883383334,-13.87677419101,
    -25.99227890289));
#10473 = CARTESIAN_POINT('',(-6.660471116918,-13.89312251922,
    -25.96963449));
#10474 = CARTESIAN_POINT('',(-6.588291524515,-13.91522542048,
    -25.93238027945));
#10475 = CARTESIAN_POINT('',(-6.515456150984,-13.93437317367,
    -25.8902434892));
#10476 = CARTESIAN_POINT('',(-6.455477077295,-13.94742703174,
    -25.85172769759));
#10477 = CARTESIAN_POINT('',(-6.406645905124,-13.95575159521,
    -25.81711883281));
#10478 = CARTESIAN_POINT('',(-6.367724519653,-13.96049501801,
    -25.786721401));
#10479 = CARTESIAN_POINT('',(-6.337183225383,-13.96272802098,
    -25.76035830765));
#10480 = CARTESIAN_POINT('',(-6.313769412997,-13.96333313936,
    -25.73780488953));
#10481 = CARTESIAN_POINT('',(-6.296222080813,-13.96301347411,
    -25.71855511776));
#10482 = CARTESIAN_POINT('',(-6.283485567024,-13.96229026237,
    -25.70208225167));
#10483 = CARTESIAN_POINT('',(-6.274595312303,-13.9615044762,
    -25.68771354788));
#10484 = CARTESIAN_POINT('',(-6.268816277012,-13.96085528498,
    -25.67473153702));
#10485 = CARTESIAN_POINT('',(-6.265822414956,-13.96047219029,
    -25.66286993924));
#10486 = CARTESIAN_POINT('',(-6.265408714287,-13.96041649773,
    -25.65525742974));
#10487 = CARTESIAN_POINT('',(-6.265560584894,-13.9604365839,
    -25.65162799051));
#10488 = CARTESIAN_POINT('',(-6.893161732315,-14.10359498729,
    -26.12636057726));
#10489 = CARTESIAN_POINT('',(-6.875532131618,-14.11195320066,
    -26.11336827657));
#10490 = CARTESIAN_POINT('',(-6.829599694887,-14.13284097729,
    -26.078269703));
#10491 = CARTESIAN_POINT('',(-6.761963299444,-14.1598247493,
    -26.02139599398));
#10492 = CARTESIAN_POINT('',(-6.695082642873,-14.18127252619,
    -25.95839489235));
#10493 = CARTESIAN_POINT('',(-6.641291238361,-14.19394179744,
    -25.90210056617));
#10494 = CARTESIAN_POINT('',(-6.598668577584,-14.2000035431,
    -25.85280965917));
#10495 = CARTESIAN_POINT('',(-6.565717546379,-14.20132992815,
    -25.8108109173));
#10496 = CARTESIAN_POINT('',(-6.5407061031,-14.19960349373,
    -25.77566864176));
#10497 = CARTESIAN_POINT('',(-6.522184338315,-14.19621834922,
    -25.74683601362));
#10498 = CARTESIAN_POINT('',(-6.508773134633,-14.19223841519,
    -25.72337517345));
#10499 = CARTESIAN_POINT('',(-6.499343985188,-14.18843159071,
    -25.70430776874));
#10500 = CARTESIAN_POINT('',(-6.49293976677,-14.18524865962,
    -25.68851095506));
#10501 = CARTESIAN_POINT('',(-6.488865037086,-14.18292050029,
    -25.67488478424));
#10502 = CARTESIAN_POINT('',(-6.486784522801,-14.18162668634,
    -25.66285878104));
#10503 = CARTESIAN_POINT('',(-6.48649810393,-14.18144288048,
    -25.65525871712));
#10504 = CARTESIAN_POINT('',(-6.486603609081,-14.1815096584,
    -25.65162763983));
#10505 = CARTESIAN_POINT('',(-6.885794443128,-14.24553861476,
    -26.40480513226));
#10506 = CARTESIAN_POINT('',(-6.868126987722,-14.26003748852,
    -26.38868155857));
#10507 = CARTESIAN_POINT('',(-6.822086592055,-14.29709897303,
    -26.34465630439));
#10508 = CARTESIAN_POINT('',(-6.754248376752,-14.34869534007,
    -26.2711955854));
#10509 = CARTESIAN_POINT('',(-6.687103197169,-14.39567896469,
    -26.18653461418));
#10510 = CARTESIAN_POINT('',(-6.633036921341,-14.43002426572,
    -26.10761650118));
#10511 = CARTESIAN_POINT('',(-6.590138463386,-14.45431807909,
    -26.03517084987));
#10512 = CARTESIAN_POINT('',(-6.556922214522,-14.47068295359,
    -25.97000687716));
#10513 = CARTESIAN_POINT('',(-6.531665121811,-14.48117339648,
    -25.91197135844));
#10514 = CARTESIAN_POINT('',(-6.512926040372,-14.48747418793,
    -25.86086290506));
#10515 = CARTESIAN_POINT('',(-6.4993310998,-14.49098297028,
    -25.81587967051));
#10516 = CARTESIAN_POINT('',(-6.489755029187,-14.49276056094,
    -25.77618948554));
#10517 = CARTESIAN_POINT('',(-6.483240374989,-14.49356200092,
    -25.74057934891));
#10518 = CARTESIAN_POINT('',(-6.479089935904,-14.49386677271,
    -25.70763998969));
#10519 = CARTESIAN_POINT('',(-6.476968848489,-14.49395172585,
    -25.67704068817));
#10520 = CARTESIAN_POINT('',(-6.476676775451,-14.49395899923,
    -25.65726291751));
#10521 = CARTESIAN_POINT('',(-6.476784340269,-14.4939557997,
    -25.64784238498));
#10522 = ADVANCED_FACE('',(#10523),#10562,.F.);
#10523 = FACE_BOUND('',#10524,.F.);
#10524 = EDGE_LOOP('',(#10525,#10526,#10527,#10560,#10561));
#10525 = ORIENTED_EDGE('',*,*,#8687,.F.);
#10526 = ORIENTED_EDGE('',*,*,#7494,.F.);
#10527 = ORIENTED_EDGE('',*,*,#10528,.F.);
#10528 = EDGE_CURVE('',#4705,#7487,#10529,.T.);
#10529 = B_SPLINE_CURVE_WITH_KNOTS('',3,(#10530,#10531,#10532,#10533,
    #10534,#10535,#10536,#10537,#10538,#10539,#10540,#10541,#10542,
    #10543,#10544,#10545,#10546,#10547,#10548,#10549,#10550,#10551,
    #10552,#10553,#10554,#10555,#10556,#10557,#10558,#10559),
  .UNSPECIFIED.,.F.,.F.,(4,1,1,1,1,1,1,1,1,1,1,1,1,1,1,1,1,1,1,1,1,1,1,1
    ,1,1,1,4),(0.,3.703703703704E-02,7.407407407407E-02,0.111111111111,
    0.148148148148,0.185185185185,0.222222222222,0.259259259259,
    0.296296296296,0.333333333333,0.37037037037,0.407407407407,
    0.444444444444,0.481481481481,0.518518518518,0.555555555556,
    0.592592592593,0.62962962963,0.666666666667,0.703703703704,
    0.740740740741,0.777777777778,0.814814814815,0.851851851852,
    0.888888888889,0.925925925926,0.962962962963,1.),.UNSPECIFIED.);
#10530 = CARTESIAN_POINT('',(7.201477320444,-9.144,-26.162));
#10531 = CARTESIAN_POINT('',(7.201477320444,-9.130987691973,-26.162));
#10532 = CARTESIAN_POINT('',(7.200477401842,-9.10528716108,
    -26.1629999186));
#10533 = CARTESIAN_POINT('',(7.196202794405,-9.067905659933,
    -26.16727452604));
#10534 = CARTESIAN_POINT('',(7.189397864407,-9.031922306352,
    -26.17407945604));
#10535 = CARTESIAN_POINT('',(7.180310792733,-8.997479463179,
    -26.18316652771));
#10536 = CARTESIAN_POINT('',(7.169181383944,-8.964671781192,
    -26.1942959365));
#10537 = CARTESIAN_POINT('',(7.156232745641,-8.933548137204,
    -26.2072445748));
#10538 = CARTESIAN_POINT('',(7.141667314865,-8.904125546303,
    -26.22181000558));
#10539 = CARTESIAN_POINT('',(7.125665012409,-8.876397565856,
    -26.23781230804));
#10540 = CARTESIAN_POINT('',(7.108387281023,-8.85034721196,
    -26.25509003942));
#10541 = CARTESIAN_POINT('',(7.089973416184,-8.825943859168,
    -26.27350390426));
#10542 = CARTESIAN_POINT('',(7.070548175633,-8.803156209294,
    -26.29292914481));
#10543 = CARTESIAN_POINT('',(7.050222918688,-8.781951879883,
    -26.31325440176));
#10544 = CARTESIAN_POINT('',(7.029098237902,-8.762299422786,
    -26.33437908254));
#10545 = CARTESIAN_POINT('',(7.007265873255,-8.744168875591,
    -26.35621144719));
#10546 = CARTESIAN_POINT('',(6.984810476596,-8.727532133447,
    -26.37866684385));
#10547 = CARTESIAN_POINT('',(6.961811182539,-8.712363029234,
    -26.4016661379));
#10548 = CARTESIAN_POINT('',(6.938343017599,-8.698637235627,
    -26.42513430284));
#10549 = CARTESIAN_POINT('',(6.914478258474,-8.686332022313,
    -26.44899906197));
#10550 = CARTESIAN_POINT('',(6.89028720679,-8.675425723174,
    -26.47319011365));
#10551 = CARTESIAN_POINT('',(6.865840605993,-8.665897694216,
    -26.49763671445));
#10552 = CARTESIAN_POINT('',(6.841205529072,-8.657725904027,
    -26.52227179137));
#10553 = CARTESIAN_POINT('',(6.816451727461,-8.650888691879,
    -26.54702559298));
#10554 = CARTESIAN_POINT('',(6.791649509988,-8.645362726274,
    -26.57182781046));
#10555 = CARTESIAN_POINT('',(6.766870434698,-8.641122541762,
    -26.59660688575));
#10556 = CARTESIAN_POINT('',(6.742189695529,-8.638139545004,
    -26.62128762491));
#10557 = CARTESIAN_POINT('',(6.717677869837,-8.636381079143,
    -26.64579945061));
#10558 = CARTESIAN_POINT('',(6.701513964954,-8.636,-26.66196335549));
#10559 = CARTESIAN_POINT('',(6.693477320444,-8.636,-26.67));
#10560 = ORIENTED_EDGE('',*,*,#4704,.T.);
#10561 = ORIENTED_EDGE('',*,*,#7832,.T.);
#10562 = CYLINDRICAL_SURFACE('',#10563,0.508);
#10563 = AXIS2_PLACEMENT_3D('',#10564,#10565,#10566);
#10564 = CARTESIAN_POINT('',(6.693477320444,-9.144,40.1532852));
#10565 = DIRECTION('',(0.,0.,-1.));
#10566 = DIRECTION('',(0.,1.,0.));
#10567 = ADVANCED_FACE('',(#10568),#10574,.F.);
#10568 = FACE_BOUND('',#10569,.F.);
#10569 = EDGE_LOOP('',(#10570,#10571,#10572,#10573));
#10570 = ORIENTED_EDGE('',*,*,#4713,.F.);
#10571 = ORIENTED_EDGE('',*,*,#10528,.T.);
#10572 = ORIENTED_EDGE('',*,*,#7486,.T.);
#10573 = ORIENTED_EDGE('',*,*,#7569,.T.);
#10574 = CYLINDRICAL_SURFACE('',#10575,0.508);
#10575 = AXIS2_PLACEMENT_3D('',#10576,#10577,#10578);
#10576 = CARTESIAN_POINT('',(69.1752744,-9.144,-26.67));
#10577 = DIRECTION('',(-1.,0.,0.));
#10578 = DIRECTION('',(0.,0.,1.));
#10579 = ADVANCED_FACE('',(#10580),#10586,.T.);
#10580 = FACE_BOUND('',#10581,.F.);
#10581 = EDGE_LOOP('',(#10582,#10583,#10584,#10585));
#10582 = ORIENTED_EDGE('',*,*,#7243,.F.);
#10583 = ORIENTED_EDGE('',*,*,#7294,.F.);
#10584 = ORIENTED_EDGE('',*,*,#7349,.F.);
#10585 = ORIENTED_EDGE('',*,*,#7191,.F.);
#10586 = PLANE('',#10587);
#10587 = AXIS2_PLACEMENT_3D('',#10588,#10589,#10590);
#10588 = CARTESIAN_POINT('',(0.,0.,-22.352));
#10589 = DIRECTION('',(0.,0.,-1.));
#10590 = DIRECTION('',(-1.,0.,0.));
#10591 = ADVANCED_FACE('',(#10592),#10611,.T.);
#10592 = FACE_BOUND('',#10593,.T.);
#10593 = EDGE_LOOP('',(#10594,#10603,#10609,#10610));
#10594 = ORIENTED_EDGE('',*,*,#10595,.T.);
#10595 = EDGE_CURVE('',#4772,#10596,#10598,.T.);
#10596 = VERTEX_POINT('',#10597);
#10597 = CARTESIAN_POINT('',(19.177,10.0076,-25.654));
#10598 = CIRCLE('',#10599,0.508);
#10599 = AXIS2_PLACEMENT_3D('',#10600,#10601,#10602);
#10600 = CARTESIAN_POINT('',(18.669,10.0076,-25.654));
#10601 = DIRECTION('',(0.,-1.,0.));
#10602 = DIRECTION('',(0.,0.,-1.));
#10603 = ORIENTED_EDGE('',*,*,#10604,.T.);
#10604 = EDGE_CURVE('',#10596,#6454,#10605,.T.);
#10605 = LINE('',#10606,#10607);
#10606 = CARTESIAN_POINT('',(19.177,10.0076,-25.654));
#10607 = VECTOR('',#10608,1.);
#10608 = DIRECTION('',(0.,-1.,0.));
#10609 = ORIENTED_EDGE('',*,*,#6478,.F.);
#10610 = ORIENTED_EDGE('',*,*,#4771,.F.);
#10611 = CYLINDRICAL_SURFACE('',#10612,0.508);
#10612 = AXIS2_PLACEMENT_3D('',#10613,#10614,#10615);
#10613 = CARTESIAN_POINT('',(18.669,10.01689050787,-25.654));
#10614 = DIRECTION('',(0.,-1.,0.));
#10615 = DIRECTION('',(0.,0.,-1.));
#10616 = ADVANCED_FACE('',(#10617),#10628,.T.);
#10617 = FACE_BOUND('',#10618,.F.);
#10618 = EDGE_LOOP('',(#10619,#10620,#10621,#10622));
#10619 = ORIENTED_EDGE('',*,*,#10604,.T.);
#10620 = ORIENTED_EDGE('',*,*,#6453,.F.);
#10621 = ORIENTED_EDGE('',*,*,#4545,.T.);
#10622 = ORIENTED_EDGE('',*,*,#10623,.F.);
#10623 = EDGE_CURVE('',#10596,#4546,#10624,.T.);
#10624 = LINE('',#10625,#10626);
#10625 = CARTESIAN_POINT('',(19.177,10.0076,-25.654));
#10626 = VECTOR('',#10627,1.);
#10627 = DIRECTION('',(0.,0.,1.));
#10628 = PLANE('',#10629);
#10629 = AXIS2_PLACEMENT_3D('',#10630,#10631,#10632);
#10630 = CARTESIAN_POINT('',(19.177,10.0076,-14.859));
#10631 = DIRECTION('',(1.,0.,0.));
#10632 = DIRECTION('',(0.,-1.,0.));
#10633 = ADVANCED_FACE('',(#10634),#10646,.T.);
#10634 = FACE_BOUND('',#10635,.T.);
#10635 = EDGE_LOOP('',(#10636,#10637,#10638,#10639));
#10636 = ORIENTED_EDGE('',*,*,#4622,.T.);
#10637 = ORIENTED_EDGE('',*,*,#4570,.F.);
#10638 = ORIENTED_EDGE('',*,*,#10623,.F.);
#10639 = ORIENTED_EDGE('',*,*,#10640,.F.);
#10640 = EDGE_CURVE('',#4615,#10596,#10641,.T.);
#10641 = CIRCLE('',#10642,7.62);
#10642 = AXIS2_PLACEMENT_3D('',#10643,#10644,#10645);
#10643 = CARTESIAN_POINT('',(11.557,10.0076,-25.654));
#10644 = DIRECTION('',(0.,0.,-1.));
#10645 = DIRECTION('',(0.,1.,0.));
#10646 = CYLINDRICAL_SURFACE('',#10647,7.62);
#10647 = AXIS2_PLACEMENT_3D('',#10648,#10649,#10650);
#10648 = CARTESIAN_POINT('',(11.557,10.0076,-14.859));
#10649 = DIRECTION('',(0.,0.,-1.));
#10650 = DIRECTION('',(0.,-1.,0.));
#10651 = ADVANCED_FACE('',(#10652),#10658,.T.);
#10652 = FACE_BOUND('',#10653,.T.);
#10653 = EDGE_LOOP('',(#10654,#10655,#10656,#10657));
#10654 = ORIENTED_EDGE('',*,*,#4653,.T.);
#10655 = ORIENTED_EDGE('',*,*,#10640,.T.);
#10656 = ORIENTED_EDGE('',*,*,#10595,.F.);
#10657 = ORIENTED_EDGE('',*,*,#4779,.F.);
#10658 = TOROIDAL_SURFACE('',#10659,7.112,0.508);
#10659 = AXIS2_PLACEMENT_3D('',#10660,#10661,#10662);
#10660 = CARTESIAN_POINT('',(11.557,10.0076,-25.654));
#10661 = DIRECTION('',(0.,0.,-1.));
#10662 = DIRECTION('',(-1.219226452808E-03,0.999999256743,0.));
#10663 = ADVANCED_FACE('',(#10664),#10676,.T.);
#10664 = FACE_BOUND('',#10665,.T.);
#10665 = EDGE_LOOP('',(#10666,#10667,#10674,#10675));
#10666 = ORIENTED_EDGE('',*,*,#5150,.T.);
#10667 = ORIENTED_EDGE('',*,*,#10668,.T.);
#10668 = EDGE_CURVE('',#5118,#5109,#10669,.T.);
#10669 = CIRCLE('',#10670,4.064);
#10670 = AXIS2_PLACEMENT_3D('',#10671,#10672,#10673);
#10671 = CARTESIAN_POINT('',(-14.224,0.,-28.8036));
#10672 = DIRECTION('',(0.,0.,-1.));
#10673 = DIRECTION('',(1.,0.,0.));
#10674 = ORIENTED_EDGE('',*,*,#5140,.F.);
#10675 = ORIENTED_EDGE('',*,*,#5438,.F.);
#10676 = TOROIDAL_SURFACE('',#10677,3.556,0.508);
#10677 = AXIS2_PLACEMENT_3D('',#10678,#10679,#10680);
#10678 = CARTESIAN_POINT('',(-14.224,0.,-28.8036));
#10679 = DIRECTION('',(0.,0.,-1.));
#10680 = DIRECTION('',(0.999997386988,2.286048174229E-03,0.));
#10681 = ADVANCED_FACE('',(#10682),#10688,.T.);
#10682 = FACE_BOUND('',#10683,.T.);
#10683 = EDGE_LOOP('',(#10684,#10685,#10686,#10687));
#10684 = ORIENTED_EDGE('',*,*,#5117,.F.);
#10685 = ORIENTED_EDGE('',*,*,#5034,.T.);
#10686 = ORIENTED_EDGE('',*,*,#5108,.T.);
#10687 = ORIENTED_EDGE('',*,*,#10668,.F.);
#10688 = CYLINDRICAL_SURFACE('',#10689,4.064);
#10689 = AXIS2_PLACEMENT_3D('',#10690,#10691,#10692);
#10690 = CARTESIAN_POINT('',(-14.224,0.,-26.162));
#10691 = DIRECTION('',(0.,0.,-1.));
#10692 = DIRECTION('',(-1.,0.,0.));
#10693 = ADVANCED_FACE('',(#10694),#10720,.T.);
#10694 = FACE_BOUND('',#10695,.T.);
#10695 = EDGE_LOOP('',(#10696,#10704,#10713,#10719));
#10696 = ORIENTED_EDGE('',*,*,#10697,.F.);
#10697 = EDGE_CURVE('',#10698,#5352,#10700,.T.);
#10698 = VERTEX_POINT('',#10699);
#10699 = CARTESIAN_POINT('',(-0.6858,5.34289,-33.4518));
#10700 = LINE('',#10701,#10702);
#10701 = CARTESIAN_POINT('',(-0.6858,5.34289,-33.4518));
#10702 = VECTOR('',#10703,1.);
#10703 = DIRECTION('',(0.,0.,1.));
#10704 = ORIENTED_EDGE('',*,*,#10705,.T.);
#10705 = EDGE_CURVE('',#10698,#10706,#10708,.T.);
#10706 = VERTEX_POINT('',#10707);
#10707 = CARTESIAN_POINT('',(-0.6858,3.77571,-33.4518));
#10708 = CIRCLE('',#10709,0.78359);
#10709 = AXIS2_PLACEMENT_3D('',#10710,#10711,#10712);
#10710 = CARTESIAN_POINT('',(-0.6858,4.5593,-33.4518));
#10711 = DIRECTION('',(0.,-0.,1.));
#10712 = DIRECTION('',(0.,1.,0.));
#10713 = ORIENTED_EDGE('',*,*,#10714,.T.);
#10714 = EDGE_CURVE('',#10706,#5354,#10715,.T.);
#10715 = LINE('',#10716,#10717);
#10716 = CARTESIAN_POINT('',(-0.6858,3.77571,-33.4518));
#10717 = VECTOR('',#10718,1.);
#10718 = DIRECTION('',(0.,0.,1.));
#10719 = ORIENTED_EDGE('',*,*,#5351,.F.);
#10720 = CYLINDRICAL_SURFACE('',#10721,0.78359);
#10721 = AXIS2_PLACEMENT_3D('',#10722,#10723,#10724);
#10722 = CARTESIAN_POINT('',(-0.6858,4.5593,-34.45129));
#10723 = DIRECTION('',(0.,0.,1.));
#10724 = DIRECTION('',(0.,1.,0.));
#10725 = ADVANCED_FACE('',(#10726),#10738,.T.);
#10726 = FACE_BOUND('',#10727,.T.);
#10727 = EDGE_LOOP('',(#10728,#10729,#10736,#10737));
#10728 = ORIENTED_EDGE('',*,*,#10714,.F.);
#10729 = ORIENTED_EDGE('',*,*,#10730,.F.);
#10730 = EDGE_CURVE('',#10698,#10706,#10731,.T.);
#10731 = CIRCLE('',#10732,0.78359);
#10732 = AXIS2_PLACEMENT_3D('',#10733,#10734,#10735);
#10733 = CARTESIAN_POINT('',(-0.6858,4.5593,-33.4518));
#10734 = DIRECTION('',(0.,0.,-1.));
#10735 = DIRECTION('',(0.,1.,0.));
#10736 = ORIENTED_EDGE('',*,*,#10697,.T.);
#10737 = ORIENTED_EDGE('',*,*,#5362,.F.);
#10738 = CYLINDRICAL_SURFACE('',#10739,0.78359);
#10739 = AXIS2_PLACEMENT_3D('',#10740,#10741,#10742);
#10740 = CARTESIAN_POINT('',(-0.6858,4.5593,-34.45129));
#10741 = DIRECTION('',(0.,0.,1.));
#10742 = DIRECTION('',(0.,1.,0.));
#10743 = ADVANCED_FACE('',(#10744),#10748,.F.);
#10744 = FACE_BOUND('',#10745,.F.);
#10745 = EDGE_LOOP('',(#10746,#10747));
#10746 = ORIENTED_EDGE('',*,*,#10730,.F.);
#10747 = ORIENTED_EDGE('',*,*,#10705,.T.);
#10748 = PLANE('',#10749);
#10749 = AXIS2_PLACEMENT_3D('',#10750,#10751,#10752);
#10750 = CARTESIAN_POINT('',(-0.6858,4.5593,-33.4518));
#10751 = DIRECTION('',(0.,0.,1.));
#10752 = DIRECTION('',(0.,1.,0.));
#10753 = ADVANCED_FACE('',(#10754),#10780,.T.);
#10754 = FACE_BOUND('',#10755,.T.);
#10755 = EDGE_LOOP('',(#10756,#10764,#10773,#10779));
#10756 = ORIENTED_EDGE('',*,*,#10757,.F.);
#10757 = EDGE_CURVE('',#10758,#5372,#10760,.T.);
#10758 = VERTEX_POINT('',#10759);
#10759 = CARTESIAN_POINT('',(3.7592,5.34289,-33.4518));
#10760 = LINE('',#10761,#10762);
#10761 = CARTESIAN_POINT('',(3.7592,5.34289,-33.4518));
#10762 = VECTOR('',#10763,1.);
#10763 = DIRECTION('',(0.,0.,1.));
#10764 = ORIENTED_EDGE('',*,*,#10765,.T.);
#10765 = EDGE_CURVE('',#10758,#10766,#10768,.T.);
#10766 = VERTEX_POINT('',#10767);
#10767 = CARTESIAN_POINT('',(3.7592,3.77571,-33.4518));
#10768 = CIRCLE('',#10769,0.78359);
#10769 = AXIS2_PLACEMENT_3D('',#10770,#10771,#10772);
#10770 = CARTESIAN_POINT('',(3.7592,4.5593,-33.4518));
#10771 = DIRECTION('',(0.,-0.,1.));
#10772 = DIRECTION('',(0.,1.,0.));
#10773 = ORIENTED_EDGE('',*,*,#10774,.T.);
#10774 = EDGE_CURVE('',#10766,#5374,#10775,.T.);
#10775 = LINE('',#10776,#10777);
#10776 = CARTESIAN_POINT('',(3.7592,3.77571,-33.4518));
#10777 = VECTOR('',#10778,1.);
#10778 = DIRECTION('',(0.,0.,1.));
#10779 = ORIENTED_EDGE('',*,*,#5371,.F.);
#10780 = CYLINDRICAL_SURFACE('',#10781,0.78359);
#10781 = AXIS2_PLACEMENT_3D('',#10782,#10783,#10784);
#10782 = CARTESIAN_POINT('',(3.7592,4.5593,-34.45129));
#10783 = DIRECTION('',(0.,0.,1.));
#10784 = DIRECTION('',(0.,1.,0.));
#10785 = ADVANCED_FACE('',(#10786),#10798,.T.);
#10786 = FACE_BOUND('',#10787,.T.);
#10787 = EDGE_LOOP('',(#10788,#10789,#10796,#10797));
#10788 = ORIENTED_EDGE('',*,*,#10774,.F.);
#10789 = ORIENTED_EDGE('',*,*,#10790,.F.);
#10790 = EDGE_CURVE('',#10758,#10766,#10791,.T.);
#10791 = CIRCLE('',#10792,0.78359);
#10792 = AXIS2_PLACEMENT_3D('',#10793,#10794,#10795);
#10793 = CARTESIAN_POINT('',(3.7592,4.5593,-33.4518));
#10794 = DIRECTION('',(0.,0.,-1.));
#10795 = DIRECTION('',(0.,1.,0.));
#10796 = ORIENTED_EDGE('',*,*,#10757,.T.);
#10797 = ORIENTED_EDGE('',*,*,#5382,.F.);
#10798 = CYLINDRICAL_SURFACE('',#10799,0.78359);
#10799 = AXIS2_PLACEMENT_3D('',#10800,#10801,#10802);
#10800 = CARTESIAN_POINT('',(3.7592,4.5593,-34.45129));
#10801 = DIRECTION('',(0.,0.,1.));
#10802 = DIRECTION('',(0.,1.,0.));
#10803 = ADVANCED_FACE('',(#10804),#10808,.F.);
#10804 = FACE_BOUND('',#10805,.F.);
#10805 = EDGE_LOOP('',(#10806,#10807));
#10806 = ORIENTED_EDGE('',*,*,#10790,.F.);
#10807 = ORIENTED_EDGE('',*,*,#10765,.T.);
#10808 = PLANE('',#10809);
#10809 = AXIS2_PLACEMENT_3D('',#10810,#10811,#10812);
#10810 = CARTESIAN_POINT('',(3.7592,4.5593,-33.4518));
#10811 = DIRECTION('',(0.,0.,1.));
#10812 = DIRECTION('',(0.,1.,0.));
#10813 = ADVANCED_FACE('',(#10814),#10840,.T.);
#10814 = FACE_BOUND('',#10815,.T.);
#10815 = EDGE_LOOP('',(#10816,#10824,#10833,#10839));
#10816 = ORIENTED_EDGE('',*,*,#10817,.F.);
#10817 = EDGE_CURVE('',#10818,#5392,#10820,.T.);
#10818 = VERTEX_POINT('',#10819);
#10819 = CARTESIAN_POINT('',(-0.6858,-3.77571,-33.4518));
#10820 = LINE('',#10821,#10822);
#10821 = CARTESIAN_POINT('',(-0.6858,-3.77571,-33.4518));
#10822 = VECTOR('',#10823,1.);
#10823 = DIRECTION('',(0.,0.,1.));
#10824 = ORIENTED_EDGE('',*,*,#10825,.T.);
#10825 = EDGE_CURVE('',#10818,#10826,#10828,.T.);
#10826 = VERTEX_POINT('',#10827);
#10827 = CARTESIAN_POINT('',(-0.6858,-5.34289,-33.4518));
#10828 = CIRCLE('',#10829,0.78359);
#10829 = AXIS2_PLACEMENT_3D('',#10830,#10831,#10832);
#10830 = CARTESIAN_POINT('',(-0.6858,-4.5593,-33.4518));
#10831 = DIRECTION('',(0.,-0.,1.));
#10832 = DIRECTION('',(0.,1.,0.));
#10833 = ORIENTED_EDGE('',*,*,#10834,.T.);
#10834 = EDGE_CURVE('',#10826,#5394,#10835,.T.);
#10835 = LINE('',#10836,#10837);
#10836 = CARTESIAN_POINT('',(-0.6858,-5.34289,-33.4518));
#10837 = VECTOR('',#10838,1.);
#10838 = DIRECTION('',(0.,0.,1.));
#10839 = ORIENTED_EDGE('',*,*,#5391,.F.);
#10840 = CYLINDRICAL_SURFACE('',#10841,0.78359);
#10841 = AXIS2_PLACEMENT_3D('',#10842,#10843,#10844);
#10842 = CARTESIAN_POINT('',(-0.6858,-4.5593,-34.45129));
#10843 = DIRECTION('',(0.,0.,1.));
#10844 = DIRECTION('',(0.,1.,0.));
#10845 = ADVANCED_FACE('',(#10846),#10858,.T.);
#10846 = FACE_BOUND('',#10847,.T.);
#10847 = EDGE_LOOP('',(#10848,#10849,#10856,#10857));
#10848 = ORIENTED_EDGE('',*,*,#10834,.F.);
#10849 = ORIENTED_EDGE('',*,*,#10850,.F.);
#10850 = EDGE_CURVE('',#10818,#10826,#10851,.T.);
#10851 = CIRCLE('',#10852,0.78359);
#10852 = AXIS2_PLACEMENT_3D('',#10853,#10854,#10855);
#10853 = CARTESIAN_POINT('',(-0.6858,-4.5593,-33.4518));
#10854 = DIRECTION('',(0.,0.,-1.));
#10855 = DIRECTION('',(0.,1.,0.));
#10856 = ORIENTED_EDGE('',*,*,#10817,.T.);
#10857 = ORIENTED_EDGE('',*,*,#5402,.F.);
#10858 = CYLINDRICAL_SURFACE('',#10859,0.78359);
#10859 = AXIS2_PLACEMENT_3D('',#10860,#10861,#10862);
#10860 = CARTESIAN_POINT('',(-0.6858,-4.5593,-34.45129));
#10861 = DIRECTION('',(0.,0.,1.));
#10862 = DIRECTION('',(0.,1.,0.));
#10863 = ADVANCED_FACE('',(#10864),#10868,.F.);
#10864 = FACE_BOUND('',#10865,.F.);
#10865 = EDGE_LOOP('',(#10866,#10867));
#10866 = ORIENTED_EDGE('',*,*,#10850,.F.);
#10867 = ORIENTED_EDGE('',*,*,#10825,.T.);
#10868 = PLANE('',#10869);
#10869 = AXIS2_PLACEMENT_3D('',#10870,#10871,#10872);
#10870 = CARTESIAN_POINT('',(-0.6858,-4.5593,-33.4518));
#10871 = DIRECTION('',(0.,0.,1.));
#10872 = DIRECTION('',(0.,1.,0.));
#10873 = ADVANCED_FACE('',(#10874),#10900,.T.);
#10874 = FACE_BOUND('',#10875,.T.);
#10875 = EDGE_LOOP('',(#10876,#10884,#10893,#10899));
#10876 = ORIENTED_EDGE('',*,*,#10877,.F.);
#10877 = EDGE_CURVE('',#10878,#5412,#10880,.T.);
#10878 = VERTEX_POINT('',#10879);
#10879 = CARTESIAN_POINT('',(3.7592,-3.77571,-33.4518));
#10880 = LINE('',#10881,#10882);
#10881 = CARTESIAN_POINT('',(3.7592,-3.77571,-33.4518));
#10882 = VECTOR('',#10883,1.);
#10883 = DIRECTION('',(0.,0.,1.));
#10884 = ORIENTED_EDGE('',*,*,#10885,.T.);
#10885 = EDGE_CURVE('',#10878,#10886,#10888,.T.);
#10886 = VERTEX_POINT('',#10887);
#10887 = CARTESIAN_POINT('',(3.7592,-5.34289,-33.4518));
#10888 = CIRCLE('',#10889,0.78359);
#10889 = AXIS2_PLACEMENT_3D('',#10890,#10891,#10892);
#10890 = CARTESIAN_POINT('',(3.7592,-4.5593,-33.4518));
#10891 = DIRECTION('',(0.,-0.,1.));
#10892 = DIRECTION('',(0.,1.,0.));
#10893 = ORIENTED_EDGE('',*,*,#10894,.T.);
#10894 = EDGE_CURVE('',#10886,#5414,#10895,.T.);
#10895 = LINE('',#10896,#10897);
#10896 = CARTESIAN_POINT('',(3.7592,-5.34289,-33.4518));
#10897 = VECTOR('',#10898,1.);
#10898 = DIRECTION('',(0.,0.,1.));
#10899 = ORIENTED_EDGE('',*,*,#5411,.F.);
#10900 = CYLINDRICAL_SURFACE('',#10901,0.78359);
#10901 = AXIS2_PLACEMENT_3D('',#10902,#10903,#10904);
#10902 = CARTESIAN_POINT('',(3.7592,-4.5593,-34.45129));
#10903 = DIRECTION('',(0.,0.,1.));
#10904 = DIRECTION('',(0.,1.,0.));
#10905 = ADVANCED_FACE('',(#10906),#10918,.T.);
#10906 = FACE_BOUND('',#10907,.T.);
#10907 = EDGE_LOOP('',(#10908,#10909,#10916,#10917));
#10908 = ORIENTED_EDGE('',*,*,#10894,.F.);
#10909 = ORIENTED_EDGE('',*,*,#10910,.F.);
#10910 = EDGE_CURVE('',#10878,#10886,#10911,.T.);
#10911 = CIRCLE('',#10912,0.78359);
#10912 = AXIS2_PLACEMENT_3D('',#10913,#10914,#10915);
#10913 = CARTESIAN_POINT('',(3.7592,-4.5593,-33.4518));
#10914 = DIRECTION('',(0.,0.,-1.));
#10915 = DIRECTION('',(0.,1.,0.));
#10916 = ORIENTED_EDGE('',*,*,#10877,.T.);
#10917 = ORIENTED_EDGE('',*,*,#5422,.F.);
#10918 = CYLINDRICAL_SURFACE('',#10919,0.78359);
#10919 = AXIS2_PLACEMENT_3D('',#10920,#10921,#10922);
#10920 = CARTESIAN_POINT('',(3.7592,-4.5593,-34.45129));
#10921 = DIRECTION('',(0.,0.,1.));
#10922 = DIRECTION('',(0.,1.,0.));
#10923 = ADVANCED_FACE('',(#10924),#10928,.F.);
#10924 = FACE_BOUND('',#10925,.F.);
#10925 = EDGE_LOOP('',(#10926,#10927));
#10926 = ORIENTED_EDGE('',*,*,#10910,.F.);
#10927 = ORIENTED_EDGE('',*,*,#10885,.T.);
#10928 = PLANE('',#10929);
#10929 = AXIS2_PLACEMENT_3D('',#10930,#10931,#10932);
#10930 = CARTESIAN_POINT('',(3.7592,-4.5593,-33.4518));
#10931 = DIRECTION('',(0.,0.,1.));
#10932 = DIRECTION('',(0.,1.,0.));
#10933 = ADVANCED_FACE('',(#10934),#10994,.T.);
#10934 = FACE_BOUND('',#10935,.T.);
#10935 = EDGE_LOOP('',(#10936,#10961,#10970,#10993));
#10936 = ORIENTED_EDGE('',*,*,#10937,.T.);
#10937 = EDGE_CURVE('',#2654,#10938,#10940,.T.);
#10938 = VERTEX_POINT('',#10939);
#10939 = CARTESIAN_POINT('',(14.732,2.953835445654,-14.097));
#10940 = B_SPLINE_CURVE_WITH_KNOTS('',3,(#10941,#10942,#10943,#10944,
    #10945,#10946,#10947,#10948,#10949,#10950,#10951,#10952,#10953,
    #10954,#10955,#10956,#10957,#10958,#10959,#10960),.UNSPECIFIED.,.F.,
  .F.,(4,1,1,1,1,1,1,1,1,1,1,1,1,1,1,1,1,4),(0.,5.882352941176E-02,
    0.117647058824,0.176470588235,0.235294117647,0.294117647059,
    0.352941176471,0.411764705882,0.470588235294,0.529411764706,
    0.588235294118,0.647058823529,0.705882352941,0.764705882353,
    0.823529411765,0.882352941176,0.941176470588,1.),.UNSPECIFIED.);
#10941 = CARTESIAN_POINT('',(15.494,3.538175326351,-14.859));
#10942 = CARTESIAN_POINT('',(15.494,3.538180322027,-14.83810494868));
#10943 = CARTESIAN_POINT('',(15.49228249385,3.536965020681,
    -14.79621696976));
#10944 = CARTESIAN_POINT('',(15.48447155788,3.531468486279,
    -14.73344853366));
#10945 = CARTESIAN_POINT('',(15.47146535606,3.522291482366,
    -14.6714037166));
#10946 = CARTESIAN_POINT('',(15.45306554604,3.509269153261,
    -14.60981834629));
#10947 = CARTESIAN_POINT('',(15.4294011027,3.492449385652,
    -14.54965919741));
#10948 = CARTESIAN_POINT('',(15.40011256135,3.471520015998,
    -14.49056220495));
#10949 = CARTESIAN_POINT('',(15.3651936755,3.446401145994,
    -14.43328811216));
#10950 = CARTESIAN_POINT('',(15.3246762669,3.417024434847,
    -14.37841157564));
#10951 = CARTESIAN_POINT('',(15.27829052851,3.383080285304,
    -14.32620805047));
#10952 = CARTESIAN_POINT('',(15.22629723845,3.344623430642,
    -14.27758969247));
#10953 = CARTESIAN_POINT('',(15.16867998212,3.301484719709,
    -14.23309106886));
#10954 = CARTESIAN_POINT('',(15.10558459798,3.253588235265,
    -14.19344053287));
#10955 = CARTESIAN_POINT('',(15.03733935647,3.200977606932,
    -14.15942964557));
#10956 = CARTESIAN_POINT('',(14.96429320436,3.143684253732,
    -14.13185109475));
#10957 = CARTESIAN_POINT('',(14.8879274631,3.082656632672,
    -14.11172551367));
#10958 = CARTESIAN_POINT('',(14.80981150991,3.018893180065,
    -14.09962685384));
#10959 = CARTESIAN_POINT('',(14.75786345781,2.975698836963,-14.097));
#10960 = CARTESIAN_POINT('',(14.732,2.953835445654,-14.097));
#10961 = ORIENTED_EDGE('',*,*,#10962,.F.);
#10962 = EDGE_CURVE('',#10963,#10938,#10965,.T.);
#10963 = VERTEX_POINT('',#10964);
#10964 = CARTESIAN_POINT('',(14.732,-2.953835445654,-14.097));
#10965 = CIRCLE('',#10966,2.9972);
#10966 = AXIS2_PLACEMENT_3D('',#10967,#10968,#10969);
#10967 = CARTESIAN_POINT('',(14.224,0.,-14.097));
#10968 = DIRECTION('',(0.,0.,1.));
#10969 = DIRECTION('',(0.169491525424,-0.985531644753,0.));
#10970 = ORIENTED_EDGE('',*,*,#10971,.T.);
#10971 = EDGE_CURVE('',#10963,#2656,#10972,.T.);
#10972 = B_SPLINE_CURVE_WITH_KNOTS('',3,(#10973,#10974,#10975,#10976,
    #10977,#10978,#10979,#10980,#10981,#10982,#10983,#10984,#10985,
    #10986,#10987,#10988,#10989,#10990,#10991,#10992),.UNSPECIFIED.,.F.,
  .F.,(4,1,1,1,1,1,1,1,1,1,1,1,1,1,1,1,1,4),(0.,5.882352941176E-02,
    0.117647058824,0.176470588235,0.235294117647,0.294117647059,
    0.352941176471,0.411764705882,0.470588235294,0.529411764706,
    0.588235294118,0.647058823529,0.705882352941,0.764705882353,
    0.823529411765,0.882352941176,0.941176470588,1.),.UNSPECIFIED.);
#10973 = CARTESIAN_POINT('',(14.732,-2.953835445654,-14.097));
#10974 = CARTESIAN_POINT('',(14.75786345781,-2.975698836963,-14.097));
#10975 = CARTESIAN_POINT('',(14.80981150991,-3.018893180065,
    -14.09962685384));
#10976 = CARTESIAN_POINT('',(14.8879274631,-3.08265663267,
    -14.11172551367));
#10977 = CARTESIAN_POINT('',(14.96429320436,-3.143684253729,
    -14.13185109475));
#10978 = CARTESIAN_POINT('',(15.03733935647,-3.200977606929,
    -14.15942964557));
#10979 = CARTESIAN_POINT('',(15.10558459798,-3.253588235262,
    -14.19344053286));
#10980 = CARTESIAN_POINT('',(15.16867998212,-3.301484719707,
    -14.23309106886));
#10981 = CARTESIAN_POINT('',(15.22629723845,-3.344623430641,
    -14.27758969247));
#10982 = CARTESIAN_POINT('',(15.27829052851,-3.383080285303,
    -14.32620805047));
#10983 = CARTESIAN_POINT('',(15.3246762669,-3.417024434846,
    -14.37841157564));
#10984 = CARTESIAN_POINT('',(15.3651936755,-3.446401145993,
    -14.43328811216));
#10985 = CARTESIAN_POINT('',(15.40011256135,-3.471520015998,
    -14.49056220495));
#10986 = CARTESIAN_POINT('',(15.4294011027,-3.492449385651,
    -14.54965919741));
#10987 = CARTESIAN_POINT('',(15.45306554604,-3.509269153261,
    -14.60981834629));
#10988 = CARTESIAN_POINT('',(15.47146535606,-3.522291482366,
    -14.6714037166));
#10989 = CARTESIAN_POINT('',(15.48447155788,-3.531468486279,
    -14.73344853366));
#10990 = CARTESIAN_POINT('',(15.49228249385,-3.536965020681,
    -14.79621696976));
#10991 = CARTESIAN_POINT('',(15.494,-3.538180322027,-14.83810494868));
#10992 = CARTESIAN_POINT('',(15.494,-3.538175326351,-14.859));
#10993 = ORIENTED_EDGE('',*,*,#2653,.F.);
#10994 = TOROIDAL_SURFACE('',#10995,2.9972,0.762);
#10995 = AXIS2_PLACEMENT_3D('',#10996,#10997,#10998);
#10996 = CARTESIAN_POINT('',(14.224,0.,-14.859));
#10997 = DIRECTION('',(0.,0.,1.));
#10998 = DIRECTION('',(-1.,0.,0.));
#10999 = ADVANCED_FACE('',(#11000),#11060,.T.);
#11000 = FACE_BOUND('',#11001,.T.);
#11001 = EDGE_LOOP('',(#11002,#11027,#11028,#11053));
#11002 = ORIENTED_EDGE('',*,*,#11003,.T.);
#11003 = EDGE_CURVE('',#11004,#2834,#11006,.T.);
#11004 = VERTEX_POINT('',#11005);
#11005 = CARTESIAN_POINT('',(13.716,2.953835445654,-14.097));
#11006 = B_SPLINE_CURVE_WITH_KNOTS('',3,(#11007,#11008,#11009,#11010,
    #11011,#11012,#11013,#11014,#11015,#11016,#11017,#11018,#11019,
    #11020,#11021,#11022,#11023,#11024,#11025,#11026),.UNSPECIFIED.,.F.,
  .F.,(4,1,1,1,1,1,1,1,1,1,1,1,1,1,1,1,1,4),(0.,5.882352941176E-02,
    0.117647058824,0.176470588235,0.235294117647,0.294117647059,
    0.352941176471,0.411764705882,0.470588235294,0.529411764706,
    0.588235294118,0.647058823529,0.705882352941,0.764705882353,
    0.823529411765,0.882352941176,0.941176470588,1.),.UNSPECIFIED.);
#11007 = CARTESIAN_POINT('',(13.716,2.953835445654,-14.097));
#11008 = CARTESIAN_POINT('',(13.69015318774,2.975684963449,-14.097));
#11009 = CARTESIAN_POINT('',(13.63822991231,3.01885884954,
    -14.09962328791));
#11010 = CARTESIAN_POINT('',(13.56011781271,3.082620129677,
    -14.11171589746));
#11011 = CARTESIAN_POINT('',(13.48374483419,3.143654162311,
    -14.13183876814));
#11012 = CARTESIAN_POINT('',(13.41069474359,3.200951110636,
    -14.15941466088));
#11013 = CARTESIAN_POINT('',(13.34244511707,3.253565514809,
    -14.19342379485));
#11014 = CARTESIAN_POINT('',(13.27934854348,3.301463215669,
    -14.23307123168));
#11015 = CARTESIAN_POINT('',(13.22172957066,3.344603489678,
    -14.27756683871));
#11016 = CARTESIAN_POINT('',(13.16973145723,3.383064123373,
    -14.32618529256));
#11017 = CARTESIAN_POINT('',(13.12334124102,3.417011687519,
    -14.37838993581));
#11018 = CARTESIAN_POINT('',(13.08282154327,3.446390161342,
    -14.43326528327));
#11019 = CARTESIAN_POINT('',(13.04789769874,3.471512665238,
    -14.49054339029));
#11020 = CARTESIAN_POINT('',(13.01860711906,3.492443528955,
    -14.54964042935));
#11021 = CARTESIAN_POINT('',(12.99493871026,3.509266137944,
    -14.60980544954));
#11022 = CARTESIAN_POINT('',(12.97653700014,3.522289817265,
    -14.67139421881));
#11023 = CARTESIAN_POINT('',(12.96352958927,3.531467680986,
    -14.73344102059));
#11024 = CARTESIAN_POINT('',(12.95571760381,3.536964942123,
    -14.79621432125));
#11025 = CARTESIAN_POINT('',(12.954,3.538180343488,-14.83810412885));
#11026 = CARTESIAN_POINT('',(12.954,3.538175326351,-14.859));
#11027 = ORIENTED_EDGE('',*,*,#2831,.F.);
#11028 = ORIENTED_EDGE('',*,*,#11029,.T.);
#11029 = EDGE_CURVE('',#2832,#11030,#11032,.T.);
#11030 = VERTEX_POINT('',#11031);
#11031 = CARTESIAN_POINT('',(13.716,-2.953835445654,-14.097));
#11032 = B_SPLINE_CURVE_WITH_KNOTS('',3,(#11033,#11034,#11035,#11036,
    #11037,#11038,#11039,#11040,#11041,#11042,#11043,#11044,#11045,
    #11046,#11047,#11048,#11049,#11050,#11051,#11052),.UNSPECIFIED.,.F.,
  .F.,(4,1,1,1,1,1,1,1,1,1,1,1,1,1,1,1,1,4),(0.,5.882352941176E-02,
    0.117647058824,0.176470588235,0.235294117647,0.294117647059,
    0.352941176471,0.411764705882,0.470588235294,0.529411764706,
    0.588235294118,0.647058823529,0.705882352941,0.764705882353,
    0.823529411765,0.882352941176,0.941176470588,1.),.UNSPECIFIED.);
#11033 = CARTESIAN_POINT('',(12.954,-3.538175326351,-14.859));
#11034 = CARTESIAN_POINT('',(12.954,-3.538180343488,-14.83810412885));
#11035 = CARTESIAN_POINT('',(12.95571760381,-3.536964942123,
    -14.79621432125));
#11036 = CARTESIAN_POINT('',(12.96352958927,-3.531467680986,
    -14.73344102059));
#11037 = CARTESIAN_POINT('',(12.97653700014,-3.522289817265,
    -14.67139421881));
#11038 = CARTESIAN_POINT('',(12.99493871026,-3.509266137943,
    -14.60980544953));
#11039 = CARTESIAN_POINT('',(13.01860711906,-3.492443528953,
    -14.54964042934));
#11040 = CARTESIAN_POINT('',(13.04789769874,-3.471512665235,
    -14.49054339029));
#11041 = CARTESIAN_POINT('',(13.08282154327,-3.446390161338,
    -14.43326528326));
#11042 = CARTESIAN_POINT('',(13.12334124102,-3.417011687515,
    -14.3783899358));
#11043 = CARTESIAN_POINT('',(13.16973145724,-3.383064123368,
    -14.32618529255));
#11044 = CARTESIAN_POINT('',(13.22172957067,-3.344603489671,
    -14.2775668387));
#11045 = CARTESIAN_POINT('',(13.27934854349,-3.301463215661,
    -14.23307123167));
#11046 = CARTESIAN_POINT('',(13.34244511708,-3.253565514799,
    -14.19342379484));
#11047 = CARTESIAN_POINT('',(13.41069474361,-3.200951110624,
    -14.15941466087));
#11048 = CARTESIAN_POINT('',(13.4837448342,-3.143654162298,
    -14.13183876814));
#11049 = CARTESIAN_POINT('',(13.56011781273,-3.082620129664,
    -14.11171589745));
#11050 = CARTESIAN_POINT('',(13.63822991232,-3.018858849531,
    -14.09962328791));
#11051 = CARTESIAN_POINT('',(13.69015318774,-2.975684963446,-14.097));
#11052 = CARTESIAN_POINT('',(13.716,-2.953835445654,-14.097));
#11053 = ORIENTED_EDGE('',*,*,#11054,.F.);
#11054 = EDGE_CURVE('',#11004,#11030,#11055,.T.);
#11055 = CIRCLE('',#11056,2.9972);
#11056 = AXIS2_PLACEMENT_3D('',#11057,#11058,#11059);
#11057 = CARTESIAN_POINT('',(14.224,0.,-14.097));
#11058 = DIRECTION('',(0.,0.,1.));
#11059 = DIRECTION('',(-0.169491525424,0.985531644753,0.));
#11060 = TOROIDAL_SURFACE('',#11061,2.9972,0.762);
#11061 = AXIS2_PLACEMENT_3D('',#11062,#11063,#11064);
#11062 = CARTESIAN_POINT('',(14.224,0.,-14.859));
#11063 = DIRECTION('',(0.,0.,1.));
#11064 = DIRECTION('',(-1.,0.,0.));
#11065 = ADVANCED_FACE('',(#11066),#11085,.T.);
#11066 = FACE_BOUND('',#11067,.T.);
#11067 = EDGE_LOOP('',(#11068,#11069,#11078,#11084));
#11068 = ORIENTED_EDGE('',*,*,#2664,.F.);
#11069 = ORIENTED_EDGE('',*,*,#11070,.T.);
#11070 = EDGE_CURVE('',#2665,#11071,#11073,.T.);
#11071 = VERTEX_POINT('',#11072);
#11072 = CARTESIAN_POINT('',(14.732,4.08559,-14.097));
#11073 = CIRCLE('',#11074,0.762);
#11074 = AXIS2_PLACEMENT_3D('',#11075,#11076,#11077);
#11075 = CARTESIAN_POINT('',(14.732,4.08559,-14.859));
#11076 = DIRECTION('',(0.,-1.,0.));
#11077 = DIRECTION('',(1.,0.,0.));
#11078 = ORIENTED_EDGE('',*,*,#11079,.T.);
#11079 = EDGE_CURVE('',#11071,#10938,#11080,.T.);
#11080 = LINE('',#11081,#11082);
#11081 = CARTESIAN_POINT('',(14.732,4.08559,-14.097));
#11082 = VECTOR('',#11083,1.);
#11083 = DIRECTION('',(0.,-1.,0.));
#11084 = ORIENTED_EDGE('',*,*,#10937,.F.);
#11085 = CYLINDRICAL_SURFACE('',#11086,0.762);
#11086 = AXIS2_PLACEMENT_3D('',#11087,#11088,#11089);
#11087 = CARTESIAN_POINT('',(14.732,4.08559,-14.859));
#11088 = DIRECTION('',(0.,-1.,0.));
#11089 = DIRECTION('',(1.,0.,0.));
#11090 = ADVANCED_FACE('',(#11091),#11110,.T.);
#11091 = FACE_BOUND('',#11092,.T.);
#11092 = EDGE_LOOP('',(#11093,#11101,#11108,#11109));
#11093 = ORIENTED_EDGE('',*,*,#11094,.T.);
#11094 = EDGE_CURVE('',#10963,#11095,#11097,.T.);
#11095 = VERTEX_POINT('',#11096);
#11096 = CARTESIAN_POINT('',(14.732,-4.08559,-14.097));
#11097 = LINE('',#11098,#11099);
#11098 = CARTESIAN_POINT('',(14.732,-2.953835445654,-14.097));
#11099 = VECTOR('',#11100,1.);
#11100 = DIRECTION('',(0.,-1.,0.));
#11101 = ORIENTED_EDGE('',*,*,#11102,.F.);
#11102 = EDGE_CURVE('',#2809,#11095,#11103,.T.);
#11103 = CIRCLE('',#11104,0.762);
#11104 = AXIS2_PLACEMENT_3D('',#11105,#11106,#11107);
#11105 = CARTESIAN_POINT('',(14.732,-4.08559,-14.859));
#11106 = DIRECTION('',(0.,-1.,0.));
#11107 = DIRECTION('',(1.,0.,0.));
#11108 = ORIENTED_EDGE('',*,*,#2817,.F.);
#11109 = ORIENTED_EDGE('',*,*,#10971,.F.);
#11110 = CYLINDRICAL_SURFACE('',#11111,0.762);
#11111 = AXIS2_PLACEMENT_3D('',#11112,#11113,#11114);
#11112 = CARTESIAN_POINT('',(14.732,4.08559,-14.859));
#11113 = DIRECTION('',(0.,-1.,0.));
#11114 = DIRECTION('',(1.,0.,0.));
#11115 = ADVANCED_FACE('',(#11116,#11264,#11426,#11446),#11466,.F.);
#11116 = FACE_BOUND('',#11117,.F.);
#11117 = EDGE_LOOP('',(#11118,#11119,#11120,#11121,#11130,#11138,#11147,
    #11155,#11164,#11172,#11181,#11189,#11198,#11206,#11215,#11223,
    #11232,#11240,#11249,#11257));
#11118 = ORIENTED_EDGE('',*,*,#11079,.T.);
#11119 = ORIENTED_EDGE('',*,*,#10962,.F.);
#11120 = ORIENTED_EDGE('',*,*,#11094,.T.);
#11121 = ORIENTED_EDGE('',*,*,#11122,.T.);
#11122 = EDGE_CURVE('',#11095,#11123,#11125,.T.);
#11123 = VERTEX_POINT('',#11124);
#11124 = CARTESIAN_POINT('',(12.72333830538,-8.934928305377,-14.097));
#11125 = CIRCLE('',#11126,6.858);
#11126 = AXIS2_PLACEMENT_3D('',#11127,#11128,#11129);
#11127 = CARTESIAN_POINT('',(7.874,-4.08559,-14.097));
#11128 = DIRECTION('',(0.,0.,-1.));
#11129 = DIRECTION('',(1.,0.,0.));
#11130 = ORIENTED_EDGE('',*,*,#11131,.T.);
#11131 = EDGE_CURVE('',#11123,#11132,#11134,.T.);
#11132 = VERTEX_POINT('',#11133);
#11133 = CARTESIAN_POINT('',(9.709628305377,-11.94863830538,-14.097));
#11134 = LINE('',#11135,#11136);
#11135 = CARTESIAN_POINT('',(12.72333830538,-8.934928305377,-14.097));
#11136 = VECTOR('',#11137,1.);
#11137 = DIRECTION('',(-0.707106781187,-0.707106781187,0.));
#11138 = ORIENTED_EDGE('',*,*,#11139,.T.);
#11139 = EDGE_CURVE('',#11132,#11140,#11142,.T.);
#11140 = VERTEX_POINT('',#11141);
#11141 = CARTESIAN_POINT('',(4.86029,-13.9573,-14.097));
#11142 = CIRCLE('',#11143,6.858);
#11143 = AXIS2_PLACEMENT_3D('',#11144,#11145,#11146);
#11144 = CARTESIAN_POINT('',(4.86029,-7.0993,-14.097));
#11145 = DIRECTION('',(0.,0.,-1.));
#11146 = DIRECTION('',(0.707106781186,-0.707106781187,0.));
#11147 = ORIENTED_EDGE('',*,*,#11148,.T.);
#11148 = EDGE_CURVE('',#11140,#11149,#11151,.T.);
#11149 = VERTEX_POINT('',#11150);
#11150 = CARTESIAN_POINT('',(-4.86029,-13.9573,-14.097));
#11151 = LINE('',#11152,#11153);
#11152 = CARTESIAN_POINT('',(4.86029,-13.9573,-14.097));
#11153 = VECTOR('',#11154,1.);
#11154 = DIRECTION('',(-1.,0.,0.));
#11155 = ORIENTED_EDGE('',*,*,#11156,.T.);
#11156 = EDGE_CURVE('',#11149,#11157,#11159,.T.);
#11157 = VERTEX_POINT('',#11158);
#11158 = CARTESIAN_POINT('',(-9.709628305377,-11.94863830538,-14.097));
#11159 = CIRCLE('',#11160,6.858);
#11160 = AXIS2_PLACEMENT_3D('',#11161,#11162,#11163);
#11161 = CARTESIAN_POINT('',(-4.86029,-7.0993,-14.097));
#11162 = DIRECTION('',(0.,0.,-1.));
#11163 = DIRECTION('',(0.,-1.,0.));
#11164 = ORIENTED_EDGE('',*,*,#11165,.T.);
#11165 = EDGE_CURVE('',#11157,#11166,#11168,.T.);
#11166 = VERTEX_POINT('',#11167);
#11167 = CARTESIAN_POINT('',(-12.72333830538,-8.934928305377,-14.097));
#11168 = LINE('',#11169,#11170);
#11169 = CARTESIAN_POINT('',(-9.709628305377,-11.94863830538,-14.097));
#11170 = VECTOR('',#11171,1.);
#11171 = DIRECTION('',(-0.707106781187,0.707106781187,0.));
#11172 = ORIENTED_EDGE('',*,*,#11173,.T.);
#11173 = EDGE_CURVE('',#11166,#11174,#11176,.T.);
#11174 = VERTEX_POINT('',#11175);
#11175 = CARTESIAN_POINT('',(-14.732,-4.08559,-14.097));
#11176 = CIRCLE('',#11177,6.858);
#11177 = AXIS2_PLACEMENT_3D('',#11178,#11179,#11180);
#11178 = CARTESIAN_POINT('',(-7.874,-4.08559,-14.097));
#11179 = DIRECTION('',(0.,0.,-1.));
#11180 = DIRECTION('',(-0.707106781186,-0.707106781187,-0.));
#11181 = ORIENTED_EDGE('',*,*,#11182,.T.);
#11182 = EDGE_CURVE('',#11174,#11183,#11185,.T.);
#11183 = VERTEX_POINT('',#11184);
#11184 = CARTESIAN_POINT('',(-14.732,-2.953835445654,-14.097));
#11185 = LINE('',#11186,#11187);
#11186 = CARTESIAN_POINT('',(-14.732,-4.08559,-14.097));
#11187 = VECTOR('',#11188,1.);
#11188 = DIRECTION('',(0.,1.,0.));
#11189 = ORIENTED_EDGE('',*,*,#11190,.F.);
#11190 = EDGE_CURVE('',#11191,#11183,#11193,.T.);
#11191 = VERTEX_POINT('',#11192);
#11192 = CARTESIAN_POINT('',(-14.732,2.953835445654,-14.097));
#11193 = CIRCLE('',#11194,2.9972);
#11194 = AXIS2_PLACEMENT_3D('',#11195,#11196,#11197);
#11195 = CARTESIAN_POINT('',(-14.224,0.,-14.097));
#11196 = DIRECTION('',(0.,0.,1.));
#11197 = DIRECTION('',(-0.169491525424,0.985531644753,0.));
#11198 = ORIENTED_EDGE('',*,*,#11199,.T.);
#11199 = EDGE_CURVE('',#11191,#11200,#11202,.T.);
#11200 = VERTEX_POINT('',#11201);
#11201 = CARTESIAN_POINT('',(-14.732,4.08559,-14.097));
#11202 = LINE('',#11203,#11204);
#11203 = CARTESIAN_POINT('',(-14.732,2.953835445654,-14.097));
#11204 = VECTOR('',#11205,1.);
#11205 = DIRECTION('',(0.,1.,0.));
#11206 = ORIENTED_EDGE('',*,*,#11207,.T.);
#11207 = EDGE_CURVE('',#11200,#11208,#11210,.T.);
#11208 = VERTEX_POINT('',#11209);
#11209 = CARTESIAN_POINT('',(-12.72333830538,8.934928305377,-14.097));
#11210 = CIRCLE('',#11211,6.858);
#11211 = AXIS2_PLACEMENT_3D('',#11212,#11213,#11214);
#11212 = CARTESIAN_POINT('',(-7.874,4.08559,-14.097));
#11213 = DIRECTION('',(0.,0.,-1.));
#11214 = DIRECTION('',(-1.,0.,0.));
#11215 = ORIENTED_EDGE('',*,*,#11216,.T.);
#11216 = EDGE_CURVE('',#11208,#11217,#11219,.T.);
#11217 = VERTEX_POINT('',#11218);
#11218 = CARTESIAN_POINT('',(-9.709628305377,11.94863830538,-14.097));
#11219 = LINE('',#11220,#11221);
#11220 = CARTESIAN_POINT('',(-12.72333830538,8.934928305377,-14.097));
#11221 = VECTOR('',#11222,1.);
#11222 = DIRECTION('',(0.707106781187,0.707106781187,0.));
#11223 = ORIENTED_EDGE('',*,*,#11224,.T.);
#11224 = EDGE_CURVE('',#11217,#11225,#11227,.T.);
#11225 = VERTEX_POINT('',#11226);
#11226 = CARTESIAN_POINT('',(-4.86029,13.9573,-14.097));
#11227 = CIRCLE('',#11228,6.858);
#11228 = AXIS2_PLACEMENT_3D('',#11229,#11230,#11231);
#11229 = CARTESIAN_POINT('',(-4.86029,7.0993,-14.097));
#11230 = DIRECTION('',(0.,0.,-1.));
#11231 = DIRECTION('',(-0.707106781187,0.707106781186,0.));
#11232 = ORIENTED_EDGE('',*,*,#11233,.T.);
#11233 = EDGE_CURVE('',#11225,#11234,#11236,.T.);
#11234 = VERTEX_POINT('',#11235);
#11235 = CARTESIAN_POINT('',(4.86029,13.9573,-14.097));
#11236 = LINE('',#11237,#11238);
#11237 = CARTESIAN_POINT('',(-4.86029,13.9573,-14.097));
#11238 = VECTOR('',#11239,1.);
#11239 = DIRECTION('',(1.,0.,0.));
#11240 = ORIENTED_EDGE('',*,*,#11241,.T.);
#11241 = EDGE_CURVE('',#11234,#11242,#11244,.T.);
#11242 = VERTEX_POINT('',#11243);
#11243 = CARTESIAN_POINT('',(9.709628305377,11.94863830538,-14.097));
#11244 = CIRCLE('',#11245,6.858);
#11245 = AXIS2_PLACEMENT_3D('',#11246,#11247,#11248);
#11246 = CARTESIAN_POINT('',(4.86029,7.0993,-14.097));
#11247 = DIRECTION('',(0.,0.,-1.));
#11248 = DIRECTION('',(0.,1.,0.));
#11249 = ORIENTED_EDGE('',*,*,#11250,.T.);
#11250 = EDGE_CURVE('',#11242,#11251,#11253,.T.);
#11251 = VERTEX_POINT('',#11252);
#11252 = CARTESIAN_POINT('',(12.72333830538,8.934928305377,-14.097));
#11253 = LINE('',#11254,#11255);
#11254 = CARTESIAN_POINT('',(9.709628305377,11.94863830538,-14.097));
#11255 = VECTOR('',#11256,1.);
#11256 = DIRECTION('',(0.707106781187,-0.707106781187,0.));
#11257 = ORIENTED_EDGE('',*,*,#11258,.T.);
#11258 = EDGE_CURVE('',#11251,#11071,#11259,.T.);
#11259 = CIRCLE('',#11260,6.858);
#11260 = AXIS2_PLACEMENT_3D('',#11261,#11262,#11263);
#11261 = CARTESIAN_POINT('',(7.874,4.08559,-14.097));
#11262 = DIRECTION('',(0.,0.,-1.));
#11263 = DIRECTION('',(0.707106781186,0.707106781187,0.));
#11264 = FACE_BOUND('',#11265,.F.);
#11265 = EDGE_LOOP('',(#11266,#11274,#11275,#11283,#11292,#11300,#11309,
    #11317,#11326,#11334,#11343,#11351,#11360,#11368,#11377,#11385,
    #11394,#11402,#11411,#11419));
#11266 = ORIENTED_EDGE('',*,*,#11267,.F.);
#11267 = EDGE_CURVE('',#11030,#11268,#11270,.T.);
#11268 = VERTEX_POINT('',#11269);
#11269 = CARTESIAN_POINT('',(13.716,-4.08559,-14.097));
#11270 = LINE('',#11271,#11272);
#11271 = CARTESIAN_POINT('',(13.716,-2.953835445654,-14.097));
#11272 = VECTOR('',#11273,1.);
#11273 = DIRECTION('',(0.,-1.,0.));
#11274 = ORIENTED_EDGE('',*,*,#11054,.F.);
#11275 = ORIENTED_EDGE('',*,*,#11276,.F.);
#11276 = EDGE_CURVE('',#11277,#11004,#11279,.T.);
#11277 = VERTEX_POINT('',#11278);
#11278 = CARTESIAN_POINT('',(13.716,4.08559,-14.097));
#11279 = LINE('',#11280,#11281);
#11280 = CARTESIAN_POINT('',(13.716,4.08559,-14.097));
#11281 = VECTOR('',#11282,1.);
#11282 = DIRECTION('',(0.,-1.,0.));
#11283 = ORIENTED_EDGE('',*,*,#11284,.F.);
#11284 = EDGE_CURVE('',#11285,#11277,#11287,.T.);
#11285 = VERTEX_POINT('',#11286);
#11286 = CARTESIAN_POINT('',(12.00491781569,8.216507815692,-14.097));
#11287 = CIRCLE('',#11288,5.842);
#11288 = AXIS2_PLACEMENT_3D('',#11289,#11290,#11291);
#11289 = CARTESIAN_POINT('',(7.874,4.08559,-14.097));
#11290 = DIRECTION('',(0.,0.,-1.));
#11291 = DIRECTION('',(0.707106781187,0.707106781186,0.));
#11292 = ORIENTED_EDGE('',*,*,#11293,.F.);
#11293 = EDGE_CURVE('',#11294,#11285,#11296,.T.);
#11294 = VERTEX_POINT('',#11295);
#11295 = CARTESIAN_POINT('',(8.991207815692,11.23021781569,-14.097));
#11296 = LINE('',#11297,#11298);
#11297 = CARTESIAN_POINT('',(8.991207815692,11.23021781569,-14.097));
#11298 = VECTOR('',#11299,1.);
#11299 = DIRECTION('',(0.707106781187,-0.707106781187,0.));
#11300 = ORIENTED_EDGE('',*,*,#11301,.F.);
#11301 = EDGE_CURVE('',#11302,#11294,#11304,.T.);
#11302 = VERTEX_POINT('',#11303);
#11303 = CARTESIAN_POINT('',(4.86029,12.9413,-14.097));
#11304 = CIRCLE('',#11305,5.842);
#11305 = AXIS2_PLACEMENT_3D('',#11306,#11307,#11308);
#11306 = CARTESIAN_POINT('',(4.86029,7.0993,-14.097));
#11307 = DIRECTION('',(0.,0.,-1.));
#11308 = DIRECTION('',(-1.839602683734E-14,1.,0.));
#11309 = ORIENTED_EDGE('',*,*,#11310,.F.);
#11310 = EDGE_CURVE('',#11311,#11302,#11313,.T.);
#11311 = VERTEX_POINT('',#11312);
#11312 = CARTESIAN_POINT('',(-4.86029,12.9413,-14.097));
#11313 = LINE('',#11314,#11315);
#11314 = CARTESIAN_POINT('',(-4.86029,12.9413,-14.097));
#11315 = VECTOR('',#11316,1.);
#11316 = DIRECTION('',(1.,0.,0.));
#11317 = ORIENTED_EDGE('',*,*,#11318,.F.);
#11318 = EDGE_CURVE('',#11319,#11311,#11321,.T.);
#11319 = VERTEX_POINT('',#11320);
#11320 = CARTESIAN_POINT('',(-8.991207815692,11.23021781569,-14.097));
#11321 = CIRCLE('',#11322,5.842);
#11322 = AXIS2_PLACEMENT_3D('',#11323,#11324,#11325);
#11323 = CARTESIAN_POINT('',(-4.86029,7.0993,-14.097));
#11324 = DIRECTION('',(0.,0.,-1.));
#11325 = DIRECTION('',(-0.707106781187,0.707106781186,0.));
#11326 = ORIENTED_EDGE('',*,*,#11327,.F.);
#11327 = EDGE_CURVE('',#11328,#11319,#11330,.T.);
#11328 = VERTEX_POINT('',#11329);
#11329 = CARTESIAN_POINT('',(-12.00491781569,8.216507815692,-14.097));
#11330 = LINE('',#11331,#11332);
#11331 = CARTESIAN_POINT('',(-12.00491781569,8.216507815692,-14.097));
#11332 = VECTOR('',#11333,1.);
#11333 = DIRECTION('',(0.707106781187,0.707106781187,0.));
#11334 = ORIENTED_EDGE('',*,*,#11335,.F.);
#11335 = EDGE_CURVE('',#11336,#11328,#11338,.T.);
#11336 = VERTEX_POINT('',#11337);
#11337 = CARTESIAN_POINT('',(-13.716,4.08559,-14.097));
#11338 = CIRCLE('',#11339,5.842);
#11339 = AXIS2_PLACEMENT_3D('',#11340,#11341,#11342);
#11340 = CARTESIAN_POINT('',(-7.874,4.08559,-14.097));
#11341 = DIRECTION('',(0.,0.,-1.));
#11342 = DIRECTION('',(-1.,0.,0.));
#11343 = ORIENTED_EDGE('',*,*,#11344,.F.);
#11344 = EDGE_CURVE('',#11345,#11336,#11347,.T.);
#11345 = VERTEX_POINT('',#11346);
#11346 = CARTESIAN_POINT('',(-13.716,2.953835445654,-14.097));
#11347 = LINE('',#11348,#11349);
#11348 = CARTESIAN_POINT('',(-13.716,2.953835445654,-14.097));
#11349 = VECTOR('',#11350,1.);
#11350 = DIRECTION('',(0.,1.,0.));
#11351 = ORIENTED_EDGE('',*,*,#11352,.F.);
#11352 = EDGE_CURVE('',#11353,#11345,#11355,.T.);
#11353 = VERTEX_POINT('',#11354);
#11354 = CARTESIAN_POINT('',(-13.716,-2.953835445654,-14.097));
#11355 = CIRCLE('',#11356,2.9972);
#11356 = AXIS2_PLACEMENT_3D('',#11357,#11358,#11359);
#11357 = CARTESIAN_POINT('',(-14.224,0.,-14.097));
#11358 = DIRECTION('',(0.,0.,1.));
#11359 = DIRECTION('',(0.169491525424,-0.985531644753,0.));
#11360 = ORIENTED_EDGE('',*,*,#11361,.F.);
#11361 = EDGE_CURVE('',#11362,#11353,#11364,.T.);
#11362 = VERTEX_POINT('',#11363);
#11363 = CARTESIAN_POINT('',(-13.716,-4.08559,-14.097));
#11364 = LINE('',#11365,#11366);
#11365 = CARTESIAN_POINT('',(-13.716,-4.08559,-14.097));
#11366 = VECTOR('',#11367,1.);
#11367 = DIRECTION('',(0.,1.,0.));
#11368 = ORIENTED_EDGE('',*,*,#11369,.F.);
#11369 = EDGE_CURVE('',#11370,#11362,#11372,.T.);
#11370 = VERTEX_POINT('',#11371);
#11371 = CARTESIAN_POINT('',(-12.00491781569,-8.216507815692,-14.097));
#11372 = CIRCLE('',#11373,5.842);
#11373 = AXIS2_PLACEMENT_3D('',#11374,#11375,#11376);
#11374 = CARTESIAN_POINT('',(-7.874,-4.08559,-14.097));
#11375 = DIRECTION('',(0.,0.,-1.));
#11376 = DIRECTION('',(-0.707106781187,-0.707106781186,-0.));
#11377 = ORIENTED_EDGE('',*,*,#11378,.F.);
#11378 = EDGE_CURVE('',#11379,#11370,#11381,.T.);
#11379 = VERTEX_POINT('',#11380);
#11380 = CARTESIAN_POINT('',(-8.991207815692,-11.23021781569,-14.097));
#11381 = LINE('',#11382,#11383);
#11382 = CARTESIAN_POINT('',(-8.991207815692,-11.23021781569,-14.097));
#11383 = VECTOR('',#11384,1.);
#11384 = DIRECTION('',(-0.707106781187,0.707106781187,0.));
#11385 = ORIENTED_EDGE('',*,*,#11386,.F.);
#11386 = EDGE_CURVE('',#11387,#11379,#11389,.T.);
#11387 = VERTEX_POINT('',#11388);
#11388 = CARTESIAN_POINT('',(-4.86029,-12.9413,-14.097));
#11389 = CIRCLE('',#11390,5.842);
#11390 = AXIS2_PLACEMENT_3D('',#11391,#11392,#11393);
#11391 = CARTESIAN_POINT('',(-4.86029,-7.0993,-14.097));
#11392 = DIRECTION('',(0.,0.,-1.));
#11393 = DIRECTION('',(1.946025979487E-14,-1.,0.));
#11394 = ORIENTED_EDGE('',*,*,#11395,.F.);
#11395 = EDGE_CURVE('',#11396,#11387,#11398,.T.);
#11396 = VERTEX_POINT('',#11397);
#11397 = CARTESIAN_POINT('',(4.86029,-12.9413,-14.097));
#11398 = LINE('',#11399,#11400);
#11399 = CARTESIAN_POINT('',(4.86029,-12.9413,-14.097));
#11400 = VECTOR('',#11401,1.);
#11401 = DIRECTION('',(-1.,0.,0.));
#11402 = ORIENTED_EDGE('',*,*,#11403,.F.);
#11403 = EDGE_CURVE('',#11404,#11396,#11406,.T.);
#11404 = VERTEX_POINT('',#11405);
#11405 = CARTESIAN_POINT('',(8.991207815692,-11.23021781569,-14.097));
#11406 = CIRCLE('',#11407,5.842);
#11407 = AXIS2_PLACEMENT_3D('',#11408,#11409,#11410);
#11408 = CARTESIAN_POINT('',(4.86029,-7.0993,-14.097));
#11409 = DIRECTION('',(0.,0.,-1.));
#11410 = DIRECTION('',(0.707106781186,-0.707106781187,0.));
#11411 = ORIENTED_EDGE('',*,*,#11412,.F.);
#11412 = EDGE_CURVE('',#11413,#11404,#11415,.T.);
#11413 = VERTEX_POINT('',#11414);
#11414 = CARTESIAN_POINT('',(12.00491781569,-8.216507815692,-14.097));
#11415 = LINE('',#11416,#11417);
#11416 = CARTESIAN_POINT('',(12.00491781569,-8.216507815692,-14.097));
#11417 = VECTOR('',#11418,1.);
#11418 = DIRECTION('',(-0.707106781187,-0.707106781187,0.));
#11419 = ORIENTED_EDGE('',*,*,#11420,.F.);
#11420 = EDGE_CURVE('',#11268,#11413,#11421,.T.);
#11421 = CIRCLE('',#11422,5.842);
#11422 = AXIS2_PLACEMENT_3D('',#11423,#11424,#11425);
#11423 = CARTESIAN_POINT('',(7.874,-4.08559,-14.097));
#11424 = DIRECTION('',(0.,0.,-1.));
#11425 = DIRECTION('',(1.,0.,0.));
#11426 = FACE_BOUND('',#11427,.F.);
#11427 = EDGE_LOOP('',(#11428,#11439));
#11428 = ORIENTED_EDGE('',*,*,#11429,.F.);
#11429 = EDGE_CURVE('',#11430,#11432,#11434,.T.);
#11430 = VERTEX_POINT('',#11431);
#11431 = CARTESIAN_POINT('',(-14.732,-2.553458096387,-14.097));
#11432 = VERTEX_POINT('',#11433);
#11433 = CARTESIAN_POINT('',(-13.716,-2.553458096387,-14.097));
#11434 = CIRCLE('',#11435,2.6035);
#11435 = AXIS2_PLACEMENT_3D('',#11436,#11437,#11438);
#11436 = CARTESIAN_POINT('',(-14.224,0.,-14.097));
#11437 = DIRECTION('',(0.,0.,-1.));
#11438 = DIRECTION('',(-0.195121951218,-0.980778988434,-0.));
#11439 = ORIENTED_EDGE('',*,*,#11440,.F.);
#11440 = EDGE_CURVE('',#11432,#11430,#11441,.T.);
#11441 = CIRCLE('',#11442,2.6035);
#11442 = AXIS2_PLACEMENT_3D('',#11443,#11444,#11445);
#11443 = CARTESIAN_POINT('',(-14.224,0.,-14.097));
#11444 = DIRECTION('',(0.,0.,-1.));
#11445 = DIRECTION('',(0.195121951218,-0.980778988434,0.));
#11446 = FACE_BOUND('',#11447,.F.);
#11447 = EDGE_LOOP('',(#11448,#11459));
#11448 = ORIENTED_EDGE('',*,*,#11449,.F.);
#11449 = EDGE_CURVE('',#11450,#11452,#11454,.T.);
#11450 = VERTEX_POINT('',#11451);
#11451 = CARTESIAN_POINT('',(13.716,-2.553458096387,-14.097));
#11452 = VERTEX_POINT('',#11453);
#11453 = CARTESIAN_POINT('',(14.732,-2.553458096387,-14.097));
#11454 = CIRCLE('',#11455,2.6035);
#11455 = AXIS2_PLACEMENT_3D('',#11456,#11457,#11458);
#11456 = CARTESIAN_POINT('',(14.224,0.,-14.097));
#11457 = DIRECTION('',(0.,0.,-1.));
#11458 = DIRECTION('',(-0.195121951218,-0.980778988434,-0.));
#11459 = ORIENTED_EDGE('',*,*,#11460,.T.);
#11460 = EDGE_CURVE('',#11450,#11452,#11461,.T.);
#11461 = CIRCLE('',#11462,2.6035);
#11462 = AXIS2_PLACEMENT_3D('',#11463,#11464,#11465);
#11463 = CARTESIAN_POINT('',(14.224,0.,-14.097));
#11464 = DIRECTION('',(0.,0.,1.));
#11465 = DIRECTION('',(-0.195121951218,-0.980778988434,0.));
#11466 = PLANE('',#11467);
#11467 = AXIS2_PLACEMENT_3D('',#11468,#11469,#11470);
#11468 = CARTESIAN_POINT('',(-14.224,0.,-14.097));
#11469 = DIRECTION('',(0.,0.,-1.));
#11470 = DIRECTION('',(1.,0.,0.));
#11471 = ADVANCED_FACE('',(#11472),#11484,.T.);
#11472 = FACE_BOUND('',#11473,.T.);
#11473 = EDGE_LOOP('',(#11474,#11475,#11482,#11483));
#11474 = ORIENTED_EDGE('',*,*,#11276,.F.);
#11475 = ORIENTED_EDGE('',*,*,#11476,.T.);
#11476 = EDGE_CURVE('',#11277,#2987,#11477,.T.);
#11477 = CIRCLE('',#11478,0.762);
#11478 = AXIS2_PLACEMENT_3D('',#11479,#11480,#11481);
#11479 = CARTESIAN_POINT('',(13.716,4.08559,-14.859));
#11480 = DIRECTION('',(0.,-1.,0.));
#11481 = DIRECTION('',(0.,0.,1.));
#11482 = ORIENTED_EDGE('',*,*,#2995,.T.);
#11483 = ORIENTED_EDGE('',*,*,#11003,.F.);
#11484 = CYLINDRICAL_SURFACE('',#11485,0.762);
#11485 = AXIS2_PLACEMENT_3D('',#11486,#11487,#11488);
#11486 = CARTESIAN_POINT('',(13.716,4.08559,-14.859));
#11487 = DIRECTION('',(0.,-1.,0.));
#11488 = DIRECTION('',(1.,0.,0.));
#11489 = ADVANCED_FACE('',(#11490),#11502,.T.);
#11490 = FACE_BOUND('',#11491,.T.);
#11491 = EDGE_LOOP('',(#11492,#11493,#11500,#11501));
#11492 = ORIENTED_EDGE('',*,*,#2842,.T.);
#11493 = ORIENTED_EDGE('',*,*,#11494,.F.);
#11494 = EDGE_CURVE('',#11268,#2843,#11495,.T.);
#11495 = CIRCLE('',#11496,0.762);
#11496 = AXIS2_PLACEMENT_3D('',#11497,#11498,#11499);
#11497 = CARTESIAN_POINT('',(13.716,-4.08559,-14.859));
#11498 = DIRECTION('',(0.,-1.,0.));
#11499 = DIRECTION('',(0.,0.,1.));
#11500 = ORIENTED_EDGE('',*,*,#11267,.F.);
#11501 = ORIENTED_EDGE('',*,*,#11029,.F.);
#11502 = CYLINDRICAL_SURFACE('',#11503,0.762);
#11503 = AXIS2_PLACEMENT_3D('',#11504,#11505,#11506);
#11504 = CARTESIAN_POINT('',(13.716,4.08559,-14.859));
#11505 = DIRECTION('',(0.,-1.,0.));
#11506 = DIRECTION('',(1.,0.,0.));
#11507 = ADVANCED_FACE('',(#11508),#11520,.T.);
#11508 = FACE_BOUND('',#11509,.T.);
#11509 = EDGE_LOOP('',(#11510,#11511,#11512,#11519));
#11510 = ORIENTED_EDGE('',*,*,#11476,.F.);
#11511 = ORIENTED_EDGE('',*,*,#11284,.F.);
#11512 = ORIENTED_EDGE('',*,*,#11513,.T.);
#11513 = EDGE_CURVE('',#11285,#2979,#11514,.T.);
#11514 = CIRCLE('',#11515,0.762);
#11515 = AXIS2_PLACEMENT_3D('',#11516,#11517,#11518);
#11516 = CARTESIAN_POINT('',(12.00491781569,8.216507815692,-14.859));
#11517 = DIRECTION('',(0.707106781187,-0.707106781187,0.));
#11518 = DIRECTION('',(0.,0.,1.));
#11519 = ORIENTED_EDGE('',*,*,#2986,.T.);
#11520 = TOROIDAL_SURFACE('',#11521,5.842,0.762);
#11521 = AXIS2_PLACEMENT_3D('',#11522,#11523,#11524);
#11522 = CARTESIAN_POINT('',(7.874,4.08559,-14.859));
#11523 = DIRECTION('',(0.,0.,-1.));
#11524 = DIRECTION('',(-0.707106781187,-0.707106781187,-0.));
#11525 = ADVANCED_FACE('',(#11526),#11538,.T.);
#11526 = FACE_BOUND('',#11527,.T.);
#11527 = EDGE_LOOP('',(#11528,#11529,#11530,#11537));
#11528 = ORIENTED_EDGE('',*,*,#11513,.F.);
#11529 = ORIENTED_EDGE('',*,*,#11293,.F.);
#11530 = ORIENTED_EDGE('',*,*,#11531,.T.);
#11531 = EDGE_CURVE('',#11294,#2970,#11532,.T.);
#11532 = CIRCLE('',#11533,0.762);
#11533 = AXIS2_PLACEMENT_3D('',#11534,#11535,#11536);
#11534 = CARTESIAN_POINT('',(8.991207815692,11.23021781569,-14.859));
#11535 = DIRECTION('',(0.707106781187,-0.707106781187,0.));
#11536 = DIRECTION('',(0.,0.,1.));
#11537 = ORIENTED_EDGE('',*,*,#2978,.T.);
#11538 = CYLINDRICAL_SURFACE('',#11539,0.762);
#11539 = AXIS2_PLACEMENT_3D('',#11540,#11541,#11542);
#11540 = CARTESIAN_POINT('',(8.991207815692,11.23021781569,-14.859));
#11541 = DIRECTION('',(0.707106781187,-0.707106781187,0.));
#11542 = DIRECTION('',(0.707106781187,0.707106781187,0.));
#11543 = ADVANCED_FACE('',(#11544),#11556,.T.);
#11544 = FACE_BOUND('',#11545,.T.);
#11545 = EDGE_LOOP('',(#11546,#11547,#11548,#11555));
#11546 = ORIENTED_EDGE('',*,*,#11531,.F.);
#11547 = ORIENTED_EDGE('',*,*,#11301,.F.);
#11548 = ORIENTED_EDGE('',*,*,#11549,.T.);
#11549 = EDGE_CURVE('',#11302,#2962,#11550,.T.);
#11550 = CIRCLE('',#11551,0.762);
#11551 = AXIS2_PLACEMENT_3D('',#11552,#11553,#11554);
#11552 = CARTESIAN_POINT('',(4.86029,12.9413,-14.859));
#11553 = DIRECTION('',(1.,0.,-0.));
#11554 = DIRECTION('',(0.,0.,1.));
#11555 = ORIENTED_EDGE('',*,*,#2969,.T.);
#11556 = TOROIDAL_SURFACE('',#11557,5.842,0.762);
#11557 = AXIS2_PLACEMENT_3D('',#11558,#11559,#11560);
#11558 = CARTESIAN_POINT('',(4.86029,7.0993,-14.859));
#11559 = DIRECTION('',(0.,0.,-1.));
#11560 = DIRECTION('',(0.,-1.,0.));
#11561 = ADVANCED_FACE('',(#11562),#11574,.T.);
#11562 = FACE_BOUND('',#11563,.T.);
#11563 = EDGE_LOOP('',(#11564,#11565,#11566,#11573));
#11564 = ORIENTED_EDGE('',*,*,#11549,.F.);
#11565 = ORIENTED_EDGE('',*,*,#11310,.F.);
#11566 = ORIENTED_EDGE('',*,*,#11567,.T.);
#11567 = EDGE_CURVE('',#11311,#2953,#11568,.T.);
#11568 = CIRCLE('',#11569,0.762);
#11569 = AXIS2_PLACEMENT_3D('',#11570,#11571,#11572);
#11570 = CARTESIAN_POINT('',(-4.86029,12.9413,-14.859));
#11571 = DIRECTION('',(1.,0.,-0.));
#11572 = DIRECTION('',(0.,0.,1.));
#11573 = ORIENTED_EDGE('',*,*,#2961,.T.);
#11574 = CYLINDRICAL_SURFACE('',#11575,0.762);
#11575 = AXIS2_PLACEMENT_3D('',#11576,#11577,#11578);
#11576 = CARTESIAN_POINT('',(-4.86029,12.9413,-14.859));
#11577 = DIRECTION('',(1.,0.,0.));
#11578 = DIRECTION('',(-0.,1.,0.));
#11579 = ADVANCED_FACE('',(#11580),#11592,.T.);
#11580 = FACE_BOUND('',#11581,.T.);
#11581 = EDGE_LOOP('',(#11582,#11583,#11584,#11591));
#11582 = ORIENTED_EDGE('',*,*,#11567,.F.);
#11583 = ORIENTED_EDGE('',*,*,#11318,.F.);
#11584 = ORIENTED_EDGE('',*,*,#11585,.T.);
#11585 = EDGE_CURVE('',#11319,#2945,#11586,.T.);
#11586 = CIRCLE('',#11587,0.762);
#11587 = AXIS2_PLACEMENT_3D('',#11588,#11589,#11590);
#11588 = CARTESIAN_POINT('',(-8.991207815692,11.23021781569,-14.859));
#11589 = DIRECTION('',(0.707106781187,0.707106781187,0.));
#11590 = DIRECTION('',(0.,-0.,1.));
#11591 = ORIENTED_EDGE('',*,*,#2952,.T.);
#11592 = TOROIDAL_SURFACE('',#11593,5.842,0.762);
#11593 = AXIS2_PLACEMENT_3D('',#11594,#11595,#11596);
#11594 = CARTESIAN_POINT('',(-4.86029,7.0993,-14.859));
#11595 = DIRECTION('',(0.,0.,-1.));
#11596 = DIRECTION('',(0.707106781187,-0.707106781187,0.));
#11597 = ADVANCED_FACE('',(#11598),#11610,.T.);
#11598 = FACE_BOUND('',#11599,.T.);
#11599 = EDGE_LOOP('',(#11600,#11601,#11602,#11609));
#11600 = ORIENTED_EDGE('',*,*,#11585,.F.);
#11601 = ORIENTED_EDGE('',*,*,#11327,.F.);
#11602 = ORIENTED_EDGE('',*,*,#11603,.T.);
#11603 = EDGE_CURVE('',#11328,#2936,#11604,.T.);
#11604 = CIRCLE('',#11605,0.762);
#11605 = AXIS2_PLACEMENT_3D('',#11606,#11607,#11608);
#11606 = CARTESIAN_POINT('',(-12.00491781569,8.216507815692,-14.859));
#11607 = DIRECTION('',(0.707106781187,0.707106781187,0.));
#11608 = DIRECTION('',(0.,-0.,1.));
#11609 = ORIENTED_EDGE('',*,*,#2944,.T.);
#11610 = CYLINDRICAL_SURFACE('',#11611,0.762);
#11611 = AXIS2_PLACEMENT_3D('',#11612,#11613,#11614);
#11612 = CARTESIAN_POINT('',(-12.00491781569,8.216507815692,-14.859));
#11613 = DIRECTION('',(0.707106781187,0.707106781187,0.));
#11614 = DIRECTION('',(-0.707106781187,0.707106781187,0.));
#11615 = ADVANCED_FACE('',(#11616),#11628,.T.);
#11616 = FACE_BOUND('',#11617,.T.);
#11617 = EDGE_LOOP('',(#11618,#11619,#11620,#11627));
#11618 = ORIENTED_EDGE('',*,*,#11603,.F.);
#11619 = ORIENTED_EDGE('',*,*,#11335,.F.);
#11620 = ORIENTED_EDGE('',*,*,#11621,.T.);
#11621 = EDGE_CURVE('',#11336,#2928,#11622,.T.);
#11622 = CIRCLE('',#11623,0.762);
#11623 = AXIS2_PLACEMENT_3D('',#11624,#11625,#11626);
#11624 = CARTESIAN_POINT('',(-13.716,4.08559,-14.859));
#11625 = DIRECTION('',(0.,1.,0.));
#11626 = DIRECTION('',(0.,-0.,1.));
#11627 = ORIENTED_EDGE('',*,*,#2935,.T.);
#11628 = TOROIDAL_SURFACE('',#11629,5.842,0.762);
#11629 = AXIS2_PLACEMENT_3D('',#11630,#11631,#11632);
#11630 = CARTESIAN_POINT('',(-7.874,4.08559,-14.859));
#11631 = DIRECTION('',(0.,0.,-1.));
#11632 = DIRECTION('',(1.,0.,0.));
#11633 = ADVANCED_FACE('',(#11634),#11668,.T.);
#11634 = FACE_BOUND('',#11635,.T.);
#11635 = EDGE_LOOP('',(#11636,#11659,#11660,#11667));
#11636 = ORIENTED_EDGE('',*,*,#11637,.T.);
#11637 = EDGE_CURVE('',#2911,#11353,#11638,.T.);
#11638 = B_SPLINE_CURVE_WITH_KNOTS('',3,(#11639,#11640,#11641,#11642,
    #11643,#11644,#11645,#11646,#11647,#11648,#11649,#11650,#11651,
    #11652,#11653,#11654,#11655,#11656,#11657,#11658),.UNSPECIFIED.,.F.,
  .F.,(4,1,1,1,1,1,1,1,1,1,1,1,1,1,1,1,1,4),(0.,5.882352941176E-02,
    0.117647058824,0.176470588235,0.235294117647,0.294117647059,
    0.352941176471,0.411764705882,0.470588235294,0.529411764706,
    0.588235294118,0.647058823529,0.705882352941,0.764705882353,
    0.823529411765,0.882352941176,0.941176470588,1.),.UNSPECIFIED.);
#11639 = CARTESIAN_POINT('',(-12.954,-3.538175326351,-14.859));
#11640 = CARTESIAN_POINT('',(-12.954,-3.538180191434,-14.83809658502));
#11641 = CARTESIAN_POINT('',(-12.95571908411,-3.536963971235,
    -14.79619321256));
#11642 = CARTESIAN_POINT('',(-12.96353364777,-3.531464803555,
    -14.73341446034));
#11643 = CARTESIAN_POINT('',(-12.97654842195,-3.522281757342,
    -14.67134701027));
#11644 = CARTESIAN_POINT('',(-12.99495738257,-3.5092528952,
    -14.60975142127));
#11645 = CARTESIAN_POINT('',(-13.01863229847,-3.492425604673,
    -14.54958184874));
#11646 = CARTESIAN_POINT('',(-13.04794476844,-3.47147893926,
    -14.49045682287));
#11647 = CARTESIAN_POINT('',(-13.08287988884,-3.44634805627,
    -14.43317764554));
#11648 = CARTESIAN_POINT('',(-13.12342708601,-3.416949214892,
    -14.37828264974));
#11649 = CARTESIAN_POINT('',(-13.16984006466,-3.382984269019,
    -14.32607333363));
#11650 = CARTESIAN_POINT('',(-13.22186154562,-3.344505353298,
    -14.27745377215));
#11651 = CARTESIAN_POINT('',(-13.27951075931,-3.301341023449,
    -14.23295711305));
#11652 = CARTESIAN_POINT('',(-13.34264245759,-3.253414712922,
    -14.19331168882));
#11653 = CARTESIAN_POINT('',(-13.41094017814,-3.200760471237,
    -14.15930621295));
#11654 = CARTESIAN_POINT('',(-13.4840201375,-3.143436221382,
    -14.13175095248));
#11655 = CARTESIAN_POINT('',(-13.56037576896,-3.0824116848,
    -14.11166377061));
#11656 = CARTESIAN_POINT('',(-13.63841588762,-3.018704679309,
    -14.09960843331));
#11657 = CARTESIAN_POINT('',(-13.69022424072,-2.975625421047,-14.097));
#11658 = CARTESIAN_POINT('',(-13.716,-2.953835445654,-14.097));
#11659 = ORIENTED_EDGE('',*,*,#11361,.F.);
#11660 = ORIENTED_EDGE('',*,*,#11661,.T.);
#11661 = EDGE_CURVE('',#11362,#2902,#11662,.T.);
#11662 = CIRCLE('',#11663,0.762);
#11663 = AXIS2_PLACEMENT_3D('',#11664,#11665,#11666);
#11664 = CARTESIAN_POINT('',(-13.716,-4.08559,-14.859));
#11665 = DIRECTION('',(0.,1.,0.));
#11666 = DIRECTION('',(0.,-0.,1.));
#11667 = ORIENTED_EDGE('',*,*,#2910,.T.);
#11668 = CYLINDRICAL_SURFACE('',#11669,0.762);
#11669 = AXIS2_PLACEMENT_3D('',#11670,#11671,#11672);
#11670 = CARTESIAN_POINT('',(-13.716,-4.08559,-14.859));
#11671 = DIRECTION('',(0.,1.,0.));
#11672 = DIRECTION('',(-1.,0.,0.));
#11673 = ADVANCED_FACE('',(#11674),#11702,.T.);
#11674 = FACE_BOUND('',#11675,.T.);
#11675 = EDGE_LOOP('',(#11676,#11677,#11678,#11701));
#11676 = ORIENTED_EDGE('',*,*,#11621,.F.);
#11677 = ORIENTED_EDGE('',*,*,#11344,.F.);
#11678 = ORIENTED_EDGE('',*,*,#11679,.T.);
#11679 = EDGE_CURVE('',#11345,#2919,#11680,.T.);
#11680 = B_SPLINE_CURVE_WITH_KNOTS('',3,(#11681,#11682,#11683,#11684,
    #11685,#11686,#11687,#11688,#11689,#11690,#11691,#11692,#11693,
    #11694,#11695,#11696,#11697,#11698,#11699,#11700),.UNSPECIFIED.,.F.,
  .F.,(4,1,1,1,1,1,1,1,1,1,1,1,1,1,1,1,1,4),(0.,5.882352941176E-02,
    0.117647058824,0.176470588235,0.235294117647,0.294117647059,
    0.352941176471,0.411764705882,0.470588235294,0.529411764706,
    0.588235294118,0.647058823529,0.705882352941,0.764705882353,
    0.823529411765,0.882352941176,0.941176470588,1.),.UNSPECIFIED.);
#11681 = CARTESIAN_POINT('',(-13.716,2.953835445654,-14.097));
#11682 = CARTESIAN_POINT('',(-13.69022424065,2.97562542111,-14.097));
#11683 = CARTESIAN_POINT('',(-13.63841588743,3.01870467947,
    -14.09960843332));
#11684 = CARTESIAN_POINT('',(-13.56037576871,3.082411684997,
    -14.11166377066));
#11685 = CARTESIAN_POINT('',(-13.48402013727,3.143436221567,
    -14.13175095256));
#11686 = CARTESIAN_POINT('',(-13.41094017794,3.200760471394,
    -14.15930621304));
#11687 = CARTESIAN_POINT('',(-13.34264245742,3.253414713055,
    -14.19331168892));
#11688 = CARTESIAN_POINT('',(-13.27951075917,3.301341023559,
    -14.23295711315));
#11689 = CARTESIAN_POINT('',(-13.2218615455,3.344505353388,
    -14.27745377225));
#11690 = CARTESIAN_POINT('',(-13.16984006457,3.382984269091,
    -14.32607333373));
#11691 = CARTESIAN_POINT('',(-13.12342708594,3.416949214947,
    -14.37828264984));
#11692 = CARTESIAN_POINT('',(-13.08287988878,3.446348056311,
    -14.43317764562));
#11693 = CARTESIAN_POINT('',(-13.0479447684,3.47147893929,
    -14.49045682295));
#11694 = CARTESIAN_POINT('',(-13.01863229844,3.492425604694,
    -14.54958184881));
#11695 = CARTESIAN_POINT('',(-12.99495738255,3.509252895213,
    -14.60975142133));
#11696 = CARTESIAN_POINT('',(-12.97654842194,3.522281757349,
    -14.67134701031));
#11697 = CARTESIAN_POINT('',(-12.96353364777,3.531464803558,
    -14.73341446036));
#11698 = CARTESIAN_POINT('',(-12.95571908411,3.536963971235,
    -14.79619321257));
#11699 = CARTESIAN_POINT('',(-12.954,3.538180191434,-14.83809658503));
#11700 = CARTESIAN_POINT('',(-12.954,3.538175326351,-14.859));
#11701 = ORIENTED_EDGE('',*,*,#2927,.T.);
#11702 = CYLINDRICAL_SURFACE('',#11703,0.762);
#11703 = AXIS2_PLACEMENT_3D('',#11704,#11705,#11706);
#11704 = CARTESIAN_POINT('',(-13.716,-4.08559,-14.859));
#11705 = DIRECTION('',(0.,1.,0.));
#11706 = DIRECTION('',(-1.,0.,0.));
#11707 = ADVANCED_FACE('',(#11708),#11720,.T.);
#11708 = FACE_BOUND('',#11709,.T.);
#11709 = EDGE_LOOP('',(#11710,#11711,#11712,#11719));
#11710 = ORIENTED_EDGE('',*,*,#11661,.F.);
#11711 = ORIENTED_EDGE('',*,*,#11369,.F.);
#11712 = ORIENTED_EDGE('',*,*,#11713,.T.);
#11713 = EDGE_CURVE('',#11370,#2894,#11714,.T.);
#11714 = CIRCLE('',#11715,0.762);
#11715 = AXIS2_PLACEMENT_3D('',#11716,#11717,#11718);
#11716 = CARTESIAN_POINT('',(-12.00491781569,-8.216507815692,-14.859));
#11717 = DIRECTION('',(-0.707106781187,0.707106781187,0.));
#11718 = DIRECTION('',(0.,0.,1.));
#11719 = ORIENTED_EDGE('',*,*,#2901,.T.);
#11720 = TOROIDAL_SURFACE('',#11721,5.842,0.762);
#11721 = AXIS2_PLACEMENT_3D('',#11722,#11723,#11724);
#11722 = CARTESIAN_POINT('',(-7.874,-4.08559,-14.859));
#11723 = DIRECTION('',(0.,0.,-1.));
#11724 = DIRECTION('',(0.707106781187,0.707106781187,0.));
#11725 = ADVANCED_FACE('',(#11726),#11738,.T.);
#11726 = FACE_BOUND('',#11727,.T.);
#11727 = EDGE_LOOP('',(#11728,#11729,#11730,#11737));
#11728 = ORIENTED_EDGE('',*,*,#11713,.F.);
#11729 = ORIENTED_EDGE('',*,*,#11378,.F.);
#11730 = ORIENTED_EDGE('',*,*,#11731,.T.);
#11731 = EDGE_CURVE('',#11379,#2885,#11732,.T.);
#11732 = CIRCLE('',#11733,0.762);
#11733 = AXIS2_PLACEMENT_3D('',#11734,#11735,#11736);
#11734 = CARTESIAN_POINT('',(-8.991207815692,-11.23021781569,-14.859));
#11735 = DIRECTION('',(-0.707106781187,0.707106781187,0.));
#11736 = DIRECTION('',(0.,0.,1.));
#11737 = ORIENTED_EDGE('',*,*,#2893,.T.);
#11738 = CYLINDRICAL_SURFACE('',#11739,0.762);
#11739 = AXIS2_PLACEMENT_3D('',#11740,#11741,#11742);
#11740 = CARTESIAN_POINT('',(-8.991207815692,-11.23021781569,-14.859));
#11741 = DIRECTION('',(-0.707106781187,0.707106781187,0.));
#11742 = DIRECTION('',(-0.707106781187,-0.707106781187,0.));
#11743 = ADVANCED_FACE('',(#11744),#11756,.T.);
#11744 = FACE_BOUND('',#11745,.T.);
#11745 = EDGE_LOOP('',(#11746,#11747,#11748,#11755));
#11746 = ORIENTED_EDGE('',*,*,#11731,.F.);
#11747 = ORIENTED_EDGE('',*,*,#11386,.F.);
#11748 = ORIENTED_EDGE('',*,*,#11749,.T.);
#11749 = EDGE_CURVE('',#11387,#2877,#11750,.T.);
#11750 = CIRCLE('',#11751,0.762);
#11751 = AXIS2_PLACEMENT_3D('',#11752,#11753,#11754);
#11752 = CARTESIAN_POINT('',(-4.86029,-12.9413,-14.859));
#11753 = DIRECTION('',(-1.,0.,0.));
#11754 = DIRECTION('',(0.,0.,1.));
#11755 = ORIENTED_EDGE('',*,*,#2884,.T.);
#11756 = TOROIDAL_SURFACE('',#11757,5.842,0.762);
#11757 = AXIS2_PLACEMENT_3D('',#11758,#11759,#11760);
#11758 = CARTESIAN_POINT('',(-4.86029,-7.0993,-14.859));
#11759 = DIRECTION('',(0.,0.,-1.));
#11760 = DIRECTION('',(0.,1.,0.));
#11761 = ADVANCED_FACE('',(#11762),#11774,.T.);
#11762 = FACE_BOUND('',#11763,.T.);
#11763 = EDGE_LOOP('',(#11764,#11765,#11766,#11773));
#11764 = ORIENTED_EDGE('',*,*,#11749,.F.);
#11765 = ORIENTED_EDGE('',*,*,#11395,.F.);
#11766 = ORIENTED_EDGE('',*,*,#11767,.T.);
#11767 = EDGE_CURVE('',#11396,#2868,#11768,.T.);
#11768 = CIRCLE('',#11769,0.762);
#11769 = AXIS2_PLACEMENT_3D('',#11770,#11771,#11772);
#11770 = CARTESIAN_POINT('',(4.86029,-12.9413,-14.859));
#11771 = DIRECTION('',(-1.,0.,0.));
#11772 = DIRECTION('',(0.,0.,1.));
#11773 = ORIENTED_EDGE('',*,*,#2876,.T.);
#11774 = CYLINDRICAL_SURFACE('',#11775,0.762);
#11775 = AXIS2_PLACEMENT_3D('',#11776,#11777,#11778);
#11776 = CARTESIAN_POINT('',(4.86029,-12.9413,-14.859));
#11777 = DIRECTION('',(-1.,0.,0.));
#11778 = DIRECTION('',(0.,-1.,0.));
#11779 = ADVANCED_FACE('',(#11780),#11792,.T.);
#11780 = FACE_BOUND('',#11781,.T.);
#11781 = EDGE_LOOP('',(#11782,#11783,#11784,#11791));
#11782 = ORIENTED_EDGE('',*,*,#11767,.F.);
#11783 = ORIENTED_EDGE('',*,*,#11403,.F.);
#11784 = ORIENTED_EDGE('',*,*,#11785,.T.);
#11785 = EDGE_CURVE('',#11404,#2860,#11786,.T.);
#11786 = CIRCLE('',#11787,0.762);
#11787 = AXIS2_PLACEMENT_3D('',#11788,#11789,#11790);
#11788 = CARTESIAN_POINT('',(8.991207815692,-11.23021781569,-14.859));
#11789 = DIRECTION('',(-0.707106781187,-0.707106781187,0.));
#11790 = DIRECTION('',(0.,0.,1.));
#11791 = ORIENTED_EDGE('',*,*,#2867,.T.);
#11792 = TOROIDAL_SURFACE('',#11793,5.842,0.762);
#11793 = AXIS2_PLACEMENT_3D('',#11794,#11795,#11796);
#11794 = CARTESIAN_POINT('',(4.86029,-7.0993,-14.859));
#11795 = DIRECTION('',(0.,0.,-1.));
#11796 = DIRECTION('',(-0.707106781187,0.707106781187,0.));
#11797 = ADVANCED_FACE('',(#11798),#11810,.T.);
#11798 = FACE_BOUND('',#11799,.T.);
#11799 = EDGE_LOOP('',(#11800,#11801,#11802,#11809));
#11800 = ORIENTED_EDGE('',*,*,#11785,.F.);
#11801 = ORIENTED_EDGE('',*,*,#11412,.F.);
#11802 = ORIENTED_EDGE('',*,*,#11803,.T.);
#11803 = EDGE_CURVE('',#11413,#2851,#11804,.T.);
#11804 = CIRCLE('',#11805,0.762);
#11805 = AXIS2_PLACEMENT_3D('',#11806,#11807,#11808);
#11806 = CARTESIAN_POINT('',(12.00491781569,-8.216507815692,-14.859));
#11807 = DIRECTION('',(-0.707106781187,-0.707106781187,0.));
#11808 = DIRECTION('',(0.,0.,1.));
#11809 = ORIENTED_EDGE('',*,*,#2859,.T.);
#11810 = CYLINDRICAL_SURFACE('',#11811,0.762);
#11811 = AXIS2_PLACEMENT_3D('',#11812,#11813,#11814);
#11812 = CARTESIAN_POINT('',(12.00491781569,-8.216507815692,-14.859));
#11813 = DIRECTION('',(-0.707106781187,-0.707106781187,0.));
#11814 = DIRECTION('',(0.707106781187,-0.707106781187,0.));
#11815 = ADVANCED_FACE('',(#11816),#11822,.T.);
#11816 = FACE_BOUND('',#11817,.T.);
#11817 = EDGE_LOOP('',(#11818,#11819,#11820,#11821));
#11818 = ORIENTED_EDGE('',*,*,#11803,.F.);
#11819 = ORIENTED_EDGE('',*,*,#11420,.F.);
#11820 = ORIENTED_EDGE('',*,*,#11494,.T.);
#11821 = ORIENTED_EDGE('',*,*,#2850,.T.);
#11822 = TOROIDAL_SURFACE('',#11823,5.842,0.762);
#11823 = AXIS2_PLACEMENT_3D('',#11824,#11825,#11826);
#11824 = CARTESIAN_POINT('',(7.874,-4.08559,-14.859));
#11825 = DIRECTION('',(0.,0.,-1.));
#11826 = DIRECTION('',(-1.,0.,0.));
#11827 = ADVANCED_FACE('',(#11828),#11834,.T.);
#11828 = FACE_BOUND('',#11829,.T.);
#11829 = EDGE_LOOP('',(#11830,#11831,#11832,#11833));
#11830 = ORIENTED_EDGE('',*,*,#11679,.F.);
#11831 = ORIENTED_EDGE('',*,*,#11352,.F.);
#11832 = ORIENTED_EDGE('',*,*,#11637,.F.);
#11833 = ORIENTED_EDGE('',*,*,#2918,.F.);
#11834 = TOROIDAL_SURFACE('',#11835,2.9972,0.762);
#11835 = AXIS2_PLACEMENT_3D('',#11836,#11837,#11838);
#11836 = CARTESIAN_POINT('',(-14.224,0.,-14.859));
#11837 = DIRECTION('',(0.,0.,-1.));
#11838 = DIRECTION('',(1.,0.,0.));
#11839 = ADVANCED_FACE('',(#11840),#11890,.T.);
#11840 = FACE_BOUND('',#11841,.T.);
#11841 = EDGE_LOOP('',(#11842,#11865,#11866,#11889));
#11842 = ORIENTED_EDGE('',*,*,#11843,.F.);
#11843 = EDGE_CURVE('',#2733,#11191,#11844,.T.);
#11844 = B_SPLINE_CURVE_WITH_KNOTS('',3,(#11845,#11846,#11847,#11848,
    #11849,#11850,#11851,#11852,#11853,#11854,#11855,#11856,#11857,
    #11858,#11859,#11860,#11861,#11862,#11863,#11864),.UNSPECIFIED.,.F.,
  .F.,(4,1,1,1,1,1,1,1,1,1,1,1,1,1,1,1,1,4),(0.,5.882352941176E-02,
    0.117647058824,0.176470588235,0.235294117647,0.294117647059,
    0.352941176471,0.411764705882,0.470588235294,0.529411764706,
    0.588235294118,0.647058823529,0.705882352941,0.764705882353,
    0.823529411765,0.882352941176,0.941176470588,1.),.UNSPECIFIED.);
#11845 = CARTESIAN_POINT('',(-15.494,3.538175326351,-14.859));
#11846 = CARTESIAN_POINT('',(-15.494,3.538180283826,-14.8381017162));
#11847 = CARTESIAN_POINT('',(-15.492281925,3.536964638263,
    -14.79620778123));
#11848 = CARTESIAN_POINT('',(-15.48446924624,3.531466853475,
    -14.73343349346));
#11849 = CARTESIAN_POINT('',(-15.47145993847,3.522287656958,
    -14.67138179253));
#11850 = CARTESIAN_POINT('',(-15.45305697571,3.509263078803,
    -14.60979287975));
#11851 = CARTESIAN_POINT('',(-15.42938607123,3.49243868042,
    -14.54962466351));
#11852 = CARTESIAN_POINT('',(-15.40009157164,3.471504976234,
    -14.49052378176));
#11853 = CARTESIAN_POINT('',(-15.36516546785,3.446380786391,
    -14.43324583192));
#11854 = CARTESIAN_POINT('',(-15.32464123404,3.416998931539,
    -14.37836812403));
#11855 = CARTESIAN_POINT('',(-15.27824735842,3.383048545136,
    -14.32616350603));
#11856 = CARTESIAN_POINT('',(-15.22624573498,3.344585125094,
    -14.27754571616));
#11857 = CARTESIAN_POINT('',(-15.16862147107,3.301440628618,
    -14.23305013637));
#11858 = CARTESIAN_POINT('',(-15.10551877725,3.253537920697,
    -14.19340331956));
#11859 = CARTESIAN_POINT('',(-15.0372618041,3.200917354989,
    -14.15939549955));
#11860 = CARTESIAN_POINT('',(-14.96420787224,3.143616712581,
    -14.13182377237));
#11861 = CARTESIAN_POINT('',(-14.8878417993,3.082587462467,
    -14.11170790957));
#11862 = CARTESIAN_POINT('',(-14.80974452001,3.018837651766,
    -14.09962134682));
#11863 = CARTESIAN_POINT('',(-14.75783737664,2.975677026071,-14.097));
#11864 = CARTESIAN_POINT('',(-14.732,2.953835445654,-14.097));
#11865 = ORIENTED_EDGE('',*,*,#2740,.F.);
#11866 = ORIENTED_EDGE('',*,*,#11867,.F.);
#11867 = EDGE_CURVE('',#11183,#2741,#11868,.T.);
#11868 = B_SPLINE_CURVE_WITH_KNOTS('',3,(#11869,#11870,#11871,#11872,
    #11873,#11874,#11875,#11876,#11877,#11878,#11879,#11880,#11881,
    #11882,#11883,#11884,#11885,#11886,#11887,#11888),.UNSPECIFIED.,.F.,
  .F.,(4,1,1,1,1,1,1,1,1,1,1,1,1,1,1,1,1,4),(0.,5.882352941176E-02,
    0.117647058824,0.176470588235,0.235294117647,0.294117647059,
    0.352941176471,0.411764705882,0.470588235294,0.529411764706,
    0.588235294118,0.647058823529,0.705882352941,0.764705882353,
    0.823529411765,0.882352941176,0.941176470588,1.),.UNSPECIFIED.);
#11869 = CARTESIAN_POINT('',(-14.732,-2.953835445654,-14.097));
#11870 = CARTESIAN_POINT('',(-14.75783737664,-2.975677026072,-14.097));
#11871 = CARTESIAN_POINT('',(-14.80974452001,-3.018837651768,
    -14.09962134682));
#11872 = CARTESIAN_POINT('',(-14.88784179931,-3.082587462471,
    -14.11170790957));
#11873 = CARTESIAN_POINT('',(-14.96420787224,-3.143616712585,
    -14.13182377237));
#11874 = CARTESIAN_POINT('',(-15.0372618041,-3.200917354992,
    -14.15939549955));
#11875 = CARTESIAN_POINT('',(-15.10551877725,-3.2535379207,
    -14.19340331956));
#11876 = CARTESIAN_POINT('',(-15.16862147107,-3.301440628621,
    -14.23305013637));
#11877 = CARTESIAN_POINT('',(-15.22624573498,-3.344585125096,
    -14.27754571617));
#11878 = CARTESIAN_POINT('',(-15.27824735843,-3.383048545137,
    -14.32616350603));
#11879 = CARTESIAN_POINT('',(-15.32464123405,-3.41699893154,
    -14.37836812403));
#11880 = CARTESIAN_POINT('',(-15.36516546785,-3.446380786392,
    -14.43324583192));
#11881 = CARTESIAN_POINT('',(-15.40009157164,-3.471504976235,
    -14.49052378176));
#11882 = CARTESIAN_POINT('',(-15.42938607124,-3.49243868042,
    -14.54962466352));
#11883 = CARTESIAN_POINT('',(-15.45305697571,-3.509263078803,
    -14.60979287975));
#11884 = CARTESIAN_POINT('',(-15.47145993847,-3.522287656958,
    -14.67138179253));
#11885 = CARTESIAN_POINT('',(-15.48446924624,-3.531466853475,
    -14.73343349346));
#11886 = CARTESIAN_POINT('',(-15.492281925,-3.536964638263,
    -14.79620778123));
#11887 = CARTESIAN_POINT('',(-15.494,-3.538180283826,-14.8381017162));
#11888 = CARTESIAN_POINT('',(-15.494,-3.538175326351,-14.859));
#11889 = ORIENTED_EDGE('',*,*,#11190,.F.);
#11890 = TOROIDAL_SURFACE('',#11891,2.9972,0.762);
#11891 = AXIS2_PLACEMENT_3D('',#11892,#11893,#11894);
#11892 = CARTESIAN_POINT('',(-14.224,0.,-14.859));
#11893 = DIRECTION('',(0.,0.,-1.));
#11894 = DIRECTION('',(1.,0.,0.));
#11895 = ADVANCED_FACE('',(#11896),#11908,.T.);
#11896 = FACE_BOUND('',#11897,.T.);
#11897 = EDGE_LOOP('',(#11898,#11905,#11906,#11907));
#11898 = ORIENTED_EDGE('',*,*,#11899,.T.);
#11899 = EDGE_CURVE('',#2750,#11174,#11900,.T.);
#11900 = CIRCLE('',#11901,0.762);
#11901 = AXIS2_PLACEMENT_3D('',#11902,#11903,#11904);
#11902 = CARTESIAN_POINT('',(-14.732,-4.08559,-14.859));
#11903 = DIRECTION('',(0.,1.,0.));
#11904 = DIRECTION('',(-1.,0.,0.));
#11905 = ORIENTED_EDGE('',*,*,#11182,.T.);
#11906 = ORIENTED_EDGE('',*,*,#11867,.T.);
#11907 = ORIENTED_EDGE('',*,*,#2749,.F.);
#11908 = CYLINDRICAL_SURFACE('',#11909,0.762);
#11909 = AXIS2_PLACEMENT_3D('',#11910,#11911,#11912);
#11910 = CARTESIAN_POINT('',(-14.732,-4.08559,-14.859));
#11911 = DIRECTION('',(0.,1.,0.));
#11912 = DIRECTION('',(-1.,0.,0.));
#11913 = ADVANCED_FACE('',(#11914),#11926,.T.);
#11914 = FACE_BOUND('',#11915,.T.);
#11915 = EDGE_LOOP('',(#11916,#11917,#11918,#11925));
#11916 = ORIENTED_EDGE('',*,*,#11843,.T.);
#11917 = ORIENTED_EDGE('',*,*,#11199,.T.);
#11918 = ORIENTED_EDGE('',*,*,#11919,.F.);
#11919 = EDGE_CURVE('',#2724,#11200,#11920,.T.);
#11920 = CIRCLE('',#11921,0.762);
#11921 = AXIS2_PLACEMENT_3D('',#11922,#11923,#11924);
#11922 = CARTESIAN_POINT('',(-14.732,4.08559,-14.859));
#11923 = DIRECTION('',(0.,1.,0.));
#11924 = DIRECTION('',(-1.,0.,0.));
#11925 = ORIENTED_EDGE('',*,*,#2732,.F.);
#11926 = CYLINDRICAL_SURFACE('',#11927,0.762);
#11927 = AXIS2_PLACEMENT_3D('',#11928,#11929,#11930);
#11928 = CARTESIAN_POINT('',(-14.732,-4.08559,-14.859));
#11929 = DIRECTION('',(0.,1.,0.));
#11930 = DIRECTION('',(-1.,0.,0.));
#11931 = ADVANCED_FACE('',(#11932),#11944,.T.);
#11932 = FACE_BOUND('',#11933,.T.);
#11933 = EDGE_LOOP('',(#11934,#11941,#11942,#11943));
#11934 = ORIENTED_EDGE('',*,*,#11935,.T.);
#11935 = EDGE_CURVE('',#2758,#11166,#11936,.T.);
#11936 = CIRCLE('',#11937,0.762);
#11937 = AXIS2_PLACEMENT_3D('',#11938,#11939,#11940);
#11938 = CARTESIAN_POINT('',(-12.72333830538,-8.934928305377,-14.859));
#11939 = DIRECTION('',(-0.707106781187,0.707106781187,0.));
#11940 = DIRECTION('',(-0.707106781187,-0.707106781187,0.));
#11941 = ORIENTED_EDGE('',*,*,#11173,.T.);
#11942 = ORIENTED_EDGE('',*,*,#11899,.F.);
#11943 = ORIENTED_EDGE('',*,*,#2757,.F.);
#11944 = TOROIDAL_SURFACE('',#11945,6.858,0.762);
#11945 = AXIS2_PLACEMENT_3D('',#11946,#11947,#11948);
#11946 = CARTESIAN_POINT('',(-7.874,-4.08559,-14.859));
#11947 = DIRECTION('',(0.,0.,-1.));
#11948 = DIRECTION('',(0.707106781187,0.707106781187,0.));
#11949 = ADVANCED_FACE('',(#11950),#11962,.T.);
#11950 = FACE_BOUND('',#11951,.T.);
#11951 = EDGE_LOOP('',(#11952,#11959,#11960,#11961));
#11952 = ORIENTED_EDGE('',*,*,#11953,.T.);
#11953 = EDGE_CURVE('',#2767,#11157,#11954,.T.);
#11954 = CIRCLE('',#11955,0.762);
#11955 = AXIS2_PLACEMENT_3D('',#11956,#11957,#11958);
#11956 = CARTESIAN_POINT('',(-9.709628305377,-11.94863830538,-14.859));
#11957 = DIRECTION('',(-0.707106781187,0.707106781187,0.));
#11958 = DIRECTION('',(-0.707106781187,-0.707106781187,0.));
#11959 = ORIENTED_EDGE('',*,*,#11165,.T.);
#11960 = ORIENTED_EDGE('',*,*,#11935,.F.);
#11961 = ORIENTED_EDGE('',*,*,#2766,.F.);
#11962 = CYLINDRICAL_SURFACE('',#11963,0.762);
#11963 = AXIS2_PLACEMENT_3D('',#11964,#11965,#11966);
#11964 = CARTESIAN_POINT('',(-9.709628305377,-11.94863830538,-14.859));
#11965 = DIRECTION('',(-0.707106781187,0.707106781187,0.));
#11966 = DIRECTION('',(-0.707106781187,-0.707106781187,0.));
#11967 = ADVANCED_FACE('',(#11968),#11980,.T.);
#11968 = FACE_BOUND('',#11969,.T.);
#11969 = EDGE_LOOP('',(#11970,#11977,#11978,#11979));
#11970 = ORIENTED_EDGE('',*,*,#11971,.T.);
#11971 = EDGE_CURVE('',#2775,#11149,#11972,.T.);
#11972 = CIRCLE('',#11973,0.762);
#11973 = AXIS2_PLACEMENT_3D('',#11974,#11975,#11976);
#11974 = CARTESIAN_POINT('',(-4.86029,-13.9573,-14.859));
#11975 = DIRECTION('',(-1.,0.,0.));
#11976 = DIRECTION('',(0.,-1.,0.));
#11977 = ORIENTED_EDGE('',*,*,#11156,.T.);
#11978 = ORIENTED_EDGE('',*,*,#11953,.F.);
#11979 = ORIENTED_EDGE('',*,*,#2774,.F.);
#11980 = TOROIDAL_SURFACE('',#11981,6.858,0.762);
#11981 = AXIS2_PLACEMENT_3D('',#11982,#11983,#11984);
#11982 = CARTESIAN_POINT('',(-4.86029,-7.0993,-14.859));
#11983 = DIRECTION('',(0.,0.,-1.));
#11984 = DIRECTION('',(0.,1.,0.));
#11985 = ADVANCED_FACE('',(#11986),#11998,.T.);
#11986 = FACE_BOUND('',#11987,.T.);
#11987 = EDGE_LOOP('',(#11988,#11995,#11996,#11997));
#11988 = ORIENTED_EDGE('',*,*,#11989,.T.);
#11989 = EDGE_CURVE('',#2784,#11140,#11990,.T.);
#11990 = CIRCLE('',#11991,0.762);
#11991 = AXIS2_PLACEMENT_3D('',#11992,#11993,#11994);
#11992 = CARTESIAN_POINT('',(4.86029,-13.9573,-14.859));
#11993 = DIRECTION('',(-1.,0.,0.));
#11994 = DIRECTION('',(0.,-1.,0.));
#11995 = ORIENTED_EDGE('',*,*,#11148,.T.);
#11996 = ORIENTED_EDGE('',*,*,#11971,.F.);
#11997 = ORIENTED_EDGE('',*,*,#2783,.F.);
#11998 = CYLINDRICAL_SURFACE('',#11999,0.762);
#11999 = AXIS2_PLACEMENT_3D('',#12000,#12001,#12002);
#12000 = CARTESIAN_POINT('',(4.86029,-13.9573,-14.859));
#12001 = DIRECTION('',(-1.,0.,0.));
#12002 = DIRECTION('',(0.,-1.,0.));
#12003 = ADVANCED_FACE('',(#12004),#12016,.T.);
#12004 = FACE_BOUND('',#12005,.T.);
#12005 = EDGE_LOOP('',(#12006,#12013,#12014,#12015));
#12006 = ORIENTED_EDGE('',*,*,#12007,.T.);
#12007 = EDGE_CURVE('',#2792,#11132,#12008,.T.);
#12008 = CIRCLE('',#12009,0.762);
#12009 = AXIS2_PLACEMENT_3D('',#12010,#12011,#12012);
#12010 = CARTESIAN_POINT('',(9.709628305377,-11.94863830538,-14.859));
#12011 = DIRECTION('',(-0.707106781187,-0.707106781187,0.));
#12012 = DIRECTION('',(0.707106781187,-0.707106781187,0.));
#12013 = ORIENTED_EDGE('',*,*,#11139,.T.);
#12014 = ORIENTED_EDGE('',*,*,#11989,.F.);
#12015 = ORIENTED_EDGE('',*,*,#2791,.F.);
#12016 = TOROIDAL_SURFACE('',#12017,6.858,0.762);
#12017 = AXIS2_PLACEMENT_3D('',#12018,#12019,#12020);
#12018 = CARTESIAN_POINT('',(4.86029,-7.0993,-14.859));
#12019 = DIRECTION('',(0.,0.,-1.));
#12020 = DIRECTION('',(-0.707106781187,0.707106781187,0.));
#12021 = ADVANCED_FACE('',(#12022),#12034,.T.);
#12022 = FACE_BOUND('',#12023,.T.);
#12023 = EDGE_LOOP('',(#12024,#12031,#12032,#12033));
#12024 = ORIENTED_EDGE('',*,*,#12025,.T.);
#12025 = EDGE_CURVE('',#2801,#11123,#12026,.T.);
#12026 = CIRCLE('',#12027,0.762);
#12027 = AXIS2_PLACEMENT_3D('',#12028,#12029,#12030);
#12028 = CARTESIAN_POINT('',(12.72333830538,-8.934928305377,-14.859));
#12029 = DIRECTION('',(-0.707106781187,-0.707106781187,0.));
#12030 = DIRECTION('',(0.707106781187,-0.707106781187,0.));
#12031 = ORIENTED_EDGE('',*,*,#11131,.T.);
#12032 = ORIENTED_EDGE('',*,*,#12007,.F.);
#12033 = ORIENTED_EDGE('',*,*,#2800,.F.);
#12034 = CYLINDRICAL_SURFACE('',#12035,0.762);
#12035 = AXIS2_PLACEMENT_3D('',#12036,#12037,#12038);
#12036 = CARTESIAN_POINT('',(12.72333830538,-8.934928305377,-14.859));
#12037 = DIRECTION('',(-0.707106781187,-0.707106781187,0.));
#12038 = DIRECTION('',(0.707106781187,-0.707106781187,0.));
#12039 = ADVANCED_FACE('',(#12040),#12046,.T.);
#12040 = FACE_BOUND('',#12041,.T.);
#12041 = EDGE_LOOP('',(#12042,#12043,#12044,#12045));
#12042 = ORIENTED_EDGE('',*,*,#11102,.T.);
#12043 = ORIENTED_EDGE('',*,*,#11122,.T.);
#12044 = ORIENTED_EDGE('',*,*,#12025,.F.);
#12045 = ORIENTED_EDGE('',*,*,#2808,.F.);
#12046 = TOROIDAL_SURFACE('',#12047,6.858,0.762);
#12047 = AXIS2_PLACEMENT_3D('',#12048,#12049,#12050);
#12048 = CARTESIAN_POINT('',(7.874,-4.08559,-14.859));
#12049 = DIRECTION('',(0.,0.,-1.));
#12050 = DIRECTION('',(-1.,0.,0.));
#12051 = ADVANCED_FACE('',(#12052),#12064,.T.);
#12052 = FACE_BOUND('',#12053,.T.);
#12053 = EDGE_LOOP('',(#12054,#12055,#12056,#12063));
#12054 = ORIENTED_EDGE('',*,*,#11919,.T.);
#12055 = ORIENTED_EDGE('',*,*,#11207,.T.);
#12056 = ORIENTED_EDGE('',*,*,#12057,.F.);
#12057 = EDGE_CURVE('',#2716,#11208,#12058,.T.);
#12058 = CIRCLE('',#12059,0.762);
#12059 = AXIS2_PLACEMENT_3D('',#12060,#12061,#12062);
#12060 = CARTESIAN_POINT('',(-12.72333830538,8.934928305377,-14.859));
#12061 = DIRECTION('',(0.707106781187,0.707106781187,0.));
#12062 = DIRECTION('',(-0.707106781187,0.707106781187,0.));
#12063 = ORIENTED_EDGE('',*,*,#2723,.F.);
#12064 = TOROIDAL_SURFACE('',#12065,6.858,0.762);
#12065 = AXIS2_PLACEMENT_3D('',#12066,#12067,#12068);
#12066 = CARTESIAN_POINT('',(-7.874,4.08559,-14.859));
#12067 = DIRECTION('',(0.,0.,-1.));
#12068 = DIRECTION('',(1.,0.,0.));
#12069 = ADVANCED_FACE('',(#12070),#12082,.T.);
#12070 = FACE_BOUND('',#12071,.T.);
#12071 = EDGE_LOOP('',(#12072,#12073,#12074,#12081));
#12072 = ORIENTED_EDGE('',*,*,#12057,.T.);
#12073 = ORIENTED_EDGE('',*,*,#11216,.T.);
#12074 = ORIENTED_EDGE('',*,*,#12075,.F.);
#12075 = EDGE_CURVE('',#2707,#11217,#12076,.T.);
#12076 = CIRCLE('',#12077,0.762);
#12077 = AXIS2_PLACEMENT_3D('',#12078,#12079,#12080);
#12078 = CARTESIAN_POINT('',(-9.709628305377,11.94863830538,-14.859));
#12079 = DIRECTION('',(0.707106781187,0.707106781187,0.));
#12080 = DIRECTION('',(-0.707106781187,0.707106781187,0.));
#12081 = ORIENTED_EDGE('',*,*,#2715,.F.);
#12082 = CYLINDRICAL_SURFACE('',#12083,0.762);
#12083 = AXIS2_PLACEMENT_3D('',#12084,#12085,#12086);
#12084 = CARTESIAN_POINT('',(-12.72333830538,8.934928305377,-14.859));
#12085 = DIRECTION('',(0.707106781187,0.707106781187,0.));
#12086 = DIRECTION('',(-0.707106781187,0.707106781187,0.));
#12087 = ADVANCED_FACE('',(#12088),#12100,.T.);
#12088 = FACE_BOUND('',#12089,.T.);
#12089 = EDGE_LOOP('',(#12090,#12091,#12092,#12099));
#12090 = ORIENTED_EDGE('',*,*,#12075,.T.);
#12091 = ORIENTED_EDGE('',*,*,#11224,.T.);
#12092 = ORIENTED_EDGE('',*,*,#12093,.F.);
#12093 = EDGE_CURVE('',#2699,#11225,#12094,.T.);
#12094 = CIRCLE('',#12095,0.762);
#12095 = AXIS2_PLACEMENT_3D('',#12096,#12097,#12098);
#12096 = CARTESIAN_POINT('',(-4.86029,13.9573,-14.859));
#12097 = DIRECTION('',(1.,0.,0.));
#12098 = DIRECTION('',(-0.,1.,0.));
#12099 = ORIENTED_EDGE('',*,*,#2706,.F.);
#12100 = TOROIDAL_SURFACE('',#12101,6.858,0.762);
#12101 = AXIS2_PLACEMENT_3D('',#12102,#12103,#12104);
#12102 = CARTESIAN_POINT('',(-4.86029,7.0993,-14.859));
#12103 = DIRECTION('',(0.,0.,-1.));
#12104 = DIRECTION('',(0.707106781187,-0.707106781187,0.));
#12105 = ADVANCED_FACE('',(#12106),#12118,.T.);
#12106 = FACE_BOUND('',#12107,.T.);
#12107 = EDGE_LOOP('',(#12108,#12109,#12110,#12117));
#12108 = ORIENTED_EDGE('',*,*,#12093,.T.);
#12109 = ORIENTED_EDGE('',*,*,#11233,.T.);
#12110 = ORIENTED_EDGE('',*,*,#12111,.F.);
#12111 = EDGE_CURVE('',#2690,#11234,#12112,.T.);
#12112 = CIRCLE('',#12113,0.762);
#12113 = AXIS2_PLACEMENT_3D('',#12114,#12115,#12116);
#12114 = CARTESIAN_POINT('',(4.86029,13.9573,-14.859));
#12115 = DIRECTION('',(1.,0.,0.));
#12116 = DIRECTION('',(-0.,1.,0.));
#12117 = ORIENTED_EDGE('',*,*,#2698,.F.);
#12118 = CYLINDRICAL_SURFACE('',#12119,0.762);
#12119 = AXIS2_PLACEMENT_3D('',#12120,#12121,#12122);
#12120 = CARTESIAN_POINT('',(-4.86029,13.9573,-14.859));
#12121 = DIRECTION('',(1.,0.,0.));
#12122 = DIRECTION('',(-0.,1.,0.));
#12123 = ADVANCED_FACE('',(#12124),#12136,.T.);
#12124 = FACE_BOUND('',#12125,.T.);
#12125 = EDGE_LOOP('',(#12126,#12127,#12128,#12135));
#12126 = ORIENTED_EDGE('',*,*,#12111,.T.);
#12127 = ORIENTED_EDGE('',*,*,#11241,.T.);
#12128 = ORIENTED_EDGE('',*,*,#12129,.F.);
#12129 = EDGE_CURVE('',#2682,#11242,#12130,.T.);
#12130 = CIRCLE('',#12131,0.762);
#12131 = AXIS2_PLACEMENT_3D('',#12132,#12133,#12134);
#12132 = CARTESIAN_POINT('',(9.709628305377,11.94863830538,-14.859));
#12133 = DIRECTION('',(0.707106781187,-0.707106781187,0.));
#12134 = DIRECTION('',(0.707106781187,0.707106781187,0.));
#12135 = ORIENTED_EDGE('',*,*,#2689,.F.);
#12136 = TOROIDAL_SURFACE('',#12137,6.858,0.762);
#12137 = AXIS2_PLACEMENT_3D('',#12138,#12139,#12140);
#12138 = CARTESIAN_POINT('',(4.86029,7.0993,-14.859));
#12139 = DIRECTION('',(0.,0.,-1.));
#12140 = DIRECTION('',(0.,-1.,0.));
#12141 = ADVANCED_FACE('',(#12142),#12154,.T.);
#12142 = FACE_BOUND('',#12143,.T.);
#12143 = EDGE_LOOP('',(#12144,#12145,#12146,#12153));
#12144 = ORIENTED_EDGE('',*,*,#12129,.T.);
#12145 = ORIENTED_EDGE('',*,*,#11250,.T.);
#12146 = ORIENTED_EDGE('',*,*,#12147,.F.);
#12147 = EDGE_CURVE('',#2673,#11251,#12148,.T.);
#12148 = CIRCLE('',#12149,0.762);
#12149 = AXIS2_PLACEMENT_3D('',#12150,#12151,#12152);
#12150 = CARTESIAN_POINT('',(12.72333830538,8.934928305377,-14.859));
#12151 = DIRECTION('',(0.707106781187,-0.707106781187,0.));
#12152 = DIRECTION('',(0.707106781187,0.707106781187,0.));
#12153 = ORIENTED_EDGE('',*,*,#2681,.F.);
#12154 = CYLINDRICAL_SURFACE('',#12155,0.762);
#12155 = AXIS2_PLACEMENT_3D('',#12156,#12157,#12158);
#12156 = CARTESIAN_POINT('',(9.709628305377,11.94863830538,-14.859));
#12157 = DIRECTION('',(0.707106781187,-0.707106781187,0.));
#12158 = DIRECTION('',(0.707106781187,0.707106781187,0.));
#12159 = ADVANCED_FACE('',(#12160),#12166,.T.);
#12160 = FACE_BOUND('',#12161,.T.);
#12161 = EDGE_LOOP('',(#12162,#12163,#12164,#12165));
#12162 = ORIENTED_EDGE('',*,*,#12147,.T.);
#12163 = ORIENTED_EDGE('',*,*,#11258,.T.);
#12164 = ORIENTED_EDGE('',*,*,#11070,.F.);
#12165 = ORIENTED_EDGE('',*,*,#2672,.F.);
#12166 = TOROIDAL_SURFACE('',#12167,6.858,0.762);
#12167 = AXIS2_PLACEMENT_3D('',#12168,#12169,#12170);
#12168 = CARTESIAN_POINT('',(7.874,4.08559,-14.859));
#12169 = DIRECTION('',(0.,0.,-1.));
#12170 = DIRECTION('',(-0.707106781187,-0.707106781187,-0.));
#12171 = ADVANCED_FACE('',(#12172),#12254,.T.);
#12172 = FACE_BOUND('',#12173,.T.);
#12173 = EDGE_LOOP('',(#12174,#12185,#12210,#12211,#12238,#12247));
#12174 = ORIENTED_EDGE('',*,*,#12175,.T.);
#12175 = EDGE_CURVE('',#12176,#12178,#12180,.T.);
#12176 = VERTEX_POINT('',#12177);
#12177 = CARTESIAN_POINT('',(-12.3825,0.,-14.859));
#12178 = VERTEX_POINT('',#12179);
#12179 = CARTESIAN_POINT('',(-12.954,-1.3335,-14.859));
#12180 = CIRCLE('',#12181,1.8415);
#12181 = AXIS2_PLACEMENT_3D('',#12182,#12183,#12184);
#12182 = CARTESIAN_POINT('',(-14.224,0.,-14.859));
#12183 = DIRECTION('',(0.,0.,-1.));
#12184 = DIRECTION('',(1.,0.,0.));
#12185 = ORIENTED_EDGE('',*,*,#12186,.T.);
#12186 = EDGE_CURVE('',#12178,#11432,#12187,.T.);
#12187 = B_SPLINE_CURVE_WITH_KNOTS('',3,(#12188,#12189,#12190,#12191,
    #12192,#12193,#12194,#12195,#12196,#12197,#12198,#12199,#12200,
    #12201,#12202,#12203,#12204,#12205,#12206,#12207,#12208,#12209),
  .UNSPECIFIED.,.F.,.F.,(4,1,1,1,1,1,1,1,1,1,1,1,1,1,1,1,1,1,1,4),(0.,
    5.263157894737E-02,0.105263157895,0.157894736842,0.21052631579,
    0.263157894737,0.315789473684,0.368421052632,0.421052631579,
    0.473684210526,0.526315789474,0.578947368421,0.631578947368,
    0.684210526316,0.736842105263,0.789473684211,0.842105263158,
    0.894736842105,0.947368421053,1.),.UNSPECIFIED.);
#12188 = CARTESIAN_POINT('',(-12.954,-1.3335,-14.859));
#12189 = CARTESIAN_POINT('',(-12.95400044455,-1.333500423381,
    -14.84621748861));
#12190 = CARTESIAN_POINT('',(-12.9546477824,-1.335013003512,
    -14.82056665333));
#12191 = CARTESIAN_POINT('',(-12.95754102022,-1.341746550673,
    -14.78229284428));
#12192 = CARTESIAN_POINT('',(-12.96249170216,-1.353192258058,
    -14.74323621528));
#12193 = CARTESIAN_POINT('',(-12.9697051637,-1.369699315549,
    -14.70324235856));
#12194 = CARTESIAN_POINT('',(-12.97954625239,-1.391909053774,
    -14.66168883629));
#12195 = CARTESIAN_POINT('',(-12.99274436526,-1.421158436495,
    -14.61752353902));
#12196 = CARTESIAN_POINT('',(-13.00995562015,-1.458424473603,
    -14.57085745498));
#12197 = CARTESIAN_POINT('',(-13.03158295767,-1.503940068354,
    -14.52254731586));
#12198 = CARTESIAN_POINT('',(-13.05793710207,-1.557606069649,
    -14.4733933836));
#12199 = CARTESIAN_POINT('',(-13.08973040318,-1.619988080413,
    -14.42348460527));
#12200 = CARTESIAN_POINT('',(-13.12814579711,-1.692326883756,
    -14.37262595229));
#12201 = CARTESIAN_POINT('',(-13.175245436,-1.777010890523,
    -14.32046416793));
#12202 = CARTESIAN_POINT('',(-13.23107038768,-1.87234988524,
    -14.26953766151));
#12203 = CARTESIAN_POINT('',(-13.29401084895,-1.974283706726,
    -14.22283690118));
#12204 = CARTESIAN_POINT('',(-13.36593253419,-2.084767369265,
    -14.18025639428));
#12205 = CARTESIAN_POINT('',(-13.45009274259,-2.206925756671,
    -14.14286010042));
#12206 = CARTESIAN_POINT('',(-13.53900054004,-2.328826044214,
    -14.1159445656));
#12207 = CARTESIAN_POINT('',(-13.62843447705,-2.445309111813,
    -14.10028797887));
#12208 = CARTESIAN_POINT('',(-13.68711160738,-2.518236252221,-14.097));
#12209 = CARTESIAN_POINT('',(-13.716,-2.553458096386,-14.097));
#12210 = ORIENTED_EDGE('',*,*,#11429,.F.);
#12211 = ORIENTED_EDGE('',*,*,#12212,.T.);
#12212 = EDGE_CURVE('',#11430,#12213,#12215,.T.);
#12213 = VERTEX_POINT('',#12214);
#12214 = CARTESIAN_POINT('',(-15.494,-1.3335,-14.859));
#12215 = B_SPLINE_CURVE_WITH_KNOTS('',3,(#12216,#12217,#12218,#12219,
    #12220,#12221,#12222,#12223,#12224,#12225,#12226,#12227,#12228,
    #12229,#12230,#12231,#12232,#12233,#12234,#12235,#12236,#12237),
  .UNSPECIFIED.,.F.,.F.,(4,1,1,1,1,1,1,1,1,1,1,1,1,1,1,1,1,1,1,4),(0.,
    5.263157894737E-02,0.105263157895,0.157894736842,0.21052631579,
    0.263157894737,0.315789473684,0.368421052632,0.421052631579,
    0.473684210526,0.526315789474,0.578947368421,0.631578947368,
    0.684210526316,0.736842105263,0.789473684211,0.842105263158,
    0.894736842105,0.947368421053,1.),.UNSPECIFIED.);
#12216 = CARTESIAN_POINT('',(-14.732,-2.553458096386,-14.097));
#12217 = CARTESIAN_POINT('',(-14.76086049041,-2.518269685727,-14.097));
#12218 = CARTESIAN_POINT('',(-14.81948861966,-2.44540602091,
    -14.10028145535));
#12219 = CARTESIAN_POINT('',(-14.90886897235,-2.328998756768,
    -14.11591620615));
#12220 = CARTESIAN_POINT('',(-14.99773440753,-2.207169417621,
    -14.1427959348));
#12221 = CARTESIAN_POINT('',(-15.08194957442,-2.084944947179,
    -14.18019277538));
#12222 = CARTESIAN_POINT('',(-15.15392275147,-1.974389586216,
    -14.22279068388));
#12223 = CARTESIAN_POINT('',(-15.21690329716,-1.872394164405,
    -14.26951501501));
#12224 = CARTESIAN_POINT('',(-15.27273296218,-1.777048867178,
    -14.32044218943));
#12225 = CARTESIAN_POINT('',(-15.31984767663,-1.692339288839,
    -14.37261705353));
#12226 = CARTESIAN_POINT('',(-15.35826848626,-1.619990129387,
    -14.42348334837));
#12227 = CARTESIAN_POINT('',(-15.39006358964,-1.55760518697,
    -14.47339256346));
#12228 = CARTESIAN_POINT('',(-15.41645030589,-1.503871858365,
    -14.52261134586));
#12229 = CARTESIAN_POINT('',(-15.43808360673,-1.458340648777,
    -14.57095350515));
#12230 = CARTESIAN_POINT('',(-15.45528483832,-1.42109434565,
    -14.61761187521));
#12231 = CARTESIAN_POINT('',(-15.46847574508,-1.391859799425,
    -14.66177138921));
#12232 = CARTESIAN_POINT('',(-15.47830961781,-1.369665647726,
    -14.70331505171));
#12233 = CARTESIAN_POINT('',(-15.48551491825,-1.353176994571,
    -14.74328245608));
#12234 = CARTESIAN_POINT('',(-15.49046096547,-1.341741888386,
    -14.78231623338));
#12235 = CARTESIAN_POINT('',(-15.49335241468,-1.335012707191,
    -14.82057251092));
#12236 = CARTESIAN_POINT('',(-15.49399929748,-1.333500669063,
    -14.84621846837));
#12237 = CARTESIAN_POINT('',(-15.494,-1.3335,-14.859));
#12238 = ORIENTED_EDGE('',*,*,#12239,.T.);
#12239 = EDGE_CURVE('',#12213,#12240,#12242,.T.);
#12240 = VERTEX_POINT('',#12241);
#12241 = CARTESIAN_POINT('',(-16.0655,0.,-14.859));
#12242 = CIRCLE('',#12243,1.8415);
#12243 = AXIS2_PLACEMENT_3D('',#12244,#12245,#12246);
#12244 = CARTESIAN_POINT('',(-14.224,0.,-14.859));
#12245 = DIRECTION('',(0.,0.,-1.));
#12246 = DIRECTION('',(-0.689655172414,-0.724137931034,-0.));
#12247 = ORIENTED_EDGE('',*,*,#12248,.F.);
#12248 = EDGE_CURVE('',#12176,#12240,#12249,.T.);
#12249 = CIRCLE('',#12250,1.8415);
#12250 = AXIS2_PLACEMENT_3D('',#12251,#12252,#12253);
#12251 = CARTESIAN_POINT('',(-14.224,0.,-14.859));
#12252 = DIRECTION('',(0.,0.,1.));
#12253 = DIRECTION('',(1.,0.,-0.));
#12254 = TOROIDAL_SURFACE('',#12255,2.6035,0.762);
#12255 = AXIS2_PLACEMENT_3D('',#12256,#12257,#12258);
#12256 = CARTESIAN_POINT('',(-14.224,0.,-14.859));
#12257 = DIRECTION('',(0.,0.,-1.));
#12258 = DIRECTION('',(1.,0.,0.));
#12259 = ADVANCED_FACE('',(#12260),#12286,.F.);
#12260 = FACE_BOUND('',#12261,.F.);
#12261 = EDGE_LOOP('',(#12262,#12263,#12271,#12280));
#12262 = ORIENTED_EDGE('',*,*,#12248,.F.);
#12263 = ORIENTED_EDGE('',*,*,#12264,.F.);
#12264 = EDGE_CURVE('',#12265,#12176,#12267,.T.);
#12265 = VERTEX_POINT('',#12266);
#12266 = CARTESIAN_POINT('',(-12.3825,0.,-15.096998));
#12267 = LINE('',#12268,#12269);
#12268 = CARTESIAN_POINT('',(-12.3825,0.,-15.096998));
#12269 = VECTOR('',#12270,1.);
#12270 = DIRECTION('',(0.,0.,1.));
#12271 = ORIENTED_EDGE('',*,*,#12272,.F.);
#12272 = EDGE_CURVE('',#12273,#12265,#12275,.T.);
#12273 = VERTEX_POINT('',#12274);
#12274 = CARTESIAN_POINT('',(-16.0655,0.,-15.096998));
#12275 = CIRCLE('',#12276,1.8415);
#12276 = AXIS2_PLACEMENT_3D('',#12277,#12278,#12279);
#12277 = CARTESIAN_POINT('',(-14.224,0.,-15.096998));
#12278 = DIRECTION('',(0.,0.,-1.));
#12279 = DIRECTION('',(-1.,0.,0.));
#12280 = ORIENTED_EDGE('',*,*,#12281,.T.);
#12281 = EDGE_CURVE('',#12273,#12240,#12282,.T.);
#12282 = LINE('',#12283,#12284);
#12283 = CARTESIAN_POINT('',(-16.0655,0.,-15.096998));
#12284 = VECTOR('',#12285,1.);
#12285 = DIRECTION('',(0.,0.,1.));
#12286 = CYLINDRICAL_SURFACE('',#12287,1.8415);
#12287 = AXIS2_PLACEMENT_3D('',#12288,#12289,#12290);
#12288 = CARTESIAN_POINT('',(-14.224,0.,-14.0470001));
#12289 = DIRECTION('',(0.,0.,-1.));
#12290 = DIRECTION('',(1.,0.,0.));
#12291 = ADVANCED_FACE('',(#12292),#12312,.F.);
#12292 = FACE_BOUND('',#12293,.F.);
#12293 = EDGE_LOOP('',(#12294,#12295,#12302,#12303,#12304,#12311));
#12294 = ORIENTED_EDGE('',*,*,#12175,.T.);
#12295 = ORIENTED_EDGE('',*,*,#12296,.F.);
#12296 = EDGE_CURVE('',#12213,#12178,#12297,.T.);
#12297 = CIRCLE('',#12298,1.8415);
#12298 = AXIS2_PLACEMENT_3D('',#12299,#12300,#12301);
#12299 = CARTESIAN_POINT('',(-14.224,0.,-14.859));
#12300 = DIRECTION('',(0.,0.,1.));
#12301 = DIRECTION('',(-0.689655172414,-0.724137931034,0.));
#12302 = ORIENTED_EDGE('',*,*,#12239,.T.);
#12303 = ORIENTED_EDGE('',*,*,#12281,.F.);
#12304 = ORIENTED_EDGE('',*,*,#12305,.T.);
#12305 = EDGE_CURVE('',#12273,#12265,#12306,.T.);
#12306 = CIRCLE('',#12307,1.8415);
#12307 = AXIS2_PLACEMENT_3D('',#12308,#12309,#12310);
#12308 = CARTESIAN_POINT('',(-14.224,0.,-15.096998));
#12309 = DIRECTION('',(0.,0.,1.));
#12310 = DIRECTION('',(-1.,0.,0.));
#12311 = ORIENTED_EDGE('',*,*,#12264,.T.);
#12312 = CYLINDRICAL_SURFACE('',#12313,1.8415);
#12313 = AXIS2_PLACEMENT_3D('',#12314,#12315,#12316);
#12314 = CARTESIAN_POINT('',(-14.224,0.,-14.0470001));
#12315 = DIRECTION('',(0.,0.,-1.));
#12316 = DIRECTION('',(1.,0.,0.));
#12317 = ADVANCED_FACE('',(#12318),#12324,.T.);
#12318 = FACE_BOUND('',#12319,.T.);
#12319 = EDGE_LOOP('',(#12320,#12321,#12322,#12323));
#12320 = ORIENTED_EDGE('',*,*,#12186,.F.);
#12321 = ORIENTED_EDGE('',*,*,#12296,.F.);
#12322 = ORIENTED_EDGE('',*,*,#12212,.F.);
#12323 = ORIENTED_EDGE('',*,*,#11440,.F.);
#12324 = TOROIDAL_SURFACE('',#12325,2.6035,0.762);
#12325 = AXIS2_PLACEMENT_3D('',#12326,#12327,#12328);
#12326 = CARTESIAN_POINT('',(-14.224,0.,-14.859));
#12327 = DIRECTION('',(0.,0.,-1.));
#12328 = DIRECTION('',(1.,0.,0.));
#12329 = ADVANCED_FACE('',(#12330),#12334,.F.);
#12330 = FACE_BOUND('',#12331,.F.);
#12331 = EDGE_LOOP('',(#12332,#12333));
#12332 = ORIENTED_EDGE('',*,*,#12305,.F.);
#12333 = ORIENTED_EDGE('',*,*,#12272,.T.);
#12334 = PLANE('',#12335);
#12335 = AXIS2_PLACEMENT_3D('',#12336,#12337,#12338);
#12336 = CARTESIAN_POINT('',(-14.224,0.,-15.096998));
#12337 = DIRECTION('',(0.,0.,-1.));
#12338 = DIRECTION('',(1.,0.,0.));
#12339 = ADVANCED_FACE('',(#12340),#12422,.T.);
#12340 = FACE_BOUND('',#12341,.T.);
#12341 = EDGE_LOOP('',(#12342,#12369,#12378,#12387,#12396,#12421));
#12342 = ORIENTED_EDGE('',*,*,#12343,.T.);
#12343 = EDGE_CURVE('',#11450,#12344,#12346,.T.);
#12344 = VERTEX_POINT('',#12345);
#12345 = CARTESIAN_POINT('',(12.954,-1.3335,-14.859));
#12346 = B_SPLINE_CURVE_WITH_KNOTS('',3,(#12347,#12348,#12349,#12350,
    #12351,#12352,#12353,#12354,#12355,#12356,#12357,#12358,#12359,
    #12360,#12361,#12362,#12363,#12364,#12365,#12366,#12367,#12368),
  .UNSPECIFIED.,.F.,.F.,(4,1,1,1,1,1,1,1,1,1,1,1,1,1,1,1,1,1,1,4),(0.,
    5.263157894737E-02,0.105263157895,0.157894736842,0.21052631579,
    0.263157894737,0.315789473684,0.368421052632,0.421052631579,
    0.473684210526,0.526315789474,0.578947368421,0.631578947368,
    0.684210526316,0.736842105263,0.789473684211,0.842105263158,
    0.894736842105,0.947368421053,1.),.UNSPECIFIED.);
#12347 = CARTESIAN_POINT('',(13.716,-2.553458096386,-14.097));
#12348 = CARTESIAN_POINT('',(13.6871263387,-2.518253601367,-14.097));
#12349 = CARTESIAN_POINT('',(13.62847564685,-2.445362119517,
    -14.10028261158));
#12350 = CARTESIAN_POINT('',(13.53903063412,-2.328864372821,
    -14.11594058666));
#12351 = CARTESIAN_POINT('',(13.45020482998,-2.20708516805,
    -14.14281607886));
#12352 = CARTESIAN_POINT('',(13.3658575159,-2.084660175296,
    -14.18028676723));
#12353 = CARTESIAN_POINT('',(13.293875209,-1.974070503301,
    -14.22292559871));
#12354 = CARTESIAN_POINT('',(13.23095385578,-1.872153702854,
    -14.26963835786));
#12355 = CARTESIAN_POINT('',(13.17523459772,-1.776991336839,
    -14.32047611185));
#12356 = CARTESIAN_POINT('',(13.12806071296,-1.692172765844,
    -14.37272290961));
#12357 = CARTESIAN_POINT('',(13.08962368381,-1.619783212257,
    -14.42363674328));
#12358 = CARTESIAN_POINT('',(13.05782556486,-1.55738326211,
    -14.47358278564));
#12359 = CARTESIAN_POINT('',(13.03148937713,-1.503745924066,
    -14.52273925017));
#12360 = CARTESIAN_POINT('',(13.00988316865,-1.458269738125,
    -14.57103465446));
#12361 = CARTESIAN_POINT('',(12.99267351431,-1.421003281387,
    -14.61773403841));
#12362 = CARTESIAN_POINT('',(12.97948603243,-1.391774256966,
    -14.66191313724));
#12363 = CARTESIAN_POINT('',(12.96966083815,-1.369598355287,
    -14.70346047863));
#12364 = CARTESIAN_POINT('',(12.96247617673,-1.353156434716,
    -14.74334996905));
#12365 = CARTESIAN_POINT('',(12.95753932146,-1.341742332794,
    -14.78232256664));
#12366 = CARTESIAN_POINT('',(12.95464836559,-1.335015319141,
    -14.82054853063));
#12367 = CARTESIAN_POINT('',(12.95400194018,-1.333501847793,
    -14.84620579834));
#12368 = CARTESIAN_POINT('',(12.954,-1.3335,-14.859));
#12369 = ORIENTED_EDGE('',*,*,#12370,.F.);
#12370 = EDGE_CURVE('',#12371,#12344,#12373,.T.);
#12371 = VERTEX_POINT('',#12372);
#12372 = CARTESIAN_POINT('',(12.3825,0.,-14.859));
#12373 = CIRCLE('',#12374,1.8415);
#12374 = AXIS2_PLACEMENT_3D('',#12375,#12376,#12377);
#12375 = CARTESIAN_POINT('',(14.224,0.,-14.859));
#12376 = DIRECTION('',(0.,0.,1.));
#12377 = DIRECTION('',(-1.,0.,0.));
#12378 = ORIENTED_EDGE('',*,*,#12379,.F.);
#12379 = EDGE_CURVE('',#12380,#12371,#12382,.T.);
#12380 = VERTEX_POINT('',#12381);
#12381 = CARTESIAN_POINT('',(16.0655,0.,-14.859));
#12382 = CIRCLE('',#12383,1.8415);
#12383 = AXIS2_PLACEMENT_3D('',#12384,#12385,#12386);
#12384 = CARTESIAN_POINT('',(14.224,0.,-14.859));
#12385 = DIRECTION('',(0.,0.,1.));
#12386 = DIRECTION('',(1.,0.,-0.));
#12387 = ORIENTED_EDGE('',*,*,#12388,.F.);
#12388 = EDGE_CURVE('',#12389,#12380,#12391,.T.);
#12389 = VERTEX_POINT('',#12390);
#12390 = CARTESIAN_POINT('',(15.494,-1.3335,-14.859));
#12391 = CIRCLE('',#12392,1.8415);
#12392 = AXIS2_PLACEMENT_3D('',#12393,#12394,#12395);
#12393 = CARTESIAN_POINT('',(14.224,0.,-14.859));
#12394 = DIRECTION('',(0.,0.,1.));
#12395 = DIRECTION('',(0.689655172414,-0.724137931034,0.));
#12396 = ORIENTED_EDGE('',*,*,#12397,.T.);
#12397 = EDGE_CURVE('',#12389,#11452,#12398,.T.);
#12398 = B_SPLINE_CURVE_WITH_KNOTS('',3,(#12399,#12400,#12401,#12402,
    #12403,#12404,#12405,#12406,#12407,#12408,#12409,#12410,#12411,
    #12412,#12413,#12414,#12415,#12416,#12417,#12418,#12419,#12420),
  .UNSPECIFIED.,.F.,.F.,(4,1,1,1,1,1,1,1,1,1,1,1,1,1,1,1,1,1,1,4),(0.,
    5.263157894737E-02,0.105263157895,0.157894736842,0.21052631579,
    0.263157894737,0.315789473684,0.368421052632,0.421052631579,
    0.473684210526,0.526315789474,0.578947368421,0.631578947368,
    0.684210526316,0.736842105263,0.789473684211,0.842105263158,
    0.894736842105,0.947368421053,1.),.UNSPECIFIED.);
#12399 = CARTESIAN_POINT('',(15.494,-1.3335,-14.859));
#12400 = CARTESIAN_POINT('',(15.49399785267,-1.333502045073,
    -14.84619465235));
#12401 = CARTESIAN_POINT('',(15.49335063649,-1.335017784881,
    -14.82051766509));
#12402 = CARTESIAN_POINT('',(15.49045541643,-1.341754523897,
    -14.78226775783));
#12403 = CARTESIAN_POINT('',(15.48551381876,-1.3531794869,
    -14.74328380196));
#12404 = CARTESIAN_POINT('',(15.47832408113,-1.369632664512,
    -14.70338749901));
#12405 = CARTESIAN_POINT('',(15.46849245837,-1.391822457237,
    -14.66183170379));
#12406 = CARTESIAN_POINT('',(15.4552956798,-1.421070849709,
    -14.61764133198));
#12407 = CARTESIAN_POINT('',(15.43807957704,-1.458349368055,
    -14.57094287444));
#12408 = CARTESIAN_POINT('',(15.41645648597,-1.503858552792,
    -14.52262662052));
#12409 = CARTESIAN_POINT('',(15.3900910337,-1.557550189576,
    -14.47343988232));
#12410 = CARTESIAN_POINT('',(15.35829032273,-1.619948417782,
    -14.42351357422));
#12411 = CARTESIAN_POINT('',(15.31984128637,-1.692353141395,
    -14.37260438395));
#12412 = CARTESIAN_POINT('',(15.27266966496,-1.777158242871,
    -14.32038187639));
#12413 = CARTESIAN_POINT('',(15.21698681925,-1.872250762176,
    -14.26959258499));
#12414 = CARTESIAN_POINT('',(15.15411536786,-1.974084169091,
    -14.22292147688));
#12415 = CARTESIAN_POINT('',(15.08215581608,-2.084640259499,
    -14.18029363115));
#12416 = CARTESIAN_POINT('',(14.997789689,-2.207093869403,
    -14.14281247612));
#12417 = CARTESIAN_POINT('',(14.90892242289,-2.328927778905,
    -14.11592753065));
#12418 = CARTESIAN_POINT('',(14.81944849356,-2.445459475403,
    -14.10027423009));
#12419 = CARTESIAN_POINT('',(14.76083815313,-2.518294538405,-14.097));
#12420 = CARTESIAN_POINT('',(14.732,-2.553458096386,-14.097));
#12421 = ORIENTED_EDGE('',*,*,#11449,.F.);
#12422 = TOROIDAL_SURFACE('',#12423,2.6035,0.762);
#12423 = AXIS2_PLACEMENT_3D('',#12424,#12425,#12426);
#12424 = CARTESIAN_POINT('',(14.224,0.,-14.859));
#12425 = DIRECTION('',(0.,0.,1.));
#12426 = DIRECTION('',(-1.,0.,0.));
#12427 = ADVANCED_FACE('',(#12428),#12440,.T.);
#12428 = FACE_BOUND('',#12429,.T.);
#12429 = EDGE_LOOP('',(#12430,#12431,#12432,#12433));
#12430 = ORIENTED_EDGE('',*,*,#12343,.F.);
#12431 = ORIENTED_EDGE('',*,*,#11460,.T.);
#12432 = ORIENTED_EDGE('',*,*,#12397,.F.);
#12433 = ORIENTED_EDGE('',*,*,#12434,.T.);
#12434 = EDGE_CURVE('',#12389,#12344,#12435,.T.);
#12435 = CIRCLE('',#12436,1.8415);
#12436 = AXIS2_PLACEMENT_3D('',#12437,#12438,#12439);
#12437 = CARTESIAN_POINT('',(14.224,0.,-14.859));
#12438 = DIRECTION('',(0.,0.,-1.));
#12439 = DIRECTION('',(0.689655172414,-0.724137931034,0.));
#12440 = TOROIDAL_SURFACE('',#12441,2.6035,0.762);
#12441 = AXIS2_PLACEMENT_3D('',#12442,#12443,#12444);
#12442 = CARTESIAN_POINT('',(14.224,0.,-14.859));
#12443 = DIRECTION('',(0.,0.,1.));
#12444 = DIRECTION('',(-1.,0.,0.));
#12445 = ADVANCED_FACE('',(#12446),#12474,.F.);
#12446 = FACE_BOUND('',#12447,.F.);
#12447 = EDGE_LOOP('',(#12448,#12456,#12457,#12458,#12459,#12467));
#12448 = ORIENTED_EDGE('',*,*,#12449,.T.);
#12449 = EDGE_CURVE('',#12450,#12380,#12452,.T.);
#12450 = VERTEX_POINT('',#12451);
#12451 = CARTESIAN_POINT('',(16.0655,0.,-15.096998));
#12452 = LINE('',#12453,#12454);
#12453 = CARTESIAN_POINT('',(16.0655,0.,-15.096998));
#12454 = VECTOR('',#12455,1.);
#12455 = DIRECTION('',(0.,0.,1.));
#12456 = ORIENTED_EDGE('',*,*,#12388,.F.);
#12457 = ORIENTED_EDGE('',*,*,#12434,.T.);
#12458 = ORIENTED_EDGE('',*,*,#12370,.F.);
#12459 = ORIENTED_EDGE('',*,*,#12460,.F.);
#12460 = EDGE_CURVE('',#12461,#12371,#12463,.T.);
#12461 = VERTEX_POINT('',#12462);
#12462 = CARTESIAN_POINT('',(12.3825,0.,-15.096998));
#12463 = LINE('',#12464,#12465);
#12464 = CARTESIAN_POINT('',(12.3825,0.,-15.096998));
#12465 = VECTOR('',#12466,1.);
#12466 = DIRECTION('',(0.,0.,1.));
#12467 = ORIENTED_EDGE('',*,*,#12468,.F.);
#12468 = EDGE_CURVE('',#12450,#12461,#12469,.T.);
#12469 = CIRCLE('',#12470,1.8415);
#12470 = AXIS2_PLACEMENT_3D('',#12471,#12472,#12473);
#12471 = CARTESIAN_POINT('',(14.224,0.,-15.096998));
#12472 = DIRECTION('',(0.,0.,-1.));
#12473 = DIRECTION('',(1.,0.,0.));
#12474 = CYLINDRICAL_SURFACE('',#12475,1.8415);
#12475 = AXIS2_PLACEMENT_3D('',#12476,#12477,#12478);
#12476 = CARTESIAN_POINT('',(14.224,0.,-14.0470001));
#12477 = DIRECTION('',(0.,0.,1.));
#12478 = DIRECTION('',(-1.,0.,0.));
#12479 = ADVANCED_FACE('',(#12480),#12492,.F.);
#12480 = FACE_BOUND('',#12481,.F.);
#12481 = EDGE_LOOP('',(#12482,#12483,#12490,#12491));
#12482 = ORIENTED_EDGE('',*,*,#12449,.F.);
#12483 = ORIENTED_EDGE('',*,*,#12484,.T.);
#12484 = EDGE_CURVE('',#12450,#12461,#12485,.T.);
#12485 = CIRCLE('',#12486,1.8415);
#12486 = AXIS2_PLACEMENT_3D('',#12487,#12488,#12489);
#12487 = CARTESIAN_POINT('',(14.224,0.,-15.096998));
#12488 = DIRECTION('',(0.,0.,1.));
#12489 = DIRECTION('',(1.,0.,-0.));
#12490 = ORIENTED_EDGE('',*,*,#12460,.T.);
#12491 = ORIENTED_EDGE('',*,*,#12379,.F.);
#12492 = CYLINDRICAL_SURFACE('',#12493,1.8415);
#12493 = AXIS2_PLACEMENT_3D('',#12494,#12495,#12496);
#12494 = CARTESIAN_POINT('',(14.224,0.,-14.0470001));
#12495 = DIRECTION('',(0.,0.,1.));
#12496 = DIRECTION('',(-1.,0.,0.));
#12497 = ADVANCED_FACE('',(#12498),#12502,.T.);
#12498 = FACE_BOUND('',#12499,.F.);
#12499 = EDGE_LOOP('',(#12500,#12501));
#12500 = ORIENTED_EDGE('',*,*,#12468,.T.);
#12501 = ORIENTED_EDGE('',*,*,#12484,.F.);
#12502 = PLANE('',#12503);
#12503 = AXIS2_PLACEMENT_3D('',#12504,#12505,#12506);
#12504 = CARTESIAN_POINT('',(14.224,0.,-15.096998));
#12505 = DIRECTION('',(0.,0.,1.));
#12506 = DIRECTION('',(-1.,0.,0.));
#12507 = ADVANCED_FACE('',(#12508),#12533,.T.);
#12508 = FACE_BOUND('',#12509,.F.);
#12509 = EDGE_LOOP('',(#12510,#12511,#12519,#12527));
#12510 = ORIENTED_EDGE('',*,*,#815,.F.);
#12511 = ORIENTED_EDGE('',*,*,#12512,.T.);
#12512 = EDGE_CURVE('',#816,#12513,#12515,.T.);
#12513 = VERTEX_POINT('',#12514);
#12514 = CARTESIAN_POINT('',(-0.463550007093,6.2103,-19.6215));
#12515 = LINE('',#12516,#12517);
#12516 = CARTESIAN_POINT('',(-0.463550007093,6.2103,-19.812));
#12517 = VECTOR('',#12518,1.);
#12518 = DIRECTION('',(0.,0.,1.));
#12519 = ORIENTED_EDGE('',*,*,#12520,.T.);
#12520 = EDGE_CURVE('',#12513,#12521,#12523,.T.);
#12521 = VERTEX_POINT('',#12522);
#12522 = CARTESIAN_POINT('',(-0.463550007093,7.9883,-19.6215));
#12523 = LINE('',#12524,#12525);
#12524 = CARTESIAN_POINT('',(-0.463550007093,6.2103,-19.6215));
#12525 = VECTOR('',#12526,1.);
#12526 = DIRECTION('',(0.,1.,0.));
#12527 = ORIENTED_EDGE('',*,*,#12528,.F.);
#12528 = EDGE_CURVE('',#818,#12521,#12529,.T.);
#12529 = LINE('',#12530,#12531);
#12530 = CARTESIAN_POINT('',(-0.463550007093,7.9883,-19.812));
#12531 = VECTOR('',#12532,1.);
#12532 = DIRECTION('',(0.,0.,1.));
#12533 = PLANE('',#12534);
#12534 = AXIS2_PLACEMENT_3D('',#12535,#12536,#12537);
#12535 = CARTESIAN_POINT('',(-0.463550007093,6.2103,-19.812));
#12536 = DIRECTION('',(1.,0.,0.));
#12537 = DIRECTION('',(-0.,1.,0.));
#12538 = ADVANCED_FACE('',(#12539),#12557,.T.);
#12539 = FACE_BOUND('',#12540,.F.);
#12540 = EDGE_LOOP('',(#12541,#12542,#12550,#12556));
#12541 = ORIENTED_EDGE('',*,*,#865,.F.);
#12542 = ORIENTED_EDGE('',*,*,#12543,.T.);
#12543 = EDGE_CURVE('',#858,#12544,#12546,.T.);
#12544 = VERTEX_POINT('',#12545);
#12545 = CARTESIAN_POINT('',(-0.685800007093,6.2103,-19.6215));
#12546 = LINE('',#12547,#12548);
#12547 = CARTESIAN_POINT('',(-0.685800007093,6.2103,-19.812));
#12548 = VECTOR('',#12549,1.);
#12549 = DIRECTION('',(0.,0.,1.));
#12550 = ORIENTED_EDGE('',*,*,#12551,.T.);
#12551 = EDGE_CURVE('',#12544,#12513,#12552,.T.);
#12552 = LINE('',#12553,#12554);
#12553 = CARTESIAN_POINT('',(-0.685800007093,6.2103,-19.6215));
#12554 = VECTOR('',#12555,1.);
#12555 = DIRECTION('',(1.,0.,0.));
#12556 = ORIENTED_EDGE('',*,*,#12512,.F.);
#12557 = PLANE('',#12558);
#12558 = AXIS2_PLACEMENT_3D('',#12559,#12560,#12561);
#12559 = CARTESIAN_POINT('',(-0.685800007093,6.2103,-19.812));
#12560 = DIRECTION('',(0.,-1.,0.));
#12561 = DIRECTION('',(1.,0.,0.));
#12562 = ADVANCED_FACE('',(#12563),#12581,.T.);
#12563 = FACE_BOUND('',#12564,.F.);
#12564 = EDGE_LOOP('',(#12565,#12566,#12574,#12580));
#12565 = ORIENTED_EDGE('',*,*,#857,.F.);
#12566 = ORIENTED_EDGE('',*,*,#12567,.T.);
#12567 = EDGE_CURVE('',#850,#12568,#12570,.T.);
#12568 = VERTEX_POINT('',#12569);
#12569 = CARTESIAN_POINT('',(-0.685800007093,7.685661738205,-19.6215));
#12570 = LINE('',#12571,#12572);
#12571 = CARTESIAN_POINT('',(-0.685800007093,7.685661738205,-19.812));
#12572 = VECTOR('',#12573,1.);
#12573 = DIRECTION('',(0.,0.,1.));
#12574 = ORIENTED_EDGE('',*,*,#12575,.T.);
#12575 = EDGE_CURVE('',#12568,#12544,#12576,.T.);
#12576 = LINE('',#12577,#12578);
#12577 = CARTESIAN_POINT('',(-0.685800007093,7.685661738205,-19.6215));
#12578 = VECTOR('',#12579,1.);
#12579 = DIRECTION('',(0.,-1.,0.));
#12580 = ORIENTED_EDGE('',*,*,#12543,.F.);
#12581 = PLANE('',#12582);
#12582 = AXIS2_PLACEMENT_3D('',#12583,#12584,#12585);
#12583 = CARTESIAN_POINT('',(-0.685800007093,7.685661738205,-19.812));
#12584 = DIRECTION('',(-1.,0.,0.));
#12585 = DIRECTION('',(0.,-1.,0.));
#12586 = ADVANCED_FACE('',(#12587),#12605,.T.);
#12587 = FACE_BOUND('',#12588,.F.);
#12588 = EDGE_LOOP('',(#12589,#12590,#12598,#12604));
#12589 = ORIENTED_EDGE('',*,*,#849,.F.);
#12590 = ORIENTED_EDGE('',*,*,#12591,.T.);
#12591 = EDGE_CURVE('',#842,#12592,#12594,.T.);
#12592 = VERTEX_POINT('',#12593);
#12593 = CARTESIAN_POINT('',(-0.908050007093,7.420853153157,-19.6215));
#12594 = LINE('',#12595,#12596);
#12595 = CARTESIAN_POINT('',(-0.908050007093,7.420853153157,-19.812));
#12596 = VECTOR('',#12597,1.);
#12597 = DIRECTION('',(0.,0.,1.));
#12598 = ORIENTED_EDGE('',*,*,#12599,.T.);
#12599 = EDGE_CURVE('',#12592,#12568,#12600,.T.);
#12600 = LINE('',#12601,#12602);
#12601 = CARTESIAN_POINT('',(-0.908050007093,7.420853153157,-19.6215));
#12602 = VECTOR('',#12603,1.);
#12603 = DIRECTION('',(0.642871142764,0.765974342782,0.));
#12604 = ORIENTED_EDGE('',*,*,#12567,.F.);
#12605 = PLANE('',#12606);
#12606 = AXIS2_PLACEMENT_3D('',#12607,#12608,#12609);
#12607 = CARTESIAN_POINT('',(-0.908050007093,7.420853153157,-19.812));
#12608 = DIRECTION('',(0.765974342782,-0.642871142764,0.));
#12609 = DIRECTION('',(0.642871142764,0.765974342782,0.));
#12610 = ADVANCED_FACE('',(#12611),#12629,.T.);
#12611 = FACE_BOUND('',#12612,.F.);
#12612 = EDGE_LOOP('',(#12613,#12614,#12622,#12628));
#12613 = ORIENTED_EDGE('',*,*,#841,.F.);
#12614 = ORIENTED_EDGE('',*,*,#12615,.T.);
#12615 = EDGE_CURVE('',#834,#12616,#12618,.T.);
#12616 = VERTEX_POINT('',#12617);
#12617 = CARTESIAN_POINT('',(-0.908050007093,7.723491520929,-19.6215));
#12618 = LINE('',#12619,#12620);
#12619 = CARTESIAN_POINT('',(-0.908050007093,7.723491520929,-19.812));
#12620 = VECTOR('',#12621,1.);
#12621 = DIRECTION('',(0.,0.,1.));
#12622 = ORIENTED_EDGE('',*,*,#12623,.T.);
#12623 = EDGE_CURVE('',#12616,#12592,#12624,.T.);
#12624 = LINE('',#12625,#12626);
#12625 = CARTESIAN_POINT('',(-0.908050007093,7.723491520929,-19.6215));
#12626 = VECTOR('',#12627,1.);
#12627 = DIRECTION('',(0.,-1.,0.));
#12628 = ORIENTED_EDGE('',*,*,#12591,.F.);
#12629 = PLANE('',#12630);
#12630 = AXIS2_PLACEMENT_3D('',#12631,#12632,#12633);
#12631 = CARTESIAN_POINT('',(-0.908050007093,7.723491520929,-19.812));
#12632 = DIRECTION('',(-1.,0.,0.));
#12633 = DIRECTION('',(0.,-1.,0.));
#12634 = ADVANCED_FACE('',(#12635),#12653,.T.);
#12635 = FACE_BOUND('',#12636,.F.);
#12636 = EDGE_LOOP('',(#12637,#12638,#12646,#12652));
#12637 = ORIENTED_EDGE('',*,*,#833,.F.);
#12638 = ORIENTED_EDGE('',*,*,#12639,.T.);
#12639 = EDGE_CURVE('',#826,#12640,#12642,.T.);
#12640 = VERTEX_POINT('',#12641);
#12641 = CARTESIAN_POINT('',(-0.685800007093,7.9883,-19.6215));
#12642 = LINE('',#12643,#12644);
#12643 = CARTESIAN_POINT('',(-0.685800007093,7.9883,-19.812));
#12644 = VECTOR('',#12645,1.);
#12645 = DIRECTION('',(0.,0.,1.));
#12646 = ORIENTED_EDGE('',*,*,#12647,.T.);
#12647 = EDGE_CURVE('',#12640,#12616,#12648,.T.);
#12648 = LINE('',#12649,#12650);
#12649 = CARTESIAN_POINT('',(-0.685800007093,7.9883,-19.6215));
#12650 = VECTOR('',#12651,1.);
#12651 = DIRECTION('',(-0.642871293714,-0.765974216093,0.));
#12652 = ORIENTED_EDGE('',*,*,#12615,.F.);
#12653 = PLANE('',#12654);
#12654 = AXIS2_PLACEMENT_3D('',#12655,#12656,#12657);
#12655 = CARTESIAN_POINT('',(-0.685800007093,7.9883,-19.812));
#12656 = DIRECTION('',(-0.765974216093,0.642871293714,0.));
#12657 = DIRECTION('',(-0.642871293714,-0.765974216093,0.));
#12658 = ADVANCED_FACE('',(#12659),#12670,.T.);
#12659 = FACE_BOUND('',#12660,.F.);
#12660 = EDGE_LOOP('',(#12661,#12662,#12663,#12669));
#12661 = ORIENTED_EDGE('',*,*,#825,.F.);
#12662 = ORIENTED_EDGE('',*,*,#12528,.T.);
#12663 = ORIENTED_EDGE('',*,*,#12664,.T.);
#12664 = EDGE_CURVE('',#12521,#12640,#12665,.T.);
#12665 = LINE('',#12666,#12667);
#12666 = CARTESIAN_POINT('',(-0.463550007093,7.9883,-19.6215));
#12667 = VECTOR('',#12668,1.);
#12668 = DIRECTION('',(-1.,0.,0.));
#12669 = ORIENTED_EDGE('',*,*,#12639,.F.);
#12670 = PLANE('',#12671);
#12671 = AXIS2_PLACEMENT_3D('',#12672,#12673,#12674);
#12672 = CARTESIAN_POINT('',(-0.463550007093,7.9883,-19.812));
#12673 = DIRECTION('',(0.,1.,0.));
#12674 = DIRECTION('',(-1.,0.,0.));
#12675 = ADVANCED_FACE('',(#12676),#12685,.T.);
#12676 = FACE_BOUND('',#12677,.F.);
#12677 = EDGE_LOOP('',(#12678,#12679,#12680,#12681,#12682,#12683,#12684)
  );
#12678 = ORIENTED_EDGE('',*,*,#12520,.F.);
#12679 = ORIENTED_EDGE('',*,*,#12551,.F.);
#12680 = ORIENTED_EDGE('',*,*,#12575,.F.);
#12681 = ORIENTED_EDGE('',*,*,#12599,.F.);
#12682 = ORIENTED_EDGE('',*,*,#12623,.F.);
#12683 = ORIENTED_EDGE('',*,*,#12647,.F.);
#12684 = ORIENTED_EDGE('',*,*,#12664,.F.);
#12685 = PLANE('',#12686);
#12686 = AXIS2_PLACEMENT_3D('',#12687,#12688,#12689);
#12687 = CARTESIAN_POINT('',(0.,0.,-19.6215));
#12688 = DIRECTION('',(0.,0.,1.));
#12689 = DIRECTION('',(1.,0.,-0.));
#12690 = ADVANCED_FACE('',(#12691,#12781),#12807,.T.);
#12691 = FACE_BOUND('',#12692,.F.);
#12692 = EDGE_LOOP('',(#12693,#12703,#12711,#12719,#12727,#12735,#12743,
    #12751,#12759,#12767,#12775));
#12693 = ORIENTED_EDGE('',*,*,#12694,.F.);
#12694 = EDGE_CURVE('',#12695,#12697,#12699,.T.);
#12695 = VERTEX_POINT('',#12696);
#12696 = CARTESIAN_POINT('',(-0.537633342075,-6.2103,-19.6215));
#12697 = VERTEX_POINT('',#12698);
#12698 = CARTESIAN_POINT('',(-1.426633342075,-7.231704239535,-19.6215));
#12699 = LINE('',#12700,#12701);
#12700 = CARTESIAN_POINT('',(-0.537633342075,-6.2103,-19.6215));
#12701 = VECTOR('',#12702,1.);
#12702 = DIRECTION('',(-0.656524483796,-0.754304714407,0.));
#12703 = ORIENTED_EDGE('',*,*,#12704,.F.);
#12704 = EDGE_CURVE('',#12705,#12695,#12707,.T.);
#12705 = VERTEX_POINT('',#12706);
#12706 = CARTESIAN_POINT('',(-0.315383342075,-6.2103,-19.6215));
#12707 = LINE('',#12708,#12709);
#12708 = CARTESIAN_POINT('',(-0.315383342075,-6.2103,-19.6215));
#12709 = VECTOR('',#12710,1.);
#12710 = DIRECTION('',(-1.,0.,0.));
#12711 = ORIENTED_EDGE('',*,*,#12712,.F.);
#12712 = EDGE_CURVE('',#12713,#12705,#12715,.T.);
#12713 = VERTEX_POINT('',#12714);
#12714 = CARTESIAN_POINT('',(-0.315383342075,-7.231704239535,-19.6215));
#12715 = LINE('',#12716,#12717);
#12716 = CARTESIAN_POINT('',(-0.315383342075,-7.231704239535,-19.6215));
#12717 = VECTOR('',#12718,1.);
#12718 = DIRECTION('',(0.,1.,0.));
#12719 = ORIENTED_EDGE('',*,*,#12720,.F.);
#12720 = EDGE_CURVE('',#12721,#12713,#12723,.T.);
#12721 = VERTEX_POINT('',#12722);
#12722 = CARTESIAN_POINT('',(5.503328926563E-02,-7.231704239535,-19.6215
    ));
#12723 = LINE('',#12724,#12725);
#12724 = CARTESIAN_POINT('',(5.503328926563E-02,-7.231704239535,-19.6215
    ));
#12725 = VECTOR('',#12726,1.);
#12726 = DIRECTION('',(-1.,0.,0.));
#12727 = ORIENTED_EDGE('',*,*,#12728,.F.);
#12728 = EDGE_CURVE('',#12729,#12721,#12731,.T.);
#12729 = VERTEX_POINT('',#12730);
#12730 = CARTESIAN_POINT('',(5.503328926563E-02,-7.45868298887,-19.6215)
  );
#12731 = LINE('',#12732,#12733);
#12732 = CARTESIAN_POINT('',(5.503328926563E-02,-7.45868298887,-19.6215)
  );
#12733 = VECTOR('',#12734,1.);
#12734 = DIRECTION('',(0.,1.,0.));
#12735 = ORIENTED_EDGE('',*,*,#12736,.F.);
#12736 = EDGE_CURVE('',#12737,#12729,#12739,.T.);
#12737 = VERTEX_POINT('',#12738);
#12738 = CARTESIAN_POINT('',(-0.315383342075,-7.45868298887,-19.6215));
#12739 = LINE('',#12740,#12741);
#12740 = CARTESIAN_POINT('',(-0.315383342075,-7.45868298887,-19.6215));
#12741 = VECTOR('',#12742,1.);
#12742 = DIRECTION('',(1.,0.,0.));
#12743 = ORIENTED_EDGE('',*,*,#12744,.F.);
#12744 = EDGE_CURVE('',#12745,#12737,#12747,.T.);
#12745 = VERTEX_POINT('',#12746);
#12746 = CARTESIAN_POINT('',(-0.315383342075,-7.9883,-19.6215));
#12747 = LINE('',#12748,#12749);
#12748 = CARTESIAN_POINT('',(-0.315383342075,-7.9883,-19.6215));
#12749 = VECTOR('',#12750,1.);
#12750 = DIRECTION('',(0.,1.,0.));
#12751 = ORIENTED_EDGE('',*,*,#12752,.F.);
#12752 = EDGE_CURVE('',#12753,#12745,#12755,.T.);
#12753 = VERTEX_POINT('',#12754);
#12754 = CARTESIAN_POINT('',(-0.537633342075,-7.9883,-19.6215));
#12755 = LINE('',#12756,#12757);
#12756 = CARTESIAN_POINT('',(-0.537633342075,-7.9883,-19.6215));
#12757 = VECTOR('',#12758,1.);
#12758 = DIRECTION('',(1.,0.,0.));
#12759 = ORIENTED_EDGE('',*,*,#12760,.F.);
#12760 = EDGE_CURVE('',#12761,#12753,#12763,.T.);
#12761 = VERTEX_POINT('',#12762);
#12762 = CARTESIAN_POINT('',(-0.537633342075,-7.45868298887,-19.6215));
#12763 = LINE('',#12764,#12765);
#12764 = CARTESIAN_POINT('',(-0.537633342075,-7.45868298887,-19.6215));
#12765 = VECTOR('',#12766,1.);
#12766 = DIRECTION('',(0.,-1.,0.));
#12767 = ORIENTED_EDGE('',*,*,#12768,.F.);
#12768 = EDGE_CURVE('',#12769,#12761,#12771,.T.);
#12769 = VERTEX_POINT('',#12770);
#12770 = CARTESIAN_POINT('',(-1.426633342075,-7.45868298887,-19.6215));
#12771 = LINE('',#12772,#12773);
#12772 = CARTESIAN_POINT('',(-1.426633342075,-7.45868298887,-19.6215));
#12773 = VECTOR('',#12774,1.);
#12774 = DIRECTION('',(1.,0.,0.));
#12775 = ORIENTED_EDGE('',*,*,#12776,.F.);
#12776 = EDGE_CURVE('',#12697,#12769,#12777,.T.);
#12777 = LINE('',#12778,#12779);
#12778 = CARTESIAN_POINT('',(-1.426633342075,-7.231704239535,-19.6215));
#12779 = VECTOR('',#12780,1.);
#12780 = DIRECTION('',(0.,-1.,0.));
#12781 = FACE_BOUND('',#12782,.F.);
#12782 = EDGE_LOOP('',(#12783,#12793,#12801));
#12783 = ORIENTED_EDGE('',*,*,#12784,.F.);
#12784 = EDGE_CURVE('',#12785,#12787,#12789,.T.);
#12785 = VERTEX_POINT('',#12786);
#12786 = CARTESIAN_POINT('',(-1.16734168424,-7.231704239535,-19.6215));
#12787 = VERTEX_POINT('',#12788);
#12788 = CARTESIAN_POINT('',(-0.537633342075,-6.512938261795,-19.6215));
#12789 = LINE('',#12790,#12791);
#12790 = CARTESIAN_POINT('',(-1.16734168424,-7.231704239535,-19.6215));
#12791 = VECTOR('',#12792,1.);
#12792 = DIRECTION('',(0.658971588179,0.752167830988,0.));
#12793 = ORIENTED_EDGE('',*,*,#12794,.F.);
#12794 = EDGE_CURVE('',#12795,#12785,#12797,.T.);
#12795 = VERTEX_POINT('',#12796);
#12796 = CARTESIAN_POINT('',(-0.537633342075,-7.231704239535,-19.6215));
#12797 = LINE('',#12798,#12799);
#12798 = CARTESIAN_POINT('',(-0.537633342075,-7.231704239535,-19.6215));
#12799 = VECTOR('',#12800,1.);
#12800 = DIRECTION('',(-1.,0.,0.));
#12801 = ORIENTED_EDGE('',*,*,#12802,.F.);
#12802 = EDGE_CURVE('',#12787,#12795,#12803,.T.);
#12803 = LINE('',#12804,#12805);
#12804 = CARTESIAN_POINT('',(-0.537633342075,-6.512938261795,-19.6215));
#12805 = VECTOR('',#12806,1.);
#12806 = DIRECTION('',(0.,-1.,0.));
#12807 = PLANE('',#12808);
#12808 = AXIS2_PLACEMENT_3D('',#12809,#12810,#12811);
#12809 = CARTESIAN_POINT('',(0.,0.,-19.6215));
#12810 = DIRECTION('',(0.,0.,1.));
#12811 = DIRECTION('',(1.,0.,-0.));
#12812 = ADVANCED_FACE('',(#12813),#12829,.T.);
#12813 = FACE_BOUND('',#12814,.F.);
#12814 = EDGE_LOOP('',(#12815,#12816,#12822,#12823));
#12815 = ORIENTED_EDGE('',*,*,#873,.F.);
#12816 = ORIENTED_EDGE('',*,*,#12817,.T.);
#12817 = EDGE_CURVE('',#874,#12695,#12818,.T.);
#12818 = LINE('',#12819,#12820);
#12819 = CARTESIAN_POINT('',(-0.537633342075,-6.2103,-19.812));
#12820 = VECTOR('',#12821,1.);
#12821 = DIRECTION('',(0.,0.,1.));
#12822 = ORIENTED_EDGE('',*,*,#12694,.T.);
#12823 = ORIENTED_EDGE('',*,*,#12824,.F.);
#12824 = EDGE_CURVE('',#876,#12697,#12825,.T.);
#12825 = LINE('',#12826,#12827);
#12826 = CARTESIAN_POINT('',(-1.426633342075,-7.231704239535,-19.812));
#12827 = VECTOR('',#12828,1.);
#12828 = DIRECTION('',(0.,0.,1.));
#12829 = PLANE('',#12830);
#12830 = AXIS2_PLACEMENT_3D('',#12831,#12832,#12833);
#12831 = CARTESIAN_POINT('',(-0.537633342075,-6.2103,-19.812));
#12832 = DIRECTION('',(-0.754304714407,0.656524483796,0.));
#12833 = DIRECTION('',(-0.656524483796,-0.754304714407,0.));
#12834 = ADVANCED_FACE('',(#12835),#12846,.T.);
#12835 = FACE_BOUND('',#12836,.F.);
#12836 = EDGE_LOOP('',(#12837,#12838,#12844,#12845));
#12837 = ORIENTED_EDGE('',*,*,#955,.F.);
#12838 = ORIENTED_EDGE('',*,*,#12839,.T.);
#12839 = EDGE_CURVE('',#948,#12705,#12840,.T.);
#12840 = LINE('',#12841,#12842);
#12841 = CARTESIAN_POINT('',(-0.315383342075,-6.2103,-19.812));
#12842 = VECTOR('',#12843,1.);
#12843 = DIRECTION('',(0.,0.,1.));
#12844 = ORIENTED_EDGE('',*,*,#12704,.T.);
#12845 = ORIENTED_EDGE('',*,*,#12817,.F.);
#12846 = PLANE('',#12847);
#12847 = AXIS2_PLACEMENT_3D('',#12848,#12849,#12850);
#12848 = CARTESIAN_POINT('',(-0.315383342075,-6.2103,-19.812));
#12849 = DIRECTION('',(0.,1.,0.));
#12850 = DIRECTION('',(-1.,0.,0.));
#12851 = ADVANCED_FACE('',(#12852),#12863,.T.);
#12852 = FACE_BOUND('',#12853,.F.);
#12853 = EDGE_LOOP('',(#12854,#12855,#12861,#12862));
#12854 = ORIENTED_EDGE('',*,*,#947,.F.);
#12855 = ORIENTED_EDGE('',*,*,#12856,.T.);
#12856 = EDGE_CURVE('',#940,#12713,#12857,.T.);
#12857 = LINE('',#12858,#12859);
#12858 = CARTESIAN_POINT('',(-0.315383342075,-7.231704239535,-19.812));
#12859 = VECTOR('',#12860,1.);
#12860 = DIRECTION('',(0.,0.,1.));
#12861 = ORIENTED_EDGE('',*,*,#12712,.T.);
#12862 = ORIENTED_EDGE('',*,*,#12839,.F.);
#12863 = PLANE('',#12864);
#12864 = AXIS2_PLACEMENT_3D('',#12865,#12866,#12867);
#12865 = CARTESIAN_POINT('',(-0.315383342075,-7.231704239535,-19.812));
#12866 = DIRECTION('',(1.,0.,0.));
#12867 = DIRECTION('',(-0.,1.,0.));
#12868 = ADVANCED_FACE('',(#12869),#12880,.T.);
#12869 = FACE_BOUND('',#12870,.F.);
#12870 = EDGE_LOOP('',(#12871,#12872,#12878,#12879));
#12871 = ORIENTED_EDGE('',*,*,#939,.F.);
#12872 = ORIENTED_EDGE('',*,*,#12873,.T.);
#12873 = EDGE_CURVE('',#932,#12721,#12874,.T.);
#12874 = LINE('',#12875,#12876);
#12875 = CARTESIAN_POINT('',(5.503328926563E-02,-7.231704239535,-19.812)
  );
#12876 = VECTOR('',#12877,1.);
#12877 = DIRECTION('',(0.,0.,1.));
#12878 = ORIENTED_EDGE('',*,*,#12720,.T.);
#12879 = ORIENTED_EDGE('',*,*,#12856,.F.);
#12880 = PLANE('',#12881);
#12881 = AXIS2_PLACEMENT_3D('',#12882,#12883,#12884);
#12882 = CARTESIAN_POINT('',(5.503328926563E-02,-7.231704239535,-19.812)
  );
#12883 = DIRECTION('',(0.,1.,0.));
#12884 = DIRECTION('',(-1.,0.,0.));
#12885 = ADVANCED_FACE('',(#12886),#12897,.T.);
#12886 = FACE_BOUND('',#12887,.F.);
#12887 = EDGE_LOOP('',(#12888,#12889,#12895,#12896));
#12888 = ORIENTED_EDGE('',*,*,#931,.F.);
#12889 = ORIENTED_EDGE('',*,*,#12890,.T.);
#12890 = EDGE_CURVE('',#924,#12729,#12891,.T.);
#12891 = LINE('',#12892,#12893);
#12892 = CARTESIAN_POINT('',(5.503328926563E-02,-7.45868298887,-19.812)
  );
#12893 = VECTOR('',#12894,1.);
#12894 = DIRECTION('',(0.,0.,1.));
#12895 = ORIENTED_EDGE('',*,*,#12728,.T.);
#12896 = ORIENTED_EDGE('',*,*,#12873,.F.);
#12897 = PLANE('',#12898);
#12898 = AXIS2_PLACEMENT_3D('',#12899,#12900,#12901);
#12899 = CARTESIAN_POINT('',(5.503328926563E-02,-7.45868298887,-19.812)
  );
#12900 = DIRECTION('',(1.,0.,0.));
#12901 = DIRECTION('',(-0.,1.,0.));
#12902 = ADVANCED_FACE('',(#12903),#12914,.T.);
#12903 = FACE_BOUND('',#12904,.F.);
#12904 = EDGE_LOOP('',(#12905,#12906,#12912,#12913));
#12905 = ORIENTED_EDGE('',*,*,#923,.F.);
#12906 = ORIENTED_EDGE('',*,*,#12907,.T.);
#12907 = EDGE_CURVE('',#916,#12737,#12908,.T.);
#12908 = LINE('',#12909,#12910);
#12909 = CARTESIAN_POINT('',(-0.315383342075,-7.45868298887,-19.812));
#12910 = VECTOR('',#12911,1.);
#12911 = DIRECTION('',(0.,0.,1.));
#12912 = ORIENTED_EDGE('',*,*,#12736,.T.);
#12913 = ORIENTED_EDGE('',*,*,#12890,.F.);
#12914 = PLANE('',#12915);
#12915 = AXIS2_PLACEMENT_3D('',#12916,#12917,#12918);
#12916 = CARTESIAN_POINT('',(-0.315383342075,-7.45868298887,-19.812));
#12917 = DIRECTION('',(0.,-1.,0.));
#12918 = DIRECTION('',(1.,0.,0.));
#12919 = ADVANCED_FACE('',(#12920),#12931,.T.);
#12920 = FACE_BOUND('',#12921,.F.);
#12921 = EDGE_LOOP('',(#12922,#12923,#12929,#12930));
#12922 = ORIENTED_EDGE('',*,*,#915,.F.);
#12923 = ORIENTED_EDGE('',*,*,#12924,.T.);
#12924 = EDGE_CURVE('',#908,#12745,#12925,.T.);
#12925 = LINE('',#12926,#12927);
#12926 = CARTESIAN_POINT('',(-0.315383342075,-7.9883,-19.812));
#12927 = VECTOR('',#12928,1.);
#12928 = DIRECTION('',(0.,0.,1.));
#12929 = ORIENTED_EDGE('',*,*,#12744,.T.);
#12930 = ORIENTED_EDGE('',*,*,#12907,.F.);
#12931 = PLANE('',#12932);
#12932 = AXIS2_PLACEMENT_3D('',#12933,#12934,#12935);
#12933 = CARTESIAN_POINT('',(-0.315383342075,-7.9883,-19.812));
#12934 = DIRECTION('',(1.,0.,0.));
#12935 = DIRECTION('',(-0.,1.,0.));
#12936 = ADVANCED_FACE('',(#12937),#12948,.T.);
#12937 = FACE_BOUND('',#12938,.F.);
#12938 = EDGE_LOOP('',(#12939,#12940,#12946,#12947));
#12939 = ORIENTED_EDGE('',*,*,#907,.F.);
#12940 = ORIENTED_EDGE('',*,*,#12941,.T.);
#12941 = EDGE_CURVE('',#900,#12753,#12942,.T.);
#12942 = LINE('',#12943,#12944);
#12943 = CARTESIAN_POINT('',(-0.537633342075,-7.9883,-19.812));
#12944 = VECTOR('',#12945,1.);
#12945 = DIRECTION('',(0.,0.,1.));
#12946 = ORIENTED_EDGE('',*,*,#12752,.T.);
#12947 = ORIENTED_EDGE('',*,*,#12924,.F.);
#12948 = PLANE('',#12949);
#12949 = AXIS2_PLACEMENT_3D('',#12950,#12951,#12952);
#12950 = CARTESIAN_POINT('',(-0.537633342075,-7.9883,-19.812));
#12951 = DIRECTION('',(0.,-1.,0.));
#12952 = DIRECTION('',(1.,0.,0.));
#12953 = ADVANCED_FACE('',(#12954),#12965,.T.);
#12954 = FACE_BOUND('',#12955,.F.);
#12955 = EDGE_LOOP('',(#12956,#12957,#12963,#12964));
#12956 = ORIENTED_EDGE('',*,*,#899,.F.);
#12957 = ORIENTED_EDGE('',*,*,#12958,.T.);
#12958 = EDGE_CURVE('',#892,#12761,#12959,.T.);
#12959 = LINE('',#12960,#12961);
#12960 = CARTESIAN_POINT('',(-0.537633342075,-7.45868298887,-19.812));
#12961 = VECTOR('',#12962,1.);
#12962 = DIRECTION('',(0.,0.,1.));
#12963 = ORIENTED_EDGE('',*,*,#12760,.T.);
#12964 = ORIENTED_EDGE('',*,*,#12941,.F.);
#12965 = PLANE('',#12966);
#12966 = AXIS2_PLACEMENT_3D('',#12967,#12968,#12969);
#12967 = CARTESIAN_POINT('',(-0.537633342075,-7.45868298887,-19.812));
#12968 = DIRECTION('',(-1.,0.,0.));
#12969 = DIRECTION('',(0.,-1.,0.));
#12970 = ADVANCED_FACE('',(#12971),#12982,.T.);
#12971 = FACE_BOUND('',#12972,.F.);
#12972 = EDGE_LOOP('',(#12973,#12974,#12980,#12981));
#12973 = ORIENTED_EDGE('',*,*,#891,.F.);
#12974 = ORIENTED_EDGE('',*,*,#12975,.T.);
#12975 = EDGE_CURVE('',#884,#12769,#12976,.T.);
#12976 = LINE('',#12977,#12978);
#12977 = CARTESIAN_POINT('',(-1.426633342075,-7.45868298887,-19.812));
#12978 = VECTOR('',#12979,1.);
#12979 = DIRECTION('',(0.,0.,1.));
#12980 = ORIENTED_EDGE('',*,*,#12768,.T.);
#12981 = ORIENTED_EDGE('',*,*,#12958,.F.);
#12982 = PLANE('',#12983);
#12983 = AXIS2_PLACEMENT_3D('',#12984,#12985,#12986);
#12984 = CARTESIAN_POINT('',(-1.426633342075,-7.45868298887,-19.812));
#12985 = DIRECTION('',(0.,-1.,0.));
#12986 = DIRECTION('',(1.,0.,0.));
#12987 = ADVANCED_FACE('',(#12988),#12994,.T.);
#12988 = FACE_BOUND('',#12989,.F.);
#12989 = EDGE_LOOP('',(#12990,#12991,#12992,#12993));
#12990 = ORIENTED_EDGE('',*,*,#883,.F.);
#12991 = ORIENTED_EDGE('',*,*,#12824,.T.);
#12992 = ORIENTED_EDGE('',*,*,#12776,.T.);
#12993 = ORIENTED_EDGE('',*,*,#12975,.F.);
#12994 = PLANE('',#12995);
#12995 = AXIS2_PLACEMENT_3D('',#12996,#12997,#12998);
#12996 = CARTESIAN_POINT('',(-1.426633342075,-7.231704239535,-19.812));
#12997 = DIRECTION('',(-1.,0.,0.));
#12998 = DIRECTION('',(0.,-1.,0.));
#12999 = ADVANCED_FACE('',(#13000),#13016,.T.);
#13000 = FACE_BOUND('',#13001,.F.);
#13001 = EDGE_LOOP('',(#13002,#13003,#13009,#13010));
#13002 = ORIENTED_EDGE('',*,*,#969,.F.);
#13003 = ORIENTED_EDGE('',*,*,#13004,.T.);
#13004 = EDGE_CURVE('',#970,#12785,#13005,.T.);
#13005 = LINE('',#13006,#13007);
#13006 = CARTESIAN_POINT('',(-1.16734168424,-7.231704239535,-19.812));
#13007 = VECTOR('',#13008,1.);
#13008 = DIRECTION('',(0.,0.,1.));
#13009 = ORIENTED_EDGE('',*,*,#12784,.T.);
#13010 = ORIENTED_EDGE('',*,*,#13011,.F.);
#13011 = EDGE_CURVE('',#972,#12787,#13012,.T.);
#13012 = LINE('',#13013,#13014);
#13013 = CARTESIAN_POINT('',(-0.537633342075,-6.512938261795,-19.812));
#13014 = VECTOR('',#13015,1.);
#13015 = DIRECTION('',(0.,0.,1.));
#13016 = PLANE('',#13017);
#13017 = AXIS2_PLACEMENT_3D('',#13018,#13019,#13020);
#13018 = CARTESIAN_POINT('',(-1.16734168424,-7.231704239535,-19.812));
#13019 = DIRECTION('',(0.752167830988,-0.658971588179,0.));
#13020 = DIRECTION('',(0.658971588179,0.752167830988,0.));
#13021 = ADVANCED_FACE('',(#13022),#13033,.T.);
#13022 = FACE_BOUND('',#13023,.F.);
#13023 = EDGE_LOOP('',(#13024,#13025,#13031,#13032));
#13024 = ORIENTED_EDGE('',*,*,#987,.F.);
#13025 = ORIENTED_EDGE('',*,*,#13026,.T.);
#13026 = EDGE_CURVE('',#980,#12795,#13027,.T.);
#13027 = LINE('',#13028,#13029);
#13028 = CARTESIAN_POINT('',(-0.537633342075,-7.231704239535,-19.812));
#13029 = VECTOR('',#13030,1.);
#13030 = DIRECTION('',(0.,0.,1.));
#13031 = ORIENTED_EDGE('',*,*,#12794,.T.);
#13032 = ORIENTED_EDGE('',*,*,#13004,.F.);
#13033 = PLANE('',#13034);
#13034 = AXIS2_PLACEMENT_3D('',#13035,#13036,#13037);
#13035 = CARTESIAN_POINT('',(-0.537633342075,-7.231704239535,-19.812));
#13036 = DIRECTION('',(0.,1.,0.));
#13037 = DIRECTION('',(-1.,0.,0.));
#13038 = ADVANCED_FACE('',(#13039),#13045,.T.);
#13039 = FACE_BOUND('',#13040,.F.);
#13040 = EDGE_LOOP('',(#13041,#13042,#13043,#13044));
#13041 = ORIENTED_EDGE('',*,*,#979,.F.);
#13042 = ORIENTED_EDGE('',*,*,#13011,.T.);
#13043 = ORIENTED_EDGE('',*,*,#12802,.T.);
#13044 = ORIENTED_EDGE('',*,*,#13026,.F.);
#13045 = PLANE('',#13046);
#13046 = AXIS2_PLACEMENT_3D('',#13047,#13048,#13049);
#13047 = CARTESIAN_POINT('',(-0.537633342075,-6.512938261795,-19.812));
#13048 = DIRECTION('',(-1.,0.,0.));
#13049 = DIRECTION('',(0.,-1.,0.));
#13050 = ( GEOMETRIC_REPRESENTATION_CONTEXT(3) 
GLOBAL_UNCERTAINTY_ASSIGNED_CONTEXT((#13054)) 
GLOBAL_UNIT_ASSIGNED_CONTEXT((#13051,#13052,#13053)) 
REPRESENTATION_CONTEXT('Context #1',
  '3D Context with UNIT and UNCERTAINTY') );
#13051 = ( LENGTH_UNIT() NAMED_UNIT(*) SI_UNIT(.MILLI.,.METRE.) );
#13052 = ( NAMED_UNIT(*) PLANE_ANGLE_UNIT() SI_UNIT($,.RADIAN.) );
#13053 = ( NAMED_UNIT(*) SI_UNIT($,.STERADIAN.) SOLID_ANGLE_UNIT() );
#13054 = UNCERTAINTY_MEASURE_WITH_UNIT(LENGTH_MEASURE(1.E-06),#13051,
  'distance_accuracy_value','confusion accuracy');
#13055 = PRODUCT_RELATED_PRODUCT_CATEGORY('part',$,(#7));
#13056 = REPRESENTATION('material name',(#13057),#13050);
#13057 = DESCRIPTIVE_REPRESENTATION_ITEM('COMMENTS','-');
#13058 = PROPERTY_DEFINITION('material property','material name',#5);
#13059 = PROPERTY_DEFINITION_REPRESENTATION(#13058,#13056);
#13060 = MECHANICAL_DESIGN_GEOMETRIC_PRESENTATION_REPRESENTATION('',(
    #13061,#13069,#13076,#13083,#13090,#13097,#13104,#13111,#13118,
    #13125,#13132,#13139,#13146,#13153,#13160,#13167,#13174,#13181,
    #13188,#13196,#13203,#13210,#13217,#13224,#13231,#13238,#13245,
    #13252,#13259,#13266,#13273,#13280,#13287,#13294,#13301,#13308,
    #13315,#13322,#13329,#13336,#13343,#13350,#13357,#13364,#13371,
    #13378,#13385,#13392,#13399,#13406,#13413,#13420,#13427,#13434,
    #13441,#13448,#13455,#13462,#13469,#13476,#13483,#13490,#13497,
    #13504,#13511,#13518,#13525,#13532,#13539,#13546,#13553,#13560,
    #13567,#13574,#13581,#13588,#13595,#13602,#13609,#13616,#13623,
    #13630,#13637,#13644,#13651,#13658,#13665,#13672,#13679,#13686,
    #13693,#13700,#13707,#13714,#13721,#13728,#13735,#13742,#13749,
    #13756,#13763,#13770,#13777,#13784,#13791,#13798,#13805,#13812,
    #13819,#13826,#13833,#13840,#13847,#13854,#13861,#13868,#13875,
    #13882,#13889,#13896,#13903,#13910,#13917,#13924,#13931,#13938,
    #13945,#13952,#13959,#13966,#13973,#13980,#13987,#13994,#14001,
    #14008,#14015,#14022,#14029,#14036,#14043,#14050,#14057,#14064,
    #14071,#14078,#14085,#14092,#14099,#14106,#14113,#14120,#14127,
    #14134,#14141,#14148,#14155,#14162,#14169,#14176,#14183,#14190,
    #14197,#14204,#14211,#14218,#14225,#14232,#14239,#14246,#14253,
    #14260,#14267,#14274,#14281,#14288,#14295,#14302,#14309,#14316,
    #14323,#14330,#14337,#14344,#14351,#14358,#14365,#14372,#14379,
    #14386,#14393,#14400,#14407,#14414,#14421,#14428,#14435,#14442,
    #14449,#14456,#14463,#14470,#14477,#14484,#14491,#14498,#14505,
    #14512,#14519,#14526,#14533,#14540,#14547,#14554,#14561,#14568,
    #14575,#14582,#14589,#14596,#14603,#14610,#14617,#14624,#14631,
    #14638,#14645,#14652,#14659,#14666,#14673,#14680,#14687,#14694,
    #14701,#14708,#14715,#14722,#14729,#14736,#14743,#14750,#14757,
    #14764,#14771,#14778,#14785,#14792,#14799,#14806,#14813,#14820,
    #14827,#14834,#14841,#14848,#14855,#14862,#14869,#14876,#14883,
    #14890,#14897,#14904,#14911,#14918,#14925,#14932,#14939,#14946,
    #14953,#14960,#14967,#14974,#14981,#14988,#14995,#15002,#15009,
    #15016,#15023,#15030,#15037,#15044,#15052,#15059,#15066,#15073,
    #15080,#15087,#15094,#15101,#15108,#15115,#15122,#15129,#15137,
    #15144,#15151,#15158,#15165,#15172,#15179,#15186,#15193,#15200,
    #15207,#15214,#15221,#15228,#15235,#15242,#15249,#15256,#15263,
    #15270,#15277,#15284,#15291,#15298,#15305,#15312,#15319,#15326,
    #15333,#15340,#15347,#15354,#15361,#15368,#15375,#15382,#15389,
    #15396,#15403,#15410,#15417,#15424,#15431,#15438,#15445,#15452,
    #15459,#15466,#15473,#15480,#15487,#15494,#15501,#15508,#15515,
    #15522,#15529,#15536,#15543,#15550,#15557,#15564,#15571,#15578,
    #15585,#15592,#15599,#15606,#15613,#15620,#15627,#15634,#15641),
  #13050);
#13061 = STYLED_ITEM('color',(#13062),#15);
#13062 = PRESENTATION_STYLE_ASSIGNMENT((#13063));
#13063 = SURFACE_STYLE_USAGE(.BOTH.,#13064);
#13064 = SURFACE_SIDE_STYLE('',(#13065));
#13065 = SURFACE_STYLE_FILL_AREA(#13066);
#13066 = FILL_AREA_STYLE('',(#13067));
#13067 = FILL_AREA_STYLE_COLOUR('',#13068);
#13068 = COLOUR_RGB('',0.55000000909,0.56000001326,0.580000000354);
#13069 = OVER_RIDING_STYLED_ITEM('overriding color',(#13070),#17,#13061
  );
#13070 = PRESENTATION_STYLE_ASSIGNMENT((#13071));
#13071 = SURFACE_STYLE_USAGE(.BOTH.,#13072);
#13072 = SURFACE_SIDE_STYLE('',(#13073));
#13073 = SURFACE_STYLE_FILL_AREA(#13074);
#13074 = FILL_AREA_STYLE('',(#13075));
#13075 = FILL_AREA_STYLE_COLOUR('',#13068);
#13076 = OVER_RIDING_STYLED_ITEM('overriding color',(#13077),#307,#13061
  );
#13077 = PRESENTATION_STYLE_ASSIGNMENT((#13078));
#13078 = SURFACE_STYLE_USAGE(.BOTH.,#13079);
#13079 = SURFACE_SIDE_STYLE('',(#13080));
#13080 = SURFACE_STYLE_FILL_AREA(#13081);
#13081 = FILL_AREA_STYLE('',(#13082));
#13082 = FILL_AREA_STYLE_COLOUR('',#13068);
#13083 = OVER_RIDING_STYLED_ITEM('overriding color',(#13084),#353,#13061
  );
#13084 = PRESENTATION_STYLE_ASSIGNMENT((#13085));
#13085 = SURFACE_STYLE_USAGE(.BOTH.,#13086);
#13086 = SURFACE_SIDE_STYLE('',(#13087));
#13087 = SURFACE_STYLE_FILL_AREA(#13088);
#13088 = FILL_AREA_STYLE('',(#13089));
#13089 = FILL_AREA_STYLE_COLOUR('',#13068);
#13090 = OVER_RIDING_STYLED_ITEM('overriding color',(#13091),#377,#13061
  );
#13091 = PRESENTATION_STYLE_ASSIGNMENT((#13092));
#13092 = SURFACE_STYLE_USAGE(.BOTH.,#13093);
#13093 = SURFACE_SIDE_STYLE('',(#13094));
#13094 = SURFACE_STYLE_FILL_AREA(#13095);
#13095 = FILL_AREA_STYLE('',(#13096));
#13096 = FILL_AREA_STYLE_COLOUR('',#13068);
#13097 = OVER_RIDING_STYLED_ITEM('overriding color',(#13098),#408,#13061
  );
#13098 = PRESENTATION_STYLE_ASSIGNMENT((#13099));
#13099 = SURFACE_STYLE_USAGE(.BOTH.,#13100);
#13100 = SURFACE_SIDE_STYLE('',(#13101));
#13101 = SURFACE_STYLE_FILL_AREA(#13102);
#13102 = FILL_AREA_STYLE('',(#13103));
#13103 = FILL_AREA_STYLE_COLOUR('',#13068);
#13104 = OVER_RIDING_STYLED_ITEM('overriding color',(#13105),#433,#13061
  );
#13105 = PRESENTATION_STYLE_ASSIGNMENT((#13106));
#13106 = SURFACE_STYLE_USAGE(.BOTH.,#13107);
#13107 = SURFACE_SIDE_STYLE('',(#13108));
#13108 = SURFACE_STYLE_FILL_AREA(#13109);
#13109 = FILL_AREA_STYLE('',(#13110));
#13110 = FILL_AREA_STYLE_COLOUR('',#13068);
#13111 = OVER_RIDING_STYLED_ITEM('overriding color',(#13112),#457,#13061
  );
#13112 = PRESENTATION_STYLE_ASSIGNMENT((#13113));
#13113 = SURFACE_STYLE_USAGE(.BOTH.,#13114);
#13114 = SURFACE_SIDE_STYLE('',(#13115));
#13115 = SURFACE_STYLE_FILL_AREA(#13116);
#13116 = FILL_AREA_STYLE('',(#13117));
#13117 = FILL_AREA_STYLE_COLOUR('',#13068);
#13118 = OVER_RIDING_STYLED_ITEM('overriding color',(#13119),#482,#13061
  );
#13119 = PRESENTATION_STYLE_ASSIGNMENT((#13120));
#13120 = SURFACE_STYLE_USAGE(.BOTH.,#13121);
#13121 = SURFACE_SIDE_STYLE('',(#13122));
#13122 = SURFACE_STYLE_FILL_AREA(#13123);
#13123 = FILL_AREA_STYLE('',(#13124));
#13124 = FILL_AREA_STYLE_COLOUR('',#13068);
#13125 = OVER_RIDING_STYLED_ITEM('overriding color',(#13126),#506,#13061
  );
#13126 = PRESENTATION_STYLE_ASSIGNMENT((#13127));
#13127 = SURFACE_STYLE_USAGE(.BOTH.,#13128);
#13128 = SURFACE_SIDE_STYLE('',(#13129));
#13129 = SURFACE_STYLE_FILL_AREA(#13130);
#13130 = FILL_AREA_STYLE('',(#13131));
#13131 = FILL_AREA_STYLE_COLOUR('',#13068);
#13132 = OVER_RIDING_STYLED_ITEM('overriding color',(#13133),#531,#13061
  );
#13133 = PRESENTATION_STYLE_ASSIGNMENT((#13134));
#13134 = SURFACE_STYLE_USAGE(.BOTH.,#13135);
#13135 = SURFACE_SIDE_STYLE('',(#13136));
#13136 = SURFACE_STYLE_FILL_AREA(#13137);
#13137 = FILL_AREA_STYLE('',(#13138));
#13138 = FILL_AREA_STYLE_COLOUR('',#13068);
#13139 = OVER_RIDING_STYLED_ITEM('overriding color',(#13140),#555,#13061
  );
#13140 = PRESENTATION_STYLE_ASSIGNMENT((#13141));
#13141 = SURFACE_STYLE_USAGE(.BOTH.,#13142);
#13142 = SURFACE_SIDE_STYLE('',(#13143));
#13143 = SURFACE_STYLE_FILL_AREA(#13144);
#13144 = FILL_AREA_STYLE('',(#13145));
#13145 = FILL_AREA_STYLE_COLOUR('',#13068);
#13146 = OVER_RIDING_STYLED_ITEM('overriding color',(#13147),#573,#13061
  );
#13147 = PRESENTATION_STYLE_ASSIGNMENT((#13148));
#13148 = SURFACE_STYLE_USAGE(.BOTH.,#13149);
#13149 = SURFACE_SIDE_STYLE('',(#13150));
#13150 = SURFACE_STYLE_FILL_AREA(#13151);
#13151 = FILL_AREA_STYLE('',(#13152));
#13152 = FILL_AREA_STYLE_COLOUR('',#13068);
#13153 = OVER_RIDING_STYLED_ITEM('overriding color',(#13154),#605,#13061
  );
#13154 = PRESENTATION_STYLE_ASSIGNMENT((#13155));
#13155 = SURFACE_STYLE_USAGE(.BOTH.,#13156);
#13156 = SURFACE_SIDE_STYLE('',(#13157));
#13157 = SURFACE_STYLE_FILL_AREA(#13158);
#13158 = FILL_AREA_STYLE('',(#13159));
#13159 = FILL_AREA_STYLE_COLOUR('',#13068);
#13160 = OVER_RIDING_STYLED_ITEM('overriding color',(#13161),#637,#13061
  );
#13161 = PRESENTATION_STYLE_ASSIGNMENT((#13162));
#13162 = SURFACE_STYLE_USAGE(.BOTH.,#13163);
#13163 = SURFACE_SIDE_STYLE('',(#13164));
#13164 = SURFACE_STYLE_FILL_AREA(#13165);
#13165 = FILL_AREA_STYLE('',(#13166));
#13166 = FILL_AREA_STYLE_COLOUR('',#13068);
#13167 = OVER_RIDING_STYLED_ITEM('overriding color',(#13168),#671,#13061
  );
#13168 = PRESENTATION_STYLE_ASSIGNMENT((#13169));
#13169 = SURFACE_STYLE_USAGE(.BOTH.,#13170);
#13170 = SURFACE_SIDE_STYLE('',(#13171));
#13171 = SURFACE_STYLE_FILL_AREA(#13172);
#13172 = FILL_AREA_STYLE('',(#13173));
#13173 = FILL_AREA_STYLE_COLOUR('',#13068);
#13174 = OVER_RIDING_STYLED_ITEM('overriding color',(#13175),#965,#13061
  );
#13175 = PRESENTATION_STYLE_ASSIGNMENT((#13176));
#13176 = SURFACE_STYLE_USAGE(.BOTH.,#13177);
#13177 = SURFACE_SIDE_STYLE('',(#13178));
#13178 = SURFACE_STYLE_FILL_AREA(#13179);
#13179 = FILL_AREA_STYLE('',(#13180));
#13180 = FILL_AREA_STYLE_COLOUR('',#13068);
#13181 = OVER_RIDING_STYLED_ITEM('overriding color',(#13182),#997,#13061
  );
#13182 = PRESENTATION_STYLE_ASSIGNMENT((#13183));
#13183 = SURFACE_STYLE_USAGE(.BOTH.,#13184);
#13184 = SURFACE_SIDE_STYLE('',(#13185));
#13185 = SURFACE_STYLE_FILL_AREA(#13186);
#13186 = FILL_AREA_STYLE('',(#13187));
#13187 = FILL_AREA_STYLE_COLOUR('',#13068);
#13188 = OVER_RIDING_STYLED_ITEM('overriding color',(#13189),#1029,
  #13061);
#13189 = PRESENTATION_STYLE_ASSIGNMENT((#13190));
#13190 = SURFACE_STYLE_USAGE(.BOTH.,#13191);
#13191 = SURFACE_SIDE_STYLE('',(#13192));
#13192 = SURFACE_STYLE_FILL_AREA(#13193);
#13193 = FILL_AREA_STYLE('',(#13194));
#13194 = FILL_AREA_STYLE_COLOUR('',#13195);
#13195 = COLOUR_RGB('',0.800000010877,0.800000010877,0.819999987296);
#13196 = OVER_RIDING_STYLED_ITEM('overriding color',(#13197),#1065,
  #13061);
#13197 = PRESENTATION_STYLE_ASSIGNMENT((#13198));
#13198 = SURFACE_STYLE_USAGE(.BOTH.,#13199);
#13199 = SURFACE_SIDE_STYLE('',(#13200));
#13200 = SURFACE_STYLE_FILL_AREA(#13201);
#13201 = FILL_AREA_STYLE('',(#13202));
#13202 = FILL_AREA_STYLE_COLOUR('',#13195);
#13203 = OVER_RIDING_STYLED_ITEM('overriding color',(#13204),#1111,
  #13061);
#13204 = PRESENTATION_STYLE_ASSIGNMENT((#13205));
#13205 = SURFACE_STYLE_USAGE(.BOTH.,#13206);
#13206 = SURFACE_SIDE_STYLE('',(#13207));
#13207 = SURFACE_STYLE_FILL_AREA(#13208);
#13208 = FILL_AREA_STYLE('',(#13209));
#13209 = FILL_AREA_STYLE_COLOUR('',#13195);
#13210 = OVER_RIDING_STYLED_ITEM('overriding color',(#13211),#1157,
  #13061);
#13211 = PRESENTATION_STYLE_ASSIGNMENT((#13212));
#13212 = SURFACE_STYLE_USAGE(.BOTH.,#13213);
#13213 = SURFACE_SIDE_STYLE('',(#13214));
#13214 = SURFACE_STYLE_FILL_AREA(#13215);
#13215 = FILL_AREA_STYLE('',(#13216));
#13216 = FILL_AREA_STYLE_COLOUR('',#13195);
#13217 = OVER_RIDING_STYLED_ITEM('overriding color',(#13218),#1203,
  #13061);
#13218 = PRESENTATION_STYLE_ASSIGNMENT((#13219));
#13219 = SURFACE_STYLE_USAGE(.BOTH.,#13220);
#13220 = SURFACE_SIDE_STYLE('',(#13221));
#13221 = SURFACE_STYLE_FILL_AREA(#13222);
#13222 = FILL_AREA_STYLE('',(#13223));
#13223 = FILL_AREA_STYLE_COLOUR('',#13068);
#13224 = OVER_RIDING_STYLED_ITEM('overriding color',(#13225),#1215,
  #13061);
#13225 = PRESENTATION_STYLE_ASSIGNMENT((#13226));
#13226 = SURFACE_STYLE_USAGE(.BOTH.,#13227);
#13227 = SURFACE_SIDE_STYLE('',(#13228));
#13228 = SURFACE_STYLE_FILL_AREA(#13229);
#13229 = FILL_AREA_STYLE('',(#13230));
#13230 = FILL_AREA_STYLE_COLOUR('',#13068);
#13231 = OVER_RIDING_STYLED_ITEM('overriding color',(#13232),#1237,
  #13061);
#13232 = PRESENTATION_STYLE_ASSIGNMENT((#13233));
#13233 = SURFACE_STYLE_USAGE(.BOTH.,#13234);
#13234 = SURFACE_SIDE_STYLE('',(#13235));
#13235 = SURFACE_STYLE_FILL_AREA(#13236);
#13236 = FILL_AREA_STYLE('',(#13237));
#13237 = FILL_AREA_STYLE_COLOUR('',#13068);
#13238 = OVER_RIDING_STYLED_ITEM('overriding color',(#13239),#1249,
  #13061);
#13239 = PRESENTATION_STYLE_ASSIGNMENT((#13240));
#13240 = SURFACE_STYLE_USAGE(.BOTH.,#13241);
#13241 = SURFACE_SIDE_STYLE('',(#13242));
#13242 = SURFACE_STYLE_FILL_AREA(#13243);
#13243 = FILL_AREA_STYLE('',(#13244));
#13244 = FILL_AREA_STYLE_COLOUR('',#13068);
#13245 = OVER_RIDING_STYLED_ITEM('overriding color',(#13246),#1271,
  #13061);
#13246 = PRESENTATION_STYLE_ASSIGNMENT((#13247));
#13247 = SURFACE_STYLE_USAGE(.BOTH.,#13248);
#13248 = SURFACE_SIDE_STYLE('',(#13249));
#13249 = SURFACE_STYLE_FILL_AREA(#13250);
#13250 = FILL_AREA_STYLE('',(#13251));
#13251 = FILL_AREA_STYLE_COLOUR('',#13068);
#13252 = OVER_RIDING_STYLED_ITEM('overriding color',(#13253),#1283,
  #13061);
#13253 = PRESENTATION_STYLE_ASSIGNMENT((#13254));
#13254 = SURFACE_STYLE_USAGE(.BOTH.,#13255);
#13255 = SURFACE_SIDE_STYLE('',(#13256));
#13256 = SURFACE_STYLE_FILL_AREA(#13257);
#13257 = FILL_AREA_STYLE('',(#13258));
#13258 = FILL_AREA_STYLE_COLOUR('',#13068);
#13259 = OVER_RIDING_STYLED_ITEM('overriding color',(#13260),#1305,
  #13061);
#13260 = PRESENTATION_STYLE_ASSIGNMENT((#13261));
#13261 = SURFACE_STYLE_USAGE(.BOTH.,#13262);
#13262 = SURFACE_SIDE_STYLE('',(#13263));
#13263 = SURFACE_STYLE_FILL_AREA(#13264);
#13264 = FILL_AREA_STYLE('',(#13265));
#13265 = FILL_AREA_STYLE_COLOUR('',#13068);
#13266 = OVER_RIDING_STYLED_ITEM('overriding color',(#13267),#1317,
  #13061);
#13267 = PRESENTATION_STYLE_ASSIGNMENT((#13268));
#13268 = SURFACE_STYLE_USAGE(.BOTH.,#13269);
#13269 = SURFACE_SIDE_STYLE('',(#13270));
#13270 = SURFACE_STYLE_FILL_AREA(#13271);
#13271 = FILL_AREA_STYLE('',(#13272));
#13272 = FILL_AREA_STYLE_COLOUR('',#13195);
#13273 = OVER_RIDING_STYLED_ITEM('overriding color',(#13274),#1349,
  #13061);
#13274 = PRESENTATION_STYLE_ASSIGNMENT((#13275));
#13275 = SURFACE_STYLE_USAGE(.BOTH.,#13276);
#13276 = SURFACE_SIDE_STYLE('',(#13277));
#13277 = SURFACE_STYLE_FILL_AREA(#13278);
#13278 = FILL_AREA_STYLE('',(#13279));
#13279 = FILL_AREA_STYLE_COLOUR('',#13195);
#13280 = OVER_RIDING_STYLED_ITEM('overriding color',(#13281),#1367,
  #13061);
#13281 = PRESENTATION_STYLE_ASSIGNMENT((#13282));
#13282 = SURFACE_STYLE_USAGE(.BOTH.,#13283);
#13283 = SURFACE_SIDE_STYLE('',(#13284));
#13284 = SURFACE_STYLE_FILL_AREA(#13285);
#13285 = FILL_AREA_STYLE('',(#13286));
#13286 = FILL_AREA_STYLE_COLOUR('',#13195);
#13287 = OVER_RIDING_STYLED_ITEM('overriding color',(#13288),#1377,
  #13061);
#13288 = PRESENTATION_STYLE_ASSIGNMENT((#13289));
#13289 = SURFACE_STYLE_USAGE(.BOTH.,#13290);
#13290 = SURFACE_SIDE_STYLE('',(#13291));
#13291 = SURFACE_STYLE_FILL_AREA(#13292);
#13292 = FILL_AREA_STYLE('',(#13293));
#13293 = FILL_AREA_STYLE_COLOUR('',#13195);
#13294 = OVER_RIDING_STYLED_ITEM('overriding color',(#13295),#1409,
  #13061);
#13295 = PRESENTATION_STYLE_ASSIGNMENT((#13296));
#13296 = SURFACE_STYLE_USAGE(.BOTH.,#13297);
#13297 = SURFACE_SIDE_STYLE('',(#13298));
#13298 = SURFACE_STYLE_FILL_AREA(#13299);
#13299 = FILL_AREA_STYLE('',(#13300));
#13300 = FILL_AREA_STYLE_COLOUR('',#13195);
#13301 = OVER_RIDING_STYLED_ITEM('overriding color',(#13302),#1427,
  #13061);
#13302 = PRESENTATION_STYLE_ASSIGNMENT((#13303));
#13303 = SURFACE_STYLE_USAGE(.BOTH.,#13304);
#13304 = SURFACE_SIDE_STYLE('',(#13305));
#13305 = SURFACE_STYLE_FILL_AREA(#13306);
#13306 = FILL_AREA_STYLE('',(#13307));
#13307 = FILL_AREA_STYLE_COLOUR('',#13195);
#13308 = OVER_RIDING_STYLED_ITEM('overriding color',(#13309),#1437,
  #13061);
#13309 = PRESENTATION_STYLE_ASSIGNMENT((#13310));
#13310 = SURFACE_STYLE_USAGE(.BOTH.,#13311);
#13311 = SURFACE_SIDE_STYLE('',(#13312));
#13312 = SURFACE_STYLE_FILL_AREA(#13313);
#13313 = FILL_AREA_STYLE('',(#13314));
#13314 = FILL_AREA_STYLE_COLOUR('',#13195);
#13315 = OVER_RIDING_STYLED_ITEM('overriding color',(#13316),#1469,
  #13061);
#13316 = PRESENTATION_STYLE_ASSIGNMENT((#13317));
#13317 = SURFACE_STYLE_USAGE(.BOTH.,#13318);
#13318 = SURFACE_SIDE_STYLE('',(#13319));
#13319 = SURFACE_STYLE_FILL_AREA(#13320);
#13320 = FILL_AREA_STYLE('',(#13321));
#13321 = FILL_AREA_STYLE_COLOUR('',#13195);
#13322 = OVER_RIDING_STYLED_ITEM('overriding color',(#13323),#1487,
  #13061);
#13323 = PRESENTATION_STYLE_ASSIGNMENT((#13324));
#13324 = SURFACE_STYLE_USAGE(.BOTH.,#13325);
#13325 = SURFACE_SIDE_STYLE('',(#13326));
#13326 = SURFACE_STYLE_FILL_AREA(#13327);
#13327 = FILL_AREA_STYLE('',(#13328));
#13328 = FILL_AREA_STYLE_COLOUR('',#13195);
#13329 = OVER_RIDING_STYLED_ITEM('overriding color',(#13330),#1497,
  #13061);
#13330 = PRESENTATION_STYLE_ASSIGNMENT((#13331));
#13331 = SURFACE_STYLE_USAGE(.BOTH.,#13332);
#13332 = SURFACE_SIDE_STYLE('',(#13333));
#13333 = SURFACE_STYLE_FILL_AREA(#13334);
#13334 = FILL_AREA_STYLE('',(#13335));
#13335 = FILL_AREA_STYLE_COLOUR('',#13195);
#13336 = OVER_RIDING_STYLED_ITEM('overriding color',(#13337),#1529,
  #13061);
#13337 = PRESENTATION_STYLE_ASSIGNMENT((#13338));
#13338 = SURFACE_STYLE_USAGE(.BOTH.,#13339);
#13339 = SURFACE_SIDE_STYLE('',(#13340));
#13340 = SURFACE_STYLE_FILL_AREA(#13341);
#13341 = FILL_AREA_STYLE('',(#13342));
#13342 = FILL_AREA_STYLE_COLOUR('',#13195);
#13343 = OVER_RIDING_STYLED_ITEM('overriding color',(#13344),#1547,
  #13061);
#13344 = PRESENTATION_STYLE_ASSIGNMENT((#13345));
#13345 = SURFACE_STYLE_USAGE(.BOTH.,#13346);
#13346 = SURFACE_SIDE_STYLE('',(#13347));
#13347 = SURFACE_STYLE_FILL_AREA(#13348);
#13348 = FILL_AREA_STYLE('',(#13349));
#13349 = FILL_AREA_STYLE_COLOUR('',#13195);
#13350 = OVER_RIDING_STYLED_ITEM('overriding color',(#13351),#1557,
  #13061);
#13351 = PRESENTATION_STYLE_ASSIGNMENT((#13352));
#13352 = SURFACE_STYLE_USAGE(.BOTH.,#13353);
#13353 = SURFACE_SIDE_STYLE('',(#13354));
#13354 = SURFACE_STYLE_FILL_AREA(#13355);
#13355 = FILL_AREA_STYLE('',(#13356));
#13356 = FILL_AREA_STYLE_COLOUR('',#13068);
#13357 = OVER_RIDING_STYLED_ITEM('overriding color',(#13358),#1582,
  #13061);
#13358 = PRESENTATION_STYLE_ASSIGNMENT((#13359));
#13359 = SURFACE_STYLE_USAGE(.BOTH.,#13360);
#13360 = SURFACE_SIDE_STYLE('',(#13361));
#13361 = SURFACE_STYLE_FILL_AREA(#13362);
#13362 = FILL_AREA_STYLE('',(#13363));
#13363 = FILL_AREA_STYLE_COLOUR('',#13068);
#13364 = OVER_RIDING_STYLED_ITEM('overriding color',(#13365),#1730,
  #13061);
#13365 = PRESENTATION_STYLE_ASSIGNMENT((#13366));
#13366 = SURFACE_STYLE_USAGE(.BOTH.,#13367);
#13367 = SURFACE_SIDE_STYLE('',(#13368));
#13368 = SURFACE_STYLE_FILL_AREA(#13369);
#13369 = FILL_AREA_STYLE('',(#13370));
#13370 = FILL_AREA_STYLE_COLOUR('',#13068);
#13371 = OVER_RIDING_STYLED_ITEM('overriding color',(#13372),#1811,
  #13061);
#13372 = PRESENTATION_STYLE_ASSIGNMENT((#13373));
#13373 = SURFACE_STYLE_USAGE(.BOTH.,#13374);
#13374 = SURFACE_SIDE_STYLE('',(#13375));
#13375 = SURFACE_STYLE_FILL_AREA(#13376);
#13376 = FILL_AREA_STYLE('',(#13377));
#13377 = FILL_AREA_STYLE_COLOUR('',#13068);
#13378 = OVER_RIDING_STYLED_ITEM('overriding color',(#13379),#1856,
  #13061);
#13379 = PRESENTATION_STYLE_ASSIGNMENT((#13380));
#13380 = SURFACE_STYLE_USAGE(.BOTH.,#13381);
#13381 = SURFACE_SIDE_STYLE('',(#13382));
#13382 = SURFACE_STYLE_FILL_AREA(#13383);
#13383 = FILL_AREA_STYLE('',(#13384));
#13384 = FILL_AREA_STYLE_COLOUR('',#13068);
#13385 = OVER_RIDING_STYLED_ITEM('overriding color',(#13386),#1926,
  #13061);
#13386 = PRESENTATION_STYLE_ASSIGNMENT((#13387));
#13387 = SURFACE_STYLE_USAGE(.BOTH.,#13388);
#13388 = SURFACE_SIDE_STYLE('',(#13389));
#13389 = SURFACE_STYLE_FILL_AREA(#13390);
#13390 = FILL_AREA_STYLE('',(#13391));
#13391 = FILL_AREA_STYLE_COLOUR('',#13068);
#13392 = OVER_RIDING_STYLED_ITEM('overriding color',(#13393),#1938,
  #13061);
#13393 = PRESENTATION_STYLE_ASSIGNMENT((#13394));
#13394 = SURFACE_STYLE_USAGE(.BOTH.,#13395);
#13395 = SURFACE_SIDE_STYLE('',(#13396));
#13396 = SURFACE_STYLE_FILL_AREA(#13397);
#13397 = FILL_AREA_STYLE('',(#13398));
#13398 = FILL_AREA_STYLE_COLOUR('',#13068);
#13399 = OVER_RIDING_STYLED_ITEM('overriding color',(#13400),#1962,
  #13061);
#13400 = PRESENTATION_STYLE_ASSIGNMENT((#13401));
#13401 = SURFACE_STYLE_USAGE(.BOTH.,#13402);
#13402 = SURFACE_SIDE_STYLE('',(#13403));
#13403 = SURFACE_STYLE_FILL_AREA(#13404);
#13404 = FILL_AREA_STYLE('',(#13405));
#13405 = FILL_AREA_STYLE_COLOUR('',#13068);
#13406 = OVER_RIDING_STYLED_ITEM('overriding color',(#13407),#2002,
  #13061);
#13407 = PRESENTATION_STYLE_ASSIGNMENT((#13408));
#13408 = SURFACE_STYLE_USAGE(.BOTH.,#13409);
#13409 = SURFACE_SIDE_STYLE('',(#13410));
#13410 = SURFACE_STYLE_FILL_AREA(#13411);
#13411 = FILL_AREA_STYLE('',(#13412));
#13412 = FILL_AREA_STYLE_COLOUR('',#13068);
#13413 = OVER_RIDING_STYLED_ITEM('overriding color',(#13414),#2034,
  #13061);
#13414 = PRESENTATION_STYLE_ASSIGNMENT((#13415));
#13415 = SURFACE_STYLE_USAGE(.BOTH.,#13416);
#13416 = SURFACE_SIDE_STYLE('',(#13417));
#13417 = SURFACE_STYLE_FILL_AREA(#13418);
#13418 = FILL_AREA_STYLE('',(#13419));
#13419 = FILL_AREA_STYLE_COLOUR('',#13068);
#13420 = OVER_RIDING_STYLED_ITEM('overriding color',(#13421),#2099,
  #13061);
#13421 = PRESENTATION_STYLE_ASSIGNMENT((#13422));
#13422 = SURFACE_STYLE_USAGE(.BOTH.,#13423);
#13423 = SURFACE_SIDE_STYLE('',(#13424));
#13424 = SURFACE_STYLE_FILL_AREA(#13425);
#13425 = FILL_AREA_STYLE('',(#13426));
#13426 = FILL_AREA_STYLE_COLOUR('',#13068);
#13427 = OVER_RIDING_STYLED_ITEM('overriding color',(#13428),#2146,
  #13061);
#13428 = PRESENTATION_STYLE_ASSIGNMENT((#13429));
#13429 = SURFACE_STYLE_USAGE(.BOTH.,#13430);
#13430 = SURFACE_SIDE_STYLE('',(#13431));
#13431 = SURFACE_STYLE_FILL_AREA(#13432);
#13432 = FILL_AREA_STYLE('',(#13433));
#13433 = FILL_AREA_STYLE_COLOUR('',#13068);
#13434 = OVER_RIDING_STYLED_ITEM('overriding color',(#13435),#2209,
  #13061);
#13435 = PRESENTATION_STYLE_ASSIGNMENT((#13436));
#13436 = SURFACE_STYLE_USAGE(.BOTH.,#13437);
#13437 = SURFACE_SIDE_STYLE('',(#13438));
#13438 = SURFACE_STYLE_FILL_AREA(#13439);
#13439 = FILL_AREA_STYLE('',(#13440));
#13440 = FILL_AREA_STYLE_COLOUR('',#13068);
#13441 = OVER_RIDING_STYLED_ITEM('overriding color',(#13442),#2233,
  #13061);
#13442 = PRESENTATION_STYLE_ASSIGNMENT((#13443));
#13443 = SURFACE_STYLE_USAGE(.BOTH.,#13444);
#13444 = SURFACE_SIDE_STYLE('',(#13445));
#13445 = SURFACE_STYLE_FILL_AREA(#13446);
#13446 = FILL_AREA_STYLE('',(#13447));
#13447 = FILL_AREA_STYLE_COLOUR('',#13068);
#13448 = OVER_RIDING_STYLED_ITEM('overriding color',(#13449),#2259,
  #13061);
#13449 = PRESENTATION_STYLE_ASSIGNMENT((#13450));
#13450 = SURFACE_STYLE_USAGE(.BOTH.,#13451);
#13451 = SURFACE_SIDE_STYLE('',(#13452));
#13452 = SURFACE_STYLE_FILL_AREA(#13453);
#13453 = FILL_AREA_STYLE('',(#13454));
#13454 = FILL_AREA_STYLE_COLOUR('',#13068);
#13455 = OVER_RIDING_STYLED_ITEM('overriding color',(#13456),#2284,
  #13061);
#13456 = PRESENTATION_STYLE_ASSIGNMENT((#13457));
#13457 = SURFACE_STYLE_USAGE(.BOTH.,#13458);
#13458 = SURFACE_SIDE_STYLE('',(#13459));
#13459 = SURFACE_STYLE_FILL_AREA(#13460);
#13460 = FILL_AREA_STYLE('',(#13461));
#13461 = FILL_AREA_STYLE_COLOUR('',#13068);
#13462 = OVER_RIDING_STYLED_ITEM('overriding color',(#13463),#2310,
  #13061);
#13463 = PRESENTATION_STYLE_ASSIGNMENT((#13464));
#13464 = SURFACE_STYLE_USAGE(.BOTH.,#13465);
#13465 = SURFACE_SIDE_STYLE('',(#13466));
#13466 = SURFACE_STYLE_FILL_AREA(#13467);
#13467 = FILL_AREA_STYLE('',(#13468));
#13468 = FILL_AREA_STYLE_COLOUR('',#13068);
#13469 = OVER_RIDING_STYLED_ITEM('overriding color',(#13470),#2335,
  #13061);
#13470 = PRESENTATION_STYLE_ASSIGNMENT((#13471));
#13471 = SURFACE_STYLE_USAGE(.BOTH.,#13472);
#13472 = SURFACE_SIDE_STYLE('',(#13473));
#13473 = SURFACE_STYLE_FILL_AREA(#13474);
#13474 = FILL_AREA_STYLE('',(#13475));
#13475 = FILL_AREA_STYLE_COLOUR('',#13068);
#13476 = OVER_RIDING_STYLED_ITEM('overriding color',(#13477),#2361,
  #13061);
#13477 = PRESENTATION_STYLE_ASSIGNMENT((#13478));
#13478 = SURFACE_STYLE_USAGE(.BOTH.,#13479);
#13479 = SURFACE_SIDE_STYLE('',(#13480));
#13480 = SURFACE_STYLE_FILL_AREA(#13481);
#13481 = FILL_AREA_STYLE('',(#13482));
#13482 = FILL_AREA_STYLE_COLOUR('',#13068);
#13483 = OVER_RIDING_STYLED_ITEM('overriding color',(#13484),#2387,
  #13061);
#13484 = PRESENTATION_STYLE_ASSIGNMENT((#13485));
#13485 = SURFACE_STYLE_USAGE(.BOTH.,#13486);
#13486 = SURFACE_SIDE_STYLE('',(#13487));
#13487 = SURFACE_STYLE_FILL_AREA(#13488);
#13488 = FILL_AREA_STYLE('',(#13489));
#13489 = FILL_AREA_STYLE_COLOUR('',#13068);
#13490 = OVER_RIDING_STYLED_ITEM('overriding color',(#13491),#2412,
  #13061);
#13491 = PRESENTATION_STYLE_ASSIGNMENT((#13492));
#13492 = SURFACE_STYLE_USAGE(.BOTH.,#13493);
#13493 = SURFACE_SIDE_STYLE('',(#13494));
#13494 = SURFACE_STYLE_FILL_AREA(#13495);
#13495 = FILL_AREA_STYLE('',(#13496));
#13496 = FILL_AREA_STYLE_COLOUR('',#13068);
#13497 = OVER_RIDING_STYLED_ITEM('overriding color',(#13498),#2438,
  #13061);
#13498 = PRESENTATION_STYLE_ASSIGNMENT((#13499));
#13499 = SURFACE_STYLE_USAGE(.BOTH.,#13500);
#13500 = SURFACE_SIDE_STYLE('',(#13501));
#13501 = SURFACE_STYLE_FILL_AREA(#13502);
#13502 = FILL_AREA_STYLE('',(#13503));
#13503 = FILL_AREA_STYLE_COLOUR('',#13068);
#13504 = OVER_RIDING_STYLED_ITEM('overriding color',(#13505),#2463,
  #13061);
#13505 = PRESENTATION_STYLE_ASSIGNMENT((#13506));
#13506 = SURFACE_STYLE_USAGE(.BOTH.,#13507);
#13507 = SURFACE_SIDE_STYLE('',(#13508));
#13508 = SURFACE_STYLE_FILL_AREA(#13509);
#13509 = FILL_AREA_STYLE('',(#13510));
#13510 = FILL_AREA_STYLE_COLOUR('',#13068);
#13511 = OVER_RIDING_STYLED_ITEM('overriding color',(#13512),#2489,
  #13061);
#13512 = PRESENTATION_STYLE_ASSIGNMENT((#13513));
#13513 = SURFACE_STYLE_USAGE(.BOTH.,#13514);
#13514 = SURFACE_SIDE_STYLE('',(#13515));
#13515 = SURFACE_STYLE_FILL_AREA(#13516);
#13516 = FILL_AREA_STYLE('',(#13517));
#13517 = FILL_AREA_STYLE_COLOUR('',#13068);
#13518 = OVER_RIDING_STYLED_ITEM('overriding color',(#13519),#2514,
  #13061);
#13519 = PRESENTATION_STYLE_ASSIGNMENT((#13520));
#13520 = SURFACE_STYLE_USAGE(.BOTH.,#13521);
#13521 = SURFACE_SIDE_STYLE('',(#13522));
#13522 = SURFACE_STYLE_FILL_AREA(#13523);
#13523 = FILL_AREA_STYLE('',(#13524));
#13524 = FILL_AREA_STYLE_COLOUR('',#13068);
#13525 = OVER_RIDING_STYLED_ITEM('overriding color',(#13526),#2540,
  #13061);
#13526 = PRESENTATION_STYLE_ASSIGNMENT((#13527));
#13527 = SURFACE_STYLE_USAGE(.BOTH.,#13528);
#13528 = SURFACE_SIDE_STYLE('',(#13529));
#13529 = SURFACE_STYLE_FILL_AREA(#13530);
#13530 = FILL_AREA_STYLE('',(#13531));
#13531 = FILL_AREA_STYLE_COLOUR('',#13068);
#13532 = OVER_RIDING_STYLED_ITEM('overriding color',(#13533),#2558,
  #13061);
#13533 = PRESENTATION_STYLE_ASSIGNMENT((#13534));
#13534 = SURFACE_STYLE_USAGE(.BOTH.,#13535);
#13535 = SURFACE_SIDE_STYLE('',(#13536));
#13536 = SURFACE_STYLE_FILL_AREA(#13537);
#13537 = FILL_AREA_STYLE('',(#13538));
#13538 = FILL_AREA_STYLE_COLOUR('',#13068);
#13539 = OVER_RIDING_STYLED_ITEM('overriding color',(#13540),#2583,
  #13061);
#13540 = PRESENTATION_STYLE_ASSIGNMENT((#13541));
#13541 = SURFACE_STYLE_USAGE(.BOTH.,#13542);
#13542 = SURFACE_SIDE_STYLE('',(#13543));
#13543 = SURFACE_STYLE_FILL_AREA(#13544);
#13544 = FILL_AREA_STYLE('',(#13545));
#13545 = FILL_AREA_STYLE_COLOUR('',#13068);
#13546 = OVER_RIDING_STYLED_ITEM('overriding color',(#13547),#2827,
  #13061);
#13547 = PRESENTATION_STYLE_ASSIGNMENT((#13548));
#13548 = SURFACE_STYLE_USAGE(.BOTH.,#13549);
#13549 = SURFACE_SIDE_STYLE('',(#13550));
#13550 = SURFACE_STYLE_FILL_AREA(#13551);
#13551 = FILL_AREA_STYLE('',(#13552));
#13552 = FILL_AREA_STYLE_COLOUR('',#13068);
#13553 = OVER_RIDING_STYLED_ITEM('overriding color',(#13554),#3110,
  #13061);
#13554 = PRESENTATION_STYLE_ASSIGNMENT((#13555));
#13555 = SURFACE_STYLE_USAGE(.BOTH.,#13556);
#13556 = SURFACE_SIDE_STYLE('',(#13557));
#13557 = SURFACE_STYLE_FILL_AREA(#13558);
#13558 = FILL_AREA_STYLE('',(#13559));
#13559 = FILL_AREA_STYLE_COLOUR('',#13068);
#13560 = OVER_RIDING_STYLED_ITEM('overriding color',(#13561),#3132,
  #13061);
#13561 = PRESENTATION_STYLE_ASSIGNMENT((#13562));
#13562 = SURFACE_STYLE_USAGE(.BOTH.,#13563);
#13563 = SURFACE_SIDE_STYLE('',(#13564));
#13564 = SURFACE_STYLE_FILL_AREA(#13565);
#13565 = FILL_AREA_STYLE('',(#13566));
#13566 = FILL_AREA_STYLE_COLOUR('',#13068);
#13567 = OVER_RIDING_STYLED_ITEM('overriding color',(#13568),#3149,
  #13061);
#13568 = PRESENTATION_STYLE_ASSIGNMENT((#13569));
#13569 = SURFACE_STYLE_USAGE(.BOTH.,#13570);
#13570 = SURFACE_SIDE_STYLE('',(#13571));
#13571 = SURFACE_STYLE_FILL_AREA(#13572);
#13572 = FILL_AREA_STYLE('',(#13573));
#13573 = FILL_AREA_STYLE_COLOUR('',#13068);
#13574 = OVER_RIDING_STYLED_ITEM('overriding color',(#13575),#3166,
  #13061);
#13575 = PRESENTATION_STYLE_ASSIGNMENT((#13576));
#13576 = SURFACE_STYLE_USAGE(.BOTH.,#13577);
#13577 = SURFACE_SIDE_STYLE('',(#13578));
#13578 = SURFACE_STYLE_FILL_AREA(#13579);
#13579 = FILL_AREA_STYLE('',(#13580));
#13580 = FILL_AREA_STYLE_COLOUR('',#13068);
#13581 = OVER_RIDING_STYLED_ITEM('overriding color',(#13582),#3183,
  #13061);
#13582 = PRESENTATION_STYLE_ASSIGNMENT((#13583));
#13583 = SURFACE_STYLE_USAGE(.BOTH.,#13584);
#13584 = SURFACE_SIDE_STYLE('',(#13585));
#13585 = SURFACE_STYLE_FILL_AREA(#13586);
#13586 = FILL_AREA_STYLE('',(#13587));
#13587 = FILL_AREA_STYLE_COLOUR('',#13068);
#13588 = OVER_RIDING_STYLED_ITEM('overriding color',(#13589),#3200,
  #13061);
#13589 = PRESENTATION_STYLE_ASSIGNMENT((#13590));
#13590 = SURFACE_STYLE_USAGE(.BOTH.,#13591);
#13591 = SURFACE_SIDE_STYLE('',(#13592));
#13592 = SURFACE_STYLE_FILL_AREA(#13593);
#13593 = FILL_AREA_STYLE('',(#13594));
#13594 = FILL_AREA_STYLE_COLOUR('',#13068);
#13595 = OVER_RIDING_STYLED_ITEM('overriding color',(#13596),#3212,
  #13061);
#13596 = PRESENTATION_STYLE_ASSIGNMENT((#13597));
#13597 = SURFACE_STYLE_USAGE(.BOTH.,#13598);
#13598 = SURFACE_SIDE_STYLE('',(#13599));
#13599 = SURFACE_STYLE_FILL_AREA(#13600);
#13600 = FILL_AREA_STYLE('',(#13601));
#13601 = FILL_AREA_STYLE_COLOUR('',#13068);
#13602 = OVER_RIDING_STYLED_ITEM('overriding color',(#13603),#3229,
  #13061);
#13603 = PRESENTATION_STYLE_ASSIGNMENT((#13604));
#13604 = SURFACE_STYLE_USAGE(.BOTH.,#13605);
#13605 = SURFACE_SIDE_STYLE('',(#13606));
#13606 = SURFACE_STYLE_FILL_AREA(#13607);
#13607 = FILL_AREA_STYLE('',(#13608));
#13608 = FILL_AREA_STYLE_COLOUR('',#13068);
#13609 = OVER_RIDING_STYLED_ITEM('overriding color',(#13610),#3246,
  #13061);
#13610 = PRESENTATION_STYLE_ASSIGNMENT((#13611));
#13611 = SURFACE_STYLE_USAGE(.BOTH.,#13612);
#13612 = SURFACE_SIDE_STYLE('',(#13613));
#13613 = SURFACE_STYLE_FILL_AREA(#13614);
#13614 = FILL_AREA_STYLE('',(#13615));
#13615 = FILL_AREA_STYLE_COLOUR('',#13068);
#13616 = OVER_RIDING_STYLED_ITEM('overriding color',(#13617),#3286,
  #13061);
#13617 = PRESENTATION_STYLE_ASSIGNMENT((#13618));
#13618 = SURFACE_STYLE_USAGE(.BOTH.,#13619);
#13619 = SURFACE_SIDE_STYLE('',(#13620));
#13620 = SURFACE_STYLE_FILL_AREA(#13621);
#13621 = FILL_AREA_STYLE('',(#13622));
#13622 = FILL_AREA_STYLE_COLOUR('',#13068);
#13623 = OVER_RIDING_STYLED_ITEM('overriding color',(#13624),#3320,
  #13061);
#13624 = PRESENTATION_STYLE_ASSIGNMENT((#13625));
#13625 = SURFACE_STYLE_USAGE(.BOTH.,#13626);
#13626 = SURFACE_SIDE_STYLE('',(#13627));
#13627 = SURFACE_STYLE_FILL_AREA(#13628);
#13628 = FILL_AREA_STYLE('',(#13629));
#13629 = FILL_AREA_STYLE_COLOUR('',#13068);
#13630 = OVER_RIDING_STYLED_ITEM('overriding color',(#13631),#3376,
  #13061);
#13631 = PRESENTATION_STYLE_ASSIGNMENT((#13632));
#13632 = SURFACE_STYLE_USAGE(.BOTH.,#13633);
#13633 = SURFACE_SIDE_STYLE('',(#13634));
#13634 = SURFACE_STYLE_FILL_AREA(#13635);
#13635 = FILL_AREA_STYLE('',(#13636));
#13636 = FILL_AREA_STYLE_COLOUR('',#13068);
#13637 = OVER_RIDING_STYLED_ITEM('overriding color',(#13638),#3406,
  #13061);
#13638 = PRESENTATION_STYLE_ASSIGNMENT((#13639));
#13639 = SURFACE_STYLE_USAGE(.BOTH.,#13640);
#13640 = SURFACE_SIDE_STYLE('',(#13641));
#13641 = SURFACE_STYLE_FILL_AREA(#13642);
#13642 = FILL_AREA_STYLE('',(#13643));
#13643 = FILL_AREA_STYLE_COLOUR('',#13068);
#13644 = OVER_RIDING_STYLED_ITEM('overriding color',(#13645),#3432,
  #13061);
#13645 = PRESENTATION_STYLE_ASSIGNMENT((#13646));
#13646 = SURFACE_STYLE_USAGE(.BOTH.,#13647);
#13647 = SURFACE_SIDE_STYLE('',(#13648));
#13648 = SURFACE_STYLE_FILL_AREA(#13649);
#13649 = FILL_AREA_STYLE('',(#13650));
#13650 = FILL_AREA_STYLE_COLOUR('',#13068);
#13651 = OVER_RIDING_STYLED_ITEM('overriding color',(#13652),#3444,
  #13061);
#13652 = PRESENTATION_STYLE_ASSIGNMENT((#13653));
#13653 = SURFACE_STYLE_USAGE(.BOTH.,#13654);
#13654 = SURFACE_SIDE_STYLE('',(#13655));
#13655 = SURFACE_STYLE_FILL_AREA(#13656);
#13656 = FILL_AREA_STYLE('',(#13657));
#13657 = FILL_AREA_STYLE_COLOUR('',#13068);
#13658 = OVER_RIDING_STYLED_ITEM('overriding color',(#13659),#3481,
  #13061);
#13659 = PRESENTATION_STYLE_ASSIGNMENT((#13660));
#13660 = SURFACE_STYLE_USAGE(.BOTH.,#13661);
#13661 = SURFACE_SIDE_STYLE('',(#13662));
#13662 = SURFACE_STYLE_FILL_AREA(#13663);
#13663 = FILL_AREA_STYLE('',(#13664));
#13664 = FILL_AREA_STYLE_COLOUR('',#13068);
#13665 = OVER_RIDING_STYLED_ITEM('overriding color',(#13666),#3505,
  #13061);
#13666 = PRESENTATION_STYLE_ASSIGNMENT((#13667));
#13667 = SURFACE_STYLE_USAGE(.BOTH.,#13668);
#13668 = SURFACE_SIDE_STYLE('',(#13669));
#13669 = SURFACE_STYLE_FILL_AREA(#13670);
#13670 = FILL_AREA_STYLE('',(#13671));
#13671 = FILL_AREA_STYLE_COLOUR('',#13068);
#13672 = OVER_RIDING_STYLED_ITEM('overriding color',(#13673),#3530,
  #13061);
#13673 = PRESENTATION_STYLE_ASSIGNMENT((#13674));
#13674 = SURFACE_STYLE_USAGE(.BOTH.,#13675);
#13675 = SURFACE_SIDE_STYLE('',(#13676));
#13676 = SURFACE_STYLE_FILL_AREA(#13677);
#13677 = FILL_AREA_STYLE('',(#13678));
#13678 = FILL_AREA_STYLE_COLOUR('',#13068);
#13679 = OVER_RIDING_STYLED_ITEM('overriding color',(#13680),#3554,
  #13061);
#13680 = PRESENTATION_STYLE_ASSIGNMENT((#13681));
#13681 = SURFACE_STYLE_USAGE(.BOTH.,#13682);
#13682 = SURFACE_SIDE_STYLE('',(#13683));
#13683 = SURFACE_STYLE_FILL_AREA(#13684);
#13684 = FILL_AREA_STYLE('',(#13685));
#13685 = FILL_AREA_STYLE_COLOUR('',#13068);
#13686 = OVER_RIDING_STYLED_ITEM('overriding color',(#13687),#3578,
  #13061);
#13687 = PRESENTATION_STYLE_ASSIGNMENT((#13688));
#13688 = SURFACE_STYLE_USAGE(.BOTH.,#13689);
#13689 = SURFACE_SIDE_STYLE('',(#13690));
#13690 = SURFACE_STYLE_FILL_AREA(#13691);
#13691 = FILL_AREA_STYLE('',(#13692));
#13692 = FILL_AREA_STYLE_COLOUR('',#13068);
#13693 = OVER_RIDING_STYLED_ITEM('overriding color',(#13694),#3616,
  #13061);
#13694 = PRESENTATION_STYLE_ASSIGNMENT((#13695));
#13695 = SURFACE_STYLE_USAGE(.BOTH.,#13696);
#13696 = SURFACE_SIDE_STYLE('',(#13697));
#13697 = SURFACE_STYLE_FILL_AREA(#13698);
#13698 = FILL_AREA_STYLE('',(#13699));
#13699 = FILL_AREA_STYLE_COLOUR('',#13068);
#13700 = OVER_RIDING_STYLED_ITEM('overriding color',(#13701),#3634,
  #13061);
#13701 = PRESENTATION_STYLE_ASSIGNMENT((#13702));
#13702 = SURFACE_STYLE_USAGE(.BOTH.,#13703);
#13703 = SURFACE_SIDE_STYLE('',(#13704));
#13704 = SURFACE_STYLE_FILL_AREA(#13705);
#13705 = FILL_AREA_STYLE('',(#13706));
#13706 = FILL_AREA_STYLE_COLOUR('',#13068);
#13707 = OVER_RIDING_STYLED_ITEM('overriding color',(#13708),#3651,
  #13061);
#13708 = PRESENTATION_STYLE_ASSIGNMENT((#13709));
#13709 = SURFACE_STYLE_USAGE(.BOTH.,#13710);
#13710 = SURFACE_SIDE_STYLE('',(#13711));
#13711 = SURFACE_STYLE_FILL_AREA(#13712);
#13712 = FILL_AREA_STYLE('',(#13713));
#13713 = FILL_AREA_STYLE_COLOUR('',#13068);
#13714 = OVER_RIDING_STYLED_ITEM('overriding color',(#13715),#3663,
  #13061);
#13715 = PRESENTATION_STYLE_ASSIGNMENT((#13716));
#13716 = SURFACE_STYLE_USAGE(.BOTH.,#13717);
#13717 = SURFACE_SIDE_STYLE('',(#13718));
#13718 = SURFACE_STYLE_FILL_AREA(#13719);
#13719 = FILL_AREA_STYLE('',(#13720));
#13720 = FILL_AREA_STYLE_COLOUR('',#13068);
#13721 = OVER_RIDING_STYLED_ITEM('overriding color',(#13722),#3688,
  #13061);
#13722 = PRESENTATION_STYLE_ASSIGNMENT((#13723));
#13723 = SURFACE_STYLE_USAGE(.BOTH.,#13724);
#13724 = SURFACE_SIDE_STYLE('',(#13725));
#13725 = SURFACE_STYLE_FILL_AREA(#13726);
#13726 = FILL_AREA_STYLE('',(#13727));
#13727 = FILL_AREA_STYLE_COLOUR('',#13068);
#13728 = OVER_RIDING_STYLED_ITEM('overriding color',(#13729),#3713,
  #13061);
#13729 = PRESENTATION_STYLE_ASSIGNMENT((#13730));
#13730 = SURFACE_STYLE_USAGE(.BOTH.,#13731);
#13731 = SURFACE_SIDE_STYLE('',(#13732));
#13732 = SURFACE_STYLE_FILL_AREA(#13733);
#13733 = FILL_AREA_STYLE('',(#13734));
#13734 = FILL_AREA_STYLE_COLOUR('',#13068);
#13735 = OVER_RIDING_STYLED_ITEM('overriding color',(#13736),#3731,
  #13061);
#13736 = PRESENTATION_STYLE_ASSIGNMENT((#13737));
#13737 = SURFACE_STYLE_USAGE(.BOTH.,#13738);
#13738 = SURFACE_SIDE_STYLE('',(#13739));
#13739 = SURFACE_STYLE_FILL_AREA(#13740);
#13740 = FILL_AREA_STYLE('',(#13741));
#13741 = FILL_AREA_STYLE_COLOUR('',#13068);
#13742 = OVER_RIDING_STYLED_ITEM('overriding color',(#13743),#3756,
  #13061);
#13743 = PRESENTATION_STYLE_ASSIGNMENT((#13744));
#13744 = SURFACE_STYLE_USAGE(.BOTH.,#13745);
#13745 = SURFACE_SIDE_STYLE('',(#13746));
#13746 = SURFACE_STYLE_FILL_AREA(#13747);
#13747 = FILL_AREA_STYLE('',(#13748));
#13748 = FILL_AREA_STYLE_COLOUR('',#13068);
#13749 = OVER_RIDING_STYLED_ITEM('overriding color',(#13750),#3780,
  #13061);
#13750 = PRESENTATION_STYLE_ASSIGNMENT((#13751));
#13751 = SURFACE_STYLE_USAGE(.BOTH.,#13752);
#13752 = SURFACE_SIDE_STYLE('',(#13753));
#13753 = SURFACE_STYLE_FILL_AREA(#13754);
#13754 = FILL_AREA_STYLE('',(#13755));
#13755 = FILL_AREA_STYLE_COLOUR('',#13068);
#13756 = OVER_RIDING_STYLED_ITEM('overriding color',(#13757),#3797,
  #13061);
#13757 = PRESENTATION_STYLE_ASSIGNMENT((#13758));
#13758 = SURFACE_STYLE_USAGE(.BOTH.,#13759);
#13759 = SURFACE_SIDE_STYLE('',(#13760));
#13760 = SURFACE_STYLE_FILL_AREA(#13761);
#13761 = FILL_AREA_STYLE('',(#13762));
#13762 = FILL_AREA_STYLE_COLOUR('',#13068);
#13763 = OVER_RIDING_STYLED_ITEM('overriding color',(#13764),#3822,
  #13061);
#13764 = PRESENTATION_STYLE_ASSIGNMENT((#13765));
#13765 = SURFACE_STYLE_USAGE(.BOTH.,#13766);
#13766 = SURFACE_SIDE_STYLE('',(#13767));
#13767 = SURFACE_STYLE_FILL_AREA(#13768);
#13768 = FILL_AREA_STYLE('',(#13769));
#13769 = FILL_AREA_STYLE_COLOUR('',#13068);
#13770 = OVER_RIDING_STYLED_ITEM('overriding color',(#13771),#3847,
  #13061);
#13771 = PRESENTATION_STYLE_ASSIGNMENT((#13772));
#13772 = SURFACE_STYLE_USAGE(.BOTH.,#13773);
#13773 = SURFACE_SIDE_STYLE('',(#13774));
#13774 = SURFACE_STYLE_FILL_AREA(#13775);
#13775 = FILL_AREA_STYLE('',(#13776));
#13776 = FILL_AREA_STYLE_COLOUR('',#13068);
#13777 = OVER_RIDING_STYLED_ITEM('overriding color',(#13778),#3865,
  #13061);
#13778 = PRESENTATION_STYLE_ASSIGNMENT((#13779));
#13779 = SURFACE_STYLE_USAGE(.BOTH.,#13780);
#13780 = SURFACE_SIDE_STYLE('',(#13781));
#13781 = SURFACE_STYLE_FILL_AREA(#13782);
#13782 = FILL_AREA_STYLE('',(#13783));
#13783 = FILL_AREA_STYLE_COLOUR('',#13068);
#13784 = OVER_RIDING_STYLED_ITEM('overriding color',(#13785),#3890,
  #13061);
#13785 = PRESENTATION_STYLE_ASSIGNMENT((#13786));
#13786 = SURFACE_STYLE_USAGE(.BOTH.,#13787);
#13787 = SURFACE_SIDE_STYLE('',(#13788));
#13788 = SURFACE_STYLE_FILL_AREA(#13789);
#13789 = FILL_AREA_STYLE('',(#13790));
#13790 = FILL_AREA_STYLE_COLOUR('',#13068);
#13791 = OVER_RIDING_STYLED_ITEM('overriding color',(#13792),#3914,
  #13061);
#13792 = PRESENTATION_STYLE_ASSIGNMENT((#13793));
#13793 = SURFACE_STYLE_USAGE(.BOTH.,#13794);
#13794 = SURFACE_SIDE_STYLE('',(#13795));
#13795 = SURFACE_STYLE_FILL_AREA(#13796);
#13796 = FILL_AREA_STYLE('',(#13797));
#13797 = FILL_AREA_STYLE_COLOUR('',#13068);
#13798 = OVER_RIDING_STYLED_ITEM('overriding color',(#13799),#3931,
  #13061);
#13799 = PRESENTATION_STYLE_ASSIGNMENT((#13800));
#13800 = SURFACE_STYLE_USAGE(.BOTH.,#13801);
#13801 = SURFACE_SIDE_STYLE('',(#13802));
#13802 = SURFACE_STYLE_FILL_AREA(#13803);
#13803 = FILL_AREA_STYLE('',(#13804));
#13804 = FILL_AREA_STYLE_COLOUR('',#13068);
#13805 = OVER_RIDING_STYLED_ITEM('overriding color',(#13806),#3956,
  #13061);
#13806 = PRESENTATION_STYLE_ASSIGNMENT((#13807));
#13807 = SURFACE_STYLE_USAGE(.BOTH.,#13808);
#13808 = SURFACE_SIDE_STYLE('',(#13809));
#13809 = SURFACE_STYLE_FILL_AREA(#13810);
#13810 = FILL_AREA_STYLE('',(#13811));
#13811 = FILL_AREA_STYLE_COLOUR('',#13068);
#13812 = OVER_RIDING_STYLED_ITEM('overriding color',(#13813),#3981,
  #13061);
#13813 = PRESENTATION_STYLE_ASSIGNMENT((#13814));
#13814 = SURFACE_STYLE_USAGE(.BOTH.,#13815);
#13815 = SURFACE_SIDE_STYLE('',(#13816));
#13816 = SURFACE_STYLE_FILL_AREA(#13817);
#13817 = FILL_AREA_STYLE('',(#13818));
#13818 = FILL_AREA_STYLE_COLOUR('',#13068);
#13819 = OVER_RIDING_STYLED_ITEM('overriding color',(#13820),#3999,
  #13061);
#13820 = PRESENTATION_STYLE_ASSIGNMENT((#13821));
#13821 = SURFACE_STYLE_USAGE(.BOTH.,#13822);
#13822 = SURFACE_SIDE_STYLE('',(#13823));
#13823 = SURFACE_STYLE_FILL_AREA(#13824);
#13824 = FILL_AREA_STYLE('',(#13825));
#13825 = FILL_AREA_STYLE_COLOUR('',#13068);
#13826 = OVER_RIDING_STYLED_ITEM('overriding color',(#13827),#4016,
  #13061);
#13827 = PRESENTATION_STYLE_ASSIGNMENT((#13828));
#13828 = SURFACE_STYLE_USAGE(.BOTH.,#13829);
#13829 = SURFACE_SIDE_STYLE('',(#13830));
#13830 = SURFACE_STYLE_FILL_AREA(#13831);
#13831 = FILL_AREA_STYLE('',(#13832));
#13832 = FILL_AREA_STYLE_COLOUR('',#13068);
#13833 = OVER_RIDING_STYLED_ITEM('overriding color',(#13834),#4033,
  #13061);
#13834 = PRESENTATION_STYLE_ASSIGNMENT((#13835));
#13835 = SURFACE_STYLE_USAGE(.BOTH.,#13836);
#13836 = SURFACE_SIDE_STYLE('',(#13837));
#13837 = SURFACE_STYLE_FILL_AREA(#13838);
#13838 = FILL_AREA_STYLE('',(#13839));
#13839 = FILL_AREA_STYLE_COLOUR('',#13068);
#13840 = OVER_RIDING_STYLED_ITEM('overriding color',(#13841),#4045,
  #13061);
#13841 = PRESENTATION_STYLE_ASSIGNMENT((#13842));
#13842 = SURFACE_STYLE_USAGE(.BOTH.,#13843);
#13843 = SURFACE_SIDE_STYLE('',(#13844));
#13844 = SURFACE_STYLE_FILL_AREA(#13845);
#13845 = FILL_AREA_STYLE('',(#13846));
#13846 = FILL_AREA_STYLE_COLOUR('',#13068);
#13847 = OVER_RIDING_STYLED_ITEM('overriding color',(#13848),#4066,
  #13061);
#13848 = PRESENTATION_STYLE_ASSIGNMENT((#13849));
#13849 = SURFACE_STYLE_USAGE(.BOTH.,#13850);
#13850 = SURFACE_SIDE_STYLE('',(#13851));
#13851 = SURFACE_STYLE_FILL_AREA(#13852);
#13852 = FILL_AREA_STYLE('',(#13853));
#13853 = FILL_AREA_STYLE_COLOUR('',#13068);
#13854 = OVER_RIDING_STYLED_ITEM('overriding color',(#13855),#4078,
  #13061);
#13855 = PRESENTATION_STYLE_ASSIGNMENT((#13856));
#13856 = SURFACE_STYLE_USAGE(.BOTH.,#13857);
#13857 = SURFACE_SIDE_STYLE('',(#13858));
#13858 = SURFACE_STYLE_FILL_AREA(#13859);
#13859 = FILL_AREA_STYLE('',(#13860));
#13860 = FILL_AREA_STYLE_COLOUR('',#13068);
#13861 = OVER_RIDING_STYLED_ITEM('overriding color',(#13862),#4090,
  #13061);
#13862 = PRESENTATION_STYLE_ASSIGNMENT((#13863));
#13863 = SURFACE_STYLE_USAGE(.BOTH.,#13864);
#13864 = SURFACE_SIDE_STYLE('',(#13865));
#13865 = SURFACE_STYLE_FILL_AREA(#13866);
#13866 = FILL_AREA_STYLE('',(#13867));
#13867 = FILL_AREA_STYLE_COLOUR('',#13068);
#13868 = OVER_RIDING_STYLED_ITEM('overriding color',(#13869),#4102,
  #13061);
#13869 = PRESENTATION_STYLE_ASSIGNMENT((#13870));
#13870 = SURFACE_STYLE_USAGE(.BOTH.,#13871);
#13871 = SURFACE_SIDE_STYLE('',(#13872));
#13872 = SURFACE_STYLE_FILL_AREA(#13873);
#13873 = FILL_AREA_STYLE('',(#13874));
#13874 = FILL_AREA_STYLE_COLOUR('',#13068);
#13875 = OVER_RIDING_STYLED_ITEM('overriding color',(#13876),#4114,
  #13061);
#13876 = PRESENTATION_STYLE_ASSIGNMENT((#13877));
#13877 = SURFACE_STYLE_USAGE(.BOTH.,#13878);
#13878 = SURFACE_SIDE_STYLE('',(#13879));
#13879 = SURFACE_STYLE_FILL_AREA(#13880);
#13880 = FILL_AREA_STYLE('',(#13881));
#13881 = FILL_AREA_STYLE_COLOUR('',#13068);
#13882 = OVER_RIDING_STYLED_ITEM('overriding color',(#13883),#4126,
  #13061);
#13883 = PRESENTATION_STYLE_ASSIGNMENT((#13884));
#13884 = SURFACE_STYLE_USAGE(.BOTH.,#13885);
#13885 = SURFACE_SIDE_STYLE('',(#13886));
#13886 = SURFACE_STYLE_FILL_AREA(#13887);
#13887 = FILL_AREA_STYLE('',(#13888));
#13888 = FILL_AREA_STYLE_COLOUR('',#13068);
#13889 = OVER_RIDING_STYLED_ITEM('overriding color',(#13890),#4157,
  #13061);
#13890 = PRESENTATION_STYLE_ASSIGNMENT((#13891));
#13891 = SURFACE_STYLE_USAGE(.BOTH.,#13892);
#13892 = SURFACE_SIDE_STYLE('',(#13893));
#13893 = SURFACE_STYLE_FILL_AREA(#13894);
#13894 = FILL_AREA_STYLE('',(#13895));
#13895 = FILL_AREA_STYLE_COLOUR('',#13068);
#13896 = OVER_RIDING_STYLED_ITEM('overriding color',(#13897),#4181,
  #13061);
#13897 = PRESENTATION_STYLE_ASSIGNMENT((#13898));
#13898 = SURFACE_STYLE_USAGE(.BOTH.,#13899);
#13899 = SURFACE_SIDE_STYLE('',(#13900));
#13900 = SURFACE_STYLE_FILL_AREA(#13901);
#13901 = FILL_AREA_STYLE('',(#13902));
#13902 = FILL_AREA_STYLE_COLOUR('',#13068);
#13903 = OVER_RIDING_STYLED_ITEM('overriding color',(#13904),#4205,
  #13061);
#13904 = PRESENTATION_STYLE_ASSIGNMENT((#13905));
#13905 = SURFACE_STYLE_USAGE(.BOTH.,#13906);
#13906 = SURFACE_SIDE_STYLE('',(#13907));
#13907 = SURFACE_STYLE_FILL_AREA(#13908);
#13908 = FILL_AREA_STYLE('',(#13909));
#13909 = FILL_AREA_STYLE_COLOUR('',#13068);
#13910 = OVER_RIDING_STYLED_ITEM('overriding color',(#13911),#4229,
  #13061);
#13911 = PRESENTATION_STYLE_ASSIGNMENT((#13912));
#13912 = SURFACE_STYLE_USAGE(.BOTH.,#13913);
#13913 = SURFACE_SIDE_STYLE('',(#13914));
#13914 = SURFACE_STYLE_FILL_AREA(#13915);
#13915 = FILL_AREA_STYLE('',(#13916));
#13916 = FILL_AREA_STYLE_COLOUR('',#13068);
#13917 = OVER_RIDING_STYLED_ITEM('overriding color',(#13918),#4253,
  #13061);
#13918 = PRESENTATION_STYLE_ASSIGNMENT((#13919));
#13919 = SURFACE_STYLE_USAGE(.BOTH.,#13920);
#13920 = SURFACE_SIDE_STYLE('',(#13921));
#13921 = SURFACE_STYLE_FILL_AREA(#13922);
#13922 = FILL_AREA_STYLE('',(#13923));
#13923 = FILL_AREA_STYLE_COLOUR('',#13068);
#13924 = OVER_RIDING_STYLED_ITEM('overriding color',(#13925),#4277,
  #13061);
#13925 = PRESENTATION_STYLE_ASSIGNMENT((#13926));
#13926 = SURFACE_STYLE_USAGE(.BOTH.,#13927);
#13927 = SURFACE_SIDE_STYLE('',(#13928));
#13928 = SURFACE_STYLE_FILL_AREA(#13929);
#13929 = FILL_AREA_STYLE('',(#13930));
#13930 = FILL_AREA_STYLE_COLOUR('',#13068);
#13931 = OVER_RIDING_STYLED_ITEM('overriding color',(#13932),#4301,
  #13061);
#13932 = PRESENTATION_STYLE_ASSIGNMENT((#13933));
#13933 = SURFACE_STYLE_USAGE(.BOTH.,#13934);
#13934 = SURFACE_SIDE_STYLE('',(#13935));
#13935 = SURFACE_STYLE_FILL_AREA(#13936);
#13936 = FILL_AREA_STYLE('',(#13937));
#13937 = FILL_AREA_STYLE_COLOUR('',#13068);
#13938 = OVER_RIDING_STYLED_ITEM('overriding color',(#13939),#4318,
  #13061);
#13939 = PRESENTATION_STYLE_ASSIGNMENT((#13940));
#13940 = SURFACE_STYLE_USAGE(.BOTH.,#13941);
#13941 = SURFACE_SIDE_STYLE('',(#13942));
#13942 = SURFACE_STYLE_FILL_AREA(#13943);
#13943 = FILL_AREA_STYLE('',(#13944));
#13944 = FILL_AREA_STYLE_COLOUR('',#13068);
#13945 = OVER_RIDING_STYLED_ITEM('overriding color',(#13946),#4404,
  #13061);
#13946 = PRESENTATION_STYLE_ASSIGNMENT((#13947));
#13947 = SURFACE_STYLE_USAGE(.BOTH.,#13948);
#13948 = SURFACE_SIDE_STYLE('',(#13949));
#13949 = SURFACE_STYLE_FILL_AREA(#13950);
#13950 = FILL_AREA_STYLE('',(#13951));
#13951 = FILL_AREA_STYLE_COLOUR('',#13068);
#13952 = OVER_RIDING_STYLED_ITEM('overriding color',(#13953),#4438,
  #13061);
#13953 = PRESENTATION_STYLE_ASSIGNMENT((#13954));
#13954 = SURFACE_STYLE_USAGE(.BOTH.,#13955);
#13955 = SURFACE_SIDE_STYLE('',(#13956));
#13956 = SURFACE_STYLE_FILL_AREA(#13957);
#13957 = FILL_AREA_STYLE('',(#13958));
#13958 = FILL_AREA_STYLE_COLOUR('',#13068);
#13959 = OVER_RIDING_STYLED_ITEM('overriding color',(#13960),#4463,
  #13061);
#13960 = PRESENTATION_STYLE_ASSIGNMENT((#13961));
#13961 = SURFACE_STYLE_USAGE(.BOTH.,#13962);
#13962 = SURFACE_SIDE_STYLE('',(#13963));
#13963 = SURFACE_STYLE_FILL_AREA(#13964);
#13964 = FILL_AREA_STYLE('',(#13965));
#13965 = FILL_AREA_STYLE_COLOUR('',#13068);
#13966 = OVER_RIDING_STYLED_ITEM('overriding color',(#13967),#4489,
  #13061);
#13967 = PRESENTATION_STYLE_ASSIGNMENT((#13968));
#13968 = SURFACE_STYLE_USAGE(.BOTH.,#13969);
#13969 = SURFACE_SIDE_STYLE('',(#13970));
#13970 = SURFACE_STYLE_FILL_AREA(#13971);
#13971 = FILL_AREA_STYLE('',(#13972));
#13972 = FILL_AREA_STYLE_COLOUR('',#13068);
#13973 = OVER_RIDING_STYLED_ITEM('overriding color',(#13974),#4514,
  #13061);
#13974 = PRESENTATION_STYLE_ASSIGNMENT((#13975));
#13975 = SURFACE_STYLE_USAGE(.BOTH.,#13976);
#13976 = SURFACE_SIDE_STYLE('',(#13977));
#13977 = SURFACE_STYLE_FILL_AREA(#13978);
#13978 = FILL_AREA_STYLE('',(#13979));
#13979 = FILL_AREA_STYLE_COLOUR('',#13068);
#13980 = OVER_RIDING_STYLED_ITEM('overriding color',(#13981),#4540,
  #13061);
#13981 = PRESENTATION_STYLE_ASSIGNMENT((#13982));
#13982 = SURFACE_STYLE_USAGE(.BOTH.,#13983);
#13983 = SURFACE_SIDE_STYLE('',(#13984));
#13984 = SURFACE_STYLE_FILL_AREA(#13985);
#13985 = FILL_AREA_STYLE('',(#13986));
#13986 = FILL_AREA_STYLE_COLOUR('',#13068);
#13987 = OVER_RIDING_STYLED_ITEM('overriding color',(#13988),#4565,
  #13061);
#13988 = PRESENTATION_STYLE_ASSIGNMENT((#13989));
#13989 = SURFACE_STYLE_USAGE(.BOTH.,#13990);
#13990 = SURFACE_SIDE_STYLE('',(#13991));
#13991 = SURFACE_STYLE_FILL_AREA(#13992);
#13992 = FILL_AREA_STYLE('',(#13993));
#13993 = FILL_AREA_STYLE_COLOUR('',#13068);
#13994 = OVER_RIDING_STYLED_ITEM('overriding color',(#13995),#4591,
  #13061);
#13995 = PRESENTATION_STYLE_ASSIGNMENT((#13996));
#13996 = SURFACE_STYLE_USAGE(.BOTH.,#13997);
#13997 = SURFACE_SIDE_STYLE('',(#13998));
#13998 = SURFACE_STYLE_FILL_AREA(#13999);
#13999 = FILL_AREA_STYLE('',(#14000));
#14000 = FILL_AREA_STYLE_COLOUR('',#13068);
#14001 = OVER_RIDING_STYLED_ITEM('overriding color',(#14002),#4608,
  #13061);
#14002 = PRESENTATION_STYLE_ASSIGNMENT((#14003));
#14003 = SURFACE_STYLE_USAGE(.BOTH.,#14004);
#14004 = SURFACE_SIDE_STYLE('',(#14005));
#14005 = SURFACE_STYLE_FILL_AREA(#14006);
#14006 = FILL_AREA_STYLE('',(#14007));
#14007 = FILL_AREA_STYLE_COLOUR('',#13068);
#14008 = OVER_RIDING_STYLED_ITEM('overriding color',(#14009),#4639,
  #13061);
#14009 = PRESENTATION_STYLE_ASSIGNMENT((#14010));
#14010 = SURFACE_STYLE_USAGE(.BOTH.,#14011);
#14011 = SURFACE_SIDE_STYLE('',(#14012));
#14012 = SURFACE_STYLE_FILL_AREA(#14013);
#14013 = FILL_AREA_STYLE('',(#14014));
#14014 = FILL_AREA_STYLE_COLOUR('',#13068);
#14015 = OVER_RIDING_STYLED_ITEM('overriding color',(#14016),#4672,
  #13061);
#14016 = PRESENTATION_STYLE_ASSIGNMENT((#14017));
#14017 = SURFACE_STYLE_USAGE(.BOTH.,#14018);
#14018 = SURFACE_SIDE_STYLE('',(#14019));
#14019 = SURFACE_STYLE_FILL_AREA(#14020);
#14020 = FILL_AREA_STYLE('',(#14021));
#14021 = FILL_AREA_STYLE_COLOUR('',#13068);
#14022 = OVER_RIDING_STYLED_ITEM('overriding color',(#14023),#4731,
  #13061);
#14023 = PRESENTATION_STYLE_ASSIGNMENT((#14024));
#14024 = SURFACE_STYLE_USAGE(.BOTH.,#14025);
#14025 = SURFACE_SIDE_STYLE('',(#14026));
#14026 = SURFACE_STYLE_FILL_AREA(#14027);
#14027 = FILL_AREA_STYLE('',(#14028));
#14028 = FILL_AREA_STYLE_COLOUR('',#13068);
#14029 = OVER_RIDING_STYLED_ITEM('overriding color',(#14030),#5045,
  #13061);
#14030 = PRESENTATION_STYLE_ASSIGNMENT((#14031));
#14031 = SURFACE_STYLE_USAGE(.BOTH.,#14032);
#14032 = SURFACE_SIDE_STYLE('',(#14033));
#14033 = SURFACE_STYLE_FILL_AREA(#14034);
#14034 = FILL_AREA_STYLE('',(#14035));
#14035 = FILL_AREA_STYLE_COLOUR('',#13068);
#14036 = OVER_RIDING_STYLED_ITEM('overriding color',(#14037),#5104,
  #13061);
#14037 = PRESENTATION_STYLE_ASSIGNMENT((#14038));
#14038 = SURFACE_STYLE_USAGE(.BOTH.,#14039);
#14039 = SURFACE_SIDE_STYLE('',(#14040));
#14040 = SURFACE_STYLE_FILL_AREA(#14041);
#14041 = FILL_AREA_STYLE('',(#14042));
#14042 = FILL_AREA_STYLE_COLOUR('',#13068);
#14043 = OVER_RIDING_STYLED_ITEM('overriding color',(#14044),#5136,
  #13061);
#14044 = PRESENTATION_STYLE_ASSIGNMENT((#14045));
#14045 = SURFACE_STYLE_USAGE(.BOTH.,#14046);
#14046 = SURFACE_SIDE_STYLE('',(#14047));
#14047 = SURFACE_STYLE_FILL_AREA(#14048);
#14048 = FILL_AREA_STYLE('',(#14049));
#14049 = FILL_AREA_STYLE_COLOUR('',#13068);
#14050 = OVER_RIDING_STYLED_ITEM('overriding color',(#14051),#5170,
  #13061);
#14051 = PRESENTATION_STYLE_ASSIGNMENT((#14052));
#14052 = SURFACE_STYLE_USAGE(.BOTH.,#14053);
#14053 = SURFACE_SIDE_STYLE('',(#14054));
#14054 = SURFACE_STYLE_FILL_AREA(#14055);
#14055 = FILL_AREA_STYLE('',(#14056));
#14056 = FILL_AREA_STYLE_COLOUR('',#13068);
#14057 = OVER_RIDING_STYLED_ITEM('overriding color',(#14058),#5433,
  #13061);
#14058 = PRESENTATION_STYLE_ASSIGNMENT((#14059));
#14059 = SURFACE_STYLE_USAGE(.BOTH.,#14060);
#14060 = SURFACE_SIDE_STYLE('',(#14061));
#14061 = SURFACE_STYLE_FILL_AREA(#14062);
#14062 = FILL_AREA_STYLE('',(#14063));
#14063 = FILL_AREA_STYLE_COLOUR('',#13068);
#14064 = OVER_RIDING_STYLED_ITEM('overriding color',(#14065),#5449,
  #13061);
#14065 = PRESENTATION_STYLE_ASSIGNMENT((#14066));
#14066 = SURFACE_STYLE_USAGE(.BOTH.,#14067);
#14067 = SURFACE_SIDE_STYLE('',(#14068));
#14068 = SURFACE_STYLE_FILL_AREA(#14069);
#14069 = FILL_AREA_STYLE('',(#14070));
#14070 = FILL_AREA_STYLE_COLOUR('',#13068);
#14071 = OVER_RIDING_STYLED_ITEM('overriding color',(#14072),#5533,
  #13061);
#14072 = PRESENTATION_STYLE_ASSIGNMENT((#14073));
#14073 = SURFACE_STYLE_USAGE(.BOTH.,#14074);
#14074 = SURFACE_SIDE_STYLE('',(#14075));
#14075 = SURFACE_STYLE_FILL_AREA(#14076);
#14076 = FILL_AREA_STYLE('',(#14077));
#14077 = FILL_AREA_STYLE_COLOUR('',#13068);
#14078 = OVER_RIDING_STYLED_ITEM('overriding color',(#14079),#5567,
  #13061);
#14079 = PRESENTATION_STYLE_ASSIGNMENT((#14080));
#14080 = SURFACE_STYLE_USAGE(.BOTH.,#14081);
#14081 = SURFACE_SIDE_STYLE('',(#14082));
#14082 = SURFACE_STYLE_FILL_AREA(#14083);
#14083 = FILL_AREA_STYLE('',(#14084));
#14084 = FILL_AREA_STYLE_COLOUR('',#13068);
#14085 = OVER_RIDING_STYLED_ITEM('overriding color',(#14086),#5603,
  #13061);
#14086 = PRESENTATION_STYLE_ASSIGNMENT((#14087));
#14087 = SURFACE_STYLE_USAGE(.BOTH.,#14088);
#14088 = SURFACE_SIDE_STYLE('',(#14089));
#14089 = SURFACE_STYLE_FILL_AREA(#14090);
#14090 = FILL_AREA_STYLE('',(#14091));
#14091 = FILL_AREA_STYLE_COLOUR('',#13068);
#14092 = OVER_RIDING_STYLED_ITEM('overriding color',(#14093),#5649,
  #13061);
#14093 = PRESENTATION_STYLE_ASSIGNMENT((#14094));
#14094 = SURFACE_STYLE_USAGE(.BOTH.,#14095);
#14095 = SURFACE_SIDE_STYLE('',(#14096));
#14096 = SURFACE_STYLE_FILL_AREA(#14097);
#14097 = FILL_AREA_STYLE('',(#14098));
#14098 = FILL_AREA_STYLE_COLOUR('',#13068);
#14099 = OVER_RIDING_STYLED_ITEM('overriding color',(#14100),#5695,
  #13061);
#14100 = PRESENTATION_STYLE_ASSIGNMENT((#14101));
#14101 = SURFACE_STYLE_USAGE(.BOTH.,#14102);
#14102 = SURFACE_SIDE_STYLE('',(#14103));
#14103 = SURFACE_STYLE_FILL_AREA(#14104);
#14104 = FILL_AREA_STYLE('',(#14105));
#14105 = FILL_AREA_STYLE_COLOUR('',#13068);
#14106 = OVER_RIDING_STYLED_ITEM('overriding color',(#14107),#5741,
  #13061);
#14107 = PRESENTATION_STYLE_ASSIGNMENT((#14108));
#14108 = SURFACE_STYLE_USAGE(.BOTH.,#14109);
#14109 = SURFACE_SIDE_STYLE('',(#14110));
#14110 = SURFACE_STYLE_FILL_AREA(#14111);
#14111 = FILL_AREA_STYLE('',(#14112));
#14112 = FILL_AREA_STYLE_COLOUR('',#13068);
#14113 = OVER_RIDING_STYLED_ITEM('overriding color',(#14114),#5773,
  #13061);
#14114 = PRESENTATION_STYLE_ASSIGNMENT((#14115));
#14115 = SURFACE_STYLE_USAGE(.BOTH.,#14116);
#14116 = SURFACE_SIDE_STYLE('',(#14117));
#14117 = SURFACE_STYLE_FILL_AREA(#14118);
#14118 = FILL_AREA_STYLE('',(#14119));
#14119 = FILL_AREA_STYLE_COLOUR('',#13068);
#14120 = OVER_RIDING_STYLED_ITEM('overriding color',(#14121),#5791,
  #13061);
#14121 = PRESENTATION_STYLE_ASSIGNMENT((#14122));
#14122 = SURFACE_STYLE_USAGE(.BOTH.,#14123);
#14123 = SURFACE_SIDE_STYLE('',(#14124));
#14124 = SURFACE_STYLE_FILL_AREA(#14125);
#14125 = FILL_AREA_STYLE('',(#14126));
#14126 = FILL_AREA_STYLE_COLOUR('',#13068);
#14127 = OVER_RIDING_STYLED_ITEM('overriding color',(#14128),#5801,
  #13061);
#14128 = PRESENTATION_STYLE_ASSIGNMENT((#14129));
#14129 = SURFACE_STYLE_USAGE(.BOTH.,#14130);
#14130 = SURFACE_SIDE_STYLE('',(#14131));
#14131 = SURFACE_STYLE_FILL_AREA(#14132);
#14132 = FILL_AREA_STYLE('',(#14133));
#14133 = FILL_AREA_STYLE_COLOUR('',#13068);
#14134 = OVER_RIDING_STYLED_ITEM('overriding color',(#14135),#5827,
  #13061);
#14135 = PRESENTATION_STYLE_ASSIGNMENT((#14136));
#14136 = SURFACE_STYLE_USAGE(.BOTH.,#14137);
#14137 = SURFACE_SIDE_STYLE('',(#14138));
#14138 = SURFACE_STYLE_FILL_AREA(#14139);
#14139 = FILL_AREA_STYLE('',(#14140));
#14140 = FILL_AREA_STYLE_COLOUR('',#13068);
#14141 = OVER_RIDING_STYLED_ITEM('overriding color',(#14142),#5853,
  #13061);
#14142 = PRESENTATION_STYLE_ASSIGNMENT((#14143));
#14143 = SURFACE_STYLE_USAGE(.BOTH.,#14144);
#14144 = SURFACE_SIDE_STYLE('',(#14145));
#14145 = SURFACE_STYLE_FILL_AREA(#14146);
#14146 = FILL_AREA_STYLE('',(#14147));
#14147 = FILL_AREA_STYLE_COLOUR('',#13068);
#14148 = OVER_RIDING_STYLED_ITEM('overriding color',(#14149),#5879,
  #13061);
#14149 = PRESENTATION_STYLE_ASSIGNMENT((#14150));
#14150 = SURFACE_STYLE_USAGE(.BOTH.,#14151);
#14151 = SURFACE_SIDE_STYLE('',(#14152));
#14152 = SURFACE_STYLE_FILL_AREA(#14153);
#14153 = FILL_AREA_STYLE('',(#14154));
#14154 = FILL_AREA_STYLE_COLOUR('',#13068);
#14155 = OVER_RIDING_STYLED_ITEM('overriding color',(#14156),#5901,
  #13061);
#14156 = PRESENTATION_STYLE_ASSIGNMENT((#14157));
#14157 = SURFACE_STYLE_USAGE(.BOTH.,#14158);
#14158 = SURFACE_SIDE_STYLE('',(#14159));
#14159 = SURFACE_STYLE_FILL_AREA(#14160);
#14160 = FILL_AREA_STYLE('',(#14161));
#14161 = FILL_AREA_STYLE_COLOUR('',#13068);
#14162 = OVER_RIDING_STYLED_ITEM('overriding color',(#14163),#5913,
  #13061);
#14163 = PRESENTATION_STYLE_ASSIGNMENT((#14164));
#14164 = SURFACE_STYLE_USAGE(.BOTH.,#14165);
#14165 = SURFACE_SIDE_STYLE('',(#14166));
#14166 = SURFACE_STYLE_FILL_AREA(#14167);
#14167 = FILL_AREA_STYLE('',(#14168));
#14168 = FILL_AREA_STYLE_COLOUR('',#13068);
#14169 = OVER_RIDING_STYLED_ITEM('overriding color',(#14170),#5935,
  #13061);
#14170 = PRESENTATION_STYLE_ASSIGNMENT((#14171));
#14171 = SURFACE_STYLE_USAGE(.BOTH.,#14172);
#14172 = SURFACE_SIDE_STYLE('',(#14173));
#14173 = SURFACE_STYLE_FILL_AREA(#14174);
#14174 = FILL_AREA_STYLE('',(#14175));
#14175 = FILL_AREA_STYLE_COLOUR('',#13068);
#14176 = OVER_RIDING_STYLED_ITEM('overriding color',(#14177),#5947,
  #13061);
#14177 = PRESENTATION_STYLE_ASSIGNMENT((#14178));
#14178 = SURFACE_STYLE_USAGE(.BOTH.,#14179);
#14179 = SURFACE_SIDE_STYLE('',(#14180));
#14180 = SURFACE_STYLE_FILL_AREA(#14181);
#14181 = FILL_AREA_STYLE('',(#14182));
#14182 = FILL_AREA_STYLE_COLOUR('',#13068);
#14183 = OVER_RIDING_STYLED_ITEM('overriding color',(#14184),#5969,
  #13061);
#14184 = PRESENTATION_STYLE_ASSIGNMENT((#14185));
#14185 = SURFACE_STYLE_USAGE(.BOTH.,#14186);
#14186 = SURFACE_SIDE_STYLE('',(#14187));
#14187 = SURFACE_STYLE_FILL_AREA(#14188);
#14188 = FILL_AREA_STYLE('',(#14189));
#14189 = FILL_AREA_STYLE_COLOUR('',#13068);
#14190 = OVER_RIDING_STYLED_ITEM('overriding color',(#14191),#5981,
  #13061);
#14191 = PRESENTATION_STYLE_ASSIGNMENT((#14192));
#14192 = SURFACE_STYLE_USAGE(.BOTH.,#14193);
#14193 = SURFACE_SIDE_STYLE('',(#14194));
#14194 = SURFACE_STYLE_FILL_AREA(#14195);
#14195 = FILL_AREA_STYLE('',(#14196));
#14196 = FILL_AREA_STYLE_COLOUR('',#13068);
#14197 = OVER_RIDING_STYLED_ITEM('overriding color',(#14198),#5999,
  #13061);
#14198 = PRESENTATION_STYLE_ASSIGNMENT((#14199));
#14199 = SURFACE_STYLE_USAGE(.BOTH.,#14200);
#14200 = SURFACE_SIDE_STYLE('',(#14201));
#14201 = SURFACE_STYLE_FILL_AREA(#14202);
#14202 = FILL_AREA_STYLE('',(#14203));
#14203 = FILL_AREA_STYLE_COLOUR('',#13068);
#14204 = OVER_RIDING_STYLED_ITEM('overriding color',(#14205),#6055,
  #13061);
#14205 = PRESENTATION_STYLE_ASSIGNMENT((#14206));
#14206 = SURFACE_STYLE_USAGE(.BOTH.,#14207);
#14207 = SURFACE_SIDE_STYLE('',(#14208));
#14208 = SURFACE_STYLE_FILL_AREA(#14209);
#14209 = FILL_AREA_STYLE('',(#14210));
#14210 = FILL_AREA_STYLE_COLOUR('',#13068);
#14211 = OVER_RIDING_STYLED_ITEM('overriding color',(#14212),#6102,
  #13061);
#14212 = PRESENTATION_STYLE_ASSIGNMENT((#14213));
#14213 = SURFACE_STYLE_USAGE(.BOTH.,#14214);
#14214 = SURFACE_SIDE_STYLE('',(#14215));
#14215 = SURFACE_STYLE_FILL_AREA(#14216);
#14216 = FILL_AREA_STYLE('',(#14217));
#14217 = FILL_AREA_STYLE_COLOUR('',#13068);
#14218 = OVER_RIDING_STYLED_ITEM('overriding color',(#14219),#6127,
  #13061);
#14219 = PRESENTATION_STYLE_ASSIGNMENT((#14220));
#14220 = SURFACE_STYLE_USAGE(.BOTH.,#14221);
#14221 = SURFACE_SIDE_STYLE('',(#14222));
#14222 = SURFACE_STYLE_FILL_AREA(#14223);
#14223 = FILL_AREA_STYLE('',(#14224));
#14224 = FILL_AREA_STYLE_COLOUR('',#13068);
#14225 = OVER_RIDING_STYLED_ITEM('overriding color',(#14226),#6152,
  #13061);
#14226 = PRESENTATION_STYLE_ASSIGNMENT((#14227));
#14227 = SURFACE_STYLE_USAGE(.BOTH.,#14228);
#14228 = SURFACE_SIDE_STYLE('',(#14229));
#14229 = SURFACE_STYLE_FILL_AREA(#14230);
#14230 = FILL_AREA_STYLE('',(#14231));
#14231 = FILL_AREA_STYLE_COLOUR('',#13068);
#14232 = OVER_RIDING_STYLED_ITEM('overriding color',(#14233),#6178,
  #13061);
#14233 = PRESENTATION_STYLE_ASSIGNMENT((#14234));
#14234 = SURFACE_STYLE_USAGE(.BOTH.,#14235);
#14235 = SURFACE_SIDE_STYLE('',(#14236));
#14236 = SURFACE_STYLE_FILL_AREA(#14237);
#14237 = FILL_AREA_STYLE('',(#14238));
#14238 = FILL_AREA_STYLE_COLOUR('',#13068);
#14239 = OVER_RIDING_STYLED_ITEM('overriding color',(#14240),#6203,
  #13061);
#14240 = PRESENTATION_STYLE_ASSIGNMENT((#14241));
#14241 = SURFACE_STYLE_USAGE(.BOTH.,#14242);
#14242 = SURFACE_SIDE_STYLE('',(#14243));
#14243 = SURFACE_STYLE_FILL_AREA(#14244);
#14244 = FILL_AREA_STYLE('',(#14245));
#14245 = FILL_AREA_STYLE_COLOUR('',#13068);
#14246 = OVER_RIDING_STYLED_ITEM('overriding color',(#14247),#6221,
  #13061);
#14247 = PRESENTATION_STYLE_ASSIGNMENT((#14248));
#14248 = SURFACE_STYLE_USAGE(.BOTH.,#14249);
#14249 = SURFACE_SIDE_STYLE('',(#14250));
#14250 = SURFACE_STYLE_FILL_AREA(#14251);
#14251 = FILL_AREA_STYLE('',(#14252));
#14252 = FILL_AREA_STYLE_COLOUR('',#13068);
#14253 = OVER_RIDING_STYLED_ITEM('overriding color',(#14254),#6238,
  #13061);
#14254 = PRESENTATION_STYLE_ASSIGNMENT((#14255));
#14255 = SURFACE_STYLE_USAGE(.BOTH.,#14256);
#14256 = SURFACE_SIDE_STYLE('',(#14257));
#14257 = SURFACE_STYLE_FILL_AREA(#14258);
#14258 = FILL_AREA_STYLE('',(#14259));
#14259 = FILL_AREA_STYLE_COLOUR('',#13068);
#14260 = OVER_RIDING_STYLED_ITEM('overriding color',(#14261),#6255,
  #13061);
#14261 = PRESENTATION_STYLE_ASSIGNMENT((#14262));
#14262 = SURFACE_STYLE_USAGE(.BOTH.,#14263);
#14263 = SURFACE_SIDE_STYLE('',(#14264));
#14264 = SURFACE_STYLE_FILL_AREA(#14265);
#14265 = FILL_AREA_STYLE('',(#14266));
#14266 = FILL_AREA_STYLE_COLOUR('',#13068);
#14267 = OVER_RIDING_STYLED_ITEM('overriding color',(#14268),#6272,
  #13061);
#14268 = PRESENTATION_STYLE_ASSIGNMENT((#14269));
#14269 = SURFACE_STYLE_USAGE(.BOTH.,#14270);
#14270 = SURFACE_SIDE_STYLE('',(#14271));
#14271 = SURFACE_STYLE_FILL_AREA(#14272);
#14272 = FILL_AREA_STYLE('',(#14273));
#14273 = FILL_AREA_STYLE_COLOUR('',#13068);
#14274 = OVER_RIDING_STYLED_ITEM('overriding color',(#14275),#6449,
  #13061);
#14275 = PRESENTATION_STYLE_ASSIGNMENT((#14276));
#14276 = SURFACE_STYLE_USAGE(.BOTH.,#14277);
#14277 = SURFACE_SIDE_STYLE('',(#14278));
#14278 = SURFACE_STYLE_FILL_AREA(#14279);
#14279 = FILL_AREA_STYLE('',(#14280));
#14280 = FILL_AREA_STYLE_COLOUR('',#13068);
#14281 = OVER_RIDING_STYLED_ITEM('overriding color',(#14282),#6474,
  #13061);
#14282 = PRESENTATION_STYLE_ASSIGNMENT((#14283));
#14283 = SURFACE_STYLE_USAGE(.BOTH.,#14284);
#14284 = SURFACE_SIDE_STYLE('',(#14285));
#14285 = SURFACE_STYLE_FILL_AREA(#14286);
#14286 = FILL_AREA_STYLE('',(#14287));
#14287 = FILL_AREA_STYLE_COLOUR('',#13068);
#14288 = OVER_RIDING_STYLED_ITEM('overriding color',(#14289),#6498,
  #13061);
#14289 = PRESENTATION_STYLE_ASSIGNMENT((#14290));
#14290 = SURFACE_STYLE_USAGE(.BOTH.,#14291);
#14291 = SURFACE_SIDE_STYLE('',(#14292));
#14292 = SURFACE_STYLE_FILL_AREA(#14293);
#14293 = FILL_AREA_STYLE('',(#14294));
#14294 = FILL_AREA_STYLE_COLOUR('',#13068);
#14295 = OVER_RIDING_STYLED_ITEM('overriding color',(#14296),#6516,
  #13061);
#14296 = PRESENTATION_STYLE_ASSIGNMENT((#14297));
#14297 = SURFACE_STYLE_USAGE(.BOTH.,#14298);
#14298 = SURFACE_SIDE_STYLE('',(#14299));
#14299 = SURFACE_STYLE_FILL_AREA(#14300);
#14300 = FILL_AREA_STYLE('',(#14301));
#14301 = FILL_AREA_STYLE_COLOUR('',#13068);
#14302 = OVER_RIDING_STYLED_ITEM('overriding color',(#14303),#6541,
  #13061);
#14303 = PRESENTATION_STYLE_ASSIGNMENT((#14304));
#14304 = SURFACE_STYLE_USAGE(.BOTH.,#14305);
#14305 = SURFACE_SIDE_STYLE('',(#14306));
#14306 = SURFACE_STYLE_FILL_AREA(#14307);
#14307 = FILL_AREA_STYLE('',(#14308));
#14308 = FILL_AREA_STYLE_COLOUR('',#13068);
#14309 = OVER_RIDING_STYLED_ITEM('overriding color',(#14310),#6592,
  #13061);
#14310 = PRESENTATION_STYLE_ASSIGNMENT((#14311));
#14311 = SURFACE_STYLE_USAGE(.BOTH.,#14312);
#14312 = SURFACE_SIDE_STYLE('',(#14313));
#14313 = SURFACE_STYLE_FILL_AREA(#14314);
#14314 = FILL_AREA_STYLE('',(#14315));
#14315 = FILL_AREA_STYLE_COLOUR('',#13068);
#14316 = OVER_RIDING_STYLED_ITEM('overriding color',(#14317),#6623,
  #13061);
#14317 = PRESENTATION_STYLE_ASSIGNMENT((#14318));
#14318 = SURFACE_STYLE_USAGE(.BOTH.,#14319);
#14319 = SURFACE_SIDE_STYLE('',(#14320));
#14320 = SURFACE_STYLE_FILL_AREA(#14321);
#14321 = FILL_AREA_STYLE('',(#14322));
#14322 = FILL_AREA_STYLE_COLOUR('',#13068);
#14323 = OVER_RIDING_STYLED_ITEM('overriding color',(#14324),#6656,
  #13061);
#14324 = PRESENTATION_STYLE_ASSIGNMENT((#14325));
#14325 = SURFACE_STYLE_USAGE(.BOTH.,#14326);
#14326 = SURFACE_SIDE_STYLE('',(#14327));
#14327 = SURFACE_STYLE_FILL_AREA(#14328);
#14328 = FILL_AREA_STYLE('',(#14329));
#14329 = FILL_AREA_STYLE_COLOUR('',#13068);
#14330 = OVER_RIDING_STYLED_ITEM('overriding color',(#14331),#6687,
  #13061);
#14331 = PRESENTATION_STYLE_ASSIGNMENT((#14332));
#14332 = SURFACE_STYLE_USAGE(.BOTH.,#14333);
#14333 = SURFACE_SIDE_STYLE('',(#14334));
#14334 = SURFACE_STYLE_FILL_AREA(#14335);
#14335 = FILL_AREA_STYLE('',(#14336));
#14336 = FILL_AREA_STYLE_COLOUR('',#13068);
#14337 = OVER_RIDING_STYLED_ITEM('overriding color',(#14338),#6777,
  #13061);
#14338 = PRESENTATION_STYLE_ASSIGNMENT((#14339));
#14339 = SURFACE_STYLE_USAGE(.BOTH.,#14340);
#14340 = SURFACE_SIDE_STYLE('',(#14341));
#14341 = SURFACE_STYLE_FILL_AREA(#14342);
#14342 = FILL_AREA_STYLE('',(#14343));
#14343 = FILL_AREA_STYLE_COLOUR('',#13068);
#14344 = OVER_RIDING_STYLED_ITEM('overriding color',(#14345),#6833,
  #13061);
#14345 = PRESENTATION_STYLE_ASSIGNMENT((#14346));
#14346 = SURFACE_STYLE_USAGE(.BOTH.,#14347);
#14347 = SURFACE_SIDE_STYLE('',(#14348));
#14348 = SURFACE_STYLE_FILL_AREA(#14349);
#14349 = FILL_AREA_STYLE('',(#14350));
#14350 = FILL_AREA_STYLE_COLOUR('',#13068);
#14351 = OVER_RIDING_STYLED_ITEM('overriding color',(#14352),#6866,
  #13061);
#14352 = PRESENTATION_STYLE_ASSIGNMENT((#14353));
#14353 = SURFACE_STYLE_USAGE(.BOTH.,#14354);
#14354 = SURFACE_SIDE_STYLE('',(#14355));
#14355 = SURFACE_STYLE_FILL_AREA(#14356);
#14356 = FILL_AREA_STYLE('',(#14357));
#14357 = FILL_AREA_STYLE_COLOUR('',#13068);
#14358 = OVER_RIDING_STYLED_ITEM('overriding color',(#14359),#7079,
  #13061);
#14359 = PRESENTATION_STYLE_ASSIGNMENT((#14360));
#14360 = SURFACE_STYLE_USAGE(.BOTH.,#14361);
#14361 = SURFACE_SIDE_STYLE('',(#14362));
#14362 = SURFACE_STYLE_FILL_AREA(#14363);
#14363 = FILL_AREA_STYLE('',(#14364));
#14364 = FILL_AREA_STYLE_COLOUR('',#13068);
#14365 = OVER_RIDING_STYLED_ITEM('overriding color',(#14366),#7112,
  #13061);
#14366 = PRESENTATION_STYLE_ASSIGNMENT((#14367));
#14367 = SURFACE_STYLE_USAGE(.BOTH.,#14368);
#14368 = SURFACE_SIDE_STYLE('',(#14369));
#14369 = SURFACE_STYLE_FILL_AREA(#14370);
#14370 = FILL_AREA_STYLE('',(#14371));
#14371 = FILL_AREA_STYLE_COLOUR('',#13068);
#14372 = OVER_RIDING_STYLED_ITEM('overriding color',(#14373),#7129,
  #13061);
#14373 = PRESENTATION_STYLE_ASSIGNMENT((#14374));
#14374 = SURFACE_STYLE_USAGE(.BOTH.,#14375);
#14375 = SURFACE_SIDE_STYLE('',(#14376));
#14376 = SURFACE_STYLE_FILL_AREA(#14377);
#14377 = FILL_AREA_STYLE('',(#14378));
#14378 = FILL_AREA_STYLE_COLOUR('',#13068);
#14379 = OVER_RIDING_STYLED_ITEM('overriding color',(#14380),#7154,
  #13061);
#14380 = PRESENTATION_STYLE_ASSIGNMENT((#14381));
#14381 = SURFACE_STYLE_USAGE(.BOTH.,#14382);
#14382 = SURFACE_SIDE_STYLE('',(#14383));
#14383 = SURFACE_STYLE_FILL_AREA(#14384);
#14384 = FILL_AREA_STYLE('',(#14385));
#14385 = FILL_AREA_STYLE_COLOUR('',#13068);
#14386 = OVER_RIDING_STYLED_ITEM('overriding color',(#14387),#7178,
  #13061);
#14387 = PRESENTATION_STYLE_ASSIGNMENT((#14388));
#14388 = SURFACE_STYLE_USAGE(.BOTH.,#14389);
#14389 = SURFACE_SIDE_STYLE('',(#14390));
#14390 = SURFACE_STYLE_FILL_AREA(#14391);
#14391 = FILL_AREA_STYLE('',(#14392));
#14392 = FILL_AREA_STYLE_COLOUR('',#13068);
#14393 = OVER_RIDING_STYLED_ITEM('overriding color',(#14394),#7211,
  #13061);
#14394 = PRESENTATION_STYLE_ASSIGNMENT((#14395));
#14395 = SURFACE_STYLE_USAGE(.BOTH.,#14396);
#14396 = SURFACE_SIDE_STYLE('',(#14397));
#14397 = SURFACE_STYLE_FILL_AREA(#14398);
#14398 = FILL_AREA_STYLE('',(#14399));
#14399 = FILL_AREA_STYLE_COLOUR('',#13068);
#14400 = OVER_RIDING_STYLED_ITEM('overriding color',(#14401),#7229,
  #13061);
#14401 = PRESENTATION_STYLE_ASSIGNMENT((#14402));
#14402 = SURFACE_STYLE_USAGE(.BOTH.,#14403);
#14403 = SURFACE_SIDE_STYLE('',(#14404));
#14404 = SURFACE_STYLE_FILL_AREA(#14405);
#14405 = FILL_AREA_STYLE('',(#14406));
#14406 = FILL_AREA_STYLE_COLOUR('',#13068);
#14407 = OVER_RIDING_STYLED_ITEM('overriding color',(#14408),#7254,
  #13061);
#14408 = PRESENTATION_STYLE_ASSIGNMENT((#14409));
#14409 = SURFACE_STYLE_USAGE(.BOTH.,#14410);
#14410 = SURFACE_SIDE_STYLE('',(#14411));
#14411 = SURFACE_STYLE_FILL_AREA(#14412);
#14412 = FILL_AREA_STYLE('',(#14413));
#14413 = FILL_AREA_STYLE_COLOUR('',#13068);
#14414 = OVER_RIDING_STYLED_ITEM('overriding color',(#14415),#7279,
  #13061);
#14415 = PRESENTATION_STYLE_ASSIGNMENT((#14416));
#14416 = SURFACE_STYLE_USAGE(.BOTH.,#14417);
#14417 = SURFACE_SIDE_STYLE('',(#14418));
#14418 = SURFACE_STYLE_FILL_AREA(#14419);
#14419 = FILL_AREA_STYLE('',(#14420));
#14420 = FILL_AREA_STYLE_COLOUR('',#13068);
#14421 = OVER_RIDING_STYLED_ITEM('overriding color',(#14422),#7311,
  #13061);
#14422 = PRESENTATION_STYLE_ASSIGNMENT((#14423));
#14423 = SURFACE_STYLE_USAGE(.BOTH.,#14424);
#14424 = SURFACE_SIDE_STYLE('',(#14425));
#14425 = SURFACE_STYLE_FILL_AREA(#14426);
#14426 = FILL_AREA_STYLE('',(#14427));
#14427 = FILL_AREA_STYLE_COLOUR('',#13068);
#14428 = OVER_RIDING_STYLED_ITEM('overriding color',(#14429),#7336,
  #13061);
#14429 = PRESENTATION_STYLE_ASSIGNMENT((#14430));
#14430 = SURFACE_STYLE_USAGE(.BOTH.,#14431);
#14431 = SURFACE_SIDE_STYLE('',(#14432));
#14432 = SURFACE_STYLE_FILL_AREA(#14433);
#14433 = FILL_AREA_STYLE('',(#14434));
#14434 = FILL_AREA_STYLE_COLOUR('',#13068);
#14435 = OVER_RIDING_STYLED_ITEM('overriding color',(#14436),#7366,
  #13061);
#14436 = PRESENTATION_STYLE_ASSIGNMENT((#14437));
#14437 = SURFACE_STYLE_USAGE(.BOTH.,#14438);
#14438 = SURFACE_SIDE_STYLE('',(#14439));
#14439 = SURFACE_STYLE_FILL_AREA(#14440);
#14440 = FILL_AREA_STYLE('',(#14441));
#14441 = FILL_AREA_STYLE_COLOUR('',#13068);
#14442 = OVER_RIDING_STYLED_ITEM('overriding color',(#14443),#7392,
  #13061);
#14443 = PRESENTATION_STYLE_ASSIGNMENT((#14444));
#14444 = SURFACE_STYLE_USAGE(.BOTH.,#14445);
#14445 = SURFACE_SIDE_STYLE('',(#14446));
#14446 = SURFACE_STYLE_FILL_AREA(#14447);
#14447 = FILL_AREA_STYLE('',(#14448));
#14448 = FILL_AREA_STYLE_COLOUR('',#13068);
#14449 = OVER_RIDING_STYLED_ITEM('overriding color',(#14450),#7440,
  #13061);
#14450 = PRESENTATION_STYLE_ASSIGNMENT((#14451));
#14451 = SURFACE_STYLE_USAGE(.BOTH.,#14452);
#14452 = SURFACE_SIDE_STYLE('',(#14453));
#14453 = SURFACE_STYLE_FILL_AREA(#14454);
#14454 = FILL_AREA_STYLE('',(#14455));
#14455 = FILL_AREA_STYLE_COLOUR('',#13068);
#14456 = OVER_RIDING_STYLED_ITEM('overriding color',(#14457),#7465,
  #13061);
#14457 = PRESENTATION_STYLE_ASSIGNMENT((#14458));
#14458 = SURFACE_STYLE_USAGE(.BOTH.,#14459);
#14459 = SURFACE_SIDE_STYLE('',(#14460));
#14460 = SURFACE_STYLE_FILL_AREA(#14461);
#14461 = FILL_AREA_STYLE('',(#14462));
#14462 = FILL_AREA_STYLE_COLOUR('',#13068);
#14463 = OVER_RIDING_STYLED_ITEM('overriding color',(#14464),#7539,
  #13061);
#14464 = PRESENTATION_STYLE_ASSIGNMENT((#14465));
#14465 = SURFACE_STYLE_USAGE(.BOTH.,#14466);
#14466 = SURFACE_SIDE_STYLE('',(#14467));
#14467 = SURFACE_STYLE_FILL_AREA(#14468);
#14468 = FILL_AREA_STYLE('',(#14469));
#14469 = FILL_AREA_STYLE_COLOUR('',#13068);
#14470 = OVER_RIDING_STYLED_ITEM('overriding color',(#14471),#7557,
  #13061);
#14471 = PRESENTATION_STYLE_ASSIGNMENT((#14472));
#14472 = SURFACE_STYLE_USAGE(.BOTH.,#14473);
#14473 = SURFACE_SIDE_STYLE('',(#14474));
#14474 = SURFACE_STYLE_FILL_AREA(#14475);
#14475 = FILL_AREA_STYLE('',(#14476));
#14476 = FILL_AREA_STYLE_COLOUR('',#13068);
#14477 = OVER_RIDING_STYLED_ITEM('overriding color',(#14478),#7581,
  #13061);
#14478 = PRESENTATION_STYLE_ASSIGNMENT((#14479));
#14479 = SURFACE_STYLE_USAGE(.BOTH.,#14480);
#14480 = SURFACE_SIDE_STYLE('',(#14481));
#14481 = SURFACE_STYLE_FILL_AREA(#14482);
#14482 = FILL_AREA_STYLE('',(#14483));
#14483 = FILL_AREA_STYLE_COLOUR('',#13068);
#14484 = OVER_RIDING_STYLED_ITEM('overriding color',(#14485),#7599,
  #13061);
#14485 = PRESENTATION_STYLE_ASSIGNMENT((#14486));
#14486 = SURFACE_STYLE_USAGE(.BOTH.,#14487);
#14487 = SURFACE_SIDE_STYLE('',(#14488));
#14488 = SURFACE_STYLE_FILL_AREA(#14489);
#14489 = FILL_AREA_STYLE('',(#14490));
#14490 = FILL_AREA_STYLE_COLOUR('',#13068);
#14491 = OVER_RIDING_STYLED_ITEM('overriding color',(#14492),#7616,
  #13061);
#14492 = PRESENTATION_STYLE_ASSIGNMENT((#14493));
#14493 = SURFACE_STYLE_USAGE(.BOTH.,#14494);
#14494 = SURFACE_SIDE_STYLE('',(#14495));
#14495 = SURFACE_STYLE_FILL_AREA(#14496);
#14496 = FILL_AREA_STYLE('',(#14497));
#14497 = FILL_AREA_STYLE_COLOUR('',#13068);
#14498 = OVER_RIDING_STYLED_ITEM('overriding color',(#14499),#7658,
  #13061);
#14499 = PRESENTATION_STYLE_ASSIGNMENT((#14500));
#14500 = SURFACE_STYLE_USAGE(.BOTH.,#14501);
#14501 = SURFACE_SIDE_STYLE('',(#14502));
#14502 = SURFACE_STYLE_FILL_AREA(#14503);
#14503 = FILL_AREA_STYLE('',(#14504));
#14504 = FILL_AREA_STYLE_COLOUR('',#13068);
#14505 = OVER_RIDING_STYLED_ITEM('overriding color',(#14506),#7748,
  #13061);
#14506 = PRESENTATION_STYLE_ASSIGNMENT((#14507));
#14507 = SURFACE_STYLE_USAGE(.BOTH.,#14508);
#14508 = SURFACE_SIDE_STYLE('',(#14509));
#14509 = SURFACE_STYLE_FILL_AREA(#14510);
#14510 = FILL_AREA_STYLE('',(#14511));
#14511 = FILL_AREA_STYLE_COLOUR('',#13068);
#14512 = OVER_RIDING_STYLED_ITEM('overriding color',(#14513),#7784,
  #13061);
#14513 = PRESENTATION_STYLE_ASSIGNMENT((#14514));
#14514 = SURFACE_STYLE_USAGE(.BOTH.,#14515);
#14515 = SURFACE_SIDE_STYLE('',(#14516));
#14516 = SURFACE_STYLE_FILL_AREA(#14517);
#14517 = FILL_AREA_STYLE('',(#14518));
#14518 = FILL_AREA_STYLE_COLOUR('',#13068);
#14519 = OVER_RIDING_STYLED_ITEM('overriding color',(#14520),#7808,
  #13061);
#14520 = PRESENTATION_STYLE_ASSIGNMENT((#14521));
#14521 = SURFACE_STYLE_USAGE(.BOTH.,#14522);
#14522 = SURFACE_SIDE_STYLE('',(#14523));
#14523 = SURFACE_STYLE_FILL_AREA(#14524);
#14524 = FILL_AREA_STYLE('',(#14525));
#14525 = FILL_AREA_STYLE_COLOUR('',#13068);
#14526 = OVER_RIDING_STYLED_ITEM('overriding color',(#14527),#7826,
  #13061);
#14527 = PRESENTATION_STYLE_ASSIGNMENT((#14528));
#14528 = SURFACE_STYLE_USAGE(.BOTH.,#14529);
#14529 = SURFACE_SIDE_STYLE('',(#14530));
#14530 = SURFACE_STYLE_FILL_AREA(#14531);
#14531 = FILL_AREA_STYLE('',(#14532));
#14532 = FILL_AREA_STYLE_COLOUR('',#13068);
#14533 = OVER_RIDING_STYLED_ITEM('overriding color',(#14534),#7890,
  #13061);
#14534 = PRESENTATION_STYLE_ASSIGNMENT((#14535));
#14535 = SURFACE_STYLE_USAGE(.BOTH.,#14536);
#14536 = SURFACE_SIDE_STYLE('',(#14537));
#14537 = SURFACE_STYLE_FILL_AREA(#14538);
#14538 = FILL_AREA_STYLE('',(#14539));
#14539 = FILL_AREA_STYLE_COLOUR('',#13068);
#14540 = OVER_RIDING_STYLED_ITEM('overriding color',(#14541),#7915,
  #13061);
#14541 = PRESENTATION_STYLE_ASSIGNMENT((#14542));
#14542 = SURFACE_STYLE_USAGE(.BOTH.,#14543);
#14543 = SURFACE_SIDE_STYLE('',(#14544));
#14544 = SURFACE_STYLE_FILL_AREA(#14545);
#14545 = FILL_AREA_STYLE('',(#14546));
#14546 = FILL_AREA_STYLE_COLOUR('',#13068);
#14547 = OVER_RIDING_STYLED_ITEM('overriding color',(#14548),#7939,
  #13061);
#14548 = PRESENTATION_STYLE_ASSIGNMENT((#14549));
#14549 = SURFACE_STYLE_USAGE(.BOTH.,#14550);
#14550 = SURFACE_SIDE_STYLE('',(#14551));
#14551 = SURFACE_STYLE_FILL_AREA(#14552);
#14552 = FILL_AREA_STYLE('',(#14553));
#14553 = FILL_AREA_STYLE_COLOUR('',#13068);
#14554 = OVER_RIDING_STYLED_ITEM('overriding color',(#14555),#7963,
  #13061);
#14555 = PRESENTATION_STYLE_ASSIGNMENT((#14556));
#14556 = SURFACE_STYLE_USAGE(.BOTH.,#14557);
#14557 = SURFACE_SIDE_STYLE('',(#14558));
#14558 = SURFACE_STYLE_FILL_AREA(#14559);
#14559 = FILL_AREA_STYLE('',(#14560));
#14560 = FILL_AREA_STYLE_COLOUR('',#13068);
#14561 = OVER_RIDING_STYLED_ITEM('overriding color',(#14562),#7989,
  #13061);
#14562 = PRESENTATION_STYLE_ASSIGNMENT((#14563));
#14563 = SURFACE_STYLE_USAGE(.BOTH.,#14564);
#14564 = SURFACE_SIDE_STYLE('',(#14565));
#14565 = SURFACE_STYLE_FILL_AREA(#14566);
#14566 = FILL_AREA_STYLE('',(#14567));
#14567 = FILL_AREA_STYLE_COLOUR('',#13068);
#14568 = OVER_RIDING_STYLED_ITEM('overriding color',(#14569),#8006,
  #13061);
#14569 = PRESENTATION_STYLE_ASSIGNMENT((#14570));
#14570 = SURFACE_STYLE_USAGE(.BOTH.,#14571);
#14571 = SURFACE_SIDE_STYLE('',(#14572));
#14572 = SURFACE_STYLE_FILL_AREA(#14573);
#14573 = FILL_AREA_STYLE('',(#14574));
#14574 = FILL_AREA_STYLE_COLOUR('',#13068);
#14575 = OVER_RIDING_STYLED_ITEM('overriding color',(#14576),#8031,
  #13061);
#14576 = PRESENTATION_STYLE_ASSIGNMENT((#14577));
#14577 = SURFACE_STYLE_USAGE(.BOTH.,#14578);
#14578 = SURFACE_SIDE_STYLE('',(#14579));
#14579 = SURFACE_STYLE_FILL_AREA(#14580);
#14580 = FILL_AREA_STYLE('',(#14581));
#14581 = FILL_AREA_STYLE_COLOUR('',#13068);
#14582 = OVER_RIDING_STYLED_ITEM('overriding color',(#14583),#8049,
  #13061);
#14583 = PRESENTATION_STYLE_ASSIGNMENT((#14584));
#14584 = SURFACE_STYLE_USAGE(.BOTH.,#14585);
#14585 = SURFACE_SIDE_STYLE('',(#14586));
#14586 = SURFACE_STYLE_FILL_AREA(#14587);
#14587 = FILL_AREA_STYLE('',(#14588));
#14588 = FILL_AREA_STYLE_COLOUR('',#13068);
#14589 = OVER_RIDING_STYLED_ITEM('overriding color',(#14590),#8075,
  #13061);
#14590 = PRESENTATION_STYLE_ASSIGNMENT((#14591));
#14591 = SURFACE_STYLE_USAGE(.BOTH.,#14592);
#14592 = SURFACE_SIDE_STYLE('',(#14593));
#14593 = SURFACE_STYLE_FILL_AREA(#14594);
#14594 = FILL_AREA_STYLE('',(#14595));
#14595 = FILL_AREA_STYLE_COLOUR('',#13068);
#14596 = OVER_RIDING_STYLED_ITEM('overriding color',(#14597),#8092,
  #13061);
#14597 = PRESENTATION_STYLE_ASSIGNMENT((#14598));
#14598 = SURFACE_STYLE_USAGE(.BOTH.,#14599);
#14599 = SURFACE_SIDE_STYLE('',(#14600));
#14600 = SURFACE_STYLE_FILL_AREA(#14601);
#14601 = FILL_AREA_STYLE('',(#14602));
#14602 = FILL_AREA_STYLE_COLOUR('',#13068);
#14603 = OVER_RIDING_STYLED_ITEM('overriding color',(#14604),#8116,
  #13061);
#14604 = PRESENTATION_STYLE_ASSIGNMENT((#14605));
#14605 = SURFACE_STYLE_USAGE(.BOTH.,#14606);
#14606 = SURFACE_SIDE_STYLE('',(#14607));
#14607 = SURFACE_STYLE_FILL_AREA(#14608);
#14608 = FILL_AREA_STYLE('',(#14609));
#14609 = FILL_AREA_STYLE_COLOUR('',#13068);
#14610 = OVER_RIDING_STYLED_ITEM('overriding color',(#14611),#8134,
  #13061);
#14611 = PRESENTATION_STYLE_ASSIGNMENT((#14612));
#14612 = SURFACE_STYLE_USAGE(.BOTH.,#14613);
#14613 = SURFACE_SIDE_STYLE('',(#14614));
#14614 = SURFACE_STYLE_FILL_AREA(#14615);
#14615 = FILL_AREA_STYLE('',(#14616));
#14616 = FILL_AREA_STYLE_COLOUR('',#13068);
#14617 = OVER_RIDING_STYLED_ITEM('overriding color',(#14618),#8170,
  #13061);
#14618 = PRESENTATION_STYLE_ASSIGNMENT((#14619));
#14619 = SURFACE_STYLE_USAGE(.BOTH.,#14620);
#14620 = SURFACE_SIDE_STYLE('',(#14621));
#14621 = SURFACE_STYLE_FILL_AREA(#14622);
#14622 = FILL_AREA_STYLE('',(#14623));
#14623 = FILL_AREA_STYLE_COLOUR('',#13068);
#14624 = OVER_RIDING_STYLED_ITEM('overriding color',(#14625),#8187,
  #13061);
#14625 = PRESENTATION_STYLE_ASSIGNMENT((#14626));
#14626 = SURFACE_STYLE_USAGE(.BOTH.,#14627);
#14627 = SURFACE_SIDE_STYLE('',(#14628));
#14628 = SURFACE_STYLE_FILL_AREA(#14629);
#14629 = FILL_AREA_STYLE('',(#14630));
#14630 = FILL_AREA_STYLE_COLOUR('',#13068);
#14631 = OVER_RIDING_STYLED_ITEM('overriding color',(#14632),#8248,
  #13061);
#14632 = PRESENTATION_STYLE_ASSIGNMENT((#14633));
#14633 = SURFACE_STYLE_USAGE(.BOTH.,#14634);
#14634 = SURFACE_SIDE_STYLE('',(#14635));
#14635 = SURFACE_STYLE_FILL_AREA(#14636);
#14636 = FILL_AREA_STYLE('',(#14637));
#14637 = FILL_AREA_STYLE_COLOUR('',#13068);
#14638 = OVER_RIDING_STYLED_ITEM('overriding color',(#14639),#8272,
  #13061);
#14639 = PRESENTATION_STYLE_ASSIGNMENT((#14640));
#14640 = SURFACE_STYLE_USAGE(.BOTH.,#14641);
#14641 = SURFACE_SIDE_STYLE('',(#14642));
#14642 = SURFACE_STYLE_FILL_AREA(#14643);
#14643 = FILL_AREA_STYLE('',(#14644));
#14644 = FILL_AREA_STYLE_COLOUR('',#13068);
#14645 = OVER_RIDING_STYLED_ITEM('overriding color',(#14646),#8290,
  #13061);
#14646 = PRESENTATION_STYLE_ASSIGNMENT((#14647));
#14647 = SURFACE_STYLE_USAGE(.BOTH.,#14648);
#14648 = SURFACE_SIDE_STYLE('',(#14649));
#14649 = SURFACE_STYLE_FILL_AREA(#14650);
#14650 = FILL_AREA_STYLE('',(#14651));
#14651 = FILL_AREA_STYLE_COLOUR('',#13068);
#14652 = OVER_RIDING_STYLED_ITEM('overriding color',(#14653),#8302,
  #13061);
#14653 = PRESENTATION_STYLE_ASSIGNMENT((#14654));
#14654 = SURFACE_STYLE_USAGE(.BOTH.,#14655);
#14655 = SURFACE_SIDE_STYLE('',(#14656));
#14656 = SURFACE_STYLE_FILL_AREA(#14657);
#14657 = FILL_AREA_STYLE('',(#14658));
#14658 = FILL_AREA_STYLE_COLOUR('',#13068);
#14659 = OVER_RIDING_STYLED_ITEM('overriding color',(#14660),#8327,
  #13061);
#14660 = PRESENTATION_STYLE_ASSIGNMENT((#14661));
#14661 = SURFACE_STYLE_USAGE(.BOTH.,#14662);
#14662 = SURFACE_SIDE_STYLE('',(#14663));
#14663 = SURFACE_STYLE_FILL_AREA(#14664);
#14664 = FILL_AREA_STYLE('',(#14665));
#14665 = FILL_AREA_STYLE_COLOUR('',#13068);
#14666 = OVER_RIDING_STYLED_ITEM('overriding color',(#14667),#8351,
  #13061);
#14667 = PRESENTATION_STYLE_ASSIGNMENT((#14668));
#14668 = SURFACE_STYLE_USAGE(.BOTH.,#14669);
#14669 = SURFACE_SIDE_STYLE('',(#14670));
#14670 = SURFACE_STYLE_FILL_AREA(#14671);
#14671 = FILL_AREA_STYLE('',(#14672));
#14672 = FILL_AREA_STYLE_COLOUR('',#13068);
#14673 = OVER_RIDING_STYLED_ITEM('overriding color',(#14674),#8376,
  #13061);
#14674 = PRESENTATION_STYLE_ASSIGNMENT((#14675));
#14675 = SURFACE_STYLE_USAGE(.BOTH.,#14676);
#14676 = SURFACE_SIDE_STYLE('',(#14677));
#14677 = SURFACE_STYLE_FILL_AREA(#14678);
#14678 = FILL_AREA_STYLE('',(#14679));
#14679 = FILL_AREA_STYLE_COLOUR('',#13068);
#14680 = OVER_RIDING_STYLED_ITEM('overriding color',(#14681),#8453,
  #13061);
#14681 = PRESENTATION_STYLE_ASSIGNMENT((#14682));
#14682 = SURFACE_STYLE_USAGE(.BOTH.,#14683);
#14683 = SURFACE_SIDE_STYLE('',(#14684));
#14684 = SURFACE_STYLE_FILL_AREA(#14685);
#14685 = FILL_AREA_STYLE('',(#14686));
#14686 = FILL_AREA_STYLE_COLOUR('',#13068);
#14687 = OVER_RIDING_STYLED_ITEM('overriding color',(#14688),#8477,
  #13061);
#14688 = PRESENTATION_STYLE_ASSIGNMENT((#14689));
#14689 = SURFACE_STYLE_USAGE(.BOTH.,#14690);
#14690 = SURFACE_SIDE_STYLE('',(#14691));
#14691 = SURFACE_STYLE_FILL_AREA(#14692);
#14692 = FILL_AREA_STYLE('',(#14693));
#14693 = FILL_AREA_STYLE_COLOUR('',#13068);
#14694 = OVER_RIDING_STYLED_ITEM('overriding color',(#14695),#8495,
  #13061);
#14695 = PRESENTATION_STYLE_ASSIGNMENT((#14696));
#14696 = SURFACE_STYLE_USAGE(.BOTH.,#14697);
#14697 = SURFACE_SIDE_STYLE('',(#14698));
#14698 = SURFACE_STYLE_FILL_AREA(#14699);
#14699 = FILL_AREA_STYLE('',(#14700));
#14700 = FILL_AREA_STYLE_COLOUR('',#13068);
#14701 = OVER_RIDING_STYLED_ITEM('overriding color',(#14702),#8507,
  #13061);
#14702 = PRESENTATION_STYLE_ASSIGNMENT((#14703));
#14703 = SURFACE_STYLE_USAGE(.BOTH.,#14704);
#14704 = SURFACE_SIDE_STYLE('',(#14705));
#14705 = SURFACE_STYLE_FILL_AREA(#14706);
#14706 = FILL_AREA_STYLE('',(#14707));
#14707 = FILL_AREA_STYLE_COLOUR('',#13068);
#14708 = OVER_RIDING_STYLED_ITEM('overriding color',(#14709),#8532,
  #13061);
#14709 = PRESENTATION_STYLE_ASSIGNMENT((#14710));
#14710 = SURFACE_STYLE_USAGE(.BOTH.,#14711);
#14711 = SURFACE_SIDE_STYLE('',(#14712));
#14712 = SURFACE_STYLE_FILL_AREA(#14713);
#14713 = FILL_AREA_STYLE('',(#14714));
#14714 = FILL_AREA_STYLE_COLOUR('',#13068);
#14715 = OVER_RIDING_STYLED_ITEM('overriding color',(#14716),#8556,
  #13061);
#14716 = PRESENTATION_STYLE_ASSIGNMENT((#14717));
#14717 = SURFACE_STYLE_USAGE(.BOTH.,#14718);
#14718 = SURFACE_SIDE_STYLE('',(#14719));
#14719 = SURFACE_STYLE_FILL_AREA(#14720);
#14720 = FILL_AREA_STYLE('',(#14721));
#14721 = FILL_AREA_STYLE_COLOUR('',#13068);
#14722 = OVER_RIDING_STYLED_ITEM('overriding color',(#14723),#8580,
  #13061);
#14723 = PRESENTATION_STYLE_ASSIGNMENT((#14724));
#14724 = SURFACE_STYLE_USAGE(.BOTH.,#14725);
#14725 = SURFACE_SIDE_STYLE('',(#14726));
#14726 = SURFACE_STYLE_FILL_AREA(#14727);
#14727 = FILL_AREA_STYLE('',(#14728));
#14728 = FILL_AREA_STYLE_COLOUR('',#13068);
#14729 = OVER_RIDING_STYLED_ITEM('overriding color',(#14730),#8598,
  #13061);
#14730 = PRESENTATION_STYLE_ASSIGNMENT((#14731));
#14731 = SURFACE_STYLE_USAGE(.BOTH.,#14732);
#14732 = SURFACE_SIDE_STYLE('',(#14733));
#14733 = SURFACE_STYLE_FILL_AREA(#14734);
#14734 = FILL_AREA_STYLE('',(#14735));
#14735 = FILL_AREA_STYLE_COLOUR('',#13068);
#14736 = OVER_RIDING_STYLED_ITEM('overriding color',(#14737),#8610,
  #13061);
#14737 = PRESENTATION_STYLE_ASSIGNMENT((#14738));
#14738 = SURFACE_STYLE_USAGE(.BOTH.,#14739);
#14739 = SURFACE_SIDE_STYLE('',(#14740));
#14740 = SURFACE_STYLE_FILL_AREA(#14741);
#14741 = FILL_AREA_STYLE('',(#14742));
#14742 = FILL_AREA_STYLE_COLOUR('',#13068);
#14743 = OVER_RIDING_STYLED_ITEM('overriding color',(#14744),#8622,
  #13061);
#14744 = PRESENTATION_STYLE_ASSIGNMENT((#14745));
#14745 = SURFACE_STYLE_USAGE(.BOTH.,#14746);
#14746 = SURFACE_SIDE_STYLE('',(#14747));
#14747 = SURFACE_STYLE_FILL_AREA(#14748);
#14748 = FILL_AREA_STYLE('',(#14749));
#14749 = FILL_AREA_STYLE_COLOUR('',#13068);
#14750 = OVER_RIDING_STYLED_ITEM('overriding color',(#14751),#8640,
  #13061);
#14751 = PRESENTATION_STYLE_ASSIGNMENT((#14752));
#14752 = SURFACE_STYLE_USAGE(.BOTH.,#14753);
#14753 = SURFACE_SIDE_STYLE('',(#14754));
#14754 = SURFACE_STYLE_FILL_AREA(#14755);
#14755 = FILL_AREA_STYLE('',(#14756));
#14756 = FILL_AREA_STYLE_COLOUR('',#13068);
#14757 = OVER_RIDING_STYLED_ITEM('overriding color',(#14758),#8658,
  #13061);
#14758 = PRESENTATION_STYLE_ASSIGNMENT((#14759));
#14759 = SURFACE_STYLE_USAGE(.BOTH.,#14760);
#14760 = SURFACE_SIDE_STYLE('',(#14761));
#14761 = SURFACE_STYLE_FILL_AREA(#14762);
#14762 = FILL_AREA_STYLE('',(#14763));
#14763 = FILL_AREA_STYLE_COLOUR('',#13068);
#14764 = OVER_RIDING_STYLED_ITEM('overriding color',(#14765),#8670,
  #13061);
#14765 = PRESENTATION_STYLE_ASSIGNMENT((#14766));
#14766 = SURFACE_STYLE_USAGE(.BOTH.,#14767);
#14767 = SURFACE_SIDE_STYLE('',(#14768));
#14768 = SURFACE_STYLE_FILL_AREA(#14769);
#14769 = FILL_AREA_STYLE('',(#14770));
#14770 = FILL_AREA_STYLE_COLOUR('',#13068);
#14771 = OVER_RIDING_STYLED_ITEM('overriding color',(#14772),#8682,
  #13061);
#14772 = PRESENTATION_STYLE_ASSIGNMENT((#14773));
#14773 = SURFACE_STYLE_USAGE(.BOTH.,#14774);
#14774 = SURFACE_SIDE_STYLE('',(#14775));
#14775 = SURFACE_STYLE_FILL_AREA(#14776);
#14776 = FILL_AREA_STYLE('',(#14777));
#14777 = FILL_AREA_STYLE_COLOUR('',#13068);
#14778 = OVER_RIDING_STYLED_ITEM('overriding color',(#14779),#8706,
  #13061);
#14779 = PRESENTATION_STYLE_ASSIGNMENT((#14780));
#14780 = SURFACE_STYLE_USAGE(.BOTH.,#14781);
#14781 = SURFACE_SIDE_STYLE('',(#14782));
#14782 = SURFACE_STYLE_FILL_AREA(#14783);
#14783 = FILL_AREA_STYLE('',(#14784));
#14784 = FILL_AREA_STYLE_COLOUR('',#13068);
#14785 = OVER_RIDING_STYLED_ITEM('overriding color',(#14786),#8724,
  #13061);
#14786 = PRESENTATION_STYLE_ASSIGNMENT((#14787));
#14787 = SURFACE_STYLE_USAGE(.BOTH.,#14788);
#14788 = SURFACE_SIDE_STYLE('',(#14789));
#14789 = SURFACE_STYLE_FILL_AREA(#14790);
#14790 = FILL_AREA_STYLE('',(#14791));
#14791 = FILL_AREA_STYLE_COLOUR('',#13068);
#14792 = OVER_RIDING_STYLED_ITEM('overriding color',(#14793),#8742,
  #13061);
#14793 = PRESENTATION_STYLE_ASSIGNMENT((#14794));
#14794 = SURFACE_STYLE_USAGE(.BOTH.,#14795);
#14795 = SURFACE_SIDE_STYLE('',(#14796));
#14796 = SURFACE_STYLE_FILL_AREA(#14797);
#14797 = FILL_AREA_STYLE('',(#14798));
#14798 = FILL_AREA_STYLE_COLOUR('',#13068);
#14799 = OVER_RIDING_STYLED_ITEM('overriding color',(#14800),#8787,
  #13061);
#14800 = PRESENTATION_STYLE_ASSIGNMENT((#14801));
#14801 = SURFACE_STYLE_USAGE(.BOTH.,#14802);
#14802 = SURFACE_SIDE_STYLE('',(#14803));
#14803 = SURFACE_STYLE_FILL_AREA(#14804);
#14804 = FILL_AREA_STYLE('',(#14805));
#14805 = FILL_AREA_STYLE_COLOUR('',#13068);
#14806 = OVER_RIDING_STYLED_ITEM('overriding color',(#14807),#8805,
  #13061);
#14807 = PRESENTATION_STYLE_ASSIGNMENT((#14808));
#14808 = SURFACE_STYLE_USAGE(.BOTH.,#14809);
#14809 = SURFACE_SIDE_STYLE('',(#14810));
#14810 = SURFACE_STYLE_FILL_AREA(#14811);
#14811 = FILL_AREA_STYLE('',(#14812));
#14812 = FILL_AREA_STYLE_COLOUR('',#13068);
#14813 = OVER_RIDING_STYLED_ITEM('overriding color',(#14814),#8823,
  #13061);
#14814 = PRESENTATION_STYLE_ASSIGNMENT((#14815));
#14815 = SURFACE_STYLE_USAGE(.BOTH.,#14816);
#14816 = SURFACE_SIDE_STYLE('',(#14817));
#14817 = SURFACE_STYLE_FILL_AREA(#14818);
#14818 = FILL_AREA_STYLE('',(#14819));
#14819 = FILL_AREA_STYLE_COLOUR('',#13068);
#14820 = OVER_RIDING_STYLED_ITEM('overriding color',(#14821),#8841,
  #13061);
#14821 = PRESENTATION_STYLE_ASSIGNMENT((#14822));
#14822 = SURFACE_STYLE_USAGE(.BOTH.,#14823);
#14823 = SURFACE_SIDE_STYLE('',(#14824));
#14824 = SURFACE_STYLE_FILL_AREA(#14825);
#14825 = FILL_AREA_STYLE('',(#14826));
#14826 = FILL_AREA_STYLE_COLOUR('',#13068);
#14827 = OVER_RIDING_STYLED_ITEM('overriding color',(#14828),#8866,
  #13061);
#14828 = PRESENTATION_STYLE_ASSIGNMENT((#14829));
#14829 = SURFACE_STYLE_USAGE(.BOTH.,#14830);
#14830 = SURFACE_SIDE_STYLE('',(#14831));
#14831 = SURFACE_STYLE_FILL_AREA(#14832);
#14832 = FILL_AREA_STYLE('',(#14833));
#14833 = FILL_AREA_STYLE_COLOUR('',#13068);
#14834 = OVER_RIDING_STYLED_ITEM('overriding color',(#14835),#8902,
  #13061);
#14835 = PRESENTATION_STYLE_ASSIGNMENT((#14836));
#14836 = SURFACE_STYLE_USAGE(.BOTH.,#14837);
#14837 = SURFACE_SIDE_STYLE('',(#14838));
#14838 = SURFACE_STYLE_FILL_AREA(#14839);
#14839 = FILL_AREA_STYLE('',(#14840));
#14840 = FILL_AREA_STYLE_COLOUR('',#13068);
#14841 = OVER_RIDING_STYLED_ITEM('overriding color',(#14842),#8933,
  #13061);
#14842 = PRESENTATION_STYLE_ASSIGNMENT((#14843));
#14843 = SURFACE_STYLE_USAGE(.BOTH.,#14844);
#14844 = SURFACE_SIDE_STYLE('',(#14845));
#14845 = SURFACE_STYLE_FILL_AREA(#14846);
#14846 = FILL_AREA_STYLE('',(#14847));
#14847 = FILL_AREA_STYLE_COLOUR('',#13068);
#14848 = OVER_RIDING_STYLED_ITEM('overriding color',(#14849),#8964,
  #13061);
#14849 = PRESENTATION_STYLE_ASSIGNMENT((#14850));
#14850 = SURFACE_STYLE_USAGE(.BOTH.,#14851);
#14851 = SURFACE_SIDE_STYLE('',(#14852));
#14852 = SURFACE_STYLE_FILL_AREA(#14853);
#14853 = FILL_AREA_STYLE('',(#14854));
#14854 = FILL_AREA_STYLE_COLOUR('',#13068);
#14855 = OVER_RIDING_STYLED_ITEM('overriding color',(#14856),#8988,
  #13061);
#14856 = PRESENTATION_STYLE_ASSIGNMENT((#14857));
#14857 = SURFACE_STYLE_USAGE(.BOTH.,#14858);
#14858 = SURFACE_SIDE_STYLE('',(#14859));
#14859 = SURFACE_STYLE_FILL_AREA(#14860);
#14860 = FILL_AREA_STYLE('',(#14861));
#14861 = FILL_AREA_STYLE_COLOUR('',#13068);
#14862 = OVER_RIDING_STYLED_ITEM('overriding color',(#14863),#9067,
  #13061);
#14863 = PRESENTATION_STYLE_ASSIGNMENT((#14864));
#14864 = SURFACE_STYLE_USAGE(.BOTH.,#14865);
#14865 = SURFACE_SIDE_STYLE('',(#14866));
#14866 = SURFACE_STYLE_FILL_AREA(#14867);
#14867 = FILL_AREA_STYLE('',(#14868));
#14868 = FILL_AREA_STYLE_COLOUR('',#13068);
#14869 = OVER_RIDING_STYLED_ITEM('overriding color',(#14870),#9331,
  #13061);
#14870 = PRESENTATION_STYLE_ASSIGNMENT((#14871));
#14871 = SURFACE_STYLE_USAGE(.BOTH.,#14872);
#14872 = SURFACE_SIDE_STYLE('',(#14873));
#14873 = SURFACE_STYLE_FILL_AREA(#14874);
#14874 = FILL_AREA_STYLE('',(#14875));
#14875 = FILL_AREA_STYLE_COLOUR('',#13068);
#14876 = OVER_RIDING_STYLED_ITEM('overriding color',(#14877),#9349,
  #13061);
#14877 = PRESENTATION_STYLE_ASSIGNMENT((#14878));
#14878 = SURFACE_STYLE_USAGE(.BOTH.,#14879);
#14879 = SURFACE_SIDE_STYLE('',(#14880));
#14880 = SURFACE_STYLE_FILL_AREA(#14881);
#14881 = FILL_AREA_STYLE('',(#14882));
#14882 = FILL_AREA_STYLE_COLOUR('',#13068);
#14883 = OVER_RIDING_STYLED_ITEM('overriding color',(#14884),#9668,
  #13061);
#14884 = PRESENTATION_STYLE_ASSIGNMENT((#14885));
#14885 = SURFACE_STYLE_USAGE(.BOTH.,#14886);
#14886 = SURFACE_SIDE_STYLE('',(#14887));
#14887 = SURFACE_STYLE_FILL_AREA(#14888);
#14888 = FILL_AREA_STYLE('',(#14889));
#14889 = FILL_AREA_STYLE_COLOUR('',#13068);
#14890 = OVER_RIDING_STYLED_ITEM('overriding color',(#14891),#9680,
  #13061);
#14891 = PRESENTATION_STYLE_ASSIGNMENT((#14892));
#14892 = SURFACE_STYLE_USAGE(.BOTH.,#14893);
#14893 = SURFACE_SIDE_STYLE('',(#14894));
#14894 = SURFACE_STYLE_FILL_AREA(#14895);
#14895 = FILL_AREA_STYLE('',(#14896));
#14896 = FILL_AREA_STYLE_COLOUR('',#13068);
#14897 = OVER_RIDING_STYLED_ITEM('overriding color',(#14898),#9698,
  #13061);
#14898 = PRESENTATION_STYLE_ASSIGNMENT((#14899));
#14899 = SURFACE_STYLE_USAGE(.BOTH.,#14900);
#14900 = SURFACE_SIDE_STYLE('',(#14901));
#14901 = SURFACE_STYLE_FILL_AREA(#14902);
#14902 = FILL_AREA_STYLE('',(#14903));
#14903 = FILL_AREA_STYLE_COLOUR('',#13068);
#14904 = OVER_RIDING_STYLED_ITEM('overriding color',(#14905),#9728,
  #13061);
#14905 = PRESENTATION_STYLE_ASSIGNMENT((#14906));
#14906 = SURFACE_STYLE_USAGE(.BOTH.,#14907);
#14907 = SURFACE_SIDE_STYLE('',(#14908));
#14908 = SURFACE_STYLE_FILL_AREA(#14909);
#14909 = FILL_AREA_STYLE('',(#14910));
#14910 = FILL_AREA_STYLE_COLOUR('',#13068);
#14911 = OVER_RIDING_STYLED_ITEM('overriding color',(#14912),#9746,
  #13061);
#14912 = PRESENTATION_STYLE_ASSIGNMENT((#14913));
#14913 = SURFACE_STYLE_USAGE(.BOTH.,#14914);
#14914 = SURFACE_SIDE_STYLE('',(#14915));
#14915 = SURFACE_STYLE_FILL_AREA(#14916);
#14916 = FILL_AREA_STYLE('',(#14917));
#14917 = FILL_AREA_STYLE_COLOUR('',#13068);
#14918 = OVER_RIDING_STYLED_ITEM('overriding color',(#14919),#10002,
  #13061);
#14919 = PRESENTATION_STYLE_ASSIGNMENT((#14920));
#14920 = SURFACE_STYLE_USAGE(.BOTH.,#14921);
#14921 = SURFACE_SIDE_STYLE('',(#14922));
#14922 = SURFACE_STYLE_FILL_AREA(#14923);
#14923 = FILL_AREA_STYLE('',(#14924));
#14924 = FILL_AREA_STYLE_COLOUR('',#13068);
#14925 = OVER_RIDING_STYLED_ITEM('overriding color',(#14926),#10014,
  #13061);
#14926 = PRESENTATION_STYLE_ASSIGNMENT((#14927));
#14927 = SURFACE_STYLE_USAGE(.BOTH.,#14928);
#14928 = SURFACE_SIDE_STYLE('',(#14929));
#14929 = SURFACE_STYLE_FILL_AREA(#14930);
#14930 = FILL_AREA_STYLE('',(#14931));
#14931 = FILL_AREA_STYLE_COLOUR('',#13068);
#14932 = OVER_RIDING_STYLED_ITEM('overriding color',(#14933),#10044,
  #13061);
#14933 = PRESENTATION_STYLE_ASSIGNMENT((#14934));
#14934 = SURFACE_STYLE_USAGE(.BOTH.,#14935);
#14935 = SURFACE_SIDE_STYLE('',(#14936));
#14936 = SURFACE_STYLE_FILL_AREA(#14937);
#14937 = FILL_AREA_STYLE('',(#14938));
#14938 = FILL_AREA_STYLE_COLOUR('',#13068);
#14939 = OVER_RIDING_STYLED_ITEM('overriding color',(#14940),#10062,
  #13061);
#14940 = PRESENTATION_STYLE_ASSIGNMENT((#14941));
#14941 = SURFACE_STYLE_USAGE(.BOTH.,#14942);
#14942 = SURFACE_SIDE_STYLE('',(#14943));
#14943 = SURFACE_STYLE_FILL_AREA(#14944);
#14944 = FILL_AREA_STYLE('',(#14945));
#14945 = FILL_AREA_STYLE_COLOUR('',#13068);
#14946 = OVER_RIDING_STYLED_ITEM('overriding color',(#14947),#10387,
  #13061);
#14947 = PRESENTATION_STYLE_ASSIGNMENT((#14948));
#14948 = SURFACE_STYLE_USAGE(.BOTH.,#14949);
#14949 = SURFACE_SIDE_STYLE('',(#14950));
#14950 = SURFACE_STYLE_FILL_AREA(#14951);
#14951 = FILL_AREA_STYLE('',(#14952));
#14952 = FILL_AREA_STYLE_COLOUR('',#13068);
#14953 = OVER_RIDING_STYLED_ITEM('overriding color',(#14954),#10405,
  #13061);
#14954 = PRESENTATION_STYLE_ASSIGNMENT((#14955));
#14955 = SURFACE_STYLE_USAGE(.BOTH.,#14956);
#14956 = SURFACE_SIDE_STYLE('',(#14957));
#14957 = SURFACE_STYLE_FILL_AREA(#14958);
#14958 = FILL_AREA_STYLE('',(#14959));
#14959 = FILL_AREA_STYLE_COLOUR('',#13068);
#14960 = OVER_RIDING_STYLED_ITEM('overriding color',(#14961),#10422,
  #13061);
#14961 = PRESENTATION_STYLE_ASSIGNMENT((#14962));
#14962 = SURFACE_STYLE_USAGE(.BOTH.,#14963);
#14963 = SURFACE_SIDE_STYLE('',(#14964));
#14964 = SURFACE_STYLE_FILL_AREA(#14965);
#14965 = FILL_AREA_STYLE('',(#14966));
#14966 = FILL_AREA_STYLE_COLOUR('',#13068);
#14967 = OVER_RIDING_STYLED_ITEM('overriding color',(#14968),#10434,
  #13061);
#14968 = PRESENTATION_STYLE_ASSIGNMENT((#14969));
#14969 = SURFACE_STYLE_USAGE(.BOTH.,#14970);
#14970 = SURFACE_SIDE_STYLE('',(#14971));
#14971 = SURFACE_STYLE_FILL_AREA(#14972);
#14972 = FILL_AREA_STYLE('',(#14973));
#14973 = FILL_AREA_STYLE_COLOUR('',#13068);
#14974 = OVER_RIDING_STYLED_ITEM('overriding color',(#14975),#10446,
  #13061);
#14975 = PRESENTATION_STYLE_ASSIGNMENT((#14976));
#14976 = SURFACE_STYLE_USAGE(.BOTH.,#14977);
#14977 = SURFACE_SIDE_STYLE('',(#14978));
#14978 = SURFACE_STYLE_FILL_AREA(#14979);
#14979 = FILL_AREA_STYLE('',(#14980));
#14980 = FILL_AREA_STYLE_COLOUR('',#13068);
#14981 = OVER_RIDING_STYLED_ITEM('overriding color',(#14982),#10522,
  #13061);
#14982 = PRESENTATION_STYLE_ASSIGNMENT((#14983));
#14983 = SURFACE_STYLE_USAGE(.BOTH.,#14984);
#14984 = SURFACE_SIDE_STYLE('',(#14985));
#14985 = SURFACE_STYLE_FILL_AREA(#14986);
#14986 = FILL_AREA_STYLE('',(#14987));
#14987 = FILL_AREA_STYLE_COLOUR('',#13068);
#14988 = OVER_RIDING_STYLED_ITEM('overriding color',(#14989),#10567,
  #13061);
#14989 = PRESENTATION_STYLE_ASSIGNMENT((#14990));
#14990 = SURFACE_STYLE_USAGE(.BOTH.,#14991);
#14991 = SURFACE_SIDE_STYLE('',(#14992));
#14992 = SURFACE_STYLE_FILL_AREA(#14993);
#14993 = FILL_AREA_STYLE('',(#14994));
#14994 = FILL_AREA_STYLE_COLOUR('',#13068);
#14995 = OVER_RIDING_STYLED_ITEM('overriding color',(#14996),#10579,
  #13061);
#14996 = PRESENTATION_STYLE_ASSIGNMENT((#14997));
#14997 = SURFACE_STYLE_USAGE(.BOTH.,#14998);
#14998 = SURFACE_SIDE_STYLE('',(#14999));
#14999 = SURFACE_STYLE_FILL_AREA(#15000);
#15000 = FILL_AREA_STYLE('',(#15001));
#15001 = FILL_AREA_STYLE_COLOUR('',#13068);
#15002 = OVER_RIDING_STYLED_ITEM('overriding color',(#15003),#10591,
  #13061);
#15003 = PRESENTATION_STYLE_ASSIGNMENT((#15004));
#15004 = SURFACE_STYLE_USAGE(.BOTH.,#15005);
#15005 = SURFACE_SIDE_STYLE('',(#15006));
#15006 = SURFACE_STYLE_FILL_AREA(#15007);
#15007 = FILL_AREA_STYLE('',(#15008));
#15008 = FILL_AREA_STYLE_COLOUR('',#13068);
#15009 = OVER_RIDING_STYLED_ITEM('overriding color',(#15010),#10616,
  #13061);
#15010 = PRESENTATION_STYLE_ASSIGNMENT((#15011));
#15011 = SURFACE_STYLE_USAGE(.BOTH.,#15012);
#15012 = SURFACE_SIDE_STYLE('',(#15013));
#15013 = SURFACE_STYLE_FILL_AREA(#15014);
#15014 = FILL_AREA_STYLE('',(#15015));
#15015 = FILL_AREA_STYLE_COLOUR('',#13068);
#15016 = OVER_RIDING_STYLED_ITEM('overriding color',(#15017),#10633,
  #13061);
#15017 = PRESENTATION_STYLE_ASSIGNMENT((#15018));
#15018 = SURFACE_STYLE_USAGE(.BOTH.,#15019);
#15019 = SURFACE_SIDE_STYLE('',(#15020));
#15020 = SURFACE_STYLE_FILL_AREA(#15021);
#15021 = FILL_AREA_STYLE('',(#15022));
#15022 = FILL_AREA_STYLE_COLOUR('',#13068);
#15023 = OVER_RIDING_STYLED_ITEM('overriding color',(#15024),#10651,
  #13061);
#15024 = PRESENTATION_STYLE_ASSIGNMENT((#15025));
#15025 = SURFACE_STYLE_USAGE(.BOTH.,#15026);
#15026 = SURFACE_SIDE_STYLE('',(#15027));
#15027 = SURFACE_STYLE_FILL_AREA(#15028);
#15028 = FILL_AREA_STYLE('',(#15029));
#15029 = FILL_AREA_STYLE_COLOUR('',#13068);
#15030 = OVER_RIDING_STYLED_ITEM('overriding color',(#15031),#10663,
  #13061);
#15031 = PRESENTATION_STYLE_ASSIGNMENT((#15032));
#15032 = SURFACE_STYLE_USAGE(.BOTH.,#15033);
#15033 = SURFACE_SIDE_STYLE('',(#15034));
#15034 = SURFACE_STYLE_FILL_AREA(#15035);
#15035 = FILL_AREA_STYLE('',(#15036));
#15036 = FILL_AREA_STYLE_COLOUR('',#13068);
#15037 = OVER_RIDING_STYLED_ITEM('overriding color',(#15038),#10681,
  #13061);
#15038 = PRESENTATION_STYLE_ASSIGNMENT((#15039));
#15039 = SURFACE_STYLE_USAGE(.BOTH.,#15040);
#15040 = SURFACE_SIDE_STYLE('',(#15041));
#15041 = SURFACE_STYLE_FILL_AREA(#15042);
#15042 = FILL_AREA_STYLE('',(#15043));
#15043 = FILL_AREA_STYLE_COLOUR('',#13068);
#15044 = OVER_RIDING_STYLED_ITEM('overriding color',(#15045),#10693,
  #13061);
#15045 = PRESENTATION_STYLE_ASSIGNMENT((#15046));
#15046 = SURFACE_STYLE_USAGE(.BOTH.,#15047);
#15047 = SURFACE_SIDE_STYLE('',(#15048));
#15048 = SURFACE_STYLE_FILL_AREA(#15049);
#15049 = FILL_AREA_STYLE('',(#15050));
#15050 = FILL_AREA_STYLE_COLOUR('',#15051);
#15051 = COLOUR_RGB('',0.740000011925,0.750000000934,0.769999993182);
#15052 = OVER_RIDING_STYLED_ITEM('overriding color',(#15053),#10725,
  #13061);
#15053 = PRESENTATION_STYLE_ASSIGNMENT((#15054));
#15054 = SURFACE_STYLE_USAGE(.BOTH.,#15055);
#15055 = SURFACE_SIDE_STYLE('',(#15056));
#15056 = SURFACE_STYLE_FILL_AREA(#15057);
#15057 = FILL_AREA_STYLE('',(#15058));
#15058 = FILL_AREA_STYLE_COLOUR('',#15051);
#15059 = OVER_RIDING_STYLED_ITEM('overriding color',(#15060),#10743,
  #13061);
#15060 = PRESENTATION_STYLE_ASSIGNMENT((#15061));
#15061 = SURFACE_STYLE_USAGE(.BOTH.,#15062);
#15062 = SURFACE_SIDE_STYLE('',(#15063));
#15063 = SURFACE_STYLE_FILL_AREA(#15064);
#15064 = FILL_AREA_STYLE('',(#15065));
#15065 = FILL_AREA_STYLE_COLOUR('',#15051);
#15066 = OVER_RIDING_STYLED_ITEM('overriding color',(#15067),#10753,
  #13061);
#15067 = PRESENTATION_STYLE_ASSIGNMENT((#15068));
#15068 = SURFACE_STYLE_USAGE(.BOTH.,#15069);
#15069 = SURFACE_SIDE_STYLE('',(#15070));
#15070 = SURFACE_STYLE_FILL_AREA(#15071);
#15071 = FILL_AREA_STYLE('',(#15072));
#15072 = FILL_AREA_STYLE_COLOUR('',#15051);
#15073 = OVER_RIDING_STYLED_ITEM('overriding color',(#15074),#10785,
  #13061);
#15074 = PRESENTATION_STYLE_ASSIGNMENT((#15075));
#15075 = SURFACE_STYLE_USAGE(.BOTH.,#15076);
#15076 = SURFACE_SIDE_STYLE('',(#15077));
#15077 = SURFACE_STYLE_FILL_AREA(#15078);
#15078 = FILL_AREA_STYLE('',(#15079));
#15079 = FILL_AREA_STYLE_COLOUR('',#15051);
#15080 = OVER_RIDING_STYLED_ITEM('overriding color',(#15081),#10803,
  #13061);
#15081 = PRESENTATION_STYLE_ASSIGNMENT((#15082));
#15082 = SURFACE_STYLE_USAGE(.BOTH.,#15083);
#15083 = SURFACE_SIDE_STYLE('',(#15084));
#15084 = SURFACE_STYLE_FILL_AREA(#15085);
#15085 = FILL_AREA_STYLE('',(#15086));
#15086 = FILL_AREA_STYLE_COLOUR('',#15051);
#15087 = OVER_RIDING_STYLED_ITEM('overriding color',(#15088),#10813,
  #13061);
#15088 = PRESENTATION_STYLE_ASSIGNMENT((#15089));
#15089 = SURFACE_STYLE_USAGE(.BOTH.,#15090);
#15090 = SURFACE_SIDE_STYLE('',(#15091));
#15091 = SURFACE_STYLE_FILL_AREA(#15092);
#15092 = FILL_AREA_STYLE('',(#15093));
#15093 = FILL_AREA_STYLE_COLOUR('',#15051);
#15094 = OVER_RIDING_STYLED_ITEM('overriding color',(#15095),#10845,
  #13061);
#15095 = PRESENTATION_STYLE_ASSIGNMENT((#15096));
#15096 = SURFACE_STYLE_USAGE(.BOTH.,#15097);
#15097 = SURFACE_SIDE_STYLE('',(#15098));
#15098 = SURFACE_STYLE_FILL_AREA(#15099);
#15099 = FILL_AREA_STYLE('',(#15100));
#15100 = FILL_AREA_STYLE_COLOUR('',#15051);
#15101 = OVER_RIDING_STYLED_ITEM('overriding color',(#15102),#10863,
  #13061);
#15102 = PRESENTATION_STYLE_ASSIGNMENT((#15103));
#15103 = SURFACE_STYLE_USAGE(.BOTH.,#15104);
#15104 = SURFACE_SIDE_STYLE('',(#15105));
#15105 = SURFACE_STYLE_FILL_AREA(#15106);
#15106 = FILL_AREA_STYLE('',(#15107));
#15107 = FILL_AREA_STYLE_COLOUR('',#15051);
#15108 = OVER_RIDING_STYLED_ITEM('overriding color',(#15109),#10873,
  #13061);
#15109 = PRESENTATION_STYLE_ASSIGNMENT((#15110));
#15110 = SURFACE_STYLE_USAGE(.BOTH.,#15111);
#15111 = SURFACE_SIDE_STYLE('',(#15112));
#15112 = SURFACE_STYLE_FILL_AREA(#15113);
#15113 = FILL_AREA_STYLE('',(#15114));
#15114 = FILL_AREA_STYLE_COLOUR('',#15051);
#15115 = OVER_RIDING_STYLED_ITEM('overriding color',(#15116),#10905,
  #13061);
#15116 = PRESENTATION_STYLE_ASSIGNMENT((#15117));
#15117 = SURFACE_STYLE_USAGE(.BOTH.,#15118);
#15118 = SURFACE_SIDE_STYLE('',(#15119));
#15119 = SURFACE_STYLE_FILL_AREA(#15120);
#15120 = FILL_AREA_STYLE('',(#15121));
#15121 = FILL_AREA_STYLE_COLOUR('',#15051);
#15122 = OVER_RIDING_STYLED_ITEM('overriding color',(#15123),#10923,
  #13061);
#15123 = PRESENTATION_STYLE_ASSIGNMENT((#15124));
#15124 = SURFACE_STYLE_USAGE(.BOTH.,#15125);
#15125 = SURFACE_SIDE_STYLE('',(#15126));
#15126 = SURFACE_STYLE_FILL_AREA(#15127);
#15127 = FILL_AREA_STYLE('',(#15128));
#15128 = FILL_AREA_STYLE_COLOUR('',#15051);
#15129 = OVER_RIDING_STYLED_ITEM('overriding color',(#15130),#10933,
  #13061);
#15130 = PRESENTATION_STYLE_ASSIGNMENT((#15131));
#15131 = SURFACE_STYLE_USAGE(.BOTH.,#15132);
#15132 = SURFACE_SIDE_STYLE('',(#15133));
#15133 = SURFACE_STYLE_FILL_AREA(#15134);
#15134 = FILL_AREA_STYLE('',(#15135));
#15135 = FILL_AREA_STYLE_COLOUR('',#15136);
#15136 = COLOUR_RGB('',0.850000012718,0.299999996101,0.120000001395);
#15137 = OVER_RIDING_STYLED_ITEM('overriding color',(#15138),#10999,
  #13061);
#15138 = PRESENTATION_STYLE_ASSIGNMENT((#15139));
#15139 = SURFACE_STYLE_USAGE(.BOTH.,#15140);
#15140 = SURFACE_SIDE_STYLE('',(#15141));
#15141 = SURFACE_STYLE_FILL_AREA(#15142);
#15142 = FILL_AREA_STYLE('',(#15143));
#15143 = FILL_AREA_STYLE_COLOUR('',#15136);
#15144 = OVER_RIDING_STYLED_ITEM('overriding color',(#15145),#11065,
  #13061);
#15145 = PRESENTATION_STYLE_ASSIGNMENT((#15146));
#15146 = SURFACE_STYLE_USAGE(.BOTH.,#15147);
#15147 = SURFACE_SIDE_STYLE('',(#15148));
#15148 = SURFACE_STYLE_FILL_AREA(#15149);
#15149 = FILL_AREA_STYLE('',(#15150));
#15150 = FILL_AREA_STYLE_COLOUR('',#15136);
#15151 = OVER_RIDING_STYLED_ITEM('overriding color',(#15152),#11090,
  #13061);
#15152 = PRESENTATION_STYLE_ASSIGNMENT((#15153));
#15153 = SURFACE_STYLE_USAGE(.BOTH.,#15154);
#15154 = SURFACE_SIDE_STYLE('',(#15155));
#15155 = SURFACE_STYLE_FILL_AREA(#15156);
#15156 = FILL_AREA_STYLE('',(#15157));
#15157 = FILL_AREA_STYLE_COLOUR('',#15136);
#15158 = OVER_RIDING_STYLED_ITEM('overriding color',(#15159),#11115,
  #13061);
#15159 = PRESENTATION_STYLE_ASSIGNMENT((#15160));
#15160 = SURFACE_STYLE_USAGE(.BOTH.,#15161);
#15161 = SURFACE_SIDE_STYLE('',(#15162));
#15162 = SURFACE_STYLE_FILL_AREA(#15163);
#15163 = FILL_AREA_STYLE('',(#15164));
#15164 = FILL_AREA_STYLE_COLOUR('',#15136);
#15165 = OVER_RIDING_STYLED_ITEM('overriding color',(#15166),#11471,
  #13061);
#15166 = PRESENTATION_STYLE_ASSIGNMENT((#15167));
#15167 = SURFACE_STYLE_USAGE(.BOTH.,#15168);
#15168 = SURFACE_SIDE_STYLE('',(#15169));
#15169 = SURFACE_STYLE_FILL_AREA(#15170);
#15170 = FILL_AREA_STYLE('',(#15171));
#15171 = FILL_AREA_STYLE_COLOUR('',#15136);
#15172 = OVER_RIDING_STYLED_ITEM('overriding color',(#15173),#11489,
  #13061);
#15173 = PRESENTATION_STYLE_ASSIGNMENT((#15174));
#15174 = SURFACE_STYLE_USAGE(.BOTH.,#15175);
#15175 = SURFACE_SIDE_STYLE('',(#15176));
#15176 = SURFACE_STYLE_FILL_AREA(#15177);
#15177 = FILL_AREA_STYLE('',(#15178));
#15178 = FILL_AREA_STYLE_COLOUR('',#15136);
#15179 = OVER_RIDING_STYLED_ITEM('overriding color',(#15180),#11507,
  #13061);
#15180 = PRESENTATION_STYLE_ASSIGNMENT((#15181));
#15181 = SURFACE_STYLE_USAGE(.BOTH.,#15182);
#15182 = SURFACE_SIDE_STYLE('',(#15183));
#15183 = SURFACE_STYLE_FILL_AREA(#15184);
#15184 = FILL_AREA_STYLE('',(#15185));
#15185 = FILL_AREA_STYLE_COLOUR('',#15136);
#15186 = OVER_RIDING_STYLED_ITEM('overriding color',(#15187),#11525,
  #13061);
#15187 = PRESENTATION_STYLE_ASSIGNMENT((#15188));
#15188 = SURFACE_STYLE_USAGE(.BOTH.,#15189);
#15189 = SURFACE_SIDE_STYLE('',(#15190));
#15190 = SURFACE_STYLE_FILL_AREA(#15191);
#15191 = FILL_AREA_STYLE('',(#15192));
#15192 = FILL_AREA_STYLE_COLOUR('',#15136);
#15193 = OVER_RIDING_STYLED_ITEM('overriding color',(#15194),#11543,
  #13061);
#15194 = PRESENTATION_STYLE_ASSIGNMENT((#15195));
#15195 = SURFACE_STYLE_USAGE(.BOTH.,#15196);
#15196 = SURFACE_SIDE_STYLE('',(#15197));
#15197 = SURFACE_STYLE_FILL_AREA(#15198);
#15198 = FILL_AREA_STYLE('',(#15199));
#15199 = FILL_AREA_STYLE_COLOUR('',#15136);
#15200 = OVER_RIDING_STYLED_ITEM('overriding color',(#15201),#11561,
  #13061);
#15201 = PRESENTATION_STYLE_ASSIGNMENT((#15202));
#15202 = SURFACE_STYLE_USAGE(.BOTH.,#15203);
#15203 = SURFACE_SIDE_STYLE('',(#15204));
#15204 = SURFACE_STYLE_FILL_AREA(#15205);
#15205 = FILL_AREA_STYLE('',(#15206));
#15206 = FILL_AREA_STYLE_COLOUR('',#15136);
#15207 = OVER_RIDING_STYLED_ITEM('overriding color',(#15208),#11579,
  #13061);
#15208 = PRESENTATION_STYLE_ASSIGNMENT((#15209));
#15209 = SURFACE_STYLE_USAGE(.BOTH.,#15210);
#15210 = SURFACE_SIDE_STYLE('',(#15211));
#15211 = SURFACE_STYLE_FILL_AREA(#15212);
#15212 = FILL_AREA_STYLE('',(#15213));
#15213 = FILL_AREA_STYLE_COLOUR('',#15136);
#15214 = OVER_RIDING_STYLED_ITEM('overriding color',(#15215),#11597,
  #13061);
#15215 = PRESENTATION_STYLE_ASSIGNMENT((#15216));
#15216 = SURFACE_STYLE_USAGE(.BOTH.,#15217);
#15217 = SURFACE_SIDE_STYLE('',(#15218));
#15218 = SURFACE_STYLE_FILL_AREA(#15219);
#15219 = FILL_AREA_STYLE('',(#15220));
#15220 = FILL_AREA_STYLE_COLOUR('',#15136);
#15221 = OVER_RIDING_STYLED_ITEM('overriding color',(#15222),#11615,
  #13061);
#15222 = PRESENTATION_STYLE_ASSIGNMENT((#15223));
#15223 = SURFACE_STYLE_USAGE(.BOTH.,#15224);
#15224 = SURFACE_SIDE_STYLE('',(#15225));
#15225 = SURFACE_STYLE_FILL_AREA(#15226);
#15226 = FILL_AREA_STYLE('',(#15227));
#15227 = FILL_AREA_STYLE_COLOUR('',#15136);
#15228 = OVER_RIDING_STYLED_ITEM('overriding color',(#15229),#11633,
  #13061);
#15229 = PRESENTATION_STYLE_ASSIGNMENT((#15230));
#15230 = SURFACE_STYLE_USAGE(.BOTH.,#15231);
#15231 = SURFACE_SIDE_STYLE('',(#15232));
#15232 = SURFACE_STYLE_FILL_AREA(#15233);
#15233 = FILL_AREA_STYLE('',(#15234));
#15234 = FILL_AREA_STYLE_COLOUR('',#15136);
#15235 = OVER_RIDING_STYLED_ITEM('overriding color',(#15236),#11673,
  #13061);
#15236 = PRESENTATION_STYLE_ASSIGNMENT((#15237));
#15237 = SURFACE_STYLE_USAGE(.BOTH.,#15238);
#15238 = SURFACE_SIDE_STYLE('',(#15239));
#15239 = SURFACE_STYLE_FILL_AREA(#15240);
#15240 = FILL_AREA_STYLE('',(#15241));
#15241 = FILL_AREA_STYLE_COLOUR('',#15136);
#15242 = OVER_RIDING_STYLED_ITEM('overriding color',(#15243),#11707,
  #13061);
#15243 = PRESENTATION_STYLE_ASSIGNMENT((#15244));
#15244 = SURFACE_STYLE_USAGE(.BOTH.,#15245);
#15245 = SURFACE_SIDE_STYLE('',(#15246));
#15246 = SURFACE_STYLE_FILL_AREA(#15247);
#15247 = FILL_AREA_STYLE('',(#15248));
#15248 = FILL_AREA_STYLE_COLOUR('',#15136);
#15249 = OVER_RIDING_STYLED_ITEM('overriding color',(#15250),#11725,
  #13061);
#15250 = PRESENTATION_STYLE_ASSIGNMENT((#15251));
#15251 = SURFACE_STYLE_USAGE(.BOTH.,#15252);
#15252 = SURFACE_SIDE_STYLE('',(#15253));
#15253 = SURFACE_STYLE_FILL_AREA(#15254);
#15254 = FILL_AREA_STYLE('',(#15255));
#15255 = FILL_AREA_STYLE_COLOUR('',#15136);
#15256 = OVER_RIDING_STYLED_ITEM('overriding color',(#15257),#11743,
  #13061);
#15257 = PRESENTATION_STYLE_ASSIGNMENT((#15258));
#15258 = SURFACE_STYLE_USAGE(.BOTH.,#15259);
#15259 = SURFACE_SIDE_STYLE('',(#15260));
#15260 = SURFACE_STYLE_FILL_AREA(#15261);
#15261 = FILL_AREA_STYLE('',(#15262));
#15262 = FILL_AREA_STYLE_COLOUR('',#15136);
#15263 = OVER_RIDING_STYLED_ITEM('overriding color',(#15264),#11761,
  #13061);
#15264 = PRESENTATION_STYLE_ASSIGNMENT((#15265));
#15265 = SURFACE_STYLE_USAGE(.BOTH.,#15266);
#15266 = SURFACE_SIDE_STYLE('',(#15267));
#15267 = SURFACE_STYLE_FILL_AREA(#15268);
#15268 = FILL_AREA_STYLE('',(#15269));
#15269 = FILL_AREA_STYLE_COLOUR('',#15136);
#15270 = OVER_RIDING_STYLED_ITEM('overriding color',(#15271),#11779,
  #13061);
#15271 = PRESENTATION_STYLE_ASSIGNMENT((#15272));
#15272 = SURFACE_STYLE_USAGE(.BOTH.,#15273);
#15273 = SURFACE_SIDE_STYLE('',(#15274));
#15274 = SURFACE_STYLE_FILL_AREA(#15275);
#15275 = FILL_AREA_STYLE('',(#15276));
#15276 = FILL_AREA_STYLE_COLOUR('',#15136);
#15277 = OVER_RIDING_STYLED_ITEM('overriding color',(#15278),#11797,
  #13061);
#15278 = PRESENTATION_STYLE_ASSIGNMENT((#15279));
#15279 = SURFACE_STYLE_USAGE(.BOTH.,#15280);
#15280 = SURFACE_SIDE_STYLE('',(#15281));
#15281 = SURFACE_STYLE_FILL_AREA(#15282);
#15282 = FILL_AREA_STYLE('',(#15283));
#15283 = FILL_AREA_STYLE_COLOUR('',#15136);
#15284 = OVER_RIDING_STYLED_ITEM('overriding color',(#15285),#11815,
  #13061);
#15285 = PRESENTATION_STYLE_ASSIGNMENT((#15286));
#15286 = SURFACE_STYLE_USAGE(.BOTH.,#15287);
#15287 = SURFACE_SIDE_STYLE('',(#15288));
#15288 = SURFACE_STYLE_FILL_AREA(#15289);
#15289 = FILL_AREA_STYLE('',(#15290));
#15290 = FILL_AREA_STYLE_COLOUR('',#15136);
#15291 = OVER_RIDING_STYLED_ITEM('overriding color',(#15292),#11827,
  #13061);
#15292 = PRESENTATION_STYLE_ASSIGNMENT((#15293));
#15293 = SURFACE_STYLE_USAGE(.BOTH.,#15294);
#15294 = SURFACE_SIDE_STYLE('',(#15295));
#15295 = SURFACE_STYLE_FILL_AREA(#15296);
#15296 = FILL_AREA_STYLE('',(#15297));
#15297 = FILL_AREA_STYLE_COLOUR('',#15136);
#15298 = OVER_RIDING_STYLED_ITEM('overriding color',(#15299),#11839,
  #13061);
#15299 = PRESENTATION_STYLE_ASSIGNMENT((#15300));
#15300 = SURFACE_STYLE_USAGE(.BOTH.,#15301);
#15301 = SURFACE_SIDE_STYLE('',(#15302));
#15302 = SURFACE_STYLE_FILL_AREA(#15303);
#15303 = FILL_AREA_STYLE('',(#15304));
#15304 = FILL_AREA_STYLE_COLOUR('',#15136);
#15305 = OVER_RIDING_STYLED_ITEM('overriding color',(#15306),#11895,
  #13061);
#15306 = PRESENTATION_STYLE_ASSIGNMENT((#15307));
#15307 = SURFACE_STYLE_USAGE(.BOTH.,#15308);
#15308 = SURFACE_SIDE_STYLE('',(#15309));
#15309 = SURFACE_STYLE_FILL_AREA(#15310);
#15310 = FILL_AREA_STYLE('',(#15311));
#15311 = FILL_AREA_STYLE_COLOUR('',#15136);
#15312 = OVER_RIDING_STYLED_ITEM('overriding color',(#15313),#11913,
  #13061);
#15313 = PRESENTATION_STYLE_ASSIGNMENT((#15314));
#15314 = SURFACE_STYLE_USAGE(.BOTH.,#15315);
#15315 = SURFACE_SIDE_STYLE('',(#15316));
#15316 = SURFACE_STYLE_FILL_AREA(#15317);
#15317 = FILL_AREA_STYLE('',(#15318));
#15318 = FILL_AREA_STYLE_COLOUR('',#15136);
#15319 = OVER_RIDING_STYLED_ITEM('overriding color',(#15320),#11931,
  #13061);
#15320 = PRESENTATION_STYLE_ASSIGNMENT((#15321));
#15321 = SURFACE_STYLE_USAGE(.BOTH.,#15322);
#15322 = SURFACE_SIDE_STYLE('',(#15323));
#15323 = SURFACE_STYLE_FILL_AREA(#15324);
#15324 = FILL_AREA_STYLE('',(#15325));
#15325 = FILL_AREA_STYLE_COLOUR('',#15136);
#15326 = OVER_RIDING_STYLED_ITEM('overriding color',(#15327),#11949,
  #13061);
#15327 = PRESENTATION_STYLE_ASSIGNMENT((#15328));
#15328 = SURFACE_STYLE_USAGE(.BOTH.,#15329);
#15329 = SURFACE_SIDE_STYLE('',(#15330));
#15330 = SURFACE_STYLE_FILL_AREA(#15331);
#15331 = FILL_AREA_STYLE('',(#15332));
#15332 = FILL_AREA_STYLE_COLOUR('',#15136);
#15333 = OVER_RIDING_STYLED_ITEM('overriding color',(#15334),#11967,
  #13061);
#15334 = PRESENTATION_STYLE_ASSIGNMENT((#15335));
#15335 = SURFACE_STYLE_USAGE(.BOTH.,#15336);
#15336 = SURFACE_SIDE_STYLE('',(#15337));
#15337 = SURFACE_STYLE_FILL_AREA(#15338);
#15338 = FILL_AREA_STYLE('',(#15339));
#15339 = FILL_AREA_STYLE_COLOUR('',#15136);
#15340 = OVER_RIDING_STYLED_ITEM('overriding color',(#15341),#11985,
  #13061);
#15341 = PRESENTATION_STYLE_ASSIGNMENT((#15342));
#15342 = SURFACE_STYLE_USAGE(.BOTH.,#15343);
#15343 = SURFACE_SIDE_STYLE('',(#15344));
#15344 = SURFACE_STYLE_FILL_AREA(#15345);
#15345 = FILL_AREA_STYLE('',(#15346));
#15346 = FILL_AREA_STYLE_COLOUR('',#15136);
#15347 = OVER_RIDING_STYLED_ITEM('overriding color',(#15348),#12003,
  #13061);
#15348 = PRESENTATION_STYLE_ASSIGNMENT((#15349));
#15349 = SURFACE_STYLE_USAGE(.BOTH.,#15350);
#15350 = SURFACE_SIDE_STYLE('',(#15351));
#15351 = SURFACE_STYLE_FILL_AREA(#15352);
#15352 = FILL_AREA_STYLE('',(#15353));
#15353 = FILL_AREA_STYLE_COLOUR('',#15136);
#15354 = OVER_RIDING_STYLED_ITEM('overriding color',(#15355),#12021,
  #13061);
#15355 = PRESENTATION_STYLE_ASSIGNMENT((#15356));
#15356 = SURFACE_STYLE_USAGE(.BOTH.,#15357);
#15357 = SURFACE_SIDE_STYLE('',(#15358));
#15358 = SURFACE_STYLE_FILL_AREA(#15359);
#15359 = FILL_AREA_STYLE('',(#15360));
#15360 = FILL_AREA_STYLE_COLOUR('',#15136);
#15361 = OVER_RIDING_STYLED_ITEM('overriding color',(#15362),#12039,
  #13061);
#15362 = PRESENTATION_STYLE_ASSIGNMENT((#15363));
#15363 = SURFACE_STYLE_USAGE(.BOTH.,#15364);
#15364 = SURFACE_SIDE_STYLE('',(#15365));
#15365 = SURFACE_STYLE_FILL_AREA(#15366);
#15366 = FILL_AREA_STYLE('',(#15367));
#15367 = FILL_AREA_STYLE_COLOUR('',#15136);
#15368 = OVER_RIDING_STYLED_ITEM('overriding color',(#15369),#12051,
  #13061);
#15369 = PRESENTATION_STYLE_ASSIGNMENT((#15370));
#15370 = SURFACE_STYLE_USAGE(.BOTH.,#15371);
#15371 = SURFACE_SIDE_STYLE('',(#15372));
#15372 = SURFACE_STYLE_FILL_AREA(#15373);
#15373 = FILL_AREA_STYLE('',(#15374));
#15374 = FILL_AREA_STYLE_COLOUR('',#15136);
#15375 = OVER_RIDING_STYLED_ITEM('overriding color',(#15376),#12069,
  #13061);
#15376 = PRESENTATION_STYLE_ASSIGNMENT((#15377));
#15377 = SURFACE_STYLE_USAGE(.BOTH.,#15378);
#15378 = SURFACE_SIDE_STYLE('',(#15379));
#15379 = SURFACE_STYLE_FILL_AREA(#15380);
#15380 = FILL_AREA_STYLE('',(#15381));
#15381 = FILL_AREA_STYLE_COLOUR('',#15136);
#15382 = OVER_RIDING_STYLED_ITEM('overriding color',(#15383),#12087,
  #13061);
#15383 = PRESENTATION_STYLE_ASSIGNMENT((#15384));
#15384 = SURFACE_STYLE_USAGE(.BOTH.,#15385);
#15385 = SURFACE_SIDE_STYLE('',(#15386));
#15386 = SURFACE_STYLE_FILL_AREA(#15387);
#15387 = FILL_AREA_STYLE('',(#15388));
#15388 = FILL_AREA_STYLE_COLOUR('',#15136);
#15389 = OVER_RIDING_STYLED_ITEM('overriding color',(#15390),#12105,
  #13061);
#15390 = PRESENTATION_STYLE_ASSIGNMENT((#15391));
#15391 = SURFACE_STYLE_USAGE(.BOTH.,#15392);
#15392 = SURFACE_SIDE_STYLE('',(#15393));
#15393 = SURFACE_STYLE_FILL_AREA(#15394);
#15394 = FILL_AREA_STYLE('',(#15395));
#15395 = FILL_AREA_STYLE_COLOUR('',#15136);
#15396 = OVER_RIDING_STYLED_ITEM('overriding color',(#15397),#12123,
  #13061);
#15397 = PRESENTATION_STYLE_ASSIGNMENT((#15398));
#15398 = SURFACE_STYLE_USAGE(.BOTH.,#15399);
#15399 = SURFACE_SIDE_STYLE('',(#15400));
#15400 = SURFACE_STYLE_FILL_AREA(#15401);
#15401 = FILL_AREA_STYLE('',(#15402));
#15402 = FILL_AREA_STYLE_COLOUR('',#15136);
#15403 = OVER_RIDING_STYLED_ITEM('overriding color',(#15404),#12141,
  #13061);
#15404 = PRESENTATION_STYLE_ASSIGNMENT((#15405));
#15405 = SURFACE_STYLE_USAGE(.BOTH.,#15406);
#15406 = SURFACE_SIDE_STYLE('',(#15407));
#15407 = SURFACE_STYLE_FILL_AREA(#15408);
#15408 = FILL_AREA_STYLE('',(#15409));
#15409 = FILL_AREA_STYLE_COLOUR('',#15136);
#15410 = OVER_RIDING_STYLED_ITEM('overriding color',(#15411),#12159,
  #13061);
#15411 = PRESENTATION_STYLE_ASSIGNMENT((#15412));
#15412 = SURFACE_STYLE_USAGE(.BOTH.,#15413);
#15413 = SURFACE_SIDE_STYLE('',(#15414));
#15414 = SURFACE_STYLE_FILL_AREA(#15415);
#15415 = FILL_AREA_STYLE('',(#15416));
#15416 = FILL_AREA_STYLE_COLOUR('',#15136);
#15417 = OVER_RIDING_STYLED_ITEM('overriding color',(#15418),#12171,
  #13061);
#15418 = PRESENTATION_STYLE_ASSIGNMENT((#15419));
#15419 = SURFACE_STYLE_USAGE(.BOTH.,#15420);
#15420 = SURFACE_SIDE_STYLE('',(#15421));
#15421 = SURFACE_STYLE_FILL_AREA(#15422);
#15422 = FILL_AREA_STYLE('',(#15423));
#15423 = FILL_AREA_STYLE_COLOUR('',#15136);
#15424 = OVER_RIDING_STYLED_ITEM('overriding color',(#15425),#12259,
  #13061);
#15425 = PRESENTATION_STYLE_ASSIGNMENT((#15426));
#15426 = SURFACE_STYLE_USAGE(.BOTH.,#15427);
#15427 = SURFACE_SIDE_STYLE('',(#15428));
#15428 = SURFACE_STYLE_FILL_AREA(#15429);
#15429 = FILL_AREA_STYLE('',(#15430));
#15430 = FILL_AREA_STYLE_COLOUR('',#13068);
#15431 = OVER_RIDING_STYLED_ITEM('overriding color',(#15432),#12291,
  #13061);
#15432 = PRESENTATION_STYLE_ASSIGNMENT((#15433));
#15433 = SURFACE_STYLE_USAGE(.BOTH.,#15434);
#15434 = SURFACE_SIDE_STYLE('',(#15435));
#15435 = SURFACE_STYLE_FILL_AREA(#15436);
#15436 = FILL_AREA_STYLE('',(#15437));
#15437 = FILL_AREA_STYLE_COLOUR('',#13068);
#15438 = OVER_RIDING_STYLED_ITEM('overriding color',(#15439),#12317,
  #13061);
#15439 = PRESENTATION_STYLE_ASSIGNMENT((#15440));
#15440 = SURFACE_STYLE_USAGE(.BOTH.,#15441);
#15441 = SURFACE_SIDE_STYLE('',(#15442));
#15442 = SURFACE_STYLE_FILL_AREA(#15443);
#15443 = FILL_AREA_STYLE('',(#15444));
#15444 = FILL_AREA_STYLE_COLOUR('',#15136);
#15445 = OVER_RIDING_STYLED_ITEM('overriding color',(#15446),#12329,
  #13061);
#15446 = PRESENTATION_STYLE_ASSIGNMENT((#15447));
#15447 = SURFACE_STYLE_USAGE(.BOTH.,#15448);
#15448 = SURFACE_SIDE_STYLE('',(#15449));
#15449 = SURFACE_STYLE_FILL_AREA(#15450);
#15450 = FILL_AREA_STYLE('',(#15451));
#15451 = FILL_AREA_STYLE_COLOUR('',#13068);
#15452 = OVER_RIDING_STYLED_ITEM('overriding color',(#15453),#12339,
  #13061);
#15453 = PRESENTATION_STYLE_ASSIGNMENT((#15454));
#15454 = SURFACE_STYLE_USAGE(.BOTH.,#15455);
#15455 = SURFACE_SIDE_STYLE('',(#15456));
#15456 = SURFACE_STYLE_FILL_AREA(#15457);
#15457 = FILL_AREA_STYLE('',(#15458));
#15458 = FILL_AREA_STYLE_COLOUR('',#15136);
#15459 = OVER_RIDING_STYLED_ITEM('overriding color',(#15460),#12427,
  #13061);
#15460 = PRESENTATION_STYLE_ASSIGNMENT((#15461));
#15461 = SURFACE_STYLE_USAGE(.BOTH.,#15462);
#15462 = SURFACE_SIDE_STYLE('',(#15463));
#15463 = SURFACE_STYLE_FILL_AREA(#15464);
#15464 = FILL_AREA_STYLE('',(#15465));
#15465 = FILL_AREA_STYLE_COLOUR('',#15136);
#15466 = OVER_RIDING_STYLED_ITEM('overriding color',(#15467),#12445,
  #13061);
#15467 = PRESENTATION_STYLE_ASSIGNMENT((#15468));
#15468 = SURFACE_STYLE_USAGE(.BOTH.,#15469);
#15469 = SURFACE_SIDE_STYLE('',(#15470));
#15470 = SURFACE_STYLE_FILL_AREA(#15471);
#15471 = FILL_AREA_STYLE('',(#15472));
#15472 = FILL_AREA_STYLE_COLOUR('',#13068);
#15473 = OVER_RIDING_STYLED_ITEM('overriding color',(#15474),#12479,
  #13061);
#15474 = PRESENTATION_STYLE_ASSIGNMENT((#15475));
#15475 = SURFACE_STYLE_USAGE(.BOTH.,#15476);
#15476 = SURFACE_SIDE_STYLE('',(#15477));
#15477 = SURFACE_STYLE_FILL_AREA(#15478);
#15478 = FILL_AREA_STYLE('',(#15479));
#15479 = FILL_AREA_STYLE_COLOUR('',#13068);
#15480 = OVER_RIDING_STYLED_ITEM('overriding color',(#15481),#12497,
  #13061);
#15481 = PRESENTATION_STYLE_ASSIGNMENT((#15482));
#15482 = SURFACE_STYLE_USAGE(.BOTH.,#15483);
#15483 = SURFACE_SIDE_STYLE('',(#15484));
#15484 = SURFACE_STYLE_FILL_AREA(#15485);
#15485 = FILL_AREA_STYLE('',(#15486));
#15486 = FILL_AREA_STYLE_COLOUR('',#13068);
#15487 = OVER_RIDING_STYLED_ITEM('overriding color',(#15488),#12507,
  #13061);
#15488 = PRESENTATION_STYLE_ASSIGNMENT((#15489));
#15489 = SURFACE_STYLE_USAGE(.BOTH.,#15490);
#15490 = SURFACE_SIDE_STYLE('',(#15491));
#15491 = SURFACE_STYLE_FILL_AREA(#15492);
#15492 = FILL_AREA_STYLE('',(#15493));
#15493 = FILL_AREA_STYLE_COLOUR('',#13068);
#15494 = OVER_RIDING_STYLED_ITEM('overriding color',(#15495),#12538,
  #13061);
#15495 = PRESENTATION_STYLE_ASSIGNMENT((#15496));
#15496 = SURFACE_STYLE_USAGE(.BOTH.,#15497);
#15497 = SURFACE_SIDE_STYLE('',(#15498));
#15498 = SURFACE_STYLE_FILL_AREA(#15499);
#15499 = FILL_AREA_STYLE('',(#15500));
#15500 = FILL_AREA_STYLE_COLOUR('',#13068);
#15501 = OVER_RIDING_STYLED_ITEM('overriding color',(#15502),#12562,
  #13061);
#15502 = PRESENTATION_STYLE_ASSIGNMENT((#15503));
#15503 = SURFACE_STYLE_USAGE(.BOTH.,#15504);
#15504 = SURFACE_SIDE_STYLE('',(#15505));
#15505 = SURFACE_STYLE_FILL_AREA(#15506);
#15506 = FILL_AREA_STYLE('',(#15507));
#15507 = FILL_AREA_STYLE_COLOUR('',#13068);
#15508 = OVER_RIDING_STYLED_ITEM('overriding color',(#15509),#12586,
  #13061);
#15509 = PRESENTATION_STYLE_ASSIGNMENT((#15510));
#15510 = SURFACE_STYLE_USAGE(.BOTH.,#15511);
#15511 = SURFACE_SIDE_STYLE('',(#15512));
#15512 = SURFACE_STYLE_FILL_AREA(#15513);
#15513 = FILL_AREA_STYLE('',(#15514));
#15514 = FILL_AREA_STYLE_COLOUR('',#13068);
#15515 = OVER_RIDING_STYLED_ITEM('overriding color',(#15516),#12610,
  #13061);
#15516 = PRESENTATION_STYLE_ASSIGNMENT((#15517));
#15517 = SURFACE_STYLE_USAGE(.BOTH.,#15518);
#15518 = SURFACE_SIDE_STYLE('',(#15519));
#15519 = SURFACE_STYLE_FILL_AREA(#15520);
#15520 = FILL_AREA_STYLE('',(#15521));
#15521 = FILL_AREA_STYLE_COLOUR('',#13068);
#15522 = OVER_RIDING_STYLED_ITEM('overriding color',(#15523),#12634,
  #13061);
#15523 = PRESENTATION_STYLE_ASSIGNMENT((#15524));
#15524 = SURFACE_STYLE_USAGE(.BOTH.,#15525);
#15525 = SURFACE_SIDE_STYLE('',(#15526));
#15526 = SURFACE_STYLE_FILL_AREA(#15527);
#15527 = FILL_AREA_STYLE('',(#15528));
#15528 = FILL_AREA_STYLE_COLOUR('',#13068);
#15529 = OVER_RIDING_STYLED_ITEM('overriding color',(#15530),#12658,
  #13061);
#15530 = PRESENTATION_STYLE_ASSIGNMENT((#15531));
#15531 = SURFACE_STYLE_USAGE(.BOTH.,#15532);
#15532 = SURFACE_SIDE_STYLE('',(#15533));
#15533 = SURFACE_STYLE_FILL_AREA(#15534);
#15534 = FILL_AREA_STYLE('',(#15535));
#15535 = FILL_AREA_STYLE_COLOUR('',#13068);
#15536 = OVER_RIDING_STYLED_ITEM('overriding color',(#15537),#12675,
  #13061);
#15537 = PRESENTATION_STYLE_ASSIGNMENT((#15538));
#15538 = SURFACE_STYLE_USAGE(.BOTH.,#15539);
#15539 = SURFACE_SIDE_STYLE('',(#15540));
#15540 = SURFACE_STYLE_FILL_AREA(#15541);
#15541 = FILL_AREA_STYLE('',(#15542));
#15542 = FILL_AREA_STYLE_COLOUR('',#13068);
#15543 = OVER_RIDING_STYLED_ITEM('overriding color',(#15544),#12690,
  #13061);
#15544 = PRESENTATION_STYLE_ASSIGNMENT((#15545));
#15545 = SURFACE_STYLE_USAGE(.BOTH.,#15546);
#15546 = SURFACE_SIDE_STYLE('',(#15547));
#15547 = SURFACE_STYLE_FILL_AREA(#15548);
#15548 = FILL_AREA_STYLE('',(#15549));
#15549 = FILL_AREA_STYLE_COLOUR('',#13068);
#15550 = OVER_RIDING_STYLED_ITEM('overriding color',(#15551),#12812,
  #13061);
#15551 = PRESENTATION_STYLE_ASSIGNMENT((#15552));
#15552 = SURFACE_STYLE_USAGE(.BOTH.,#15553);
#15553 = SURFACE_SIDE_STYLE('',(#15554));
#15554 = SURFACE_STYLE_FILL_AREA(#15555);
#15555 = FILL_AREA_STYLE('',(#15556));
#15556 = FILL_AREA_STYLE_COLOUR('',#13068);
#15557 = OVER_RIDING_STYLED_ITEM('overriding color',(#15558),#12834,
  #13061);
#15558 = PRESENTATION_STYLE_ASSIGNMENT((#15559));
#15559 = SURFACE_STYLE_USAGE(.BOTH.,#15560);
#15560 = SURFACE_SIDE_STYLE('',(#15561));
#15561 = SURFACE_STYLE_FILL_AREA(#15562);
#15562 = FILL_AREA_STYLE('',(#15563));
#15563 = FILL_AREA_STYLE_COLOUR('',#13068);
#15564 = OVER_RIDING_STYLED_ITEM('overriding color',(#15565),#12851,
  #13061);
#15565 = PRESENTATION_STYLE_ASSIGNMENT((#15566));
#15566 = SURFACE_STYLE_USAGE(.BOTH.,#15567);
#15567 = SURFACE_SIDE_STYLE('',(#15568));
#15568 = SURFACE_STYLE_FILL_AREA(#15569);
#15569 = FILL_AREA_STYLE('',(#15570));
#15570 = FILL_AREA_STYLE_COLOUR('',#13068);
#15571 = OVER_RIDING_STYLED_ITEM('overriding color',(#15572),#12868,
  #13061);
#15572 = PRESENTATION_STYLE_ASSIGNMENT((#15573));
#15573 = SURFACE_STYLE_USAGE(.BOTH.,#15574);
#15574 = SURFACE_SIDE_STYLE('',(#15575));
#15575 = SURFACE_STYLE_FILL_AREA(#15576);
#15576 = FILL_AREA_STYLE('',(#15577));
#15577 = FILL_AREA_STYLE_COLOUR('',#13068);
#15578 = OVER_RIDING_STYLED_ITEM('overriding color',(#15579),#12885,
  #13061);
#15579 = PRESENTATION_STYLE_ASSIGNMENT((#15580));
#15580 = SURFACE_STYLE_USAGE(.BOTH.,#15581);
#15581 = SURFACE_SIDE_STYLE('',(#15582));
#15582 = SURFACE_STYLE_FILL_AREA(#15583);
#15583 = FILL_AREA_STYLE('',(#15584));
#15584 = FILL_AREA_STYLE_COLOUR('',#13068);
#15585 = OVER_RIDING_STYLED_ITEM('overriding color',(#15586),#12902,
  #13061);
#15586 = PRESENTATION_STYLE_ASSIGNMENT((#15587));
#15587 = SURFACE_STYLE_USAGE(.BOTH.,#15588);
#15588 = SURFACE_SIDE_STYLE('',(#15589));
#15589 = SURFACE_STYLE_FILL_AREA(#15590);
#15590 = FILL_AREA_STYLE('',(#15591));
#15591 = FILL_AREA_STYLE_COLOUR('',#13068);
#15592 = OVER_RIDING_STYLED_ITEM('overriding color',(#15593),#12919,
  #13061);
#15593 = PRESENTATION_STYLE_ASSIGNMENT((#15594));
#15594 = SURFACE_STYLE_USAGE(.BOTH.,#15595);
#15595 = SURFACE_SIDE_STYLE('',(#15596));
#15596 = SURFACE_STYLE_FILL_AREA(#15597);
#15597 = FILL_AREA_STYLE('',(#15598));
#15598 = FILL_AREA_STYLE_COLOUR('',#13068);
#15599 = OVER_RIDING_STYLED_ITEM('overriding color',(#15600),#12936,
  #13061);
#15600 = PRESENTATION_STYLE_ASSIGNMENT((#15601));
#15601 = SURFACE_STYLE_USAGE(.BOTH.,#15602);
#15602 = SURFACE_SIDE_STYLE('',(#15603));
#15603 = SURFACE_STYLE_FILL_AREA(#15604);
#15604 = FILL_AREA_STYLE('',(#15605));
#15605 = FILL_AREA_STYLE_COLOUR('',#13068);
#15606 = OVER_RIDING_STYLED_ITEM('overriding color',(#15607),#12953,
  #13061);
#15607 = PRESENTATION_STYLE_ASSIGNMENT((#15608));
#15608 = SURFACE_STYLE_USAGE(.BOTH.,#15609);
#15609 = SURFACE_SIDE_STYLE('',(#15610));
#15610 = SURFACE_STYLE_FILL_AREA(#15611);
#15611 = FILL_AREA_STYLE('',(#15612));
#15612 = FILL_AREA_STYLE_COLOUR('',#13068);
#15613 = OVER_RIDING_STYLED_ITEM('overriding color',(#15614),#12970,
  #13061);
#15614 = PRESENTATION_STYLE_ASSIGNMENT((#15615));
#15615 = SURFACE_STYLE_USAGE(.BOTH.,#15616);
#15616 = SURFACE_SIDE_STYLE('',(#15617));
#15617 = SURFACE_STYLE_FILL_AREA(#15618);
#15618 = FILL_AREA_STYLE('',(#15619));
#15619 = FILL_AREA_STYLE_COLOUR('',#13068);
#15620 = OVER_RIDING_STYLED_ITEM('overriding color',(#15621),#12987,
  #13061);
#15621 = PRESENTATION_STYLE_ASSIGNMENT((#15622));
#15622 = SURFACE_STYLE_USAGE(.BOTH.,#15623);
#15623 = SURFACE_SIDE_STYLE('',(#15624));
#15624 = SURFACE_STYLE_FILL_AREA(#15625);
#15625 = FILL_AREA_STYLE('',(#15626));
#15626 = FILL_AREA_STYLE_COLOUR('',#13068);
#15627 = OVER_RIDING_STYLED_ITEM('overriding color',(#15628),#12999,
  #13061);
#15628 = PRESENTATION_STYLE_ASSIGNMENT((#15629));
#15629 = SURFACE_STYLE_USAGE(.BOTH.,#15630);
#15630 = SURFACE_SIDE_STYLE('',(#15631));
#15631 = SURFACE_STYLE_FILL_AREA(#15632);
#15632 = FILL_AREA_STYLE('',(#15633));
#15633 = FILL_AREA_STYLE_COLOUR('',#13068);
#15634 = OVER_RIDING_STYLED_ITEM('overriding color',(#15635),#13021,
  #13061);
#15635 = PRESENTATION_STYLE_ASSIGNMENT((#15636));
#15636 = SURFACE_STYLE_USAGE(.BOTH.,#15637);
#15637 = SURFACE_SIDE_STYLE('',(#15638));
#15638 = SURFACE_STYLE_FILL_AREA(#15639);
#15639 = FILL_AREA_STYLE('',(#15640));
#15640 = FILL_AREA_STYLE_COLOUR('',#13068);
#15641 = OVER_RIDING_STYLED_ITEM('overriding color',(#15642),#13038,
  #13061);
#15642 = PRESENTATION_STYLE_ASSIGNMENT((#15643));
#15643 = SURFACE_STYLE_USAGE(.BOTH.,#15644);
#15644 = SURFACE_SIDE_STYLE('',(#15645));
#15645 = SURFACE_STYLE_FILL_AREA(#15646);
#15646 = FILL_AREA_STYLE('',(#15647));
#15647 = FILL_AREA_STYLE_COLOUR('',#13068);
#15648 = SHAPE_DEFINITION_REPRESENTATION(#15649,#15651);
#15649 = PROPERTY_DEFINITION('shape with specific properties',
  'properties for subshape',#15650);
#15650 = SHAPE_ASPECT('','',#4,.F.);
#15651 = SHAPE_REPRESENTATION('',(#15),#13050);
#15652 = PROPERTY_DEFINITION_REPRESENTATION(#15653,#15654);
#15653 = PROPERTY_DEFINITION('geometric validation property',
  'surface area',#15650);
#15654 = REPRESENTATION('surface area',(#15655),#13050);
#15655 = MEASURE_REPRESENTATION_ITEM('surface area measure',AREA_MEASURE
  (7.346396491485E+03),#15656);
#15656 = DERIVED_UNIT((#15657));
#15657 = DERIVED_UNIT_ELEMENT(#15658,2.);
#15658 = ( LENGTH_UNIT() NAMED_UNIT(*) SI_UNIT(.MILLI.,.METRE.) );
#15659 = PROPERTY_DEFINITION_REPRESENTATION(#15660,#15661);
#15660 = PROPERTY_DEFINITION('geometric validation property','volume',
  #15650);
#15661 = REPRESENTATION('volume',(#15662),#13050);
#15662 = MEASURE_REPRESENTATION_ITEM('volume measure',VOLUME_MEASURE(
    1.625134607819E+04),#15663);
#15663 = DERIVED_UNIT((#15664));
#15664 = DERIVED_UNIT_ELEMENT(#15665,3.);
#15665 = ( LENGTH_UNIT() NAMED_UNIT(*) SI_UNIT(.MILLI.,.METRE.) );
#15666 = PROPERTY_DEFINITION_REPRESENTATION(#15667,#15668);
#15667 = PROPERTY_DEFINITION('geometric validation property','centroid',
  #15650);
#15668 = REPRESENTATION('centroid',(#15669),#13050);
#15669 = CARTESIAN_POINT('centre point',(-4.838999173481E-03,
    0.501859519874,-20.43034147015));
ENDSEC;
END-ISO-10303-21;
